Date,Open,High,Low,Close,Volume,Dividends,Stock Splits
2019-01-02,194.901,197.704,193.318,194.845,218600,0.0,0.0
2019-01-03,194.258,196.317,192.703,193.495,170600,0.0,0.0
2019-01-04,195.674,200.107,193.793,199.586,409000,0.0,0.0
2019-01-07,199.772,204.326,195.124,201.97,361100,0.0,0.0
2019-01-08,203.106,204.643,200.889,201.811,363500,0.0,0.0
2019-01-09,202.985,203.777,198.114,198.505,237100,0.0,0.0
2019-01-10,197.751,199.781,195.637,198.068,374400,0.0,0.0
2019-01-11,197.453,199.446,196.289,197.993,242300,0.0,0.0
2019-01-14,196.68,198.282,192.591,193.327,250800,0.0,0.0
2019-01-15,194.091,198.533,192.899,196.4,395200,0.0,0.0
2019-01-16,197.276,202.342,197.276,201.402,244500,0.0,0.0
2019-01-17,201.178,204.27,200.461,201.16,349000,0.0,0.0
2019-01-18,201.97,205.816,199.716,204.131,155600,0.0,0.0
2019-01-22,203.665,206.105,201.653,203.311,251000,0.0,0.0
2019-01-23,204.177,206.207,203.032,204.717,138000,0.0,0.0
2019-01-24,204.661,207.129,203.311,203.73,210900,0.0,0.0
2019-01-25,204.401,206.58,203.46,204.382,186200,0.0,0.0
2019-01-28,203.674,204.997,202.398,203.311,159300,0.0,0.0
2019-01-29,203.358,203.46,198.505,198.841,289900,0.0,0.0
2019-01-30,197.462,202.063,192.936,195.786,430800,0.0,0.0
2019-01-31,195.218,200.312,195.218,200.023,245100,0.0,0.0
2019-02-01,203.395,203.395,197.732,198.952,270500,0.0,0.0
2019-02-04,197.946,202.724,194.799,201.569,193000,0.0,0.0
2019-02-05,200.815,203.665,200.042,203.628,181300,0.0,0.0
2019-02-06,203.115,205.528,202.426,203.814,159200,0.0,0.0
2019-02-07,202.929,205.863,201.392,205.369,256800,0.0,0.0
2019-02-08,205.369,207.306,201.271,205.518,231700,0.0,0.0
2019-02-11,205.844,209.16,205.593,208.21,201000,0.0,0.0
2019-02-12,209.218,211.02,204.812,210.413,238400,0.51,0.0
2019-02-13,211.514,213.54,211.057,213.045,186000,0.0,0.0
2019-02-14,212.14,212.83,207.444,211.673,221600,0.0,0.0
2019-02-15,212.289,214.604,209.909,214.24,382900,0.0,0.0
2019-02-19,213.475,218.767,213.11,217.068,283900,0.0,0.0
2019-02-20,217.18,218.823,215.332,218.03,197200,0.0,0.0
2019-02-21,218.301,219.822,215.976,219.514,172900,0.0,0.0
2019-02-22,219.393,223.575,218.413,223.071,224600,0.0,0.0
2019-02-25,223.771,226.076,223.127,225.33,193400,0.0,0.0
2019-02-26,224.704,226.356,223.883,224.452,269400,0.0,0.0
2019-02-27,224.471,229.661,223.985,228.233,282500,0.0,0.0
2019-02-28,228.634,229.764,226.468,227.654,320000,0.0,0.0
2019-03-01,220.718,228.279,220.354,226.916,370500,0.0,0.0
2019-03-04,226.795,226.795,221.297,221.754,250500,0.0,0.0
2019-03-05,221.53,222.753,218.254,218.357,284900,0.0,0.0
2019-03-06,218.898,219.374,213.223,215.183,279500,0.0,0.0
2019-03-07,215.286,219.141,209.787,210.441,267800,0.0,0.0
2019-03-08,209.657,211.356,207.519,210.655,309500,0.0,0.0
2019-03-11,211.253,213.867,208.621,212.046,291100,0.0,0.0
2019-03-12,212.056,216.48,210.73,214.492,257900,0.0,0.0
2019-03-13,215.379,218.273,213.979,215.136,355800,0.0,0.0
2019-03-14,215.295,216.994,213.988,216.387,195000,0.0,0.0
2019-03-15,216.275,219.01,215.136,217.909,346200,0.0,0.0
2019-03-18,218.515,222.072,218.515,221.829,227100,0.0,0.0
2019-03-19,222.604,222.604,219.346,219.943,183900,0.0,0.0
2019-03-20,220.009,223.631,220.009,221.437,233600,0.0,0.0
2019-03-21,220.83,225.274,220.774,224.181,270300,0.0,0.0
2019-03-22,223.08,224.872,221.4,222.483,180100,0.0,0.0
2019-03-25,222.912,224.023,221.334,223.211,188700,0.0,0.0
2019-03-26,224.751,228.242,223.267,227.467,189000,0.0,0.0
2019-03-27,227.775,229.736,226.739,228.774,150000,0.0,0.0
2019-03-28,229.185,233.311,228.009,230.118,166900,0.0,0.0
2019-03-29,231.5,231.789,229.362,229.708,188500,0.0,0.0
2019-04-01,231.621,232.853,228.307,230.305,196300,0.0,0.0
2019-04-02,231.014,232.965,229.465,232.144,246700,0.0,0.0
2019-04-03,233.516,241.058,229.054,230.268,246000,0.0,0.0
2019-04-04,230.725,232.387,225.078,231.883,303200,0.0,0.0
2019-04-05,231.883,237.213,231.761,236.998,192300,0.0,0.0
2019-04-08,236.998,241.217,234.944,240.965,220600,0.0,0.0
2019-04-09,240.022,243.233,239.826,241.759,191500,0.0,0.0
2019-04-10,242.533,242.664,240.648,241.264,213400,0.0,0.0
2019-04-11,242.123,242.879,239.602,240.106,276800,0.0,0.0
2019-04-12,241.068,242.888,240.368,242.561,209400,0.0,0.0
2019-04-15,243.009,244.736,242.505,244.326,315900,0.0,0.0
2019-04-16,244.97,247.042,243.495,245.427,625900,0.0,0.0
2019-04-17,246.351,247.285,243.859,244.783,283700,0.0,0.0
2019-04-18,244.494,246.743,244.111,246.361,468100,0.0,0.0
2019-04-22,246.081,246.799,244.102,244.69,339400,0.0,0.0
2019-04-23,245.464,245.987,243.299,245.035,564900,0.0,0.0
2019-04-24,245.828,249.142,239.537,246.79,403000,0.0,0.0
2019-04-25,245.511,249.077,243.467,247.798,211400,0.0,0.0
2019-04-26,246.146,252.755,246.146,251.737,279400,0.0,0.0
2019-04-29,254.314,259.588,252.96,257.917,359100,0.0,0.0
2019-04-30,258.309,261.278,256.293,259.812,248500,0.0,0.0
2019-05-01,260.671,264.834,259.121,263.275,279900,0.0,0.0
2019-05-02,263.62,265.562,261.688,264.087,265000,0.0,0.0
2019-05-03,264.937,269.268,264.349,267.018,250000,0.0,0.0
2019-05-06,264.097,274.355,264.097,271.116,403600,0.0,0.0
2019-05-07,269.882,272.874,261.615,261.709,375600,0.51,0.0
2019-05-08,261.802,264.365,260.727,262.597,253200,0.0,0.0
2019-05-09,260.559,262.167,257.267,259.96,283200,0.0,0.0
2019-05-10,259.1,263.551,257.875,262.719,275200,0.0,0.0
2019-05-13,259.203,263.682,258.015,263.373,271500,0.0,0.0
2019-05-14,263.878,270.742,263.878,268.741,437300,0.0,0.0
2019-05-15,267.535,271.92,266.871,268.376,309400,0.0,0.0
2019-05-16,269.77,271.855,269.255,270.649,267700,0.0,0.0
2019-05-17,269.227,274.062,268.666,273.211,470200,0.0,0.0
2019-05-20,271.715,275.427,271.715,274.539,242900,0.0,0.0
2019-05-21,274.819,279.598,271.434,273.089,341500,0.0,0.0
2019-05-22,273.632,275.754,271.677,273.51,295300,0.0,0.0
2019-05-23,271.658,275.146,269.779,272.696,319400,0.0,0.0
2019-05-24,273.323,275.792,269.124,269.611,376000,0.0,0.0
2019-05-28,269.611,272.322,262.186,262.831,2146300,0.0,0.0
2019-05-29,261.83,263.963,260.905,263.065,355300,0.0,0.0
2019-05-30,263.86,270.125,262.7,265.533,213100,0.0,0.0
2019-05-31,264.608,279.111,264.608,278.494,530700,0.0,0.0
2019-06-03,278.326,279.214,272.603,275.128,425100,0.0,0.0
2019-06-04,277.643,280.028,269.068,279.71,345000,0.0,0.0
2019-06-05,281.019,296.392,276.923,296.242,480600,0.0,0.0
2019-06-06,296.242,306.155,294.372,305.65,447800,0.0,0.0
2019-06-07,305.921,319.424,305.921,312.897,631500,0.0,0.0
2019-06-10,311.588,319.218,311.588,317.844,420200,0.0,0.0
2019-06-11,319.069,320.724,309.437,312.317,371800,0.0,0.0
2019-06-12,306.042,310.456,301.227,304.172,641800,0.0,0.0
2019-06-13,305.444,305.444,294.232,297.056,523600,0.0,0.0
2019-06-14,297.168,301.937,296.13,299.282,313700,0.0,0.0
2019-06-17,299.599,302.096,297.458,297.832,200100,0.0,0.0
2019-06-18,299.469,301.545,297.299,297.879,329600,0.0,0.0
2019-06-19,298.571,310.194,297.636,309.886,433300,0.0,0.0
2019-06-20,311.606,315.113,306.875,309.858,388800,0.0,0.0
2019-06-21,308.726,315.506,308.053,311.466,319600,0.0,0.0
2019-06-24,310.868,313.785,309.97,311.41,240700,0.0,0.0
2019-06-25,304.313,307.651,296.813,298.337,702100,0.0,0.0
2019-06-26,299.628,301.217,292.24,292.381,537300,0.0,0.0
2019-06-27,292.409,299.946,291.221,295.812,492100,0.0,0.0
2019-06-28,297.617,303.284,294.971,300.563,7603200,0.0,0.0
2019-07-01,301.451,303.779,297.393,301.647,490100,0.0,0.0
2019-07-02,302.517,310.484,299.628,309.418,355000,0.0,0.0
2019-07-03,311.279,317.797,309.689,316.534,271500,0.0,0.0
2019-07-05,317.254,321.911,313.28,319.714,222600,0.0,0.0
2019-07-08,319.779,322.248,316.394,319.34,330200,0.0,0.0
2019-07-09,318.788,321.883,314.748,320.649,323700,0.0,0.0
2019-07-10,321.631,329.224,321.631,326.727,364000,0.0,0.0
2019-07-11,326.652,333.161,326.138,331.524,295500,0.0,0.0
2019-07-12,332.946,336.003,331.103,335.031,249500,0.0,0.0
2019-07-15,336.583,338.304,333.731,337.378,276000,0.0,0.0
2019-07-16,338.126,340.679,337.247,339.547,308000,0.0,0.0
2019-07-17,340.426,345.008,338.771,344.148,254300,0.0,0.0
2019-07-18,344.419,349.151,342.661,348.609,255700,0.0,0.0
2019-07-19,349.712,349.712,342.577,343.213,248600,0.0,0.0
2019-07-22,344.84,348.263,342.717,346.439,259000,0.0,0.0
2019-07-23,348.749,348.749,341.754,343.942,301600,0.0,0.0
2019-07-24,331.786,333.722,309.521,312.56,1103300,0.0,0.0
2019-07-25,312.682,322.762,311.438,321.677,575700,0.0,0.0
2019-07-26,323.482,326.035,321.696,325.362,483800,0.0,0.0
2019-07-29,324.221,324.221,314.786,315.038,453500,0.0,0.0
2019-07-30,314.15,318.61,312.682,314.243,260400,0.0,0.0
2019-07-31,314.197,321.229,314.197,315.169,210300,0.0,0.0
2019-08-01,317.282,320.415,314.15,318.218,318800,0.0,0.0
2019-08-02,318.872,320.892,316.497,318.526,436700,0.0,0.0
2019-08-05,315.917,325.418,312.205,319.312,387600,0.0,0.0
2019-08-06,321.69,324.753,320.108,322.945,307700,0.51,0.0
2019-08-07,319.771,329.576,316.821,326.766,233300,0.0,0.0
2019-08-08,327.338,330.138,322.486,329.988,340800,0.0,0.0
2019-08-09,330.447,340.327,330.166,339.156,142600,0.0,0.0
2019-08-12,337.311,344.859,335.026,340.196,257400,0.0,0.0
2019-08-13,340.224,344.485,337.583,343.717,264400,0.0,0.0
2019-08-14,340.692,345.225,333.64,334.015,276500,0.0,0.0
2019-08-15,335.204,343.23,335.045,341.938,174100,0.0,0.0
2019-08-16,344.616,345.468,338.622,342.958,239000,0.0,0.0
2019-08-19,344.897,346.555,339.016,345.487,170100,0.0,0.0
2019-08-20,345.112,352.633,341.938,351.499,239600,0.0,0.0
2019-08-21,352.904,364.779,350.975,364.517,349400,0.0,0.0
2019-08-22,363.552,369.846,361.848,367.682,246600,0.0,0.0
2019-08-23,367.635,372.262,361.904,363.946,301700,0.0,0.0
2019-08-26,364.329,371.878,364.301,370.023,225900,0.0,0.0
2019-08-27,372.365,380.644,372.271,379.922,352100,0.0,0.0
2019-08-28,380.391,382.442,375.539,378.78,285300,0.0,0.0
2019-08-29,382.254,382.254,360.171,367.345,494900,0.0,0.0
2019-08-30,370.67,373.816,367.242,372.374,269900,0.0,0.0
2019-09-03,373.563,382.029,372.927,376.579,284200,0.0,0.0
2019-09-04,378.789,383.013,375.68,382.666,214700,0.0,0.0
2019-09-05,385.345,388.651,382.095,385.804,256100,0.0,0.0
2019-09-06,387.546,394.691,383.921,392.771,278900,0.0,0.0
2019-09-09,392.668,393.043,345.084,346.217,784000,0.0,0.0
2019-09-10,344.541,344.541,316.165,320.342,1125400,0.0,0.0
2019-09-11,320.501,331.449,315.463,319.752,550100,0.0,0.0
2019-09-12,322.824,329.482,315.107,323.226,313700,0.0,0.0
2019-09-13,322.702,326.345,308.345,309.319,432000,0.0,0.0
2019-09-16,307.184,316.249,305.17,313.121,323200,0.0,0.0
2019-09-17,315.135,326.045,315.135,320.735,469500,0.0,0.0
2019-09-18,321.99,326.195,317.926,322.159,457000,0.0,0.0
2019-09-19,322.159,325.502,319.227,320.988,437200,0.0,0.0
2019-09-20,321.718,325.614,314.723,316.708,1133900,0.0,0.0
2019-09-23,318.937,319.564,312.522,314.245,695300,0.0,0.0
2019-09-24,315.547,317.86,311.539,314.76,698700,0.0,0.0
2019-09-25,314.844,316.699,306.725,312.335,320300,0.0,0.0
2019-09-26,312.691,315.425,309.357,310.921,267800,0.0,0.0
2019-09-27,313.028,315.612,300.965,304.093,302900,0.0,0.0
2019-09-30,305.695,308.729,303.307,306.706,440300,0.0,0.0
2019-10-01,304.899,306.959,298.961,304.374,447900,0.0,0.0
2019-10-02,299.43,305.17,297.753,298.493,282200,0.0,0.0
2019-10-03,300.881,316.315,299.458,315.472,436600,0.0,0.0
2019-10-04,314.76,325.792,314.76,324.921,304800,0.0,0.0
2019-10-07,324.828,327.459,319.93,325.708,233100,0.0,0.0
2019-10-08,324.481,326.897,319.087,324.659,199000,0.0,0.0
2019-10-09,325.305,333.453,325.305,332.713,235700,0.0,0.0
2019-10-10,331.58,337.545,330.625,336.29,264400,0.0,0.0
2019-10-11,338.463,340.299,325.849,326.083,386300,0.0,0.0
2019-10-14,327.609,330.503,325.82,327.244,215700,0.0,0.0
2019-10-15,330.1,331.73,324.032,327.141,289600,0.0,0.0
2019-10-16,322.795,324.734,315.968,318.806,442800,0.0,0.0
2019-10-17,322.234,328.19,319.593,327.497,440600,0.0,0.0
2019-10-18,328.499,332.985,327.029,330.475,366700,0.0,0.0
2019-10-21,330.437,331.477,323.788,330.962,199900,0.0,0.0
2019-10-22,331.87,341.385,318.497,319.021,274600,0.0,0.0
2019-10-23,322.215,333.575,316.09,320.454,311700,0.0,0.0
2019-10-24,320.801,328.658,318.609,327.272,245300,0.0,0.0
2019-10-25,328.602,329.126,318.488,322.224,216500,0.0,0.0
2019-10-28,324.528,327.122,319.799,326.719,175600,0.0,0.0
2019-10-29,327.197,333.106,327.197,329.173,168300,0.0,0.0
2019-10-30,330.063,337.133,327.834,336.347,205700,0.0,0.0
2019-10-31,336.422,345.534,335.317,345.187,332400,0.0,0.0
2019-11-01,348.315,349.214,339.522,342.893,255300,0.0,0.0
2019-11-04,345.131,345.178,334.811,335.644,220200,0.0,0.0
2019-11-05,334.96,335.438,316.719,322.365,268300,0.51,0.0
2019-11-06,322.168,327.71,322.168,326.191,175200,0.0,0.0
2019-11-07,327.757,328.442,318.932,327.87,252400,0.0,0.0
2019-11-08,326.707,328.479,324.09,325.572,230700,0.0,0.0
2019-11-11,325.122,341.168,325.094,337.379,178600,0.0,0.0
2019-11-12,337.445,345.06,336.104,343.185,228800,0.0,0.0
2019-11-13,342.772,352.647,342.753,351.091,170000,0.0,0.0
2019-11-14,350.753,356.905,349.28,355.648,185200,0.0,0.0
2019-11-15,356.53,357.384,353.201,357.374,203900,0.0,0.0
2019-11-18,353.782,365.749,353.782,365.308,171700,0.0,0.0
2019-11-19,364.952,376.506,363.217,375.296,371000,0.0,0.0
2019-11-20,377.35,386.269,376.994,379.348,432400,0.0,0.0
2019-11-21,380.801,380.923,369.304,369.407,250300,0.0,0.0
2019-11-22,372.82,373.158,364.811,367.944,213000,0.0,0.0
2019-11-25,368.666,374.687,368.572,372.492,221000,0.0,0.0
2019-11-26,374.584,381.336,374.227,376.919,264600,0.0,0.0
2019-11-27,378.25,381.805,373.552,381.167,179400,0.0,0.0
2019-11-29,378.016,381.983,377.444,378.719,85000,0.0,0.0
2019-12-02,377.528,381.092,372.37,374.171,313900,0.0,0.0
2019-12-03,372.539,376.075,369.932,372.952,292900,0.0,0.0
2019-12-04,372.042,374.133,368.028,369.5,300900,0.0,0.0
2019-12-05,370.269,370.269,356.952,357.487,365700,0.0,0.0
2019-12-06,357.327,359.128,350.19,352.535,303700,0.0,0.0
2019-12-09,353.557,358.94,343.307,344.207,329200,0.0,0.0
2019-12-10,345.238,347.939,343.86,347.002,247300,0.0,0.0
2019-12-11,349.102,353.435,345.323,353.388,239800,0.0,0.0
2019-12-12,351.081,354.711,342.959,346.495,296200,0.0,0.0
2019-12-13,344.901,351.71,343.372,350.65,229600,0.0,0.0
2019-12-16,351.353,357.59,349.055,351.4,586600,0.0,0.0
2019-12-17,351.691,351.775,348.024,350.322,463900,0.0,0.0
2019-12-18,349.449,351.597,346.636,346.908,377200,0.0,0.0
2019-12-19,349.487,356.042,349.346,354.101,484300,0.0,0.0
2019-12-20,354.973,355.845,352.047,352.929,659500,0.0,0.0
2019-12-23,352.929,354.87,348.043,348.277,171000,0.0,0.0
2019-12-24,348.812,352.16,344.376,350.828,68700,0.0,0.0
2019-12-26,350.584,354.064,350.575,352.722,119500,0.0,0.0
2019-12-27,355.011,355.536,351.034,351.691,336800,0.0,0.0
2019-12-30,351.794,352.854,348.699,351.222,148900,0.0,0.0
2019-12-31,351.203,356.324,348.849,355.545,179100,0.0,0.0
2020-01-02,356.624,357.355,353.529,356.614,226200,0.0,0.0
2020-01-03,354.448,357.562,353.998,356.427,192900,0.0,0.0
2020-01-06,356.099,356.099,344.057,350.828,329000,0.0,0.0
2020-01-07,349.384,355.273,347.461,351.925,178600,0.0,0.0
2020-01-08,351.747,352.985,341.074,341.656,383100,0.0,0.0
2020-01-09,343.653,353.792,343.653,348.596,414100,0.0,0.0
2020-01-10,348.596,349.271,339.921,340.502,238500,0.0,0.0
2020-01-13,339.302,347.517,338.964,345.689,256400,0.0,0.0
2020-01-14,346.711,347.611,341.947,343.822,203500,0.0,0.0
2020-01-15,343.016,348.39,341.159,345.22,208200,0.0,0.0
2020-01-16,345.979,351.363,345.342,347.011,259100,0.0,0.0
2020-01-17,347.424,353.36,345.36,346.12,270000,0.0,0.0
2020-01-21,345.388,350.387,345.388,347.649,278500,0.0,0.0
2020-01-22,349.862,351.494,346.542,347.396,173800,0.0,0.0
2020-01-23,346.598,347.405,342.2,344.451,274500,0.0,0.0
2020-01-24,344.038,346.476,334.96,336.939,245800,0.0,0.0
2020-01-27,333.009,340.521,328.854,335.616,212700,0.0,0.0
2020-01-28,337.848,340.146,334.2,337.501,284800,0.0,0.0
2020-01-29,339.658,341.393,325.065,330.158,516900,0.0,0.0
2020-01-30,328.273,338.12,328.245,335.898,245900,0.0,0.0
2020-01-31,334.275,337.464,331.274,332.165,257000,0.0,0.0
2020-02-03,337.482,337.482,330.993,333.403,212700,0.0,0.0
2020-02-04,335.71,343.344,332.259,332.934,323800,0.0,0.0
2020-02-05,333.778,339.499,315.031,320.601,415300,0.0,0.0
2020-02-06,321.408,324.371,318.519,324.184,271600,0.0,0.0
2020-02-07,323.874,327.391,321.445,322.89,210900,0.0,0.0
2020-02-10,320.751,321.211,313.783,320.039,270000,0.0,0.0
2020-02-11,320.151,325.319,319.428,321.57,170100,0.6,0.0
2020-02-12,321.833,323.402,312.974,315.2,277900,0.0,0.0
2020-02-13,312.494,320.076,312.344,317.69,264000,0.0,0.0
2020-02-14,318.488,325.309,318.244,324.774,288600,0.0,0.0
2020-02-18,325.131,329.678,322.425,326.173,289500,0.0,0.0
2020-02-19,327.094,327.959,320.771,321.006,265700,0.0,0.0
2020-02-20,320.79,326.822,315.773,323.75,336500,0.0,0.0
2020-02-21,322.087,325.525,316.985,319.513,342300,0.0,0.0
2020-02-24,313.255,325.084,312.119,321.222,286100,0.0,0.0
2020-02-25,322.002,324.933,308.746,311.16,283700,0.0,0.0
2020-02-26,311.978,321.42,310.653,317.812,307900,0.0,0.0
2020-02-27,312.532,320.856,312.091,313.171,408400,0.0,0.0
2020-02-28,309.723,316.3,295.011,304.706,532900,0.0,0.0
2020-03-02,305.26,328.757,301.859,327.526,386200,0.0,0.0
2020-03-03,325.91,343.686,317.521,330.307,478800,0.0,0.0
2020-03-04,334.619,352.714,329.913,350.957,430900,0.0,0.0
2020-03-05,345.17,365.21,344.437,354.687,489100,0.0,0.0
2020-03-06,346.589,350.328,327.432,340.435,401800,0.0,0.0
2020-03-09,322.106,343.996,322.106,330.993,407600,0.0,0.0
2020-03-10,334.751,345.076,324.774,335.55,399900,0.0,0.0
2020-03-11,334.62,336.217,309.413,313.462,333500,0.0,0.0
2020-03-12,299.389,313.932,288.725,295.687,498300,0.0,0.0
2020-03-13,301.192,325.638,298.759,322.312,560700,0.0,0.0
2020-03-16,298.148,312.87,269.607,292.455,446700,0.0,0.0
2020-03-17,298.797,331.369,298.675,312.851,482300,0.0,0.0
2020-03-18,281.848,302.395,272.575,286.884,493200,0.0,0.0
2020-03-19,285.193,303.729,270.584,297.002,334700,0.0,0.0
2020-03-20,291.816,306.378,280.655,291.835,441800,0.0,0.0
2020-03-23,291.159,291.243,258.831,264.289,535200,0.0,0.0
2020-03-24,276.014,314.28,265.886,306.952,543300,0.0,0.0
2020-03-25,303.992,328.776,303.992,310.324,366800,0.0,0.0
2020-03-26,318.62,333.483,311.527,331.444,328800,0.0,0.0
2020-03-27,321.965,333.107,312.166,322.04,291100,0.0,0.0
2020-03-30,332.224,333.107,315.266,330.063,245800,0.0,0.0
2020-03-31,326.136,328.447,308.182,312.448,526400,0.0,0.0
2020-04-01,301.023,318.169,297.021,313.782,270800,0.0,0.0
2020-04-02,305.373,327.0,304.481,326.277,283000,0.0,0.0
2020-04-03,322.575,365.595,322.575,363.838,452400,0.0,0.0
2020-04-06,370.33,378.588,359.065,374.886,399600,0.0,0.0
2020-04-07,376.314,379.809,353.983,358.417,365700,0.0,0.0
2020-04-08,364.561,373.261,355.147,371.683,262200,0.0,0.0
2020-04-09,375.14,380.768,373.439,378.945,221100,0.0,0.0
2020-04-13,375.798,377.686,357.271,362.447,234800,0.0,0.0
2020-04-14,373.674,379.959,368.037,373.646,323300,0.0,0.0
2020-04-15,372.321,392.041,370.151,388.199,328000,0.0,0.0
2020-04-16,394.127,412.645,391.807,410.089,387200,0.0,0.0
2020-04-17,420.433,422.716,401.746,403.776,271800,0.0,0.0
2020-04-20,402.789,408.952,399.304,404.518,257000,0.0,0.0
2020-04-21,404.696,405.767,383.285,385.653,230600,0.0,0.0
2020-04-22,391.966,405.166,385.907,398.571,208600,0.0,0.0
2020-04-23,398.458,400.516,390.416,392.502,186600,0.0,0.0
2020-04-24,395.79,398.994,390.867,395.546,241900,0.0,0.0
2020-04-27,405.119,416.675,399.304,414.871,187700,0.0,0.0
2020-04-28,416.412,425.384,406.801,414.721,268300,0.0,0.0
2020-04-29,414.43,435.521,410.437,429.076,357200,0.0,0.0
2020-04-30,423.139,437.71,423.139,427.479,404100,0.0,0.0
2020-05-01,423.928,432.167,419.437,422.575,271700,0.0,0.0
2020-05-04,422.97,432.055,419.963,429.415,238600,0.0,0.0
2020-05-05,422.791,458.68,422.772,454.02,284900,0.0,0.0
2020-05-06,462.156,462.156,442.182,442.831,291100,0.0,0.0
2020-05-07,454.273,461.526,448.796,451.662,304600,0.0,0.0
2020-05-08,452.836,461.113,447.049,455.016,298500,0.0,0.0
2020-05-11,457.017,486.592,457.017,474.491,336600,0.0,0.0
2020-05-12,483.597,486.259,467.832,468.171,301500,0.6,0.0
2020-05-13,466.957,481.997,463.872,474.764,334000,0.0,0.0
2020-05-14,470.259,475.695,454.851,464.286,382600,0.0,0.0
2020-05-15,467.992,473.278,457.711,459.065,735700,0.0,0.0
2020-05-18,471.237,471.237,461.201,463.402,317700,0.0,0.0
2020-05-19,461.84,468.189,446.809,450.139,265700,0.0,0.0
2020-05-20,451.983,457.984,445.464,449.546,296100,0.0,0.0
2020-05-21,447.449,448.211,441.26,444.843,404300,0.0,0.0
2020-05-22,444.477,456.187,439.134,453.676,196500,0.0,0.0
2020-05-26,451.776,458.708,439.783,442.567,312700,0.0,0.0
2020-05-27,439.407,449.669,426.153,440.451,335200,0.0,0.0
2020-05-28,447.327,465.151,446.301,454.795,307500,0.0,0.0
2020-05-29,459.959,481.546,456.667,478.385,577300,0.0,0.0
2020-06-01,478.376,495.683,474.153,488.911,418900,0.0,0.0
2020-06-02,490.962,494.066,479.919,485.318,248800,0.0,0.0
2020-06-03,487.697,490.162,479.571,490.162,193900,0.0,0.0
2020-06-04,481.405,489.946,461.003,469.403,236800,0.0,0.0
2020-06-05,465.358,474.002,458.877,464.568,307900,0.0,0.0
2020-06-08,458.153,462.198,449.64,459.366,266300,0.0,0.0
2020-06-09,467.879,476.758,459.235,470.24,240100,0.0,0.0
2020-06-10,468.18,480.398,465.085,476.88,235600,0.0,0.0
2020-06-11,478.837,478.837,452.904,453.431,243700,0.0,0.0
2020-06-12,457.664,467.22,453.92,463.524,187700,0.0,0.0
2020-06-15,459.329,472.45,457.043,471.369,165800,0.0,0.0
2020-06-16,474.632,476.486,461.426,469.356,145900,0.0,0.0
2020-06-17,473.128,485.205,472.036,478.762,190700,0.0,0.0
2020-06-18,474.04,476.721,467.954,471.115,183200,0.0,0.0
2020-06-19,480.944,492.024,471.613,489.381,461100,0.0,0.0
2020-06-22,490.726,493.802,482.393,488.243,225000,0.0,0.0
2020-06-23,491.215,495.824,486.465,488.666,176400,0.0,0.0
2020-06-24,488.318,491.441,473.523,475.187,215700,0.0,0.0
2020-06-25,475.489,483.023,467.625,477.229,233200,0.0,0.0
2020-06-26,475.573,479.712,456.234,460.74,534400,0.0,0.0
2020-06-29,464.116,471.209,457.222,468.998,186000,0.0,0.0
2020-06-30,476.627,476.627,464.446,471.171,321500,0.0,0.0
2020-07-01,470.456,479.693,464.286,475.959,295100,0.0,0.0
2020-07-02,482.421,482.421,470.748,472.074,196000,0.0,0.0
2020-07-06,479.11,499.869,478.95,489.861,235700,0.0,0.0
2020-07-07,486.738,505.936,486.014,501.496,211900,0.0,0.0
2020-07-08,507.319,513.602,505.155,512.088,216000,0.0,0.0
2020-07-09,514.552,528.323,511.693,516.029,132800,0.0,0.0
2020-07-10,514.985,517.327,503.895,505.325,170600,0.0,0.0
2020-07-13,509.172,510.611,484.584,486.832,230600,0.0,0.0
2020-07-14,486.86,491.479,476.288,491.206,241000,0.0,0.0
2020-07-15,494.611,503.509,489.146,500.274,190600,0.0,0.0
2020-07-16,496.972,507.874,494.498,499.239,161900,0.0,0.0
2020-07-17,503.472,504.412,498.477,500.913,163700,0.0,0.0
2020-07-20,502.907,508.241,501.035,502.333,440600,0.0,0.0
2020-07-21,502.362,504.215,499.832,501.769,287200,0.0,0.0
2020-07-22,479.712,504.939,479.712,495.806,334200,0.0,0.0
2020-07-23,499.568,500.452,476.73,478.941,243800,0.0,0.0
2020-07-24,478.536,481.593,471.265,475.771,202900,0.0,0.0
2020-07-27,479.091,491.037,478.988,490.059,168200,0.0,0.0
2020-07-28,487.105,487.256,472.827,479.336,147400,0.0,0.0
2020-07-29,480.483,488.159,480.483,486.663,99500,0.0,0.0
2020-07-30,479.881,487.02,475.31,485.873,141200,0.0,0.0
2020-07-31,487.312,488.177,475.536,486.014,119100,0.0,0.0
2020-08-03,489.673,494.724,480.257,481.301,153000,0.0,0.0
2020-08-04,477.836,482.723,473.316,479.022,209300,0.6,0.0
2020-08-05,475.416,481.236,473.071,480.36,120600,0.0,0.0
2020-08-06,476.018,479.258,471.969,474.295,108700,0.0,0.0
2020-08-07,471.517,480.84,471.517,478.58,205400,0.0,0.0
2020-08-10,479.22,479.22,452.56,454.538,276500,0.0,0.0
2020-08-11,455.207,460.151,443.633,454.651,198800,0.0,0.0
2020-08-12,453.926,466.677,453.926,463.833,166100,0.0,0.0
2020-08-13,463.117,469.031,455.508,467.807,126200,0.0,0.0
2020-08-14,472.515,473.542,465.744,467.562,106600,0.0,0.0
2020-08-17,466.338,473.287,465.895,471.413,212600,0.0,0.0
2020-08-18,471.347,472.741,468.786,469.944,108500,0.0,0.0
2020-08-19,476.301,477.365,462.542,463.211,156000,0.0,0.0
2020-08-20,465.076,475.096,464.285,472.148,180000,0.0,0.0
2020-08-21,474.672,475.284,469.86,470.707,155200,0.0,0.0
2020-08-24,470.726,471.913,458.38,460.951,113100,0.0,0.0
2020-08-25,458.098,458.644,451.553,456.252,132600,0.0,0.0
2020-08-26,458.879,475.566,456.186,470.302,182500,0.0,0.0
2020-08-27,466.432,477.233,465.565,467.279,132800,0.0,0.0
2020-08-28,472.365,472.365,454.839,456.139,158500,0.0,0.0
2020-08-31,456.393,463.343,456.148,457.617,278300,0.0,0.0
2020-09-01,460.979,462.448,458.098,461.836,144500,0.0,0.0
2020-09-02,460.913,470.105,459.115,465.292,234300,0.0,0.0
2020-09-03,460.716,461.073,440.346,443.765,211200,0.0,0.0
2020-09-04,441.749,442.71,424.733,427.963,247900,0.0,0.0
2020-09-08,423.151,428.481,415.41,423.414,357800,0.0,0.0
2020-09-09,430.534,436.721,424.158,431.937,209900,0.0,0.0
2020-09-10,435.148,440.384,424.412,425.213,191700,0.0,0.0
2020-09-11,428.556,433.001,422.425,426.663,166800,0.0,0.0
2020-09-14,431.24,438.284,431.202,434.931,267900,0.0,0.0
2020-09-15,436.871,438.397,434.734,437.013,188500,0.0,0.0
2020-09-16,441.523,445.158,434.47,434.997,175800,0.0,0.0
2020-09-17,431.334,431.334,418.329,421.408,260900,0.0,0.0
2020-09-18,420.796,423.207,412.368,413.093,381900,0.0,0.0
2020-09-21,409.015,417.849,409.015,417.18,296500,0.0,0.0
2020-09-22,416.963,421.022,411.596,420.9,248900,0.0,0.0
2020-09-23,423.621,431.673,421.229,423.264,209000,0.0,0.0
2020-09-24,422.105,436.57,421.738,425.768,202300,0.0,0.0
2020-09-25,424.422,438.519,424.422,437.992,152700,0.0,0.0
2020-09-28,439.951,450.262,437.672,448.304,242300,0.0,0.0
2020-09-29,446.091,462.552,445.497,457.137,328300,0.0,0.0
2020-09-30,459.105,463.88,450.055,453.521,270400,0.0,0.0
2020-10-01,455.706,459.35,452.41,454.82,171900,0.0,0.0
2020-10-02,450.112,461.431,445.055,454.397,168700,0.0,0.0
2020-10-05,460.377,469.04,458.352,468.296,198700,0.0,0.0
2020-10-06,470.453,472.186,463.72,469.521,195800,0.0,0.0
2020-10-07,475.566,483.034,475.435,480.492,248900,0.0,0.0
2020-10-08,483.11,489.137,481.848,488.204,124300,0.0,0.0
2020-10-09,489.56,493.694,489.108,491.623,110800,0.0,0.0
2020-10-12,494.655,505.089,492.659,501.209,195700,0.0,0.0
2020-10-13,502.942,510.749,502.942,508.611,204500,0.0,0.0
2020-10-14,509.468,514.412,503.13,504.223,143500,0.0,0.0
2020-10-15,500.023,512.397,497.819,508.978,174800,0.0,0.0
2020-10-16,511.691,515.731,504.242,506.709,188300,0.0,0.0
2020-10-19,509.948,517.473,506.003,507.83,157300,0.0,0.0
2020-10-20,511.361,525.779,509.628,517.934,231200,0.0,0.0
2020-10-21,523.396,536.938,521.306,525.553,176400,0.0,0.0
2020-10-22,529.875,539.085,526.052,534.301,221700,0.0,0.0
2020-10-23,533.953,535.337,521.127,526.334,173800,0.0,0.0
2020-10-26,525.713,526.429,510.099,515.411,196700,0.0,0.0
2020-10-27,513.207,542.052,508.404,539.603,294600,0.0,0.0
2020-10-28,534.668,534.668,516.945,524.554,298200,0.0,0.0
2020-10-29,524.309,531.495,518.198,523.462,208100,0.0,0.0
2020-10-30,518.264,523.886,501.558,507.443,309600,0.0,0.0
2020-11-02,512.679,520.552,502.471,507.387,306700,0.0,0.0
2020-11-03,511.305,513.988,504.204,508.235,230200,0.0,0.0
2020-11-04,517.256,551.073,513.32,546.12,243000,0.0,0.0
2020-11-05,552.702,567.638,546.817,547.297,276600,0.0,0.0
2020-11-06,547.062,557.91,534.235,545.423,145000,0.0,0.0
2020-11-09,569.961,571.696,503.445,504.19,353800,0.6,0.0
2020-11-10,495.95,499.551,477.436,494.951,324200,0.0,0.0
2020-11-11,505.585,515.766,494.961,513.682,243300,0.0,0.0
2020-11-12,518.726,518.886,501.343,504.161,163500,0.0,0.0
2020-11-13,508.771,510.402,489.927,492.962,225700,0.0,0.0
2020-11-16,498.109,498.109,473.844,492.076,259400,0.0,0.0
2020-11-17,493.009,493.009,479.859,484.629,250000,0.0,0.0
2020-11-18,485.732,490.964,477.115,482.904,251700,0.0,0.0
2020-11-19,488.098,508.149,482.423,503.605,413200,0.0,0.0
2020-11-20,497.883,516.85,494.979,514.842,347700,0.0,0.0
2020-11-23,519.584,519.734,488.333,490.115,194700,0.0,0.0
2020-11-24,492.236,504.331,486.024,488.748,311000,0.0,0.0
2020-11-25,488.748,493.433,478.039,484.874,280000,0.0,0.0
2020-11-27,485.524,504.312,485.524,503.294,136600,0.0,0.0
2020-11-30,500.419,510.506,495.894,508.281,330500,0.0,0.0
2020-12-01,516.397,517.868,507.602,515.285,268800,0.0,0.0
2020-12-02,514.305,517.067,505.208,509.789,370600,0.0,0.0
2020-12-03,514.097,530.613,510.298,523.788,489700,0.0,0.0
2020-12-04,526.494,540.954,505.264,508.271,480400,0.0,0.0
2020-12-07,508.422,538.324,508.422,537.278,543900,0.0,0.0
2020-12-08,533.686,536.656,528.539,533.573,610100,0.0,0.0
2020-12-09,530.123,536.514,525.315,532.31,290800,0.0,0.0
2020-12-10,530.255,534.252,514.314,519.97,247100,0.0,0.0
2020-12-11,519.659,529.463,507.215,516.284,273500,0.0,0.0
2020-12-14,521.884,541.859,518.273,519.565,412900,0.0,0.0
2020-12-15,521.168,524.92,514.013,522.054,287200,0.0,0.0
2020-12-16,525.108,530.924,519.621,528.379,314800,0.0,0.0
2020-12-17,531.226,545.762,530.67,544.263,253200,0.0,0.0
2020-12-18,546.403,547.384,538.833,545.706,463000,0.0,0.0
2020-12-21,542.651,546.196,528.143,545.291,400800,0.0,0.0
2020-12-22,546.903,556.924,544.989,556.49,318200,0.0,0.0
2020-12-23,560.421,566.954,539.05,540.134,179200,0.0,0.0
2020-12-24,543.443,549.288,535.317,540.238,148100,0.0,0.0
2020-12-28,546.658,546.658,527.125,533.347,217400,0.0,0.0
2020-12-29,537.335,538.768,528.209,532.423,144100,0.0,0.0
2020-12-30,535.449,540.285,528.247,530.048,197300,0.0,0.0
2020-12-31,531.122,539.324,526.805,537.862,215100,0.0,0.0
2021-01-04,542.416,550.344,527.031,530.528,281000,0.0,0.0
2021-01-05,530.585,532.763,514.05,522.487,232300,0.0,0.0
2021-01-06,514.399,522.138,505.217,513.843,370000,0.0,0.0
2021-01-07,512.579,526.013,509.487,517.736,249700,0.0,0.0
2021-01-08,518.349,528.454,515.417,520.451,174700,0.0,0.0
2021-01-11,517.321,518.302,510.374,512.561,166500,0.0,0.0
2021-01-12,509.619,514.323,494.697,498.382,385200,0.0,0.0
2021-01-13,497.911,507.102,491.105,505.585,244100,0.0,0.0
2021-01-14,505.377,505.377,481.169,482.734,270500,0.0,0.0
2021-01-15,483.158,499.457,480.782,493.028,422800,0.0,0.0
2021-01-19,502.936,502.936,480.0,486.326,419700,0.0,0.0
2021-01-20,486.392,488.786,478.878,487.721,287400,0.0,0.0
2021-01-21,489.578,489.578,479.934,484.666,220500,0.0,0.0
2021-01-22,487.353,489.7,479.859,480.49,323400,0.0,0.0
2021-01-25,481.292,486.561,473.401,480.16,286800,0.0,0.0
2021-01-26,480.679,483.601,474.41,480.594,352100,0.0,0.0
2021-01-27,480.358,507.093,472.289,503.803,702900,0.0,0.0
2021-01-28,499.627,514.691,499.627,505.802,422500,0.0,0.0
2021-01-29,502.191,511.59,497.119,509.77,306700,0.0,0.0
2021-02-01,518.056,542.406,513.739,536.137,368500,0.0,0.0
2021-02-02,535.449,555.481,535.449,546.865,292500,0.0,0.0
2021-02-03,547.299,554.199,529.991,531.499,265400,0.0,0.0
2021-02-04,531.669,540.012,526.776,533.752,173800,0.0,0.0
2021-02-05,538.23,542.039,532.517,538.899,176700,0.0,0.0
2021-02-08,539.522,543.113,531.047,537.071,175700,0.0,0.0
2021-02-09,535.193,540.015,521.017,526.406,201900,0.66,0.0
2021-02-10,529.794,529.794,519.016,522.848,172100,0.0,0.0
2021-02-11,526.604,529.086,510.918,515.043,197700,0.0,0.0
2021-02-12,516.741,522.329,513.853,521.489,164000,0.0,0.0
2021-02-16,525.292,525.292,502.292,507.304,271100,0.0,0.0
2021-02-17,501.66,511.428,497.875,505.595,244600,0.0,0.0
2021-02-18,502.802,513.259,501.462,513.127,167900,0.0,0.0
2021-02-19,517.581,526.623,515.052,519.28,243700,0.0,0.0
2021-02-22,516.373,516.373,499.489,510.654,241000,0.0,0.0
2021-02-23,507.624,521.828,500.291,518.27,403600,0.0,0.0
2021-02-24,513.552,517.884,505.869,514.797,225900,0.0,0.0
2021-02-25,515.043,525.745,513.504,520.753,224100,0.0,0.0
2021-02-26,520.658,529.662,512.598,524.688,282800,0.0,0.0
2021-03-01,533.173,548.33,532.125,546.518,241900,0.0,0.0
2021-03-02,549.283,554.049,541.94,546.339,245400,0.0,0.0
2021-03-03,541.629,542.771,480.038,480.717,534300,0.0,0.0
2021-03-04,476.876,481.897,451.866,457.67,461300,0.0,0.0
2021-03-05,460.662,478.329,444.561,476.017,612900,0.0,0.0
2021-03-08,476.602,493.156,468.948,484.134,349100,0.0,0.0
2021-03-09,489.202,510.022,489.136,494.629,350500,0.0,0.0
2021-03-10,500.31,500.31,483.671,487.739,211100,0.0,0.0
2021-03-11,488.051,497.12,486.55,494.374,200400,0.0,0.0
2021-03-12,493.411,494.459,479.047,489.796,225800,0.0,0.0
2021-03-15,494.298,504.142,484.37,495.874,246700,0.0,0.0
2021-03-16,499.989,503.415,482.737,487.852,198400,0.0,0.0
2021-03-17,486.616,489.627,477.489,484.162,306300,0.0,0.0
2021-03-18,478.971,488.419,471.893,473.233,291400,0.0,0.0
2021-03-19,476.366,485.011,472.091,481.444,667300,0.0,0.0
2021-03-22,478.943,493.666,478.943,491.977,202100,0.0,0.0
2021-03-23,489.155,500.367,485.597,496.545,283500,0.0,0.0
2021-03-24,494.308,494.308,468.439,472.771,271800,0.0,0.0
2021-03-25,471.94,472.478,461.322,469.732,293000,0.0,0.0
2021-03-26,469.212,490.098,467.533,488.692,263600,0.0,0.0
2021-03-29,487.097,494.713,479.292,487.635,192300,0.0,0.0
2021-03-30,486.484,489.476,467.202,467.882,218900,0.0,0.0
2021-03-31,471.364,481.869,469.514,469.93,346300,0.0,0.0
2021-04-01,475.725,496.998,474.507,491.033,245300,0.0,0.0
2021-04-05,493.439,493.6,479.443,490.769,227700,0.0,0.0
2021-04-06,479.679,505.444,479.679,503.094,288700,0.0,0.0
2021-04-07,504.567,506.813,482.69,491.722,214400,0.0,0.0
2021-04-08,497.979,505.426,493.619,501.603,203900,0.0,0.0
2021-04-09,499.385,506.69,492.118,504.51,192900,0.0,0.0
2021-04-12,502.471,505.878,493.6,505.35,180800,0.0,0.0
2021-04-13,505.869,515.458,505.02,509.342,257300,0.0,0.0
2021-04-14,510.937,513.872,502.122,504.774,181600,0.0,0.0
2021-04-15,508.219,515.09,505.378,508.842,151900,0.0,0.0
2021-04-16,513.778,513.778,498.725,504.878,256700,0.0,0.0
2021-04-19,505.879,510.078,496.554,503.623,172300,0.0,0.0
2021-04-20,505.869,508.757,498.885,499.376,137000,0.0,0.0
2021-04-21,500.037,503.378,490.334,493.836,178900,0.0,0.0
2021-04-22,471.893,481.284,466.9,474.611,509100,0.0,0.0
2021-04-23,473.308,482.001,464.673,478.933,303200,0.0,0.0
2021-04-26,480.915,485.682,473.573,476.81,202800,0.0,0.0
2021-04-27,475.479,477.48,466.353,467.787,210400,0.0,0.0
2021-04-28,470.081,470.081,459.067,461.86,225600,0.0,0.0
2021-04-29,459.624,469.769,459.624,467.901,231500,0.0,0.0
2021-04-30,464.569,465.107,458.718,461.001,272900,0.0,0.0
2021-05-03,462.804,464.663,460.18,461.209,199200,0.0,0.0
2021-05-04,459.954,459.954,446.675,447.354,265500,0.0,0.0
2021-05-05,449.091,449.676,430.31,430.951,362700,0.0,0.0
2021-05-06,425.968,430.621,409.811,413.954,605900,0.0,0.0
2021-05-07,419.664,430.989,408.612,412.595,598800,0.0,0.0
2021-05-10,413.378,421.004,408.961,415.067,353300,0.0,0.0
2021-05-11,410.634,424.359,407.563,423.489,432000,0.66,0.0
2021-05-12,420.644,424.085,417.875,420.446,398300,0.0,0.0
2021-05-13,422.421,430.115,418.338,427.44,429700,0.0,0.0
2021-05-14,428.291,434.019,419.264,431.297,294200,0.0,0.0
2021-05-17,430.418,435.739,426.589,430.153,403400,0.0,0.0
2021-05-18,430.503,431.911,420.304,422.223,318300,0.0,0.0
2021-05-19,416.655,422.242,411.381,418.858,281300,0.0,0.0
2021-05-20,420.625,428.697,418.981,426.23,205400,0.0,0.0
2021-05-21,427.62,433.055,425.673,431.004,234400,0.0,0.0
2021-05-24,433.953,435.503,429.964,431.391,247300,0.0,0.0
2021-05-25,431.306,437.327,429.784,433.395,255600,0.0,0.0
2021-05-26,435.767,440.994,433.622,437.403,329500,0.0,0.0
2021-05-27,435.38,439.142,430.077,436.713,548700,0.0,0.0
2021-05-28,436.117,444.199,434.794,440.976,292500,0.0,0.0
2021-06-01,442.545,445.201,429.217,429.435,241600,0.0,0.0
2021-06-02,427.866,435.465,425.843,435.229,204800,0.0,0.0
2021-06-03,425.039,430.881,416.23,419.869,392800,0.0,0.0
2021-06-04,422.251,426.06,418.839,425.559,345700,0.0,0.0
2021-06-07,423.896,424.425,417.44,424.009,222300,0.0,0.0
2021-06-08,425.512,427.365,416.306,416.608,184000,0.0,0.0
2021-06-09,416.608,419.302,409.519,409.859,201900,0.0,0.0
2021-06-10,410.975,412.26,407.941,409.169,439100,0.0,0.0
2021-06-11,411.977,418.716,410.341,416.703,182800,0.0,0.0
2021-06-14,419.217,430.162,417.109,429.794,244400,0.0,0.0
2021-06-15,429.794,432.469,426.797,427.724,269800,0.0,0.0
2021-06-16,428.971,432.677,421.4,424.737,226300,0.0,0.0
2021-06-17,424.075,440.777,424.075,435.824,308200,0.0,0.0
2021-06-18,433.376,436.079,421.873,424.907,647200,0.0,0.0
2021-06-21,425.2,434.227,418.555,430.257,235400,0.0,0.0
2021-06-22,429.444,434.813,426.193,432.724,216300,0.0,0.0
2021-06-23,433.111,435.56,431.221,432.733,133600,0.0,0.0
2021-06-24,435.096,439.605,432.166,435.796,207200,0.0,0.0
2021-06-25,437.025,443.253,435.257,442.318,346700,0.0,0.0
2021-06-28,444.473,445.456,440.427,443.887,260900,0.0,0.0
2021-06-29,443.301,447.847,441.287,446.269,194000,0.0,0.0
2021-06-30,447.422,447.422,436.07,438.187,276600,0.0,0.0
2021-07-01,438.197,445.768,437.147,438.773,194900,0.0,0.0
2021-07-02,440.446,442.507,434.926,438.452,148200,0.0,0.0
2021-07-06,437.308,447.686,435.37,445.947,288600,0.0,0.0
2021-07-07,445.796,447.167,416.863,425.417,385900,0.0,0.0
2021-07-08,424.255,437.034,422.128,433.868,296100,0.0,0.0
2021-07-09,436.665,439.662,427.667,435.522,247900,0.0,0.0
2021-07-12,435.002,437.62,432.346,436.514,190000,0.0,0.0
2021-07-13,434.274,437.138,432.006,433.849,110300,0.0,0.0
2021-07-14,434.142,436.892,428.886,434.283,141600,0.0,0.0
2021-07-15,432.903,435.389,428.773,429.756,171700,0.0,0.0
2021-07-16,430.578,436.609,428.187,433.934,179300,0.0,0.0
2021-07-19,432.1,440.815,431.731,437.327,327200,0.0,0.0
2021-07-20,436.892,440.021,433.924,435.267,415200,0.0,0.0
2021-07-21,442.346,452.526,429.094,430.871,280900,0.0,0.0
2021-07-22,428.253,442.809,427.053,438.972,153800,0.0,0.0
2021-07-23,442.289,450.21,439.492,449.152,182100,0.0,0.0
2021-07-26,445.541,447.573,437.922,441.363,178800,0.0,0.0
2021-07-27,440.957,443.036,436.202,441.146,190300,0.0,0.0
2021-07-28,441.061,448.717,439.586,445.134,165100,0.0,0.0
2021-07-29,445.333,453.093,440.314,449.709,188700,0.0,0.0
2021-07-30,449.208,453.594,447.299,449.133,238700,0.0,0.0
2021-08-02,452.29,461.798,449.416,453.698,230600,0.0,0.0
2021-08-03,452.988,454.474,446.391,454.266,151700,0.66,0.0
2021-08-04,454.976,467.006,454.976,465.804,184500,0.0,0.0
2021-08-05,468.066,472.278,460.106,464.479,193200,0.0,0.0
2021-08-06,466.078,466.078,455.534,459.718,117500,0.0,0.0
2021-08-09,460.995,463.797,456.821,458.714,117200,0.0,0.0
2021-08-10,459.055,459.093,440.229,442.539,165800,0.0,0.0
2021-08-11,445.861,447.773,434.995,437.759,141400,0.0,0.0
2021-08-12,435.904,440.248,429.098,438.526,129900,0.0,0.0
2021-08-13,440.579,442.302,437.238,438.63,128900,0.0,0.0
2021-08-16,439.964,445.738,435.941,444.905,113200,0.0,0.0
2021-08-17,443.466,451.474,440.135,449.145,105900,0.0,0.0
2021-08-18,449.846,449.969,436.831,437.134,133200,0.0,0.0
2021-08-19,435.364,449.94,434.73,447.006,128900,0.0,0.0
2021-08-20,447.886,455.288,444.157,450.063,114800,0.0,0.0
2021-08-23,452.695,460.04,450.272,451.275,90600,0.0,0.0
2021-08-24,452.155,455.591,447.905,455.033,103100,0.0,0.0
2021-08-25,454.36,456.481,441.545,447.063,155700,0.0,0.0
2021-08-26,445.075,453.821,444.791,451.038,116200,0.0,0.0
2021-08-27,452.42,461.696,451.265,458.837,233300,0.0,0.0
2021-08-30,459.727,461.024,450.669,451.975,165800,0.0,0.0
2021-08-31,452.827,457.096,449.543,450.461,219300,0.0,0.0
2021-09-01,449.344,455.809,446.06,453.887,155300,0.0,0.0
2021-09-02,456.992,456.992,449.259,453.821,108600,0.0,0.0
2021-09-03,453.405,459.462,449.23,449.798,134300,0.0,0.0
2021-09-07,448.076,448.076,425.473,427.158,474200,0.0,0.0
2021-09-08,426.003,431.729,420.248,427.678,248900,0.0,0.0
2021-09-09,426.401,430.13,419.132,419.898,169100,0.0,0.0
2021-09-10,417.778,420.201,412.345,415.033,169000,0.0,0.0
2021-09-13,416.699,422.671,406.193,408.966,172300,0.0,0.0
2021-09-14,412.071,414.617,398.28,403.439,275400,0.0,0.0
2021-09-15,402.795,411.749,398.895,403.013,203100,0.0,0.0
2021-09-16,402.218,406.42,400.296,404.745,132600,0.0,0.0
2021-09-17,404.385,406.893,400.571,403.211,316300,0.0,0.0
2021-09-20,402.738,407.187,398.507,402.719,198200,0.0,0.0
2021-09-21,406.212,407.12,399.113,399.246,180200,0.0,0.0
2021-09-22,400.495,403.448,397.542,402.88,213300,0.0,0.0
2021-09-23,402.265,404.499,399.482,402.359,217000,0.0,0.0
2021-09-24,401.479,401.697,395.355,401.318,289100,0.0,0.0
2021-09-27,396.785,402.161,393.188,394.901,320100,0.0,0.0
2021-09-28,391.901,396.681,386.931,396.453,345400,0.0,0.0
2021-09-29,397.05,404.451,397.05,400.997,232300,0.0,0.0
2021-09-30,403.088,406.278,396.027,398.185,297600,0.0,0.0
2021-10-01,398.791,399.066,386.184,395.469,213700,0.0,0.0
2021-10-04,394.693,398.394,387.405,395.469,244400,0.0,0.0
2021-10-05,397.305,410.916,396.662,408.446,327800,0.0,0.0
2021-10-06,393.273,395.952,382.104,390.367,553600,0.0,0.0
2021-10-07,392.497,402.795,392.497,397.381,232300,0.0,0.0
2021-10-08,395.819,396.207,388.2,388.209,113400,0.0,0.0
2021-10-11,386.875,393.5,381.158,381.404,119200,0.0,0.0
2021-10-12,382.218,385.266,376.245,376.52,208300,0.0,0.0
2021-10-13,376.738,382.246,374.977,378.678,304600,0.0,0.0
2021-10-14,377.978,382.786,377.362,381.603,224400,0.0,0.0
2021-10-15,384.206,388.749,382.871,384.064,155800,0.0,0.0
2021-10-18,380.666,384.272,379.331,383.335,202600,0.0,0.0
2021-10-19,386.07,389.194,383.77,389.194,279100,0.0,0.0
2021-10-20,398.791,401.356,378.328,383.988,272500,0.0,0.0
2021-10-21,381.745,395.299,381.508,388.758,353900,0.0,0.0
2021-10-22,387.793,394.39,386.685,393.207,156900,0.0,0.0
2021-10-25,395.147,395.147,385.114,385.464,109300,0.0,0.0
2021-10-26,388.257,389.96,382.464,382.899,155600,0.0,0.0
2021-10-27,381.782,384.811,377.618,381.887,270800,0.0,0.0
2021-10-28,382.729,388.938,379.889,383.391,129900,0.0,0.0
2021-10-29,384.953,387.395,382.114,386.808,259400,0.0,0.0
2021-11-01,386.922,388.73,382.72,386.752,161600,0.0,0.0
2021-11-02,387.756,390.8,383.964,385.955,159100,0.66,0.0
2021-11-03,388.155,388.155,380.931,383.519,197200,0.0,0.0
2021-11-04,385.851,386.865,366.947,368.341,407700,0.0,0.0
2021-11-05,371.28,371.517,365.032,368.132,291900,0.0,0.0
2021-11-08,370.635,371.346,364.577,369.791,203200,0.0,0.0
2021-11-09,369.232,373.185,365.563,367.07,210000,0.0,0.0
2021-11-10,367.07,371.839,362.984,368.54,168400,0.0,0.0
2021-11-11,367.781,367.781,361.78,362.833,161100,0.0,0.0
2021-11-12,363.733,372.702,363.733,368.616,231400,0.0,0.0
2021-11-15,369.033,371.611,366.862,369.042,216700,0.0,0.0
2021-11-16,372.019,373.223,368.199,372.18,281600,0.0,0.0
2021-11-17,372.939,372.939,362.491,362.937,221200,0.0,0.0
2021-11-18,362.349,362.653,346.033,347.768,374200,0.0,0.0
2021-11-19,348.337,349.408,340.895,341.094,277200,0.0,0.0
2021-11-22,340.516,349.75,336.563,348.167,298000,0.0,0.0
2021-11-23,348.337,348.337,338.715,343.9,206600,0.0,0.0
2021-11-24,343.862,346.346,340.535,342.639,170500,0.0,0.0
2021-11-26,340.544,346.252,339.994,341.786,203800,0.0,0.0
2021-11-29,343.028,344.299,334.297,334.619,230900,0.0,0.0
2021-11-30,332.713,340.146,323.755,334.363,718300,0.0,0.0
2021-12-01,336.61,338.506,325.783,325.869,261400,0.0,0.0
2021-12-02,327.348,335.178,327.348,332.827,351400,0.0,0.0
2021-12-03,331.168,335.027,328.03,330.941,331700,0.0,0.0
2021-12-06,330.732,345.834,325.878,343.189,347200,0.0,0.0
2021-12-07,345.351,364.833,345.351,360.899,429300,0.0,0.0
2021-12-08,361.382,367.099,356.158,364.871,365100,0.0,0.0
2021-12-09,364.729,367.772,358.377,360.045,218000,0.0,0.0
2021-12-10,361.724,367.023,358.14,365.791,244800,0.0,0.0
2021-12-13,365.563,382.997,364.539,380.988,445600,0.0,0.0
2021-12-14,380.58,381.585,370.464,374.873,285200,0.0,0.0
2021-12-15,378.807,393.758,374.939,392.686,384800,0.0,0.0
2021-12-16,393.028,400.64,381.632,387.159,409200,0.0,0.0
2021-12-17,386.325,397.218,382.135,389.093,651000,0.0,0.0
2021-12-20,383.756,388.866,378.798,382.495,191700,0.0,0.0
2021-12-21,387.728,392.25,384.315,390.174,210100,0.0,0.0
2021-12-22,390.629,390.629,382.997,387.766,154100,0.0,0.0
2021-12-23,390.752,398.356,388.344,389.33,163900,0.0,0.0
2021-12-27,389.918,395.151,386.714,392.117,139200,0.0,0.0
2021-12-28,393.672,397.54,391.975,392.658,95200,0.0,0.0
2021-12-29,393.35,395.407,387.851,389.966,107000,0.0,0.0
2021-12-30,391.264,393.976,390.449,391.217,76900,0.0,0.0
2021-12-31,391.075,393.416,388.373,389.899,100900,0.0,0.0
2022-01-03,389.728,391.34,374.607,376.209,178600,0.0,0.0
2022-01-04,375.451,379.537,365.184,373.877,292700,0.0,0.0
2022-01-05,371.517,375.11,358.974,359.334,204500,0.0,0.0
2022-01-06,353.694,357.41,348.546,353.949,231400,0.0,0.0
2022-01-07,352.869,360.301,352.262,359.059,199500,0.0,0.0
2022-01-10,356.358,361.287,349.077,361.022,214100,0.0,0.0
2022-01-11,360.88,364.018,353.618,360.766,180700,0.0,0.0
2022-01-12,358.984,360.226,349.209,352.072,233700,0.0,0.0
2022-01-13,351.56,355.855,344.033,345.01,174800,0.0,0.0
2022-01-14,341.53,352.764,339.217,352.234,287000,0.0,0.0
2022-01-18,347.247,348.233,340.62,345.948,252700,0.0,0.0
2022-01-19,341.767,354.3,341.767,354.016,287300,0.0,0.0
2022-01-20,357.884,358.955,349.342,350.1,267700,0.0,0.0
2022-01-21,351.011,353.153,343.531,345.635,292600,0.0,0.0
2022-01-24,341.426,347.437,334.24,346.242,335400,0.0,0.0
2022-01-25,341.9,341.9,328.931,333.718,380700,0.0,0.0
2022-01-26,353.608,353.608,313.374,315.364,634800,0.0,0.0
2022-01-27,312.52,320.948,306.927,312.966,465700,0.0,0.0
2022-01-28,314.208,318.92,304.481,317.886,398700,0.0,0.0
2022-01-31,320.057,326.817,318.635,326.58,362000,0.0,0.0
2022-02-01,326.722,334.885,322.826,332.496,264300,0.0,0.0
2022-02-02,359.723,359.723,324.845,326.371,320500,0.0,0.0
2022-02-03,323.328,334.003,318.578,331.737,240900,0.0,0.0
2022-02-04,328.883,353.02,328.409,347.655,447300,0.0,0.0
2022-02-07,347.825,358.908,347.825,351.105,311800,0.0,0.0
2022-02-08,346.85,350.374,337.608,349.624,351700,0.7,0.0
2022-02-09,352.977,357.099,347.012,352.369,320700,0.0,0.0
2022-02-10,346.499,354.192,345.824,351.276,259400,0.0,0.0
2022-02-11,352.597,359.958,348.341,359.036,370300,0.0,0.0
2022-02-14,358.885,362.209,349.681,351.751,314900,0.0,0.0
2022-02-15,353.148,362.959,353.148,362.684,237900,0.0,0.0
2022-02-16,362.076,363.311,352.217,355.978,207500,0.0,0.0
2022-02-17,353.138,359.901,350.27,356.073,146600,0.0,0.0
2022-02-18,356.406,361.991,348.351,353.347,225400,0.0,0.0
2022-02-22,351.618,359.454,348.094,354.43,225300,0.0,0.0
2022-02-23,355.874,358.647,349.472,349.937,182200,0.0,0.0
2022-02-24,340.705,359.094,337.703,358.087,248500,0.0,0.0
2022-02-25,358.4,361.63,352.853,360.29,182200,0.0,0.0
2022-02-28,357.346,366.436,357.346,362.294,281700,0.0,0.0
2022-03-01,360.936,370.558,357.783,360.832,285300,0.0,0.0
2022-03-02,361.012,361.031,352.188,359.568,193000,0.0,0.0
2022-03-03,359.958,359.996,338.615,342.586,377100,0.0,0.0
2022-03-04,343.041,351.115,337.789,349.852,285100,0.0,0.0
2022-03-07,351.02,352.967,335.956,336.231,356200,0.0,0.0
2022-03-08,334.103,334.863,323.095,323.855,293800,0.0,0.0
2022-03-09,328.461,332.641,322.876,330.96,298800,0.0,0.0
2022-03-10,332.85,363.472,316.399,325.602,318600,0.0,0.0
2022-03-11,328.376,328.68,323.646,325.403,235400,0.0,0.0
2022-03-14,328.898,333.049,323.902,326.59,203300,0.0,0.0
2022-03-15,328.927,333.306,325.792,330.076,185400,0.0,0.0
2022-03-16,334.54,342.035,328.12,336.63,293300,0.0,0.0
2022-03-17,334.996,339.574,333.097,336.564,273000,0.0,0.0
2022-03-18,336.963,339.214,333.144,336.089,519100,0.0,0.0
2022-03-21,335.576,337.998,327.996,331.188,294700,0.0,0.0
2022-03-22,331.235,337.428,325.526,334.768,369800,0.0,0.0
2022-03-23,332.859,338.976,324.605,329.221,303400,0.0,0.0
2022-03-24,329.402,338.112,327.255,335.861,219300,0.0,0.0
2022-03-25,340.705,340.705,334.008,334.236,267400,0.0,0.0
2022-03-28,335.737,341.712,333.685,341.693,254300,0.0,0.0
2022-03-29,344.694,349.614,336.013,339.385,311000,0.0,0.0
2022-03-30,338.15,338.615,328.12,329.506,343200,0.0,0.0
2022-03-31,329.24,334.825,322.107,323.133,431500,0.0,0.0
2022-04-01,324.092,328.338,315.981,322.411,338800,0.0,0.0
2022-04-04,324.32,332.85,323.931,328.176,406700,0.0,0.0
2022-04-05,313.853,315.658,290.582,292.168,929800,0.0,0.0
2022-04-06,286.336,291.684,269.543,273.39,1001800,0.0,0.0
2022-04-07,272.127,279.906,265.412,272.83,602300,0.0,0.0
2022-04-08,270.883,276.249,266.618,266.96,337600,0.0,0.0
2022-04-11,264.148,271.291,263.987,266.751,516000,0.0,0.0
2022-04-12,267.539,271.348,259.798,260.207,418700,0.0,0.0
2022-04-13,259.323,262.239,256.141,257.955,688400,0.0,0.0
2022-04-14,260.738,263.028,251.99,252.133,330900,0.0,0.0
2022-04-18,250.955,252.114,243.404,244.221,438100,0.0,0.0
2022-04-19,245.123,250.604,243.898,250.48,1289900,0.0,0.0
2022-04-20,247.954,265.117,247.954,260.188,908900,0.0,0.0
2022-04-21,264.737,266.029,257.689,259.19,559100,0.0,0.0
2022-04-22,259.257,262.914,252.085,252.589,492000,0.0,0.0
2022-04-25,250.623,256.768,247.963,254.507,448300,0.0,0.0
2022-04-26,256.151,256.455,247.27,247.726,413200,0.0,0.0
2022-04-27,247.65,251.63,247.65,248.163,363000,0.0,0.0
2022-04-28,249.312,259.608,246.102,257.908,423800,0.0,0.0
2022-04-29,255.695,259.979,250.148,250.385,431300,0.0,0.0
2022-05-02,251.829,255.942,244.772,248.334,421500,0.0,0.0
2022-05-03,248.429,255.181,245.724,252.457,373400,0.7,0.0
2022-05-04,253.696,269.962,252.276,267.372,711900,0.0,0.0
2022-05-05,263.657,268.724,258.067,262.829,498200,0.0,0.0
2022-05-06,260.953,260.953,250.0,252.419,354100,0.0,0.0
2022-05-09,248.315,251.791,243.686,244.772,599900,0.0,0.0
2022-05-10,247.619,248.486,237.991,243.353,315800,0.0,0.0
2022-05-11,242.0,246.543,238.486,240.924,231900,0.0,0.0
2022-05-12,239.496,247.429,238.191,245.01,238600,0.0,0.0
2022-05-13,247.819,253.096,246.791,250.838,290000,0.0,0.0
2022-05-16,249.01,251.8,244.486,245.619,328700,0.0,0.0
2022-05-17,247.505,249.572,243.905,247.915,199800,0.0,0.0
2022-05-18,244.838,246.657,237.153,238.267,297800,0.0,0.0
2022-05-19,238.267,257.991,238.067,255.181,425800,0.0,0.0
2022-05-20,256.229,266.362,256.0,266.01,396100,0.0,0.0
2022-05-23,266.905,272.81,260.524,269.381,503000,0.0,0.0
2022-05-24,266.934,267.762,259.61,265.734,340400,0.0,0.0
2022-05-25,263.124,266.486,260.362,263.372,312600,0.0,0.0
2022-05-26,265.476,269.572,263.524,268.686,216000,0.0,0.0
2022-05-27,271.0,276.753,270.991,274.181,203500,0.0,0.0
2022-05-31,270.8,272.553,262.191,268.267,607200,0.0,0.0
2022-06-01,266.362,272.162,262.191,263.724,317900,0.0,0.0
2022-06-02,265.038,273.943,261.943,273.705,227400,0.0,0.0
2022-06-03,271.886,271.886,264.153,265.219,253500,0.0,0.0
2022-06-06,270.381,275.038,267.486,268.029,164500,0.0,0.0
2022-06-07,265.657,271.648,264.438,270.943,140800,0.0,0.0
2022-06-08,269.257,270.124,265.248,267.629,251200,0.0,0.0
2022-06-09,268.238,268.238,260.886,260.962,183100,0.0,0.0
2022-06-10,256.81,261.734,253.229,260.848,219600,0.0,0.0
2022-06-13,253.429,258.067,252.41,255.029,236500,0.0,0.0
2022-06-14,255.391,258.476,254.476,255.696,169200,0.0,0.0
2022-06-15,257.353,260.867,253.696,257.181,181100,0.0,0.0
2022-06-16,251.572,257.343,247.581,256.305,219100,0.0,0.0
2022-06-17,256.191,260.248,250.8,251.629,510900,0.0,0.0
2022-06-21,254.467,256.419,250.543,253.086,205600,0.0,0.0
2022-06-22,252.534,258.867,249.562,256.229,195700,0.0,0.0
2022-06-23,257.724,261.524,256.429,259.743,224200,0.0,0.0
2022-06-24,262.324,266.924,259.4,264.419,999500,0.0,0.0
2022-06-27,264.829,264.829,257.286,259.048,271300,0.0,0.0
2022-06-28,259.553,260.886,248.191,252.981,403400,0.0,0.0
2022-06-29,254.162,255.553,247.143,248.086,312200,0.0,0.0
2022-06-30,247.505,250.61,242.638,243.819,385100,0.0,0.0
2022-07-01,245.238,246.467,237.81,245.495,383800,0.0,0.0
2022-07-05,245.667,252.181,242.162,252.162,384400,0.0,0.0
2022-07-06,253.743,254.4,246.057,247.267,386200,0.0,0.0
2022-07-07,245.981,255.276,245.981,254.838,296500,0.0,0.0
2022-07-08,253.829,258.61,251.162,253.438,203600,0.0,0.0
2022-07-11,250.962,252.867,248.238,249.391,175000,0.0,0.0
2022-07-12,251.067,254.638,243.876,244.448,238300,0.0,0.0
2022-07-13,241.4,250.181,240.191,247.105,239500,0.0,0.0
2022-07-14,245.515,248.619,242.591,247.905,311800,0.0,0.0
2022-07-15,249.438,254.657,247.829,253.877,256500,0.0,0.0
2022-07-18,254.848,260.086,252.676,254.21,271300,0.0,0.0
2022-07-19,255.686,262.038,251.695,261.657,509800,0.0,0.0
2022-07-20,253.819,260.886,248.953,254.676,532600,0.0,0.0
2022-07-21,256.134,259.476,249.857,257.781,560000,0.0,0.0
2022-07-22,259.819,264.6,256.134,257.943,394700,0.0,0.0
2022-07-25,257.886,258.267,249.477,252.105,465400,0.0,0.0
2022-07-26,249.715,251.067,243.886,244.162,277100,0.0,0.0
2022-07-27,245.81,248.181,243.448,245.934,306000,0.0,0.0
2022-07-28,246.981,255.981,244.505,254.657,405000,0.0,0.0
2022-07-29,254.029,258.134,252.324,257.886,308100,0.0,0.0
2022-08-01,257.029,261.096,253.981,256.572,302100,0.0,0.0
2022-08-02,256.849,264.965,255.321,259.522,224100,0.7,0.0
2022-08-03,257.861,257.956,247.319,254.366,387300,0.0,0.0
2022-08-04,254.385,260.935,252.466,257.269,349700,0.0,0.0
2022-08-05,256.257,257.584,250.976,252.303,198900,0.0,0.0
2022-08-08,253.994,258.023,252.886,256.772,351700,0.0,0.0
2022-08-09,256.772,258.415,249.687,253.258,401300,0.0,0.0
2022-08-10,257.765,260.534,255.244,257.555,308700,0.0,0.0
2022-08-11,259.522,260.678,253.745,253.984,165300,0.0,0.0
2022-08-12,256.027,258.93,254.433,258.634,162000,0.0,0.0
2022-08-15,259.904,267.123,258.892,264.096,247800,0.0,0.0
2022-08-16,261.909,266.283,259.398,264.994,132800,0.0,0.0
2022-08-17,261.432,262.33,254.519,261.871,209100,0.0,0.0
2022-08-18,262.177,262.902,258.558,260.229,131600,0.0,0.0
2022-08-19,257.641,257.641,249.448,250.47,169400,0.0,0.0
2022-08-22,248.264,248.57,244.884,246.422,251500,0.0,0.0
2022-08-23,245.677,245.677,239.995,240.387,270500,0.0,0.0
2022-08-24,240.54,244.149,238.716,242.564,410300,0.0,0.0
2022-08-25,243.614,244.77,241.246,244.435,316700,0.0,0.0
2022-08-26,245.199,245.648,233.836,233.894,273800,0.0,0.0
2022-08-29,233.187,235.154,230.8,231.535,513000,0.0,0.0
2022-08-30,233.922,235.259,228.699,232.987,857600,0.0,0.0
2022-08-31,235.517,238.592,233.044,237.369,416400,0.0,0.0
2022-09-01,236.061,240.186,229.473,239.976,355200,0.0,0.0
2022-09-02,242.382,245.476,237.99,238.63,346300,0.0,0.0
2022-09-06,239.508,240.883,230.934,231.631,453300,0.0,0.0
2022-09-07,230.513,237.188,224.794,236.539,449100,0.0,0.0
2022-09-08,234.906,245.495,232.423,245.342,328000,0.0,0.0
2022-09-09,246.259,254.118,244.693,253.927,363400,0.0,0.0
2022-09-12,255.464,260.83,251.606,252.113,405400,0.0,0.0
2022-09-13,246.775,253.745,243.576,249.735,382900,0.0,0.0
2022-09-14,249.697,253.602,246.775,251.062,391900,0.0,0.0
2022-09-15,250.327,253.946,242.669,245.218,352500,0.0,0.0
2022-09-16,244.445,249.114,240.072,240.721,1155700,0.0,0.0
2022-09-19,237.035,237.742,225.672,227.764,536900,0.0,0.0
2022-09-20,225.892,227.496,220.822,225.157,430300,0.0,0.0
2022-09-21,227.83,231.936,222.731,223.81,338800,0.0,0.0
2022-09-22,222.836,222.836,217.355,217.613,343500,0.0,0.0
2022-09-23,217.079,219.093,214.863,217.212,312700,0.0,0.0
2022-09-26,216.506,219.017,213.689,215.217,236600,0.0,0.0
2022-09-27,216.773,217.89,208.504,209.172,211900,0.0,0.0
2022-09-28,211.149,215.121,207.625,213.087,277900,0.0,0.0
2022-09-29,211.922,216.678,209.507,214.462,367600,0.0,0.0
2022-09-30,213.565,218.74,211.292,212.447,414100,0.0,0.0
2022-10-03,213.192,221.27,210.547,221.137,411300,0.0,0.0
2022-10-04,223.791,225.806,223.295,225.481,287300,0.0,0.0
2022-10-05,223.667,230.132,222.827,228.728,337800,0.0,0.0
2022-10-06,228.871,230.523,226.274,227.496,230100,0.0,0.0
2022-10-07,224.679,225.491,222.817,224.985,278300,0.0,0.0
2022-10-10,226.112,226.112,220.745,222.302,260300,0.0,0.0
2022-10-11,221.471,224.364,218.329,221.146,333300,0.0,0.0
2022-10-12,222.636,228.986,220.191,226.446,273800,0.0,0.0
2022-10-13,220.363,229.091,218.406,228.117,273300,0.0,0.0
2022-10-14,231.182,232.729,218.969,219.399,276900,0.0,0.0
2022-10-17,222.932,227.219,222.932,225.214,270000,0.0,0.0
2022-10-18,231.048,232.586,227.735,230.275,387000,0.0,0.0
2022-10-19,228.212,233.865,220.612,222.932,442200,0.0,0.0
2022-10-20,224.097,228.193,220.077,221.032,336300,0.0,0.0
2022-10-21,220.955,232.509,220.277,232.051,374000,0.0,0.0
2022-10-24,231.793,233.645,228.059,230.953,288400,0.0,0.0
2022-10-25,231.669,236.787,231.478,235.632,767300,0.0,0.0
2022-10-26,236.415,236.434,227.296,227.544,488100,0.0,0.0
2022-10-27,228.079,231.726,224.192,227.066,368500,0.0,0.0
2022-10-28,225.825,234.839,222.98,233.531,474400,0.0,0.0
2022-10-31,233.12,235.498,230.809,233.025,276400,0.0,0.0
2022-11-01,234.509,235.725,228.428,228.457,310800,0.7,0.0
2022-11-02,228.457,228.792,218.709,222.252,441500,0.0,0.0
2022-11-03,220.413,222.654,218.325,219.168,269100,0.0,0.0
2022-11-04,220.7,225.527,217.741,224.071,616000,0.0,0.0
2022-11-07,225.364,228.332,223.631,228.093,220600,0.0,0.0
2022-11-08,228.706,239.738,227.949,236.424,515900,0.0,0.0
2022-11-09,235.534,243.405,234.251,241.241,592000,0.0,0.0
2022-11-10,250.463,265.794,250.463,265.708,678800,0.0,0.0
2022-11-11,265.248,272.43,259.139,271.291,508200,0.0,0.0
2022-11-14,271.147,271.348,255.155,255.289,552700,0.0,0.0
2022-11-15,259.273,259.273,249.362,253.479,262000,0.0,0.0
2022-11-16,253.862,253.862,250.501,251.124,256900,0.0,0.0
2022-11-17,247.399,248.299,242.419,245.637,221200,0.0,0.0
2022-11-18,248.873,251.909,246.182,248.777,284300,0.0,0.0
2022-11-21,248.758,251.564,243.721,245.033,213300,0.0,0.0
2022-11-22,246.01,246.948,243.578,245.416,184100,0.0,0.0
2022-11-23,246.249,248.136,241.366,245.924,175800,0.0,0.0
2022-11-25,245.924,246.738,244.468,245.953,62900,0.0,0.0
2022-11-28,245.081,245.838,243.3,243.827,167100,0.0,0.0
2022-11-29,243.769,249.16,242.065,245.225,195500,0.0,0.0
2022-11-30,246.431,257.664,243.195,256.563,590500,0.0,0.0
2022-12-01,257.951,265.545,257.195,261.686,429800,0.0,0.0
2022-12-02,257.578,269.692,256.745,269.242,456500,0.0,0.0
2022-12-05,268.025,274.729,266.809,272.708,567600,0.0,0.0
2022-12-06,271.875,276.146,269.653,272.967,464300,0.0,0.0
2022-12-07,272.124,274.834,260.25,263.477,391800,0.0,0.0
2022-12-08,265.325,272.938,263.678,271.157,364100,0.0,0.0
2022-12-09,271.157,272.804,267.049,269.021,273600,0.0,0.0
2022-12-12,268.131,275.61,265.201,274.595,425900,0.0,0.0
2022-12-13,282.552,283.347,273.733,277.171,412100,0.0,0.0
2022-12-14,275.792,280.982,272.565,273.426,308700,0.0,0.0
2022-12-15,270.764,272.488,265.727,266.733,345700,0.0,0.0
2022-12-16,265.258,268.878,263.257,266.781,597700,0.0,0.0
2022-12-19,265.574,268.016,259.416,259.972,338200,0.0,0.0
2022-12-20,258.737,258.938,253.709,255.347,218900,0.0,0.0
2022-12-21,258.315,266.934,256.592,266.196,381600,0.0,0.0
2022-12-22,263.161,269.893,263.008,269.816,314100,0.0,0.0
2022-12-23,268.772,270.621,265.488,268.945,243100,0.0,0.0
2022-12-27,268.562,269.605,265.794,267.987,161200,0.0,0.0
2022-12-28,267.949,269.692,264.185,264.731,139200,0.0,0.0
2022-12-29,266.819,273.465,266.79,271.32,108300,0.0,0.0
2022-12-30,267.843,270.257,264.137,267.068,124800,0.0,0.0
2023-01-03,269.921,273.781,266.014,272.794,199700,0.0,0.0
2023-01-04,275.897,278.636,270.4,274.614,230500,0.0,0.0
2023-01-05,272.823,285.827,272.411,285.588,466500,0.0,0.0
2023-01-06,287.676,301.743,285.282,300.689,464000,0.0,0.0
2023-01-09,301.015,310.333,300.249,305.573,582500,0.0,0.0
2023-01-10,305.047,308.733,304.386,307.508,304200,0.0,0.0
2023-01-11,309.145,313.617,303.61,313.387,343100,0.0,0.0
2023-01-12,314.958,315.303,307.67,309.892,337700,0.0,0.0
2023-01-13,308.35,316.174,308.35,315.073,289000,0.0,0.0
2023-01-17,315.073,319.104,312.794,314.134,326100,0.0,0.0
2023-01-18,315.226,317.61,313.77,314.843,226900,0.0,0.0
2023-01-19,313.119,318.3,312.976,313.263,228200,0.0,0.0
2023-01-20,315.025,322.705,312.171,321.738,271200,0.0,0.0
2023-01-23,321.632,322.954,316.825,319.88,265600,0.0,0.0
2023-01-24,319.717,321.45,310.811,315.552,433500,0.0,0.0
2023-01-25,313.215,349.259,311.3,347.88,838300,0.0,0.0
2023-01-26,353.023,354.277,345.802,353.693,493400,0.0,0.0
2023-01-27,353.09,359.803,348.991,356.585,315200,0.0,0.0
2023-01-30,355.206,355.781,348.311,351.596,379400,0.0,0.0
2023-01-31,350.428,352.918,346.923,348.426,766200,0.0,0.0
2023-02-01,348.426,361.115,348.216,361.019,350500,0.0,0.0
2023-02-02,363.863,373.056,359.353,363.834,368900,0.0,0.0
2023-02-03,353.454,354.316,330.126,331.237,709700,0.0,0.0
2023-02-06,328.163,339.109,327.033,335.853,365600,0.0,0.0
2023-02-07,335.623,343.184,333.627,341.457,322500,0.72,0.0
2023-02-08,339.365,342.368,335.124,340.68,274300,0.0,0.0
2023-02-09,342.522,344.681,337.235,338.07,294000,0.0,0.0
2023-02-10,335.613,338.348,330.143,336.035,338900,0.0,0.0
2023-02-13,337.993,341.927,335.747,339.566,248700,0.0,0.0
2023-02-14,338.981,344.767,338.981,341.687,152500,0.0,0.0
2023-02-15,339.279,345.074,339.279,344.038,194000,0.0,0.0
2023-02-16,339.97,347.521,339.327,345.007,237200,0.0,0.0
2023-02-17,343.107,346.725,339.662,340.814,232800,0.0,0.0
2023-02-21,338.616,344.767,337.801,340.891,231500,0.0,0.0
2023-02-22,343.011,344.911,335.738,337.235,196300,0.0,0.0
2023-02-23,340.824,340.824,332.763,333.799,184000,0.0,0.0
2023-02-24,332.763,340.305,331.007,332.61,257800,0.0,0.0
2023-02-27,335.575,338.732,328.359,328.531,269500,0.0,0.0
2023-02-28,329.52,332.274,326.363,327.649,462600,0.0,0.0
2023-03-01,326.583,333.233,322.179,333.233,296500,0.0,0.0
2023-03-02,333.876,341.14,333.281,340.44,202700,0.0,0.0
2023-03-03,342.09,355.035,341.889,354.584,349600,0.0,0.0
2023-03-06,353.653,359.91,350.736,352.089,286400,0.0,0.0
2023-03-07,352.732,353.145,343.222,344.787,300000,0.0,0.0
2023-03-08,343.577,347.579,343.472,344.575,188400,0.0,0.0
2023-03-09,344.393,346.706,337.263,339.068,233600,0.0,0.0
2023-03-10,338.818,345.42,331.602,332.715,374400,0.0,0.0
2023-03-13,328.502,353.643,327.284,349.604,618800,0.0,0.0
2023-03-14,352.674,356.906,349.412,356.503,416300,0.0,0.0
2023-03-15,352.933,365.811,352.933,364.516,604700,0.0,0.0
2023-03-16,364.976,374.649,360.207,372.653,541600,0.0,0.0
2023-03-17,372.989,381.212,370.926,374.015,1374000,0.0,0.0
2023-03-20,373.315,376.098,366.627,370.964,404900,0.0,0.0
2023-03-21,374.236,378.66,366.214,368.958,352000,0.0,0.0
2023-03-22,368.958,372.701,361.867,362.203,319000,0.0,0.0
2023-03-23,363.076,370.532,359.881,367.721,290800,0.0,0.0
2023-03-24,365.514,370.398,364.065,370.388,172900,0.0,0.0
2023-03-27,372.029,374.236,363.546,365.686,261300,0.0,0.0
2023-03-28,366.838,374.236,365.744,367.078,238000,0.0,0.0
2023-03-29,369.717,371.876,363.69,368.978,200500,0.0,0.0
2023-03-30,372.25,376.808,371.78,372.183,357400,0.0,0.0
2023-03-31,373.775,376.222,367.922,375.474,376500,0.0,0.0
2023-04-03,372.384,374.908,371.866,373.43,206500,0.0,0.0
2023-04-04,372.49,383.621,370.532,376.434,381200,0.0,0.0
2023-04-05,371.117,372.192,322.025,324.088,1042200,0.0,0.0
2023-04-06,321.066,331.141,318.868,329.414,477300,0.0,0.0
2023-04-10,326.161,329.261,320.279,322.131,420600,0.0,0.0
2023-04-11,322.131,327.14,320.404,324.693,296800,0.0,0.0
2023-04-12,326.401,328.464,320.672,323.945,365100,0.0,0.0
2023-04-13,325.988,329.52,323.753,326.737,315500,0.0,0.0
2023-04-14,326.737,330.518,321.392,322.419,279500,0.0,0.0
2023-04-17,321.171,326.756,320.931,326.439,264700,0.0,0.0
2023-04-18,326.718,328.1,321.459,323.225,312700,0.0,0.0
2023-04-19,320.864,325.71,319.53,322.237,356500,0.0,0.0
2023-04-20,321.814,322.956,317.477,319.252,320500,0.0,0.0
2023-04-21,318.475,319.598,312.871,313.792,394800,0.0,0.0
2023-04-24,313.879,315.846,305.684,307.229,434900,0.0,0.0
2023-04-25,305.271,306.163,299.36,302.997,516800,0.0,0.0
2023-04-26,311.835,311.835,295.599,297.988,357500,0.0,0.0
2023-04-27,299.581,302.258,289.716,300.502,297700,0.0,0.0
2023-04-28,300.339,306.087,298.698,305.501,297400,0.0,0.0
2023-05-01,305.3,309.225,302.968,304.465,297200,0.0,0.0
2023-05-02,303.832,307.286,300.118,306.173,277400,0.0,0.0
2023-05-03,303.294,303.294,285.225,286.492,510000,0.0,0.0
2023-05-04,286.415,289.093,282.356,285.082,347300,0.0,0.0
2023-05-05,286.636,288.277,284.352,288.191,246200,0.0,0.0
2023-05-08,287.653,288.997,285.792,287.385,224900,0.0,0.0
2023-05-09,286.278,289.847,285.913,288.346,231300,0.72,0.0
2023-05-10,290.818,292.194,287.606,289.703,265000,0.0,0.0
2023-05-11,289.347,291.357,285.721,288.808,184300,0.0,0.0
2023-05-12,289.26,292.271,286.596,287.827,138400,0.0,0.0
2023-05-15,287.904,289.741,282.2,282.383,252500,0.0,0.0
2023-05-16,280.238,281.7,277.862,280.353,285400,0.0,0.0
2023-05-17,279.208,280.873,276.438,278.622,161000,0.0,0.0
2023-05-18,277.112,278.833,273.081,277.054,218600,0.0,0.0
2023-05-19,278.198,278.198,272.014,273.745,513700,0.0,0.0
2023-05-22,274.601,278.583,273.572,275.678,304100,0.0,0.0
2023-05-23,273.225,273.947,266.79,267.877,364400,0.0,0.0
2023-05-24,267.743,268.637,264.597,265.626,215600,0.0,0.0
2023-05-25,265.8,265.8,261.587,264.174,213500,0.0,0.0
2023-05-26,263.895,268.791,263.203,268.637,234300,0.0,0.0
2023-05-30,268.685,271.052,267.243,268.291,354600,0.0,0.0
2023-05-31,267.377,267.964,260.278,262.029,905300,0.0,0.0
2023-06-01,263.27,266.858,262.452,266.762,270700,0.0,0.0
2023-06-02,267.012,272.11,264.684,270.782,287100,0.0,0.0
2023-06-05,268.503,268.503,258.258,263.453,469100,0.0,0.0
2023-06-06,261.375,264.703,254.449,256.181,632700,0.0,0.0
2023-06-07,255.825,262.472,254.574,261.211,312800,0.0,0.0
2023-06-08,260.23,267.425,259.374,265.896,330500,0.0,0.0
2023-06-09,265.713,268.243,262.625,266.108,322200,0.0,0.0
2023-06-12,266.021,266.021,257.316,260.009,326000,0.0,0.0
2023-06-13,262.77,263.703,257.152,257.768,371600,0.0,0.0
2023-06-14,258.566,265.838,256.46,265.626,430800,0.0,0.0
2023-06-15,264.059,271.898,263.799,269.532,384600,0.0,0.0
2023-06-16,272.129,272.129,263.886,266.588,1206700,0.0,0.0
2023-06-20,264.492,265.415,259.98,264.011,327000,0.0,0.0
2023-06-21,262.289,264.001,256.556,256.729,349400,0.0,0.0
2023-06-22,257.287,258.701,253.362,255.325,335800,0.0,0.0
2023-06-23,252.978,255.709,252.535,252.978,311800,0.0,0.0
2023-06-26,252.612,254.844,251.083,252.747,221300,0.0,0.0
2023-06-27,253.564,255.998,249.438,249.486,277400,0.0,0.0
2023-06-28,250.323,251.189,247.437,248.062,317300,0.0,0.0
2023-06-29,247.11,253.67,245.648,251.997,557400,0.0,0.0
2023-06-30,253.478,254.526,249.39,251.458,303400,0.0,0.0
2023-07-03,251.862,253.978,250.736,252.16,167500,0.0,0.0
2023-07-05,251.804,251.804,245.302,248.534,338100,0.0,0.0
2023-07-06,245.648,246.918,238.251,241.05,648200,0.0,0.0
2023-07-07,240.954,242.416,237.924,238.645,298500,0.0,0.0
2023-07-10,237.328,240.233,235.894,237.78,513000,0.0,0.0
2023-07-11,237.299,240.165,235.635,237.549,308300,0.0,0.0
2023-07-12,239.886,241.368,236.799,241.223,387300,0.0,0.0
2023-07-13,241.762,244.301,239.886,242.522,450600,0.0,0.0
2023-07-14,243.253,243.984,240.463,240.992,339300,0.0,0.0
2023-07-17,240.04,245.821,237.587,245.571,486900,0.0,0.0
2023-07-18,245.052,248.765,244.725,247.158,415700,0.0,0.0
2023-07-19,248.447,251.285,247.572,251.189,587000,0.0,0.0
2023-07-20,250.958,268.224,250.958,256.729,817700,0.0,0.0
2023-07-21,257.604,262.558,254.228,260.298,441800,0.0,0.0
2023-07-24,259.778,263.626,256.768,260.971,345400,0.0,0.0
2023-07-25,259.547,262.116,257.066,259.172,244600,0.0,0.0
2023-07-26,258.788,264.655,257.258,263.924,232100,0.0,0.0
2023-07-27,263.539,265.78,258.268,259.23,285400,0.0,0.0
2023-07-28,263.51,264.607,260.269,260.644,269700,0.0,0.0
2023-07-31,260.673,261.356,257.402,258.961,304800,0.0,0.0
2023-08-01,258.71,259.761,251.187,253.27,234200,0.72,0.0
2023-08-02,251.949,254.466,250.068,252.016,324200,0.0,0.0
2023-08-03,248.824,249.48,239.758,239.854,506000,0.0,0.0
2023-08-04,239.912,242.063,233.817,234.222,591200,0.0,0.0
2023-08-07,237.607,237.607,233.46,235.698,307600,0.0,0.0
2023-08-08,232.544,232.544,227.307,228.609,379500,0.0,0.0
2023-08-09,229.824,232.92,229.486,230.104,181200,0.0,0.0
2023-08-10,230.268,232.245,227.336,228.223,286300,0.0,0.0
2023-08-11,228.705,230.605,225.204,225.927,216700,0.0,0.0
2023-08-14,226.545,232.92,225.812,228.57,392300,0.0,0.0
2023-08-15,227.316,229.602,223.912,224.307,258700,0.0,0.0
2023-08-16,227.123,236.894,227.114,236.614,429900,0.0,0.0
2023-08-17,236.623,241.591,232.206,240.327,464700,0.0,0.0
2023-08-18,238.63,241.861,238.08,239.382,322700,0.0,0.0
2023-08-21,238.388,244.117,235.524,241.446,372000,0.0,0.0
2023-08-22,240.906,242.16,237.057,240.462,254800,0.0,0.0
2023-08-23,240.684,243.925,240.443,241.533,226400,0.0,0.0
2023-08-24,241.533,241.735,236.006,236.585,534100,0.0,0.0
2023-08-25,236.556,237.868,234.174,235.862,367700,0.0,0.0
2023-08-28,236.527,237.829,234.174,237.144,259700,0.0,0.0
2023-08-29,237.27,237.684,234.56,237.598,251800,0.0,0.0
2023-08-30,237.27,237.974,233.981,234.627,205100,0.0,0.0
2023-08-31,235.013,235.389,231.753,232.37,482100,0.0,0.0
2023-09-01,234.666,234.666,228.599,230.354,237100,0.0,0.0
2023-09-05,229.332,237.646,229.216,233.421,331300,0.0,0.0
2023-09-06,231.261,232.274,219.871,220.729,829800,0.0,0.0
2023-09-07,218.675,220.054,215.289,219.215,600200,0.0,0.0
2023-09-08,219.581,220.613,215.916,218.578,359400,0.0,0.0
2023-09-11,220.372,222.803,215.887,216.784,579100,0.0,0.0
2023-09-12,216.697,220.787,213.428,214.171,499700,0.0,0.0
2023-09-13,213.775,218.414,210.93,212.627,552300,0.0,0.0
2023-09-14,212.174,222.262,212.174,220.903,528100,0.0,0.0
2023-09-15,222.234,225.214,214.383,216.649,1483000,0.0,0.0
2023-09-18,215.627,219.369,214.45,219.051,325200,0.0,0.0
2023-09-19,219.359,220.44,215.955,216.186,359400,0.0,0.0
2023-09-20,216.63,218.028,214.016,215.338,290800,0.0,0.0
2023-09-21,214.209,215.926,207.352,207.381,376200,0.0,0.0
2023-09-22,207.95,211.084,207.487,208.297,407000,0.0,0.0
2023-09-25,206.3,206.734,202.626,203.783,327700,0.0,0.0
2023-09-26,202.886,203.233,198.151,198.392,473700,0.0,0.0
2023-09-27,199.077,199.713,194.592,194.611,487400,0.0,0.0
2023-09-28,195.633,202.047,192.904,201.989,585700,0.0,0.0
2023-09-29,204.613,209.107,202.607,206.05,950200,0.0,0.0
2023-10-02,205.394,206.175,200.861,202.491,363900,0.0,0.0
2023-10-03,201.006,203.88,196.839,197.485,298000,0.0,0.0
2023-10-04,197.765,206.532,197.157,205.702,714400,0.0,0.0
2023-10-05,203.33,218.54,203.33,217.594,787600,0.0,0.0
2023-10-06,225.204,231.714,223.671,230.248,885000,0.0,0.0
2023-10-09,226.574,230.634,226.333,228.782,542600,0.0,0.0
2023-10-10,228.898,231.512,224.712,225.368,397800,0.0,0.0
2023-10-11,225.551,228.387,223.68,228.184,359100,0.0,0.0
2023-10-12,228.927,233.026,227.577,231.907,593800,0.0,0.0
2023-10-13,232.823,232.823,227.152,230.297,294200,0.0,0.0
2023-10-16,232.737,237.241,231.242,233.441,451600,0.0,0.0
2023-10-17,232.409,234.531,230.991,232.148,247300,0.0,0.0
2023-10-18,231.29,231.329,227.76,228.04,304900,0.0,0.0
2023-10-19,227.924,229.718,226.014,226.487,348900,0.0,0.0
2023-10-20,226.94,229.4,224.934,227.017,473200,0.0,0.0
2023-10-23,225.956,230.653,224.143,226.931,474100,0.0,0.0
2023-10-24,227.191,229.621,225.667,227.538,360100,0.0,0.0
2023-10-25,222.041,225.899,195.99,206.474,1343800,0.0,0.0
2023-10-26,207.93,215.945,201.179,205.047,720700,0.0,0.0
2023-10-27,206.754,212.164,197.234,198.691,553200,0.0,0.0
2023-10-30,201.333,207.892,201.256,206.542,625800,0.0,0.0
2023-10-31,205.963,206.455,201.247,206.156,362600,0.0,0.0
2023-11-01,206.165,210.322,205.558,209.522,454700,0.0,0.0
2023-11-02,211.846,215.666,211.055,213.534,389900,0.0,0.0
2023-11-03,216.842,216.842,211.007,212.251,449700,0.0,0.0
2023-11-06,214.884,217.546,211.663,212.28,369500,0.0,0.0
2023-11-07,212.909,212.909,208.739,209.522,223400,0.72,0.0
2023-11-08,209.068,217.612,207.674,215.793,377700,0.0,0.0
2023-11-09,216.741,220.186,215.483,219.518,358800,0.0,0.0
2023-11-10,218.686,218.686,213.335,215.725,338400,0.0,0.0
2023-11-13,215.348,217.583,211.825,214.332,189200,0.0,0.0
2023-11-14,219.044,223.795,218.405,220.786,278900,0.0,0.0
2023-11-15,220.476,222.315,218.783,220.186,259300,0.0,0.0
2023-11-16,221.076,222.837,219.015,219.363,229700,0.0,0.0
2023-11-17,221.599,223.118,218.376,220.795,229100,0.0,0.0
2023-11-20,219.334,222.866,217.805,221.153,283000,0.0,0.0
2023-11-21,221.869,226.34,219.625,226.175,264500,0.0,0.0
2023-11-22,226.175,228.217,223.437,226.64,166900,0.0,0.0
2023-11-24,225.159,226.05,223.108,223.911,108300,0.0,0.0
2023-11-27,223.669,223.998,221.521,222.827,212400,0.0,0.0
2023-11-28,222.924,225.276,222.557,223.514,243500,0.0,0.0
2023-11-29,223.514,230.917,223.36,229.417,337400,0.0,0.0
2023-11-30,231.101,233.752,229.272,232.349,601800,0.0,0.0
2023-12-01,232.252,236.278,228.749,232.397,268000,0.0,0.0
2023-12-04,231.788,234.42,228.953,230.839,364900,0.0,0.0
2023-12-05,230.839,245.693,230.839,243.138,503700,0.0,0.0
2023-12-06,245.248,256.501,245.248,253.569,805600,0.0,0.0
2023-12-07,255.592,261.581,250.144,252.437,395000,0.0,0.0
2023-12-08,251.586,253.627,250.666,253.211,402700,0.0,0.0
2023-12-11,253.289,255.321,252.515,254.75,317900,0.0,0.0
2023-12-12,254.905,255.708,252.331,255.234,294700,0.0,0.0
2023-12-13,255.969,262.578,254.527,262.355,242200,0.0,0.0
2023-12-14,264.455,278.67,263.546,274.964,626300,0.0,0.0
2023-12-15,273.416,273.416,266.99,270.164,771000,0.0,0.0
2023-12-18,275.341,276.609,266.903,272.825,284100,0.0,0.0
2023-12-19,273.299,274.528,268.877,272.777,322300,0.0,0.0
2023-12-20,272.38,277.363,267.029,269.429,337700,0.0,0.0
2023-12-21,272.38,276.909,269.477,276.435,204300,0.0,0.0
2023-12-22,276.957,280.015,274.267,278.863,220000,0.0,0.0
2023-12-26,278.757,282.56,278.757,282.163,116900,0.0,0.0
2023-12-27,281.582,286.537,281.582,286.256,147800,0.0,0.0
2023-12-28,285.598,287.727,284.359,286.827,143200,0.0,0.0
2023-12-29,285.588,288.327,280.711,283.372,216200,0.0,0.0
2024-01-02,282.26,282.26,270.067,277.18,356600,0.0,0.0
2024-01-03,276.57,276.57,268.316,269.942,372000,0.0,0.0
2024-01-04,268.684,268.684,258.611,266.478,553200,0.0,0.0
2024-01-05,266.11,272.08,264.629,267.232,303800,0.0,0.0
2024-01-08,267.59,270.319,266.429,268.5,268000,0.0,0.0
2024-01-09,265.713,268.016,263.236,263.565,191600,0.0,0.0
2024-01-10,263.071,264.31,260.73,263.197,292700,0.0,0.0
2024-01-11,264.155,264.155,257.643,261.475,270600,0.0,0.0
2024-01-12,264.136,264.136,260.149,260.275,204300,0.0,0.0
2024-01-16,260.014,260.662,257.159,260.275,0,0.0,0.0
2024-01-17,256.588,258.359,253.831,260.275,0,0.0,0.0
2024-01-18,256.433,256.55,254.372,260.275,0,0.0,0.0
2024-01-19,257.024,257.914,253.521,260.275,0,0.0,0.0
2024-01-22,258.359,259.269,256.134,260.275,0,0.0,0.0
2024-01-23,259.046,263.807,258.291,260.275,0,0.0,0.0
2024-01-24,265.326,269.41,265.258,260.275,0,0.0,0.0
2024-01-25,267.619,267.619,260.459,260.275,0,0.0,0.0
2024-01-26,267.3,268.306,265.858,260.275,0,0.0,0.0
2024-01-29,267.068,270.29,267.068,260.275,0,0.0,0.0
2024-01-30,269.013,269.139,263.942,260.275,0,0.0,0.0
2024-01-31,271.809,271.809,217.593,260.275,0,0.0,0.0
2024-02-01,216.189,219.218,207.452,260.275,0,0.0,0.0
2024-02-02,210.519,218.009,208.187,260.275,0,0.0,0.0
2024-02-05,216.402,217.854,207.974,260.275,0,0.0,0.0
2024-02-06,213.035,214.467,207.897,260.275,0,0.0,0.0
2024-02-07,215.299,220.089,213.074,260.275,0,0.0,0.0
2024-02-08,216.828,222.421,216.267,260.275,0,0.0,0.0
2024-02-09,216.925,219.276,212.987,260.275,0,0.0,0.0
2024-02-12,216.122,220.921,214.893,260.275,0,0.0,0.0
2024-02-13,216.247,217.994,210.238,260.275,0,0.74,0.0
2024-02-14,215.063,216.393,209.413,260.275,0,0.0,0.0
2024-02-15,211.568,215.781,211.568,260.275,0,0.0,0.0
2024-02-16,214.16,215.043,210.908,260.275,0,0.0,0.0
2024-02-20,210.18,211.024,205.791,260.275,0,0.0,0.0
2024-02-21,207.219,209.102,205.015,260.275,0,0.0,0.0
2024-02-22,210.558,210.558,205.52,260.275,0,0.0,0.0
2024-02-23,207.752,209.5,207.073,260.275,0,0.0,0.0
2024-02-26,208.364,209.315,206.811,260.275,0,0.0,0.0
2024-02-27,208.723,208.723,204.025,260.275,0,0.0,0.0
2024-02-28,206.558,208.976,206.248,260.275,0,0.0,0.0
2024-02-29,206.782,208.102,204.85,260.275,0,0.0,0.0
2024-03-01,206.549,216.315,204.054,260.275,0,0.0,0.0
2024-03-04,211.636,212.432,207.558,260.275,0,0.0,0.0
2024-03-05,206.16,208.384,194.52,260.275,0,0.0,0.0
2024-03-06,206.413,207.209,201.132,260.275,0,0.0,0.0
2024-03-07,204.355,206.209,200.986,260.275,0,0.0,0.0
2024-03-08,203.141,209.112,201.471,260.275,0,0.0,0.0
2024-03-11,209.694,218.82,209.694,260.275,0,0.0,0.0
2024-03-12,216.655,220.674,214.801,260.275,0,0.0,0.0
2024-03-13,216.189,220.247,215.131,260.275,0,0.0,0.0
2024-03-14,218.548,220.383,206.102,260.275,0,0.0,0.0
2024-03-15,209.248,214.267,209.248,260.275,0,0.0,0.0
2024-03-18,211.869,215.538,211.238,260.275,0,0.0,0.0
2024-03-19,212.529,214.995,210.519,260.275,0,0.0,0.0
2024-03-20,211.306,212.354,209.315,260.275,0,0.0,0.0
2024-03-21,213.024,217.965,210.675,260.275,0,0.0,0.0
2024-03-22,216.344,216.344,212.966,260.275,0,0.0,0.0
2024-03-25,216.063,218.218,211.374,260.275,0,0.0,0.0
2024-03-26,214.441,214.441,208.044,260.275,0,0.0,0.0
2024-03-27,209.898,211.587,206.83,260.275,0,0.0,0.0
2024-03-28,211.636,215.402,210.791,260.275,0,0.0,0.0
2024-04-01,213.034,213.189,207.248,260.275,0,0.0,0.0
2024-04-02,209.141,211.063,206.083,260.275,0,0.0,0.0
2024-04-03,207.015,209.529,204.549,260.275,0,0.0,0.0
2024-04-04,211.49,219.8,211.49,260.275,0,0.0,0.0
2024-04-05,216.364,219.13,214.286,260.275,0,0.0,0.0
2024-04-08,221.567,222.81,217.218,260.275,0,0.0,0.0
2024-04-09,219.878,221.441,218.189,260.275,0,0.0,0.0
2024-04-10,214.354,219.936,214.208,260.275,0,0.0,0.0
2024-04-11,214.587,215.888,209.985,211.422,303000,0.0,0.0
2024-04-12,210.228,210.228,205.491,206.782,347800,0.0,0.0
2024-04-15,207.432,207.432,198.802,198.957,391700,0.0,0.0
2024-04-16,198.549,200.491,196.064,196.85,443600,0.0,0.0
2024-04-17,199.054,199.19,195.472,196.035,467800,0.0,0.0
2024-04-18,196.287,198.685,193.52,197.219,281600,0.0,0.0
2024-04-19,197.035,201.073,195.074,198.054,359600,0.0,0.0
2024-04-22,198.627,200.569,196.792,198.462,278200,0.0,0.0
2024-04-23,197.889,200.2,196.734,198.792,267000,0.0,0.0
2024-04-24,197.297,199.239,195.452,198.258,253000,0.0,0.0
2024-04-25,197.307,198.122,195.054,195.695,241000,0.0,0.0
2024-04-26,195.423,197.928,195.287,195.899,253600,0.0,0.0
2024-04-29,197.734,199.219,196.52,198.142,510600,0.0,0.0
2024-04-30,195.249,197.433,194.152,194.249,434100,0.0,0.0
2024-05-01,194.249,203.753,193.511,200.219,466300,0.0,0.0
2024-05-02,202.18,203.141,197.811,203.015,358900,0.0,0.0
2024-05-03,205.287,205.287,196.53,197.87,505800,0.0,0.0
2024-05-06,199.928,201.879,197.724,199.792,568500,0.0,0.0
2024-05-07,202.578,204.161,192.229,195.025,687000,0.0,0.0
2024-05-08,193.938,196.967,192.394,196.307,400400,0.0,0.0
2024-05-09,196.2,199.724,195.957,198.84,306700,0.0,0.0
2024-05-10,199.248,200.588,197.064,200.093,447800,0.0,0.0
2024-05-13,200.947,206.549,199.86,199.918,335900,0.0,0.0
2024-05-14,200.811,201.685,196.452,198.452,373300,0.0,0.0
2024-05-15,202.326,211.112,202.326,210.578,754400,0.0,0.0
2024-05-16,210.141,212.568,208.005,210.277,337600,0.0,0.0
2024-05-17,211.354,211.354,205.306,208.442,279200,0.0,0.0
2024-05-20,208.519,210.869,207.646,209.413,294600,0.0,0.0
2024-05-21,208.692,212.442,207.893,211.936,302300,0.74,0.0
2024-05-22,211.877,215.287,211.439,213.738,192200,0.0,0.0
2024-05-23,212.618,213.377,208.166,208.945,251400,0.0,0.0
2024-05-24,208.789,211.702,207.63,211.283,215900,0.0,0.0
2024-05-28,210.026,210.202,200.022,201.015,448400,0.0,0.0
2024-05-29,198.677,199.33,195.034,195.229,444800,0.0,0.0
2024-05-30,195.521,197.031,192.209,192.57,646800,0.0,0.0
2024-05-31,193.222,194.586,191.381,193.787,1540600,0.0,0.0
2024-06-03,193.865,195.901,192.053,193.855,701700,0.0,0.0
2024-06-04,192.375,198.151,192.375,194.342,757600,0.0,0.0
2024-06-05,194.83,196.934,190.875,191.342,448500,0.0,0.0
2024-06-06,189.969,201.502,189.969,200.645,762400,0.0,0.0
2024-06-07,199.379,200.178,192.423,193.622,510400,0.0,0.0
2024-06-10,192.988,195.317,191.254,191.985,361700,0.0,0.0
2024-06-11,190.826,191.917,187.562,190.426,349300,0.0,0.0
2024-06-12,192.969,199.408,192.969,195.911,312300,0.0,0.0
2024-06-13,195.132,196.008,192.872,194.157,255200,0.0,0.0
2024-06-14,193.758,195.141,190.933,195.044,291700,0.0,0.0
2024-06-17,194.567,197.041,189.306,194.206,328100,0.0,0.0
2024-06-18,193.242,194.713,189.17,190.553,360700,0.0,0.0
2024-06-20,189.491,196.476,189.491,193.943,324000,0.0,0.0
2024-06-21,193.631,193.631,189.141,189.384,953600,0.0,0.0
2024-06-24,190.387,194.343,189.637,191.215,305500,0.0,0.0
2024-06-25,190.271,191.108,187.446,189.033,415200,0.0,0.0
2024-06-26,188.176,191.42,188.011,191.03,336000,0.0,0.0
2024-06-27,190.66,195.044,189.043,194.518,265000,0.0,0.0
2024-06-28,195.346,197.567,192.881,195.346,1209000,0.0,0.0
2024-07-01,195.365,195.521,187.699,188.39,450000,0.0,0.0
2024-07-02,190.241,191.527,188.059,188.79,324900,0.0,0.0
2024-07-03,190.953,197.353,190.446,195.813,331900,0.0,0.0
2024-07-05,194.528,200.626,194.469,199.359,325400,0.0,0.0
2024-07-08,199.213,199.661,196.076,199.116,284700,0.0,0.0
2024-07-09,198.298,199.954,196.417,199.116,330700,0.0,0.0
2024-07-10,199.204,201.697,197.888,201.59,261800,0.0,0.0
2024-07-11,203.587,209.578,201.921,208.399,375600,0.0,0.0
2024-07-12,208.624,210.815,206.841,207.347,282100,0.0,0.0
2024-07-15,208.127,214.118,208.127,213.962,419000,0.0,0.0
2024-07-16,213.319,217.011,211.546,215.91,356300,0.0,0.0
2024-07-17,215.559,219.466,215.559,218.803,408400,0.0,0.0
2024-07-18,218.16,220.908,214.673,215.569,389700,0.0,0.0
2024-07-19,216.085,216.31,211.049,213.494,486600,0.0,0.0
2024-07-22,215.218,217.547,213.728,216.826,283000,0.0,0.0
2024-07-23,216.426,219.096,215.335,215.53,259100,0.0,0.0
2024-07-24,215.813,217.177,210.913,212.403,374100,0.0,0.0
2024-07-25,212.676,221.122,212.637,215.15,354700,0.0,0.0
2024-07-26,216.037,220.031,214.878,219.797,300600,0.0,0.0
2024-07-29,220.459,221.015,215.93,217.459,222500,0.0,0.0
2024-07-30,218.462,220.109,216.68,218.229,218500,0.0,0.0
2024-07-31,219.027,221.736,217.079,217.751,389300,0.0,0.0
2024-08-01,217.079,218.94,213.407,215.501,282200,0.0,0.0
2024-08-02,213.679,231.545,212.949,228.564,736400,0.0,0.0
2024-08-05,225.067,225.067,215.9,217.138,762100,0.0,0.0
2024-08-06,227.707,232.685,222.943,228.516,629800,0.0,0.0
2024-08-07,229.772,230.6,222.642,223.401,356300,0.0,0.0
2024-08-08,222.096,229.139,221.784,225.895,300500,0.0,0.0
2024-08-09,225.895,230.854,224.21,229.957,255800,0.0,0.0
2024-08-12,228.671,231.428,227.054,228.876,247700,0.0,0.0
2024-08-13,230.6,235.754,230.6,234.809,383100,0.0,0.0
2024-08-14,234.633,235.89,233.084,234.721,306600,0.0,0.0
2024-08-15,236.289,236.679,227.532,227.853,458200,0.0,0.0
2024-08-16,227.853,229.86,226.197,227.951,355800,0.0,0.0
2024-08-19,228.038,231.175,227.697,229.12,261300,0.0,0.0
2024-08-20,229.431,229.431,224.746,225.213,219100,0.0,0.0
2024-08-21,226.024,227.559,223.738,227.334,321800,0.74,0.0
2024-08-22,227.334,230.246,225.897,230.168,271800,0.0,0.0
2024-08-23,230.999,232.455,228.771,230.461,184500,0.0,0.0
2024-08-26,231.702,233.002,229.073,231.39,210000,0.0,0.0
2024-08-27,230.872,231.38,228.907,230.246,120300,0.0,0.0
2024-08-28,230.403,233.159,230.403,232.22,263700,0.0,0.0
2024-08-29,236.423,241.915,234.712,240.439,438900,0.0,0.0
2024-08-30,240.429,242.677,234.83,236.882,394200,0.0,0.0
2024-09-03,235.26,236.237,230.207,235.67,352200,0.0,0.0
2024-09-04,235.739,237.077,233.403,236.364,387700,0.0,0.0
2024-09-05,244.319,254.307,241.289,252.157,887200,0.0,0.0
2024-09-06,253.496,257.854,248.687,251.013,594900,0.0,0.0
2024-09-09,251.101,255.519,250.183,251.942,390200,0.0,0.0
2024-09-10,252.362,253.955,249.479,252.088,382700,0.0,0.0
2024-09-11,249.792,250.476,245.619,249.606,290000,0.0,0.0
2024-09-12,250.495,251.023,246.723,250.583,255200,0.0,0.0
2024-09-13,251.952,252.352,248.14,251.287,211000,0.0,0.0
2024-09-16,250.71,253.212,249.459,253.115,200400,0.0,0.0
2024-09-17,253.29,253.29,249.254,252.509,300000,0.0,0.0
2024-09-18,253.29,258.099,251.228,253.926,465000,0.0,0.0
2024-09-19,256.457,257.473,249.655,253.437,507900,0.0,0.0
2024-09-20,252.528,253.759,249.606,251.424,1608800,0.0,0.0
2024-09-23,253.105,253.154,249.841,251.639,299200,0.0,0.0
2024-09-24,251.737,255.03,250.007,255.02,314400,0.0,0.0
2024-09-25,254.365,254.795,247.994,248.599,271400,0.0,0.0
2024-09-26,250.29,251.111,246.401,248.414,374700,0.0,0.0
2024-09-27,250.554,251.766,248.257,249.049,306100,0.0,0.0
2024-09-30,249.225,251.854,247.29,250.378,444700,0.0,0.0
2024-10-01,249.929,251.746,247.456,250.036,366800,0.0,0.0
2024-10-02,249.743,251.443,247.368,249.127,345200,0.0,0.0
2024-10-03,250.495,268.331,250.495,267.715,736900,0.0,0.0
2024-10-04,269.015,269.992,264.969,267.432,482400,0.0,0.0
2024-10-07,269.073,269.67,265.614,267.539,266200,0.0,0.0
2024-10-08,269.494,273.198,269.435,269.621,239400,0.0,0.0
2024-10-09,267.979,270.432,266.972,269.152,189900,0.0,0.0
2024-10-10,269.005,270.637,266.972,270.148,367100,0.0,0.0
2024-10-11,271.429,274.4,270.686,271.78,313500,0.0,0.0
2024-10-14,272.719,279.149,272.005,278.035,335800,0.0,0.0
2024-10-15,279.169,283.381,278.827,281.71,332200,0.0,0.0
2024-10-16,281.71,286.43,281.71,285.814,312200,0.0,0.0
2024-10-17,285.941,286.049,283.117,284.172,342500,0.0,0.0
2024-10-18,286.225,286.762,281.524,282.267,390900,0.0,0.0
2024-10-21,282.276,282.276,279.11,280.576,400500,0.0,0.0
2024-10-22,277.976,285.169,276.559,283.635,395100,0.0,0.0
2024-10-23,282.022,283.625,279.853,282.325,207700,0.0,0.0
2024-10-24,282.697,285.443,282.335,283.693,201000,0.0,0.0
2024-10-25,284.407,285.081,278.836,279.941,186300,0.0,0.0
2024-10-28,281.436,284.602,281.416,282.228,298100,0.0,0.0
2024-10-29,281.309,288.179,280.771,285.687,355900,0.0,0.0
2024-10-30,285.286,289.938,285.286,286.938,266100,0.0,0.0
2024-10-31,285.736,286.205,279.999,282.843,286800,0.0,0.0
2024-11-01,281.368,284.456,278.895,280.869,271700,0.0,0.0
2024-11-04,282.013,284.084,279.618,281.065,340400,0.0,0.0
2024-11-05,271.82,274.761,266.62,272.807,662100,0.0,0.0
2024-11-06,277.771,277.771,258.792,268.624,869000,0.0,0.0
2024-11-07,268.428,268.458,264.412,268.174,407900,0.0,0.0
2024-11-08,269.826,270.412,267.432,268.438,386700,0.0,0.0
2024-11-11,267.627,271.526,267.627,268.008,248200,0.0,0.0
2024-11-12,266.151,268.917,264.119,265.457,350900,0.0,0.0
2024-11-13,265.839,267.676,260.669,261.06,319000,0.0,0.0
2024-11-14,262.447,262.897,258.704,258.959,287400,0.0,0.0
2024-11-15,257.405,259.242,254.639,255.704,378400,0.0,0.0
2024-11-18,256.046,261.773,255.567,261.255,274300,0.0,0.0
2024-11-19,259.985,262.027,258.685,261.724,352500,0.0,0.0
2024-11-20,261.107,262.508,257.844,260.127,323400,0.74,0.0
2024-11-21,261.891,261.891,251.944,255.1,508900,0.0,0.0
2024-11-22,255.511,258.637,252.895,255.139,352700,0.0,0.0
2024-11-25,255.991,259.813,254.227,258.52,638200,0.0,0.0
2024-11-26,258.569,259.333,255.668,255.795,248100,0.0,0.0
2024-11-27,258.294,260.882,254.982,256.472,217900,0.0,0.0
2024-11-29,256.707,256.893,252.748,253.512,230200,0.0,0.0
2024-12-02,254.355,259.01,253.659,258.196,412000,0.0,0.0
2024-12-03,255.746,260.421,255.188,257.53,326200,0.0,0.0
2024-12-04,241.86,244.918,237.538,243.418,1006800,0.0,0.0
2024-12-05,243.036,243.036,233.334,239.077,868200,0.0,0.0
2024-12-06,240.096,241.811,232.952,235.128,573600,0.0,0.0
2024-12-09,235.755,240.929,235.647,236.147,491300,0.0,0.0
2024-12-10,235.716,239.165,232.638,235.265,450100,0.0,0.0
2024-12-11,236.931,236.931,229.953,230.159,567500,0.0,0.0
2024-12-12,232.883,235.186,229.953,231.482,575400,0.0,0.0
2024-12-13,230.296,231.374,227.758,229.052,292500,0.0,0.0
2024-12-16,230.639,232.08,227.356,228.258,358400,0.0,0.0
2024-12-17,228.258,231.737,227.101,230.198,461600,0.0,0.0
2024-12-18,229.355,230.6,224.279,227.856,541900,0.0,0.0
2024-12-19,227.562,230.933,223.515,223.936,456300,0.0,0.0
2024-12-20,223.691,226.308,222.545,225.543,1100000,0.0,0.0
2024-12-23,224.397,225.974,222.006,224.867,286500,0.0,0.0
2024-12-24,224.387,226.386,223.397,224.808,131300,0.0,0.0
2024-12-26,222.897,225.818,222.897,225.612,179200,0.0,0.0
2024-12-27,223.956,226.807,223.789,224.446,229200,0.0,0.0
2024-12-30,222.682,222.77,220.085,220.79,250700,0.0,0.0
2024-12-31,222.251,222.652,220.291,221.516,218200,0.0,0.0
2025-01-02,222.799,224.259,219.644,220.79,281000,0.0,0.0
2025-01-03,221.868,223.603,220.79,221.937,308600,0.0,0.0
2025-01-06,223.681,223.681,216.302,217.89,560900,0.0,0.0
2025-01-07,217.272,220.055,214.44,214.832,480200,0.0,0.0
2025-01-08,212.696,215.498,209.021,215.204,595800,0.0,0.0
2025-01-10,212.823,213.352,209.922,211.147,480700,0.0,0.0
2025-01-13,209.893,213.068,206.551,212.549,375300,0.0,0.0
2025-01-14,211.353,214.048,211.118,212.294,418700,0.0,0.0
2025-01-15,215.489,216.763,211.52,213.46,531200,0.0,0.0
2025-01-16,213.705,218.017,213.636,217.262,399200,0.0,0.0
2025-01-17,217.801,219.575,215.616,216.086,348400,0.0,0.0
2025-01-21,217.625,217.625,214.411,217.517,351200,0.0,0.0
2025-01-22,215.302,221.682,215.302,221.369,428500,0.0,0.0
2025-01-23,221.516,221.594,216.616,221.32,316000,0.0,0.0
2025-01-24,221.957,222.3,218.87,219.938,364400,0.0,0.0
2025-01-27,222.594,223.819,219.565,220.888,337900,0.0,0.0
2025-01-28,219.595,220.614,217.576,218.821,340700,0.0,0.0
2025-01-29,216.361,217.213,213.538,214.607,429700,0.0,0.0
2025-01-30,214.097,217.449,211.588,213.411,566500,0.0,0.0
2025-01-31,212.745,217.096,212.323,216.214,817100,0.0,0.0
2025-02-03,215.312,218.497,212.088,213.823,643400,0.0,0.0
2025-02-04,213.195,214.077,211.647,212.96,403700,0.0,0.0
2025-02-05,202.857,202.857,192.528,194.105,1293100,0.0,0.0
2025-02-06,204.826,204.826,192.557,197.281,1024900,0.0,0.0
2025-02-07,195.997,199.025,193.694,197.339,767800,0.0,0.0
2025-02-10,197.104,198.486,192.116,192.273,591600,0.0,0.0
2025-02-11,192.145,193.547,188.069,191.361,557400,0.0,0.0
2025-02-12,190.117,190.117,185.099,189.049,1180300,0.0,0.0
2025-02-13,189.676,190.078,186.746,187.589,431000,0.0,0.0
2025-02-14,188.774,191.557,188.108,189.617,642700,0.0,0.0
2025-02-18,190.107,190.372,188.079,190.205,475700,0.0,0.0
2025-02-19,189.477,192.035,187.401,188.444,683500,0.76,0.0
2025-02-20,188.533,188.897,185.522,186.742,508000,0.0,0.0
2025-02-21,187.057,191.878,183.82,190.825,799400,0.0,0.0
2025-02-24,191.002,195.341,189.172,191.12,797300,0.0,0.0
2025-02-25,190.422,195.665,189.133,193.589,900600,0.0,0.0
2025-02-26,193.599,194.111,187.686,188.71,616100,0.0,0.0
2025-02-27,187.824,191.809,187.824,188.257,826300,0.0,0.0
2025-02-28,187.303,190.225,186.929,189.674,3564000,0.0,0.0
2025-03-03,190.471,192.556,188.838,190.904,650400,0.0,0.0
2025-03-04,190.854,196.462,189.871,194.691,1341900,0.0,0.0
2025-03-05,193.255,194.455,190.638,192.684,1185600,0.0,0.0
2025-03-06,192.684,203.644,192.684,202.818,1423800,0.0,0.0
2025-03-07,202.818,207.521,202.405,205.563,920700,0.0,0.0
2025-03-10,203.664,212.725,203.664,209.134,876300,0.0,0.0
2025-03-11,209.961,211.535,205.533,206.566,860100,0.0,0.0
2025-03-12,206.566,207.422,201.952,203.605,504100,0.0,0.0
2025-03-13,203.605,208.908,203.605,208.583,526300,0.0,0.0
2025-03-14,209.252,211.308,207.137,208.947,518300,0.0,0.0
2025-03-17,209.951,215.175,209.951,213.817,600000,0.0,0.0
2025-03-18,213.601,215.017,211.968,213.847,329800,0.0,0.0
2025-03-19,213.374,215.234,212.774,213.247,392200,0.0,0.0
2025-03-20,212.45,214.85,212.184,214.299,327100,0.0,0.0
2025-03-21,213.807,215.627,213.168,213.365,797000,0.0,0.0
2025-03-24,213.384,213.492,207.452,208.357,502800,0.0,0.0
2025-03-25,208.209,210.6,207.078,209.97,356600,0.0,0.0
2025-03-26,210.325,211.712,209.98,211.407,385700,0.0,0.0
2025-03-27,212.125,217.566,211.525,215.47,473800,0.0,0.0
2025-03-28,215.982,215.982,212.656,213.247,365000,0.0,0.0
2025-03-31,213.945,215.559,212.125,212.853,669900,0.0,0.0
2025-04-01,212.607,213.679,210.777,212.43,541500,0.0,0.0
2025-04-02,211.544,211.781,206.389,207.422,614900,0.0,0.0
2025-04-03,210.885,219.661,208.19,212.656,867300,0.0,0.0
2025-04-04,223.675,226.125,208.849,209.498,1502700,0.0,0.0
2025-04-07,208.042,216.405,203.969,204.559,1154400,0.0,0.0
2025-04-08,208.278,208.573,200.899,202.936,811100,0.0,0.0
2025-04-09,200.437,211.613,190.864,199.906,1822000,0.0,0.0
2025-04-10,200.84,208.927,199.522,206.92,790300,0.0,0.0
2025-04-11,207.599,219.819,206.124,218.225,1218900,0.0,0.0
2025-04-14,216.788,220.114,215.903,218.825,510600,0.0,0.0
2025-04-15,218.677,222.927,217.634,220.36,497000,0.0,0.0
2025-04-16,221.265,223.026,218.726,219.13,460200,0.0,0.0
2025-04-17,218.776,222.967,218.776,221.521,351900,0.0,0.0
2025-04-21,221.265,222.288,216.041,218.579,367600,0.0,0.0
2025-04-22,218.244,220.291,216.651,218.815,466700,0.0,0.0
2025-04-23,216.739,216.946,212.027,214.073,619800,0.0,0.0
2025-04-24,216.434,217.369,213.404,214.663,483200,0.0,0.0
2025-04-25,213.935,216.68,212.44,215.46,402400,0.0,0.0
2025-04-28,215.126,216.041,213.66,215.096,320700,0.0,0.0
2025-04-29,215.48,218.874,214.535,218.107,431700,0.0,0.0
2025-04-30,217.949,219.159,212.164,218.008,669200,0.0,0.0
2025-05-01,216.719,221.422,216.503,220.35,429900,0.0,0.0
2025-05-02,220.537,223.252,219.897,222.032,366400,0.0,0.0
2025-05-05,222.682,224.216,219.887,223.134,556000,0.0,0.0
2025-05-06,224.875,227.542,221.284,225.18,739000,0.0,0.0
2025-05-07,214.476,226.272,214.476,224.452,514800,0.0,0.0
2025-05-08,228.053,229.076,222.327,222.583,394900,0.0,0.0
2025-05-09,223.41,228.516,221.786,227.355,379400,0.0,0.0
2025-05-12,224.521,226.794,213.443,214.565,899800,0.0,0.0
2025-05-13,215.342,216.041,208.219,209.685,1262300,0.0,0.0
2025-05-14,210.256,210.256,206.409,207.412,791200,0.0,0.0
2025-05-15,207.589,211.033,207.186,210.079,378700,0.0,0.0
2025-05-16,211.554,212.676,208.652,212.518,530900,0.0,0.0
2025-05-19,211.358,216.71,211.033,215.873,471300,0.0,0.0
2025-05-20,215.49,219.484,215.49,219.091,512700,0.0,0.0
2025-05-21,217.274,219.9,216.376,216.83,445700,0.76,0.0
2025-05-22,215.991,219.16,212.723,213.641,446800,0.0,0.0
2025-05-23,214.056,216.425,211.864,215.063,317900,0.0,0.0
2025-05-27,215.3,215.764,212.733,215.082,379000,0.0,0.0
2025-05-28,214.431,215.408,211.736,211.884,595900,0.0,0.0
2025-05-29,211.686,212.753,210.206,211.341,559000,0.0,0.0
2025-05-30,211.341,214.046,210.314,213.641,1175800,0.0,0.0
2025-06-02,212.832,216.267,212.091,216.218,468800,0.0,0.0
2025-06-03,215.142,217.333,210.156,212.002,635300,0.0,0.0
2025-06-04,212.249,219.505,210.107,215.991,652900,0.0,0.0
2025-06-05,218.172,224.224,216.455,223.237,755800,0.0,0.0
2025-06-06,223.395,223.642,218.794,219.377,460000,0.0,0.0
2025-06-09,219.712,221.164,217.343,220.394,558900,0.0,0.0
2025-06-10,220.443,222.121,218.646,221.568,312200,0.0,0.0
2025-06-11,221.519,222.921,220.186,222.141,418400,0.0,0.0
2025-06-12,222.793,224.747,221.282,223.987,377700,0.0,0.0
2025-06-13,224.046,225.241,221.835,222.368,296700,0.0,0.0
2025-06-16,222.556,223.74,220.522,222.003,286900,0.0,0.0
2025-06-17,222.131,222.704,219.347,220.64,307900,0.0,0.0
2025-06-18,220.64,221.894,217.047,217.985,409200,0.0,0.0
2025-06-20,216.948,219.239,214.411,216.968,773300,0.0,0.0
2025-06-23,219.16,221.055,217.136,217.985,355600,0.0,0.0
2025-06-24,219.021,220.018,216.168,219.88,354900,0.0,0.0
2025-06-25,219.14,220.631,217.412,220.305,317700,0.0,0.0
2025-06-26,220.305,221.174,215.971,217.728,394500,0.0,0.0
2025-06-27,217.156,218.064,215.941,216.741,425500,0.0,0.0
2025-06-30,217.096,220.591,214.401,220.482,355100,0.0,0.0
2025-07-01,220.295,222.19,218.123,220.255,454600,0.0,0.0
2025-07-02,219.1,219.624,215.793,216.366,435700,0.0,0.0
2025-07-03,215.122,215.27,211.677,213.957,302200,0.0,0.0
2025-07-07,214.322,219.564,212.417,219.11,411900,0.0,0.0
2025-07-08,217.195,218.794,214.006,214.046,475000,0.0,0.0
2025-07-09,215.201,216.563,212.842,216.474,371000,0.0,0.0
2025-07-10,215.221,217.6,214.855,216.168,291900,0.0,0.0
2025-07-11,216.198,216.198,212.121,213.286,284000,0.0,0.0
2025-07-14,213.266,216.376,212.654,214.47,289400,0.0,0.0
2025-07-15,213.651,214.737,211.677,211.805,304800,0.0,0.0
2025-07-16,211.775,213.404,209.811,212.772,263800,0.0,0.0
2025-07-17,212.96,213.424,207.639,207.738,510100,0.0,0.0
2025-07-18,207.738,208.972,205.358,206.168,368600,0.0,0.0
2025-07-21,206.168,207.056,204.105,205.102,391600,0.0,0.0
2025-07-22,205.842,208.488,205.783,207.975,299600,0.0,0.0
2025-07-23,207.155,209.603,206.425,209.357,330300,0.0,0.0
2025-07-24,209.209,212.229,208.962,211.005,267600,0.0,0.0
2025-07-25,210.936,211.677,207.935,208.745,214800,0.0,0.0
2025-07-28,207.609,208.458,204.687,205.013,345500,0.0,0.0
2025-07-29,205.457,206.652,203.621,204.519,342200,0.0,0.0
2025-07-30,204.944,208.241,203.404,207.402,471200,0.0,0.0
2025-07-31,205.615,206.425,202.693,202.871,454700,0.0,0.0
2025-08-01,204.47,207.264,203.118,205.092,416300,0.0,0.0
2025-08-04,205.872,207.214,204.855,206.75,334900,0.0,0.0
2025-08-05,206.484,207.362,204.786,205.151,428400,0.0,0.0
2025-08-06,198.33,198.33,183.758,184.41,1903100,0.0,0.0
2025-08-07,183.995,188.013,180.659,182.07,1348700,0.0,0.0
2025-08-08,182.07,185.141,180.659,184.617,707700,0.0,0.0
2025-08-11,185.506,188.112,183.038,186.848,937200,0.0,0.0
2025-08-12,186.848,188.428,183.936,185.812,632400,0.0,0.0
2025-08-13,185.624,189.83,185.101,186.582,655300,0.0,0.0
2025-08-14,187.066,188.349,184.657,185.229,528800,0.0,0.0
2025-08-15,185.891,189.07,185.387,187.609,687000,0.0,0.0
2025-08-18,189.04,189.04,184.094,184.222,470800,0.0,0.0
2025-08-19,185.15,186.138,183.926,184.459,346600,0.0,0.0
2025-08-20,185.351,187.473,184.816,187.463,605200,0.76,0.0
2025-08-21,186.462,188.841,183.22,185.213,754300,0.0,0.0
2025-08-22,186.313,187.671,185.233,187.076,589600,0.0,0.0
2025-08-25,189.098,191.269,188.087,188.484,818500,0.0,0.0
2025-08-26,187.681,189.941,187.364,188.117,551900,0.0,0.0
2025-08-27,188.097,189.326,185.738,185.867,452300,0.0,0.0
2025-08-28,185.798,186.353,180.554,180.95,648100,0.0,0.0
2025-08-29,182.606,182.725,180.752,182.229,592400,0.0,0.0
2025-09-02,183.052,183.369,177.531,178.621,611300,0.0,0.0
2025-09-03,178.125,180.098,177.689,179.999,1103300,0.0,0.0
2025-09-04,180.405,181.139,176.638,178.552,716200,0.0,0.0
2025-09-05,183.379,187.879,182.061,185.857,758300,0.0,0.0
2025-09-08,186.363,186.541,182.655,185.53,867900,0.0,0.0
2025-09-09,185.807,186.878,184.618,186.521,680700,0.0,0.0
2025-09-10,184.975,186.204,181.585,183.012,820900,0.0,0.0
2025-09-11,184.142,188.801,183.438,186.809,777200,0.0,0.0
2025-09-12,186.67,187.73,183.002,183.23,648600,0.0,0.0
2025-09-15,184.558,184.558,179.364,180.088,737100,0.0,0.0
2025-09-16,179.691,183.547,178.294,181.337,530400,0.0,0.0
2025-09-17,181.525,183.587,180.921,181.922,593400,0.0,0.0
2025-09-18,181.555,181.952,178.026,178.135,674700,0.0,0.0
2025-09-19,178.72,178.72,176.282,176.757,9702700,0.0,0.0
2025-09-22,178.413,179.731,175.023,176.857,891400,0.0,0.0
2025-09-23,177.134,179.791,176.351,177.541,576500,0.0,0.0
2025-09-24,177.273,178.522,175.449,177.471,664600,0.0,0.0
2025-09-25,177.392,178.948,176.093,176.609,574900,0.0,0.0
2025-09-26,177.878,179.652,176.044,178.561,574200,0.0,0.0
2025-09-29,180.484,180.484,175.429,176.073,710000,0.0,0.0
2025-09-30,174.983,175.945,172.515,172.723,680900,0.0,0.0
2025-10-01,174.002,174.24,168.104,169.343,859600,0.0,0.0
2025-10-02,168.867,170.136,167.261,168.104,2428400,0.0,0.0
2025-10-03,168.104,170.473,167.519,169.006,794800,0.0,0.0
2025-10-06,164.991,166.538,160.194,166.409,1640900,0.0,0.0
2025-10-07,166.429,169.026,165.884,166.667,1201000,0.0,0.0
2025-10-08,166.211,170.661,164.258,170.622,736500,0.0,0.0
2025-10-09,170.384,171.89,169.016,170.721,462700,0.0,0.0
2025-10-10,170.443,176.073,170.047,175.845,852200,0.0,0.0
2025-10-13,174.715,177.491,170.889,171.385,947600,0.0,0.0
2025-10-14,170.592,172.168,168.639,169.581,525200,0.0,0.0
2025-10-15,168.52,171.157,167.628,170.047,440300,0.0,0.0
2025-10-16,170.076,170.632,168.51,169.571,546100,0.0,0.0
2025-10-17,169.918,171.246,168.649,169.759,470100,0.0,0.0
2025-10-20,171.415,172.128,167.351,169.442,843100,0.0,0.0
2025-10-21,168.917,171.643,168.728,171.415,394200,0.0,0.0
2025-10-22,170.463,173.417,169.65,170.344,514800,0.0,0.0
2025-10-23,170.146,170.751,167.569,170.027,312300,0.0,0.0
2025-10-24,169.769,171.207,168.996,169.056,295500,0.0,0.0
2025-10-27,171.226,171.226,165.031,166.082,641300,0.0,0.0
2025-10-28,165.507,165.775,161.661,161.948,536200,0.0,0.0
2025-10-29,160.392,161.373,157.032,157.458,704700,0.0,0.0
2025-10-30,156.893,159.946,156.893,158.578,819100,0.0,0.0
2025-10-31,158.479,160.63,157.27,158.657,528700,0.0,0.0
2025-11-03,156.992,158.063,154.802,157.765,680900,0.0,0.0
2025-11-04,158.796,160.065,157.537,159.887,485000,0.0,0.0
2025-11-05,158.935,162.414,158.935,159.589,714200,0.0,0.0
2025-11-06,161.572,165.864,160.471,164.298,1145200,0.0,0.0
2025-11-07,166.924,171.484,164.654,165.804,1110500,0.0,0.0
2025-11-10,168.887,169.313,163.554,167.707,656700,0.0,0.0
2025-11-11,168.213,172.991,167.826,169.898,675100,0.0,0.0
2025-11-12,169.938,170.295,167.916,168.243,685200,0.0,0.0
2025-11-13,168.263,173.08,167.539,172.475,606300,0.0,0.0
2025-11-14,173.724,174.686,171.662,173.437,574300,0.0,0.0
2025-11-17,172.426,173.813,171.861,171.95,468300,0.0,0.0
2025-11-18,171.861,174.25,171.316,171.454,513700,0.0,0.0
2025-11-19,169.632,171.255,166.426,166.456,599800,0.76,0.0
2025-11-20,164.694,165.61,160.562,160.98,989200,0.0,0.0
2025-11-21,162.942,163.957,160.612,161.01,608500,0.0,0.0
2025-11-24,160.771,161.727,159.139,161.09,522100,0.0,0.0
2025-11-25,161.209,163.778,160.313,163.161,629100,0.0,0.0
2025-11-26,163.758,165.132,162.952,163.479,626500,0.0,0.0
2025-11-28,164.097,164.366,162.335,163.171,260800,0.0,0.0
2025-12-01,161.448,163.599,158.262,159.288,706200,0.0,0.0
2025-12-02,159.358,160.393,157.356,160.055,447500,0.0,0.0
2025-12-03,160.572,162.852,158.73,159.009,542800,0.0,0.0
2025-12-04,163.181,168.746,163.181,166.516,821600,0.0,0.0
2025-12-05,166.616,167.771,165.242,166.506,528800,0.0,0.0
2025-12-08,166.178,166.785,162.613,164.336,581200,0.0,0.0
2025-12-09,173.326,174.561,169.583,172.4,859300,0.0,0.0
2025-12-10,170.757,175.228,170.757,174.441,797700,0.0,0.0
2025-12-11,173.744,178.115,173.744,177.07,853500,0.0,0.0
2025-12-12,177.07,179.001,176.442,178.205,957500,0.0,0.0
2025-12-15,177.657,179.091,176.821,178.414,691200,0.0,0.0
2025-12-16,178.712,181.271,178.563,178.682,809500,0.0,0.0
2025-12-17,178.473,182.595,178.414,181.082,588000,0.0,0.0
2025-12-18,181.092,183.193,179.887,180.256,648100,0.0,0.0
2025-12-19,179.091,180.494,177.209,177.995,2903000,0.0,0.0
2025-12-22,179.688,180.793,178.941,180.385,690100,0.0,0.0
2025-12-23,180.295,182.735,179.409,182.436,514000,0.0,0.0
2025-12-24,181.42,182.725,181.052,181.739,200400,0.0,0.0
2025-12-26,180.933,182.107,180.425,182.058,309700,0.0,0.0
2025-12-29,181.61,183.471,181.61,183.043,347600,0.0,0.0
2025-12-30,182.018,183.581,181.59,181.709,285300,0.0,0.0
