Date,Open,High,Low,Close,Volume,Dividends,Stock Splits
2019-01-02,235.521,235.995,228.658,,2180300,0.0,0.0
2019-01-03,233.789,234.127,226.115,226.33680059621037,2156500,0.0,0.0
2019-01-04,227.865,231.174,227.09,227.6902706908215,1787300,0.0,0.0
2019-01-07,227.783,230.7,227.173,228.09077084363685,1485300,0.0,0.0
2019-01-08,230.463,233.644,219.817,227.27862606311268,3164700,0.0,0.0
2019-01-09,228.722,232.413,228.576,228.99448574000223,1458000,0.0,0.0
2019-01-10,229.214,231.538,228.284,229.8306189663703,1705500,0.0,0.0
2019-01-11,229.478,234.181,229.014,233.7778924762202,1432400,0.0,0.0
2019-01-14,233.316,234.783,231.875,232.38954850813258,1569600,0.0,0.0
2019-01-15,232.413,238.119,231.219,237.1046540568647,1457300,0.0,0.0
2019-01-16,237.335,239.705,236.679,238.5302480355243,1283000,0.0,0.0
2019-01-17,238.62,240.406,237.772,238.50326797128716,1199600,0.0,0.0
2019-01-18,240.862,243.214,239.158,242.32442936447964,1581200,0.0,0.0
2019-01-22,242.093,244.07,239.14,240.90960867061358,1344200,0.0,0.0
2019-01-23,242.01,244.654,240.817,244.10233828704025,1307700,0.0,0.0
2019-01-24,244.727,245.474,241.026,241.81499280862332,1746900,0.0,0.0
2019-01-25,244.499,248.801,243.924,248.17666817038383,2004900,0.0,0.0
2019-01-28,246.914,247.488,244.754,245.7351272586997,1316600,0.0,0.0
2019-01-29,245.957,249.211,243.897,248.17934373954904,1442000,0.0,0.0
2019-01-30,266.081,278.887,264.769,269.8224419227666,4478000,0.0,0.0
2019-01-31,271.34,277.419,270.802,274.71065618461654,3410500,0.0,0.0
2019-02-01,274.576,277.747,273.272,274.97413805975896,2444200,0.0,0.0
2019-02-04,276.672,277.365,273.728,275.8064756625194,1181100,0.0,0.0
2019-02-05,277.984,280.017,275.624,275.2079861253913,1399900,0.0,0.0
2019-02-06,276.043,284.0,275.551,282.19899962453087,1755300,0.0,0.0
2019-02-07,282.542,282.952,278.55,279.1827565006252,1075900,0.0,0.0
2019-02-08,279.424,280.208,274.357,275.7178472317204,1735500,0.0,0.0
2019-02-11,277.647,278.422,273.072,273.8261974616247,1037600,0.0,0.0
2019-02-12,276.763,279.898,274.804,277.6687978111659,1042300,0.0,0.0
2019-02-13,279.689,282.086,277.483,276.9969206032889,1149500,0.0,0.0
2019-02-14,278.595,281.876,277.082,279.2267861749857,809700,0.0,0.0
2019-02-15,283.334,284.218,281.429,282.29860593174715,1153600,0.0,0.0
2019-02-19,283.453,284.893,282.833,282.3174927378719,1021200,0.0,0.0
2019-02-20,283.553,285.896,282.587,283.5375656662843,1092500,0.0,0.0
2019-02-21,285.467,285.467,281.502,282.03853413465436,1024800,0.0,0.0
2019-02-22,283.726,289.113,282.131,286.9694171119108,1247400,0.0,0.0
2019-02-25,289.505,289.824,286.324,284.79649191436545,1665500,0.0,0.0
2019-02-26,285.476,289.432,285.476,287.5185818551992,1496400,0.0,0.0
2019-02-27,287.235,287.983,277.283,277.0501349475312,2618900,0.0,0.0
2019-02-28,278.303,282.168,271.331,272.1737928353128,2766600,0.0,0.0
2019-03-01,276.954,281.457,276.244,278.3918689592611,2124600,0.0,0.0
2019-03-04,280.372,281.621,265.425,264.3925154290804,2751700,0.0,0.0
2019-03-05,268.287,273.974,264.322,269.8472975228546,2481400,0.0,0.0
2019-03-06,272.798,272.798,267.266,265.9987670104047,1558000,0.0,0.0
2019-03-07,273.646,274.612,261.415,263.23805575555247,2409800,0.0,0.0
2019-03-08,265.224,270.319,264.377,266.48847247521354,1822900,0.0,0.0
2019-03-11,269.062,270.693,266.664,267.326535458106,1404300,0.0,0.0
2019-03-12,270.693,272.06,269.062,268.23769299225506,1018500,0.0,0.0
2019-03-13,272.306,277.848,271.276,274.16040750954886,1144700,0.0,0.0
2019-03-14,276.763,279.315,276.499,275.8168933136499,967800,0.0,0.0
2019-03-15,278.394,280.24,275.891,274.31879721958467,1632000,0.8,0.0
2019-03-18,277.801,282.26,277.472,279.01307519676305,1091400,0.0,0.0
2019-03-19,281.757,285.486,279.957,278.79605351000106,1276100,0.0,0.0
2019-03-20,281.246,282.653,274.904,274.25107331258823,1222300,0.0,0.0
2019-03-21,275.205,279.025,275.205,275.91984293588115,943600,0.0,0.0
2019-03-22,278.239,279.628,275.123,272.87135903764073,1096100,0.0,0.0
2019-03-25,275.58,275.58,268.224,269.44705544436005,983900,0.0,0.0
2019-03-26,273.432,273.688,260.639,260.75726962671706,2394300,0.0,0.0
2019-03-27,263.901,266.414,255.156,255.9182289588563,2518600,0.0,0.0
2019-03-28,260.438,260.438,255.503,255.32973556135767,1693600,0.0,0.0
2019-03-29,260.2,262.86,257.422,259.4827271360201,1582100,0.0,0.0
2019-04-01,264.824,265.482,260.045,260.700856181202,1347400,0.0,0.0
2019-04-02,264.486,264.724,260.795,260.58308522320067,1163200,0.0,0.0
2019-04-03,264.76,265.921,261.114,260.0948300706158,1015300,0.0,0.0
2019-04-04,263.481,266.908,262.567,263.27615412795757,760600,0.0,0.0
2019-04-05,266.122,268.26,264.285,265.17678853441424,1072900,0.0,0.0
2019-04-08,267.876,268.342,264.02,261.70930846889587,997800,0.0,0.0
2019-04-09,263.408,266.186,262.01,262.25086343452153,1095300,0.0,0.0
2019-04-10,265.391,266.095,261.681,260.38243589820684,1008200,0.0,0.0
2019-04-11,264.733,265.866,251.62,249.53831178075424,2381000,0.0,0.0
2019-04-12,253.027,253.027,227.678,227.41549580053606,7352000,0.0,0.0
2019-04-15,232.658,241.842,232.567,236.26167027556244,4080000,0.0,0.0
2019-04-16,243.468,244.437,220.404,219.74511009051773,6399600,0.0,0.0
2019-04-17,222.423,222.816,207.583,211.63662053792,7072900,0.0,0.0
2019-04-18,217.507,220.632,210.644,214.63461846640288,3977900,0.0,0.0
2019-04-22,219.992,224.105,218.466,218.5219842782768,3303000,0.0,0.0
2019-04-23,224.114,230.428,223.045,224.38942554941815,3763500,0.0,0.0
2019-04-24,226.901,232.101,226.398,224.71151545503173,3264200,0.0,0.0
2019-04-25,227.541,235.335,226.855,229.06497850226935,3185800,0.0,0.0
2019-04-26,235.765,243.779,235.244,238.26728564361846,4127700,0.0,0.0
2019-04-29,243.715,245.059,239.914,238.1693907793895,2248300,0.0,0.0
2019-04-30,243.377,245.058,237.593,235.23471709872624,2341400,0.0,0.0
2019-05-01,239.658,242.079,234.513,233.16060082624026,1854900,0.0,0.0
2019-05-02,238.296,239.429,233.416,233.93731993017647,1604600,0.0,0.0
2019-05-03,239.429,240.645,234.979,234.0351623547008,1231700,0.0,0.0
2019-05-06,235.08,246.502,234.029,240.21318525701105,1686200,0.0,0.0
2019-05-07,244.327,246.183,239.685,236.7823826830568,1473400,0.0,0.0
2019-05-08,241.897,243.889,237.83,236.56806144368477,1228100,0.0,0.0
2019-05-09,239.055,244.803,237.912,237.815873141039,1471200,0.0,0.0
2019-05-10,245.607,246.566,239.137,239.82728278926066,1467900,0.0,0.0
2019-05-13,241.696,243.094,236.295,233.38656357930392,2501200,0.0,0.0
2019-05-14,240.106,241.933,238.689,233.50289101860054,1281800,0.0,0.0
2019-05-15,236.925,240.288,235.308,231.09593243934165,2055800,0.0,0.0
2019-05-16,236.971,246.219,236.807,235.66919081339947,1524900,0.0,0.0
2019-05-17,238.826,244.757,238.506,236.78388301774163,879500,0.0,0.0
2019-05-20,242.153,243.88,239.95,237.88884559403618,1207700,0.0,0.0
2019-05-21,245.817,254.306,244.912,247.3023161595288,2404300,0.0,0.0
2019-05-22,250.98,256.097,250.742,247.37361059182615,1537900,0.0,0.0
2019-05-23,251.373,254.05,249.847,247.89076135454286,1683100,0.0,0.0
2019-05-24,253.301,255.805,251.318,247.471370447528,1386100,0.0,0.0
2019-05-28,254.151,255.047,248.732,242.9767135716053,1621900,0.0,0.0
2019-05-29,247.133,253.054,246.219,245.91314403372255,1672200,0.0,0.0
2019-05-30,252.716,255.193,251.364,247.91275728093484,1113800,0.0,0.0
2019-05-31,252.625,255.659,250.139,248.05528637548096,2056600,0.0,0.0
2019-06-03,253.52,257.322,250.203,246.6775215955015,2270100,0.0,0.0
2019-06-04,253.201,256.92,252.698,249.66596519950897,1722500,0.0,0.0
2019-06-05,258.446,258.446,250.486,247.0738274769321,1487600,0.0,0.0
2019-06-06,255.869,257.395,253.255,247.59076136791884,1612400,0.0,0.0
2019-06-07,254.354,256.471,253.227,248.86747960957092,1377500,0.8,0.0
2019-06-10,256.609,258.891,254.712,252.42995652632905,1232700,0.0,0.0
2019-06-11,258.57,261.979,258.323,253.5997228396715,1485600,0.0,0.0
2019-06-12,259.257,259.761,255.399,251.48812783169853,1268600,0.0,0.0
2019-06-13,257.708,261.466,257.305,255.04168657679895,1073900,0.0,0.0
2019-06-14,262.107,262.978,258.909,255.23780982684374,1426500,0.0,0.0
2019-06-17,261.603,263.986,261.365,257.136104810295,1085000,0.0,0.0
2019-06-18,264.279,265.947,262.566,257.92260189796133,1829500,0.0,0.0
2019-06-19,264.041,267.744,262.584,260.3619696569179,1115100,0.0,0.0
2019-06-20,268.028,269.778,265.205,260.50443218326757,1525800,0.0,0.0
2019-06-21,267.945,270.2,265.251,262.75808686050425,1965600,0.0,0.0
2019-06-24,269.247,270.227,262.667,259.8531239708843,1523800,0.0,0.0
2019-06-25,265.755,267.011,260.339,255.02347908696603,1750100,0.0,0.0
2019-06-26,261.356,261.924,253.96,249.29028859338555,1474600,0.0,0.0
2019-06-27,256.141,260.504,255.518,252.4705975523734,1116600,0.0,0.0
2019-06-28,258.68,258.799,252.521,252.28226711747263,2629200,0.0,0.0
2019-07-01,260.183,260.879,255.591,252.73738740370436,1300600,0.0,0.0
2019-07-02,259.551,259.551,253.997,250.889997444239,1380900,0.0,0.0
2019-07-03,256.233,260.714,256.233,252.7771352415463,720100,0.0,0.0
2019-07-05,259.111,264.225,258.698,253.91965250663728,979200,0.0,0.0
2019-07-08,259.798,261.787,257.892,254.52658585696153,944800,0.0,0.0
2019-07-09,259.156,261.722,258.359,254.00715761285815,841600,0.0,0.0
2019-07-10,260.98,264.903,259.367,257.34624326848086,1227700,0.0,0.0
2019-07-11,271.831,278.677,269.906,271.23041454646284,2581000,0.0,0.0
2019-07-12,278.76,286.375,277.33,277.057625042404,2029200,0.0,0.0
2019-07-15,283.827,284.817,280.345,273.8000333620506,1780100,0.0,0.0
2019-07-16,281.821,282.05,277.77,272.51181742388854,994400,0.0,0.0
2019-07-17,279.062,281.252,276.34,271.86847065412906,1249300,0.0,0.0
2019-07-18,278.75,279.557,272.198,271.7613518596595,1324600,0.0,0.0
2019-07-19,280.07,280.776,276.313,269.56674801293593,938700,0.0,0.0
2019-07-22,276.533,278.384,275.13,269.2628187174638,858000,0.0,0.0
2019-07-23,275.744,278.118,271.868,269.9852208013382,1220100,0.0,0.0
2019-07-24,268.963,268.963,256.664,257.49392415418134,3389200,0.0,0.0
2019-07-25,265.104,271.382,263.94,261.9471909449405,1985000,0.0,0.0
2019-07-26,269.852,274.947,268.174,267.2670414188214,1123300,0.0,0.0
2019-07-29,274.663,276.835,272.124,265.78329847486566,1119700,0.0,0.0
2019-07-30,273.362,274.929,270.383,266.9570020977575,795700,0.0,0.0
2019-07-31,275.68,277.128,269.852,262.4374001290407,1516700,0.0,0.0
2019-08-01,269.824,271.519,266.149,260.9548119041404,1149800,0.0,0.0
2019-08-02,268.138,269.778,264.234,258.82626165824934,909500,0.0,0.0
2019-08-05,263.528,266.158,256.187,252.55969041782484,1347100,0.0,0.0
2019-08-06,260.394,266.965,260.284,259.0820290495812,1290600,0.0,0.0
2019-08-07,263.335,264.307,256.994,255.00940586946587,1265500,0.0,0.0
2019-08-08,263.125,265.443,261.878,256.91556774575633,964000,0.0,0.0
2019-08-09,264.05,265.718,261.374,255.73772815337335,1083800,0.0,0.0
2019-08-12,261.649,262.676,257.113,250.9499314872441,1045100,0.0,0.0
2019-08-13,257.626,264.839,257.626,255.27232979942048,1186600,0.0,0.0
2019-08-14,259.716,260.522,249.763,242.50192077806673,1489900,0.0,0.0
2019-08-15,250.478,252.567,248.324,243.57484355823493,1188800,0.0,0.0
2019-08-16,253.74,255.014,252.072,244.84172263040256,776400,0.0,0.0
2019-08-19,254.776,255.518,250.267,242.94173081603742,1385900,0.0,0.0
2019-08-20,249.085,250.01,244.081,236.78722475663628,1446400,0.0,0.0
2019-08-21,245.804,246.885,244.236,237.94747007299694,981100,0.0,0.0
2019-08-22,245.849,246.546,239.031,231.81132580737312,1524300,0.0,0.0
2019-08-23,239.517,242.165,237.629,231.20691114259515,1375100,0.0,0.0
2019-08-26,240.442,242.083,238.133,231.32218162385573,1237000,0.0,0.0
2019-08-27,239.306,239.938,230.04,222.99561145701966,2045400,0.0,0.0
2019-08-28,229.894,235.411,229.289,225.21251669836252,1360000,0.0,0.0
2019-08-29,234.916,238.6,233.395,230.45677457160008,1504200,0.0,0.0
2019-08-30,239.187,241.249,238.747,231.98685572998588,1159200,0.0,0.0
2019-09-03,238.105,238.738,234.898,228.93237232059525,1038300,0.0,0.0
2019-09-04,238.765,240.076,232.772,225.47440530392325,1292900,0.0,0.0
2019-09-05,233.147,234.036,228.4,222.7884913723285,2881700,0.0,0.0
2019-09-06,231.754,234.586,227.914,221.1510046142531,2241100,0.0,0.0
2019-09-09,230.597,231.903,227.655,222.80815188659946,1303800,0.8,0.0
2019-09-10,230.845,233.723,228.197,224.7043209217519,2220100,0.0,0.0
2019-09-11,232.61,233.99,228.372,222.21748314097434,1382600,0.0,0.0
2019-09-12,231.204,232.868,228.032,220.74489056772427,1827100,0.0,0.0
2019-09-13,230.358,235.902,228.942,225.07806636484048,2052400,0.0,0.0
2019-09-16,232.151,239.304,232.114,229.91736541837548,1748400,0.0,0.0
2019-09-17,237.658,238.366,235.203,228.7675241221177,1204100,0.0,0.0
2019-09-18,235.277,238.78,231.13,223.82397119917314,1979700,0.0,0.0
2019-09-19,232.224,236.5,230.772,227.0540043027595,1818200,0.0,0.0
2019-09-20,234.983,235.497,231.277,224.04789863880197,2174800,0.0,0.0
2019-09-23,230.634,232.086,229.264,223.43322372203733,1250400,0.0,0.0
2019-09-24,232.261,232.583,226.331,220.56223849730785,1889800,0.0,0.0
2019-09-25,227.728,230.284,224.308,216.8071834550607,1526200,0.0,0.0
2019-09-26,224.143,225.044,216.475,212.13668898909418,2310100,0.0,0.0
2019-09-27,220.906,222.01,217.992,211.1478855651119,1148700,0.0,0.0
2019-09-30,218.102,222.837,217.008,213.27820528310414,1424200,0.0,0.0
2019-10-01,221.899,221.982,216.172,211.79873674021547,1693700,0.0,0.0
2019-10-02,218.507,222.433,217.321,211.31802534854106,1202600,0.0,0.0
2019-10-03,218.157,220.189,216.889,211.61152399406117,1357300,0.0,0.0
2019-10-04,219.481,222.313,219.435,214.7502608537445,913600,0.0,0.0
2019-10-07,222.267,222.966,221.044,214.07394856269434,1234600,0.0,0.0
2019-10-08,219.803,220.603,215.978,209.12330696580193,1572800,0.0,0.0
2019-10-09,218.452,219.435,217.082,211.533406923824,944300,0.0,0.0
2019-10-10,218.268,220.327,216.686,210.62564482210345,1145900,0.0,0.0
2019-10-11,220.483,225.182,217.872,210.91032823503684,1565700,0.0,0.0
2019-10-14,218.461,219.72,215.776,208.47243562555343,1233500,0.0,0.0
2019-10-15,221.329,231.452,221.127,220.64562067982342,2834000,0.0,0.0
2019-10-16,227.214,228.492,224.648,217.14360589078356,1679900,0.0,0.0
2019-10-17,226.156,229.926,225.467,220.86025792236674,1372200,0.0,0.0
2019-10-18,228.841,230.183,226.358,220.99321805233885,1534600,0.0,0.0
2019-10-21,230.707,233.806,229.383,224.2212834730654,2391400,0.0,0.0
2019-10-22,232.758,243.607,232.758,230.4938889667636,2851800,0.0,0.0
2019-10-23,232.316,250.962,231.36,233.36295983791672,2742300,0.0,0.0
2019-10-24,243.45,244.195,236.61,229.77545235735369,1582100,0.0,0.0
2019-10-25,238.044,242.191,237.3,232.9243291399267,1369200,0.0,0.0
2019-10-28,243.276,249.243,241.814,236.96174007509094,1598900,0.0,0.0
2019-10-29,245.188,253.472,244.857,241.32172325846363,1537900,0.0,0.0
2019-10-30,249.886,252.093,248.7,242.04652047058946,962800,0.0,0.0
2019-10-31,250.502,253.049,245.142,238.13830357112155,1877400,0.0,0.0
2019-11-01,247.615,253.49,247.036,239.61130396988335,1432700,0.0,0.0
2019-11-04,250.447,251.477,245.05,240.46837726893474,1175200,0.0,0.0
2019-11-05,251.789,253.582,249.785,241.5986485679545,1404500,0.0,0.0
2019-11-06,250.548,255.182,250.539,245.39195467615167,1603900,0.0,0.0
2019-11-07,255.338,258.382,255.338,247.54983330416715,1614000,0.0,0.0
2019-11-08,257.444,260.597,256.524,249.5941548708277,1229700,0.0,0.0
2019-11-11,257.232,258.556,255.348,246.9792424508886,993000,0.0,0.0
2019-11-12,256.083,262.013,256.083,250.94655909564074,1302600,0.0,0.0
2019-11-13,259.089,264.477,258.198,251.0081313939476,1305700,0.0,0.0
2019-11-14,260.193,261.554,259.2,249.47357571457718,1186900,0.0,0.0
2019-11-15,259.08,274.554,256.184,263.080743389862,2661800,0.0,0.0
2019-11-18,273.616,282.608,270.04,259.68463367454336,2349500,0.0,0.0
2019-11-19,270.748,271.364,266.739,258.55141355024745,2286900,0.0,0.0
2019-11-20,269.883,270.021,264.836,258.53412042656413,1208800,0.0,0.0
2019-11-21,269.258,272.118,265.967,259.44230344083326,1368500,0.0,0.0
2019-11-22,270.315,273.055,266.684,257.7585241184581,1149400,0.0,0.0
2019-11-25,267.548,270.573,266.822,259.57164260575377,1452000,0.0,0.0
2019-11-26,268.752,270.196,263.733,253.6307772470218,2464600,0.0,0.0
2019-11-27,265.369,268.1,263.797,255.5748234720371,1189000,0.0,0.0
2019-11-29,265.875,267.318,264.33,254.87664678167485,512500,0.0,0.0
2019-12-02,266.279,268.679,263.87,253.7881587217744,1262000,0.0,0.0
2019-12-03,262.041,263.843,259.595,252.69099019608305,1093100,0.0,0.0
2019-12-04,265.541,266.555,263.439,254.44614802728202,896000,0.8,0.0
2019-12-05,264.352,265.864,262.056,253.4888319014302,970000,0.0,0.0
2019-12-06,260.083,263.328,258.94,252.57488962212375,1618500,0.0,0.0
2019-12-09,263.163,263.163,260.221,249.95798998300003,1209200,0.0,0.0
2019-12-10,260.535,262.176,258.497,251.30065370431038,863400,0.0,0.0
2019-12-11,261.014,262.259,257.834,248.40620836644803,1149700,0.0,0.0
2019-12-12,259.843,262.803,258.525,251.7651364439437,1110600,0.0,0.0
2019-12-13,262.821,266.104,261.429,251.50001229305093,897100,0.0,0.0
2019-12-16,263.412,274.153,262.785,258.19037571879176,2021000,0.0,0.0
2019-12-17,268.298,270.419,266.463,257.2683263459271,1107500,0.0,0.0
2019-12-18,268.243,271.755,267.477,259.4187485662265,1105100,0.0,0.0
2019-12-19,271.525,276.393,270.972,263.8406444683187,1941200,0.0,0.0
2019-12-20,278.182,279.657,274.457,268.0359703170513,2823500,0.0,0.0
2019-12-23,279.454,280.846,277.002,268.1951929633002,1308200,0.0,0.0
2019-12-24,280.118,280.994,278.882,269.3603180475867,333100,0.0,0.0
2019-12-26,281.04,281.427,280.293,269.59048727573906,484600,0.0,0.0
2019-12-27,281.261,282.681,280.865,271.0544605113866,604900,0.0,0.0
2019-12-30,282.626,282.653,280.708,270.07117832805386,831700,0.0,0.0
2019-12-31,281.483,281.713,276.753,267.15417288904064,916000,0.0,0.0
2020-01-02,279.058,279.196,274.014,266.12566847231176,1200500,0.0,0.0
2020-01-03,270.769,276.163,270.769,262.5725540587034,986800,0.0,0.0
2020-01-06,272.678,277.112,271.774,265.7116572245757,1308700,0.0,0.0
2020-01-07,275.858,276.854,271.626,264.9056590238022,1313200,0.0,0.0
2020-01-08,277.416,284.673,275.222,271.8356027337742,2067800,0.0,0.0
2020-01-09,283.815,284.894,281.934,270.8884962937116,1439900,0.0,0.0
2020-01-10,283.916,284.986,282.524,272.0615359534591,1049900,0.0,0.0
2020-01-13,282.939,283.05,273.221,262.15863335767347,1756500,0.0,0.0
2020-01-14,272.945,274.798,271.82,262.2822142391477,1067700,0.0,0.0
2020-01-15,274.07,281.021,274.033,266.3761786314864,1401000,0.0,0.0
2020-01-16,279.288,281.427,278.523,269.4501668982934,704200,0.0,0.0
2020-01-17,281.27,281.805,276.67,269.74986612889205,1312600,0.0,0.0
2020-01-21,280.229,284.184,279.519,270.28009751368336,992400,0.0,0.0
2020-01-22,282.755,282.755,278.569,268.0801405931739,998000,0.0,0.0
2020-01-23,279.786,281.538,277.785,268.86551023854076,1089300,0.0,0.0
2020-01-24,281.058,281.741,272.373,262.50151520809135,1088700,0.0,0.0
2020-01-27,270.723,270.889,257.188,250.31055374352354,2399600,0.0,0.0
2020-01-28,262.766,270.714,261.964,256.00533951986694,1985900,0.0,0.0
2020-01-29,257.695,260.304,250.928,240.17330991319707,4450400,0.0,0.0
2020-01-30,248.254,249.342,241.275,233.91487186972066,2738500,0.0,0.0
2020-01-31,244.953,247.609,243.414,233.37800592794923,2206900,0.0,0.0
2020-02-03,245.35,249.536,242.289,234.3872508611977,1925500,0.0,0.0
2020-02-04,248.844,255.731,248.844,240.4138870224575,1413800,0.0,0.0
2020-02-05,253.878,270.308,253.878,252.38782980105844,2448900,0.0,0.0
2020-02-06,266.251,266.251,258.184,247.9571447290108,1759800,0.0,0.0
2020-02-07,257.88,259.853,254.726,242.7659848285514,1597500,0.0,0.0
2020-02-10,254.358,256.34,252.643,242.8269279535268,1149200,0.0,0.0
2020-02-11,255.427,258.101,252.421,245.75954621270833,1777100,0.0,0.0
2020-02-12,263.937,273.581,263.937,259.49560055738385,2763300,0.0,0.0
2020-02-13,271.737,276.153,271.58,261.9994410647651,1931300,0.0,0.0
2020-02-14,275.941,277.389,272.41,261.07743677246,1433800,0.0,0.0
2020-02-18,274.245,280.597,272.696,265.10518926290945,1972500,0.0,0.0
2020-02-19,278.449,280.763,275.95,266.5122752632893,1338700,0.0,0.0
2020-02-20,277.868,278.145,270.778,257.4914865090986,1889500,0.0,0.0
2020-02-21,269.248,273.636,267.533,258.1651906839849,1111000,0.0,0.0
2020-02-24,261.374,261.383,255.003,242.63056496128115,2518700,0.0,0.0
2020-02-25,257.428,257.677,243.856,233.63502516628782,1954900,0.0,0.0
2020-02-26,248.789,252.652,242.215,234.2898869167542,1733200,0.0,0.0
2020-02-27,242.538,247.166,237.384,225.12145264679646,2328900,0.0,0.0
2020-02-28,230.441,240.224,229.897,224.44813996658888,2983800,0.0,0.0
2020-03-02,239.348,250.955,230.847,236.4986381308119,3317500,0.0,0.0
2020-03-03,249.056,258.82,235.918,223.14772780433816,3017700,0.0,0.0
2020-03-04,264.195,274.309,263.08,255.52988814829615,5162200,0.0,0.0
2020-03-05,265.209,265.781,259.309,247.4204946881372,2868600,0.0,0.0
2020-03-06,256.478,261.964,247.95,243.1001073650524,3414600,0.0,0.0
2020-03-09,243.404,254.8,240.463,232.20297325180852,2712800,0.0,0.0
2020-03-10,256.616,265.633,251.702,245.76647012836534,2611600,0.0,0.0
2020-03-11,256.865,266.602,253.675,241.9914986533569,3415900,0.0,0.0
2020-03-12,241.588,256.948,233.687,219.04853035031243,3100200,0.0,0.0
2020-03-13,247.549,251.121,232.326,231.62117703593188,3027000,0.95,0.0
2020-03-16,209.607,229.485,200.14,188.1106485043096,2815300,0.0,0.0
2020-03-17,212.624,228.31,208.145,199.73395655176924,3100800,0.0,0.0
2020-03-18,207.71,212.846,172.692,171.5528609091691,3649800,0.0,0.0
2020-03-19,190.84,196.762,179.05,166.4297082146001,3322000,0.0,0.0
2020-03-20,189.054,201.686,171.841,158.5574385289538,4780200,0.0,0.0
2020-03-23,174.478,175.441,158.274,143.90625922813678,3236700,0.0,0.0
2020-03-24,170.258,186.009,167.612,161.09356738773002,3130500,0.0,0.0
2020-03-25,175.913,209.922,173.09,176.33330180753126,3521300,0.0,0.0
2020-03-26,204.776,220.98,198.965,191.39919951651046,2705300,0.0,0.0
2020-03-27,201.38,211.458,200.964,180.7880466652468,2585300,0.0,0.0
2020-03-30,207.904,216.437,203.74,186.86379013346658,2095800,0.0,0.0
2020-03-31,217.732,218.241,207.201,183.9726806014341,2956400,0.0,0.0
2020-04-01,200.825,205.026,194.717,173.34822808495443,2225900,0.0,0.0
2020-04-02,194.828,203.129,188.776,170.97815718456278,2625600,0.0,0.0
2020-04-03,193.311,195.198,184.315,137.33847438853124,1777000,0.0,0.0
2020-04-06,199.437,210.551,196.355,151.7059247003285,2648600,0.0,0.0
2020-04-07,218.121,218.926,204.462,150.57967457041354,2450000,0.0,0.0
2020-04-08,210.209,230.272,209.524,165.27635169988739,2415200,0.0,0.0
2020-04-09,222.97,229.559,222.035,162.1967648656575,2191200,0.0,0.0
2020-04-13,222.822,225.33,219.926,160.9005424792253,1036600,0.0,0.0
2020-04-14,227.431,235.232,226.949,168.40180303765723,2145600,0.0,0.0
2020-04-15,230.568,235.38,226.829,167.36966638246122,2424600,0.0,0.0
2020-04-16,235.528,253.0,231.928,181.07354410712225,2717300,0.0,0.0
2020-04-17,258.201,259.024,243.579,178.37521697363533,1954700,0.0,0.0
2020-04-20,242.904,252.833,241.71,175.27163531707185,1597900,0.0,0.0
2020-04-21,235.981,240.516,230.707,165.8107355750745,1617900,0.0,0.0
2020-04-22,236.065,245.698,235.796,174.60975432137332,1174000,0.0,0.0
2020-04-23,244.967,246.383,239.165,173.67085649087863,1587400,0.0,0.0
2020-04-24,245.68,247.299,241.136,175.36879338387683,1390700,0.0,0.0
2020-04-27,247.605,251.473,243.394,179.26912086697928,1794200,0.0,0.0
2020-04-28,253.768,256.156,242.459,178.0440800905961,1789900,0.0,0.0
2020-04-29,259.117,261.292,244.31,186.08359283787348,2080800,0.0,0.0
2020-04-30,257.951,264.651,255.6,186.16383309136373,2098700,0.0,0.0
2020-05-01,254.805,256.341,244.912,178.6118113883341,1240800,0.0,0.0
2020-05-04,248.012,253.111,245.282,179.5565492605295,1241600,0.0,0.0
2020-05-05,254.027,258.025,249.687,182.23355101912003,1177000,0.0,0.0
2020-05-06,255.665,257.137,249.863,179.26140731079826,908800,0.0,0.0
2020-05-07,253.444,253.749,245.245,175.99208974378536,1003400,0.0,0.0
2020-05-08,250.325,254.268,248.762,181.59790297064694,969000,0.0,0.0
2020-05-11,250.733,256.082,250.705,180.29565715742172,1157400,0.0,0.0
2020-05-12,255.304,259.839,252.602,180.68578856212847,1311800,0.0,0.0
2020-05-13,250.862,252.547,242.682,177.2375438523635,1711400,0.0,0.0
2020-05-14,245.393,253.805,243.653,180.82754760102807,1300700,0.0,0.0
2020-05-15,250.844,258.96,250.4,183.98242682845216,1174100,0.0,0.0
2020-05-18,263.716,266.307,258.099,185.21579975495757,1324500,0.0,0.0
2020-05-19,259.117,264.669,257.257,185.96848578159404,1013100,0.0,0.0
2020-05-20,263.744,263.744,257.414,185.23929779164555,1122200,0.0,0.0
2020-05-21,258.145,262.023,256.405,184.3636398052596,1084300,0.0,0.0
2020-05-22,258.284,258.876,255.027,183.32270284884913,889800,0.0,0.0
2020-05-26,262.606,264.66,259.635,187.4500014195134,1248100,0.0,0.0
2020-05-27,264.901,266.187,256.868,189.965898840888,1348400,0.0,0.0
2020-05-28,268.371,274.562,267.085,192.67140607586165,1303000,0.0,0.0
2020-05-29,270.12,272.887,265.373,194.47504442410317,1859000,0.0,0.0
2020-06-01,271.36,272.064,263.948,191.75811866924533,1470800,0.0,0.0
2020-06-02,269.463,274.294,266.122,194.49555533165915,1219900,0.0,0.0
2020-06-03,273.924,276.996,266.437,191.20894263176285,1388700,0.0,0.0
2020-06-04,265.447,266.965,258.691,186.40267300784643,1511500,0.0,0.0
2020-06-05,262.217,268.852,261.079,190.19610038661833,1730100,0.0,0.0
2020-06-08,264.993,279.162,264.762,198.40677637269144,1829800,0.0,0.0
2020-06-09,278.505,278.505,269.222,192.60900172100548,1356000,0.95,0.0
2020-06-10,272.007,272.137,266.001,190.96724353800442,1185400,0.0,0.0
2020-06-11,263.559,263.81,243.479,174.38299933974108,2126600,0.0,0.0
2020-06-12,253.032,254.619,240.722,175.1722275235897,1464400,0.0,0.0
2020-06-15,239.357,245.79,232.905,172.90962238886758,2096600,0.0,0.0
2020-06-16,253.44,253.607,245.586,176.23921720954309,1428500,0.0,0.0
2020-06-17,249.411,250.219,245.243,175.10903423705636,1181500,0.0,0.0
2020-06-18,245.011,246.858,241.548,174.9833443855773,1062300,0.0,0.0
2020-06-19,250.906,253.115,247.248,175.57578095747837,1824600,0.0,0.0
2020-06-22,246.013,247.434,242.838,174.76966967261762,997300,0.0,0.0
2020-06-23,249.012,251.221,246.153,177.24293480585783,890200,0.0,0.0
2020-06-24,246.087,246.942,236.59,169.37475573767867,1497800,0.0,0.0
2020-06-25,238.317,242.634,235.124,171.78672196737716,1469600,0.0,0.0
2020-06-26,241.232,245.688,236.201,168.22860502261702,1997400,0.0,0.0
2020-06-29,239.654,243.497,238.921,170.59426913290997,1365800,0.0,0.0
2020-06-30,241.139,245.642,238.345,173.0179397871221,1195600,0.0,0.0
2020-07-01,248.046,250.748,245.577,176.72825336457487,1110100,0.0,0.0
2020-07-02,251.537,254.303,247.842,175.61947805963624,1008000,0.0,0.0
2020-07-06,251.927,252.168,247.972,176.9302853385767,859600,0.0,0.0
2020-07-07,247.424,249.615,245.475,174.2057996858561,862900,0.0,0.0
2020-07-08,247.192,247.805,241.771,172.65315051020428,1110100,0.0,0.0
2020-07-09,243.432,245.122,236.312,167.62260726648407,1265600,0.0,0.0
2020-07-10,238.521,238.586,235.569,167.62260726648407,982200,0.0,0.0
2020-07-13,238.02,243.599,237.667,169.30992602656937,1325500,0.0,0.0
2020-07-14,238.067,244.973,237.742,173.13788410028926,1754100,0.0,0.0
2020-07-15,244.389,249.16,241.279,175.62365892829106,1557400,0.0,0.0
2020-07-16,248.13,249.931,244.788,173.5145746442189,1131200,0.0,0.0
2020-07-17,247.053,249.105,245.911,175.00642307383487,1036000,0.0,0.0
2020-07-20,247.053,248.213,240.295,170.09601193320847,1309800,0.0,0.0
2020-07-21,241.863,249.773,241.223,174.44646640786334,1555900,0.0,0.0
2020-07-22,247.201,249.03,242.346,176.00241892421587,1006800,0.0,0.0
2020-07-23,248.659,251.481,247.285,177.2061432702886,1004700,0.0,0.0
2020-07-24,251.583,254.099,250.256,177.57348322443627,1104400,0.0,0.0
2020-07-27,249.727,250.46,244.435,173.25441246998687,1615200,0.0,0.0
2020-07-28,244.481,248.51,244.407,174.06619743195066,1228600,0.0,0.0
2020-07-29,248.343,264.868,248.167,184.46633820263,1961000,0.0,0.0
2020-07-30,256.615,259.632,252.837,181.58077557604742,1085200,0.0,0.0
2020-07-31,257.2,257.571,251.026,179.34645538970125,1009700,0.0,0.0
2020-08-03,255.501,257.515,250.061,177.3370377248359,988000,0.0,0.0
2020-08-04,250.079,253.31,248.538,177.42873362095165,953900,0.0,0.0
2020-08-05,253.301,256.234,250.85,180.5194185281858,1301700,0.0,0.0
2020-08-06,255.222,257.748,249.801,177.7678363243395,1002300,0.0,0.0
2020-08-07,251.797,258.249,251.797,181.12789298449525,928300,0.0,0.0
2020-08-10,257.237,260.078,256.448,182.55596545934122,754400,0.0,0.0
2020-08-11,262.788,267.365,259.094,183.52234862720852,1416900,0.0,0.0
2020-08-12,262.389,265.676,260.356,185.37886118056997,817100,0.0,0.0
2020-08-13,261.591,262.139,258.425,184.82165744036465,687900,0.0,0.0
2020-08-14,260.356,264.831,259.112,185.40952315728128,567700,0.0,0.0
2020-08-17,263.197,265.36,261.962,185.33123519340316,817200,0.0,0.0
2020-08-18,263.689,265.184,261.656,184.89847458402156,959100,0.0,0.0
2020-08-19,262.519,265.787,262.482,185.5193697839029,634000,0.0,0.0
2020-08-20,261.637,263.42,260.449,184.4359345468894,813800,0.0,0.0
2020-08-21,262.259,265.759,261.563,186.31187954799458,957600,0.0,0.0
2020-08-24,266.223,266.437,258.444,182.69656184977288,729600,0.0,0.0
2020-08-25,260.635,260.811,255.445,180.92703147380738,870900,0.0,0.0
2020-08-26,256.875,256.884,247.684,176.78362205368876,1342000,0.0,0.0
2020-08-27,251.964,258.676,249.986,179.6261132188278,1360800,0.0,0.0
2020-08-28,255.0,259.019,252.382,181.37705824130418,643300,0.0,0.0
2020-08-31,256.42,263.977,256.401,184.13012732371178,1514500,0.0,0.0
2020-09-01,258.1,260.533,253.282,178.5249380020198,1712800,0.0,0.0
2020-09-02,254.962,261.034,253.941,182.97381808836587,1388600,0.0,0.0
2020-09-03,261.647,263.995,254.545,181.02184859812797,1247500,0.0,0.0
2020-09-04,258.295,259.27,251.119,180.51147282482438,874700,0.0,0.0
2020-09-08,255.297,255.547,247.239,174.52552924315663,1191000,0.0,0.0
2020-09-09,249.621,250.944,246.481,175.28441186791974,1023900,0.95,0.0
2020-09-10,249.76,251.577,242.782,170.91704295827836,1096100,0.0,0.0
2020-09-11,244.729,247.357,237.09,169.06576416031658,1336700,0.0,0.0
2020-09-14,241.292,250.804,241.292,173.95460809528296,1448100,0.0,0.0
2020-09-15,247.711,249.08,241.18,170.34769314349504,1250300,0.0,0.0
2020-09-16,243.928,247.571,240.854,172.60493949018442,997400,0.0,0.0
2020-09-17,243.602,246.49,241.683,172.19896151479358,820100,0.0,0.0
2020-09-18,244.143,248.121,242.68,172.97587827990364,2162500,0.0,0.0
2020-09-21,239.661,240.257,233.289,168.6803872508715,1567800,0.0,0.0
2020-09-22,239.27,240.947,229.543,161.82083152453413,1977600,0.0,0.0
2020-09-23,231.239,233.857,228.295,160.69874660693688,1669100,0.0,0.0
2020-09-24,228.295,232.236,227.419,162.68066143107188,1311900,0.0,0.0
2020-09-25,230.578,238.599,229.376,166.85750186974676,1321900,0.0,0.0
2020-09-28,241.143,243.91,238.301,168.03700820984673,913800,0.0,0.0
2020-09-29,240.695,243.863,239.028,169.81185587090647,862000,0.0,0.0
2020-09-30,241.785,252.621,241.068,175.4689452049402,1312800,0.0,0.0
2020-10-01,250.236,252.267,247.925,176.49810793141543,918100,0.0,0.0
2020-10-02,247.627,261.313,246.369,179.6318417509366,1582500,0.0,0.0
2020-10-05,258.052,265.524,257.773,185.90922442595695,965700,0.0,0.0
2020-10-06,266.596,270.779,263.195,185.15658005549727,1086400,0.0,0.0
2020-10-07,265.739,273.853,265.739,191.24372018377264,969800,0.0,0.0
2020-10-08,274.375,274.375,269.009,191.35503518666545,1000000,0.0,0.0
2020-10-09,274.841,278.055,273.751,192.08405556001802,813500,0.0,0.0
2020-10-12,275.241,280.356,274.31,194.77939173231437,1037700,0.0,0.0
2020-10-13,276.76,278.782,274.859,194.04065604587475,870100,0.0,0.0
2020-10-14,275.083,277.757,269.819,190.6850647056587,1014400,0.0,0.0
2020-10-15,267.835,276.62,267.546,192.34756741583297,785100,0.0,0.0
2020-10-16,274.934,279.844,272.828,193.62795647260637,768900,0.0,0.0
2020-10-19,275.773,277.999,270.378,190.5648435008852,946900,0.0,0.0
2020-10-20,273.145,276.201,271.068,189.89799401391244,822700,0.0,0.0
2020-10-21,270.648,276.974,270.499,193.11224004216135,898300,0.0,0.0
2020-10-22,276.723,285.369,276.201,198.89944282499917,1176600,0.0,0.0
2020-10-23,285.76,290.446,284.456,202.5098455175817,1489400,0.0,0.0
2020-10-26,286.589,287.185,277.366,195.2046142006541,1205300,0.0,0.0
2020-10-27,277.431,279.965,272.987,194.63760824186858,1532100,0.0,0.0
2020-10-28,268.245,277.347,265.739,185.92772590613419,1557800,0.0,0.0
2020-10-29,265.03,265.85,253.729,177.58548216838167,1737100,0.0,0.0
2020-10-30,255.201,256.236,250.627,177.28598363804613,1567700,0.0,0.0
2020-11-02,259.18,260.568,251.959,180.7924992377574,2193900,0.0,0.0
2020-11-03,263.353,275.391,262.636,190.4147973966107,1790100,0.0,0.0
2020-11-04,291.424,309.685,290.446,211.52124913147932,3987700,0.0,0.0
2020-11-05,306.257,311.269,296.036,206.12435312834478,2333200,0.0,0.0
2020-11-06,296.204,296.418,290.903,202.03367455092047,1606400,0.0,0.0
2020-11-09,312.089,314.604,299.837,207.81175110411996,1617600,0.0,0.0
2020-11-10,300.974,307.691,292.943,211.73862415881305,1975600,0.0,0.0
2020-11-11,307.626,310.011,301.039,208.36679885921143,1517700,0.0,0.0
2020-11-12,300.76,308.632,299.055,212.545592791714,1504300,0.0,0.0
2020-11-13,307.393,311.828,305.344,214.49491559566266,1205500,0.0,0.0
2020-11-16,312.965,315.089,307.486,214.61726864651206,1344600,0.0,0.0
2020-11-17,306.266,310.058,303.844,212.47414965208887,1038500,0.0,0.0
2020-11-18,308.53,310.701,300.117,207.6135893387932,1351000,0.0,0.0
2020-11-19,298.71,298.878,290.372,200.71860859856866,1610700,0.0,0.0
2020-11-20,290.148,290.791,283.85,196.66832878686836,2311500,0.0,0.0
2020-11-23,286.673,292.3,286.673,199.88542999434506,1169600,0.0,0.0
2020-11-24,289.347,296.157,288.816,201.98488555254403,1302800,0.0,0.0
2020-11-25,293.539,293.539,285.704,198.81385350494017,1180800,0.0,0.0
2020-11-27,287.595,292.114,287.176,201.21190936729136,533300,0.0,0.0
2020-11-30,290.484,293.754,288.201,200.3865220875699,1645700,0.0,0.0
2020-12-01,295.338,304.514,291.9,201.9114012694158,1364200,0.0,0.0
2020-12-02,291.723,299.66,291.676,204.81706565990353,1131700,0.0,0.0
2020-12-03,296.428,303.285,296.362,207.74178583471317,1255000,0.0,0.0
2020-12-04,300.516,305.459,300.021,208.5079573100409,931400,0.95,0.0
2020-12-07,300.432,302.936,296.237,205.89275648998589,697500,0.0,0.0
2020-12-08,295.891,301.806,295.181,208.1053902679549,1637000,0.0,0.0
2020-12-09,301.581,302.815,295.508,205.34649333420379,1016500,0.0,0.0
2020-12-10,296.825,298.124,292.919,202.2999206789874,1224500,0.0,0.0
2020-12-11,291.686,295.19,289.817,200.77889272504794,1372900,0.0,0.0
2020-12-14,293.536,295.48,289.294,199.93876471325078,918600,0.0,0.0
2020-12-15,292.462,294.022,290.154,201.940784874058,1544900,0.0,0.0
2020-12-16,291.966,292.368,286.715,200.00999428866757,1003200,0.0,0.0
2020-12-17,289.462,294.704,289.462,154.6661750206165,1103900,0.0,0.0
2020-12-18,293.462,294.639,286.304,151.96392638086422,2829600,0.0,0.0
2020-12-21,283.445,286.528,279.015,150.84696340845602,1121600,0.0,0.0
2020-12-22,285.827,287.201,282.716,149.3228371999596,1036800,0.0,0.0
2020-12-23,286.332,291.228,286.332,151.78873324580925,777200,0.0,0.0
2020-12-24,287.771,289.294,287.706,151.94616887703438,224500,0.0,0.0
2020-12-28,290.256,294.704,289.163,154.00932373172904,723400,0.0,0.0
2020-12-29,294.714,298.133,293.041,154.71672274483393,766000,0.0,0.0
2020-12-30,293.405,295.62,293.293,154.578650090595,574600,0.0,0.0
2020-12-31,294.48,301.058,293.723,158.00540945932082,749300,0.0,0.0
2021-01-04,300.049,302.964,290.957,156.76560592004782,1197800,0.0,0.0
2021-01-05,296.788,299.115,293.106,155.04362862369936,996400,0.0,0.0
2021-01-06,288.733,308.571,287.799,161.41576100376778,1861400,0.0,0.0
2021-01-07,307.431,316.345,306.917,165.80980194448378,1418300,0.0,0.0
2021-01-08,316.009,318.326,310.888,165.6624678296319,1384100,0.0,0.0
2021-01-11,313.449,318.616,313.449,166.49088288909434,942100,0.0,0.0
2021-01-12,315.177,318.037,312.056,164.51849359241064,906500,0.0,0.0
2021-01-13,312.533,313.579,307.674,162.3666349905653,911600,0.0,0.0
2021-01-14,310.131,311.159,300.61,158.43265259136894,1320700,0.0,0.0
2021-01-15,301.367,305.749,298.433,160.3368626253194,1166600,0.0,0.0
2021-01-19,308.356,309.169,301.918,158.9902247087657,954800,0.0,0.0
2021-01-20,302.133,302.282,296.685,157.92060231592998,1158200,0.0,0.0
2021-01-21,299.9,304.002,298.19,158.0088860075804,993700,0.0,0.0
2021-01-22,299.488,300.227,293.368,154.2266414953496,969400,0.0,0.0
2021-01-25,292.91,295.246,291.21,154.85385279759038,860900,0.0,0.0
2021-01-26,296.769,297.423,289.528,153.4475876744653,1222400,0.0,0.0
2021-01-27,283.753,288.518,269.12,142.06158861361823,3046900,0.0,0.0
2021-01-28,277.053,285.939,273.091,147.03584044617756,1767000,0.0,0.0
2021-01-29,278.698,281.538,273.007,145.29868083584907,1659900,0.0,0.0
2021-02-01,279.361,282.604,272.474,143.11998009727782,1689200,0.0,0.0
2021-02-02,276.96,286.164,276.698,146.23131648132212,1924300,0.0,0.0
2021-02-03,277.642,280.482,274.269,145.92270038562168,1196800,0.0,0.0
2021-02-04,279.389,280.763,274.343,143.95348009088053,1317300,0.0,0.0
2021-02-05,277.548,278.343,269.298,142.22652727395646,1478000,0.0,0.0
2021-02-08,272.923,273.484,267.279,140.67744870425423,1437400,0.0,0.0
2021-02-09,268.643,279.782,267.999,145.95611350693483,2073900,0.0,0.0
2021-02-10,279.922,282.585,278.417,145.6970304310836,1090400,0.0,0.0
2021-02-11,279.464,281.875,272.671,143.068726107258,1097700,0.0,0.0
2021-02-12,272.895,273.792,268.55,142.00970706436985,1087000,0.0,0.0
2021-02-16,274.156,274.568,269.559,141.4906305081307,1178000,0.0,0.0
2021-02-17,269.793,276.091,269.41,141.79824336659217,994000,0.0,0.0
2021-02-18,269.98,278.875,269.98,144.73775944259322,1351900,0.0,0.0
2021-02-19,277.446,278.268,272.063,144.07185407951485,1056000,0.0,0.0
2021-02-22,273.577,277.689,271.783,144.42321145569517,1010800,0.0,0.0
2021-02-23,278.539,287.705,276.904,148.7013839792812,2081100,0.0,0.0
2021-02-24,282.239,286.827,281.51,149.29114577181898,1022200,0.0,0.0
2021-02-25,285.93,288.285,279.015,146.55665826409168,1291900,0.0,0.0
2021-02-26,282.445,293.265,281.744,147.9893511224381,2004000,0.0,0.0
2021-03-01,287.481,295.256,286.266,151.98180539558876,1469900,0.0,0.0
2021-03-02,289.64,295.844,288.406,152.06950678503011,1328100,0.0,0.0
2021-03-03,289.668,297.834,288.864,153.5504922821697,1095000,0.0,0.0
2021-03-04,296.994,304.347,294.443,156.82323702570483,1968900,0.0,0.0
2021-03-05,302.488,313.757,301.582,162.62210767550934,1766500,0.0,0.0
2021-03-08,312.561,319.84,310.496,165.51611854526143,1498200,0.0,0.0
2021-03-09,318.02,322.67,312.507,163.21131545586584,1286500,1.13,0.0
2021-03-10,314.692,316.642,309.151,163.08922471255167,958400,0.0,0.0
2021-03-11,312.404,316.886,310.182,163.8162213611592,997800,0.0,0.0
2021-03-12,315.573,321.686,314.261,167.05978342148046,1281300,0.0,0.0
2021-03-15,321.705,322.783,315.47,167.59186119096668,1366300,0.0,0.0
2021-03-16,319.801,322.764,317.308,167.96324421770657,1318900,0.0,0.0
2021-03-17,323.036,323.673,319.248,167.15461756643128,1422100,0.0,0.0
2021-03-18,319.661,331.258,319.576,172.63691669641827,1570500,0.0,0.0
2021-03-19,330.227,336.705,327.105,173.03203194426237,2962400,0.0,0.0
2021-03-22,330.799,330.799,323.767,171.56499578231055,1448600,0.0,0.0
2021-03-23,329.308,332.299,326.692,171.9018485520424,1232000,0.0,0.0
2021-03-24,329.102,339.658,329.102,176.26279464437127,2090300,0.0,0.0
2021-03-25,338.89,344.927,334.202,179.16923228814338,1725900,0.0,0.0
2021-03-26,344.721,348.996,342.368,181.3247765072311,1432900,0.0,0.0
2021-03-29,346.859,355.446,345.405,180.37481885140966,1395300,0.0,0.0
2021-03-30,345.799,346.887,339.93,177.77791297316776,1390200,0.0,0.0
2021-03-31,340.521,343.015,335.833,175.2502235824034,1414200,0.0,0.0
2021-04-01,337.446,337.521,329.899,172.69770045000337,1262500,0.0,0.0
2021-04-05,334.183,336.939,331.98,173.24876811229484,883400,0.0,0.0
2021-04-06,331.886,332.336,327.245,171.96465407646696,963200,0.0,0.0
2021-04-07,329.814,331.652,328.567,171.92559800703833,857800,0.0,0.0
2021-04-08,329.027,333.002,329.027,172.26735042584852,663000,0.0,0.0
2021-04-09,332.524,338.758,331.446,176.18591542061552,833600,0.0,0.0
2021-04-12,337.661,340.418,336.124,175.40857655647764,788200,0.0,0.0
2021-04-13,336.546,339.246,335.402,175.21326173568218,689000,0.0,0.0
2021-04-14,337.961,341.158,336.818,176.961366233549,663200,0.0,0.0
2021-04-15,341.683,351.274,341.683,181.76557759942992,1350300,0.0,0.0
2021-04-16,350.609,353.018,348.002,183.233225750334,899300,0.0,0.0
2021-04-19,351.996,356.112,351.077,185.19315181097838,1084400,0.0,0.0
2021-04-20,355.681,362.619,354.453,186.27323729098867,1989400,0.0,0.0
2021-04-21,358.062,362.581,354.246,187.71144770762223,2045400,0.0,0.0
2021-04-22,360.612,361.278,354.987,185.22694284707237,1143000,0.0,0.0
2021-04-23,354.753,359.89,352.756,186.28205656469342,903500,0.0,0.0
2021-04-26,358.221,359.309,353.646,184.10426120032156,900900,0.0,0.0
2021-04-27,352.287,354.106,350.318,183.78668110179848,800600,0.0,0.0
2021-04-28,353.937,355.784,349.606,183.01468494514194,800600,0.0,0.0
2021-04-29,354.003,359.272,354.003,186.75573483440687,780600,0.0,0.0
2021-04-30,358.559,359.122,353.553,184.97227537965318,1031700,0.0,0.0
2021-05-03,359.478,364.99,358.212,188.44504594073138,940500,0.0,0.0
2021-05-04,361.822,368.741,360.378,190.91004231295383,1336100,0.0,0.0
2021-05-05,365.825,367.859,363.05,189.6628888133433,1245600,0.0,0.0
2021-05-06,365.656,369.012,362.394,189.46782899269482,1243700,0.0,0.0
2021-05-07,364.119,372.838,364.119,193.25610738625724,800700,0.0,0.0
2021-05-10,372.969,380.638,372.969,195.83619481009723,988500,0.0,0.0
2021-05-11,375.669,377.835,367.353,192.19183746446942,784400,0.0,0.0
2021-05-12,369.181,371.066,364.55,190.07563776496391,1437400,0.0,0.0
2021-05-13,366.387,373.841,365.037,192.63051180519273,1003300,0.0,0.0
2021-05-14,372.659,374.009,367.934,191.8886922760387,677300,0.0,0.0
2021-05-17,369.631,370.925,367.7,191.7571959792375,562100,0.0,0.0
2021-05-18,369.388,371.3,365.919,191.6496148080742,860200,0.0,0.0
2021-05-19,368.234,369.659,364.831,191.64493862138042,769800,0.0,0.0
2021-05-20,368.459,370.034,366.012,190.52145912717262,1043500,0.0,0.0
2021-05-21,368.328,375.05,368.0,192.91709731698066,723400,0.0,0.0
2021-05-24,373.156,373.981,368.356,192.06789344137135,848200,0.0,0.0
2021-05-25,370.156,371.075,367.259,192.4623197377308,919500,0.0,0.0
2021-05-26,370.231,371.741,365.862,192.3355165285124,1116900,0.0,0.0
2021-05-27,371.863,373.128,368.047,193.7671509117504,1945400,0.0,0.0
2021-05-28,373.41,374.76,371.685,193.95200459873246,992900,0.0,0.0
2021-06-01,374.038,374.488,368.122,191.99403180931233,1159100,0.0,0.0
2021-06-02,371.656,371.656,366.322,191.62849467549702,818000,0.0,0.0
2021-06-03,368.169,373.11,367.156,192.68219813756994,745600,0.0,0.0
2021-06-04,372.2,372.2,367.944,191.4905063092881,776100,0.0,0.0
2021-06-07,370.091,371.422,364.728,189.48324116048065,1028900,0.0,0.0
2021-06-08,364.156,368.441,362.272,190.84185030552547,894000,0.0,0.0
2021-06-09,368.171,369.252,362.859,188.4779697192424,827800,1.13,0.0
2021-06-10,359.022,362.247,358.12,187.72962933178053,1313200,0.0,0.0
2021-06-11,362.022,363.366,359.427,187.4557228016178,745200,0.0,0.0
2021-06-14,359.671,361.072,356.982,187.28009444014484,794100,0.0,0.0
2021-06-15,361.429,362.962,358.186,187.99131374262208,1074600,0.0,0.0
2021-06-16,363.413,364.335,355.628,184.78035032803533,1032500,0.0,0.0
2021-06-17,355.44,356.625,353.136,184.46747505457554,900400,0.0,0.0
2021-06-18,350.654,351.641,346.329,180.22000245002945,2229900,0.0,0.0
2021-06-21,347.984,354.819,347.645,183.70078977987208,1247200,0.0,0.0
2021-06-22,355.59,357.104,352.017,184.9603496805785,891900,0.0,0.0
2021-06-23,354.152,356.747,353.757,184.46192093802472,942100,0.0,0.0
2021-06-24,357.659,358.693,355.431,184.63260493799282,725000,0.0,0.0
2021-06-25,357.161,359.981,355.797,185.84368804537587,2105800,0.0,0.0
2021-06-28,358.364,358.815,353.578,185.8826108523932,870100,0.0,0.0
2021-06-29,356.973,361.1,356.267,186.20464631972402,864700,0.0,0.0
2021-06-30,359.248,360.216,356.756,186.32190888537144,709800,0.0,0.0
2021-07-01,360.226,362.116,358.693,187.30493809131372,1955600,0.0,0.0
2021-07-02,360.959,364.288,359.314,188.9471539429754,1504400,0.0,0.0
2021-07-06,362.276,364.777,359.098,187.98821283842784,1013100,0.0,0.0
2021-07-07,361.147,365.143,358.674,189.0924888076372,990300,0.0,0.0
2021-07-08,361.326,362.37,356.954,187.45582413039637,666200,0.0,0.0
2021-07-09,364.739,367.005,363.347,189.61006470790394,1370000,0.0,0.0
2021-07-12,363.883,372.806,361.523,193.20107510120525,1897400,0.0,0.0
2021-07-13,373.041,378.194,372.9,194.2179075091296,1487000,0.0,0.0
2021-07-14,376.116,376.774,370.54,192.7194710854737,944600,0.0,0.0
2021-07-15,368.876,374.508,367.287,193.23086083390933,1180700,0.0,0.0
2021-07-16,373.258,373.906,369.28,191.99264931093336,756000,0.0,0.0
2021-07-19,367.09,369.177,359.624,187.4767084543841,1087400,0.0,0.0
2021-07-20,362.755,370.004,362.257,190.13967151311002,1731200,0.0,0.0
2021-07-21,372.336,374.677,358.373,187.01812615506142,1756900,0.0,0.0
2021-07-22,362.257,364.372,357.64,187.36366800359062,944700,0.0,0.0
2021-07-23,361.993,364.306,358.609,186.38107097222473,881200,0.0,0.0
2021-07-26,358.721,359.549,351.341,184.52435020589752,958800,0.0,0.0
2021-07-27,354.866,360.404,353.588,186.5267762156319,939800,0.0,0.0
2021-07-28,359.182,359.182,353.926,185.20571789149434,778000,0.0,0.0
2021-07-29,359.361,362.238,356.7,187.3387554565907,708100,0.0,0.0
2021-07-30,361.805,363.3,359.793,187.18264565267845,999300,0.0,0.0
2021-08-02,362.313,367.917,361.316,190.2186484741633,803400,0.0,0.0
2021-08-03,367.155,372.317,365.359,192.64046427209684,682700,0.0,0.0
2021-08-04,370.061,374.17,369.562,192.78657280475846,785100,0.0,0.0
2021-08-05,368.867,368.867,352.309,183.34344733616882,1695000,0.0,0.0
2021-08-06,356.916,358.637,353.644,184.68652675953086,765600,0.0,0.0
2021-08-09,356.719,359.107,353.682,183.15674853924858,743900,0.0,0.0
2021-08-10,353.371,356.286,351.585,183.6669455973246,744100,0.0,0.0
2021-08-11,354.735,355.562,344.326,178.86950167691023,1741000,0.0,0.0
2021-08-12,344.627,347.702,344.27,178.86432704296624,1504400,0.0,0.0
2021-08-13,346.837,347.89,342.192,178.79652747056684,1144000,0.0,0.0
2021-08-16,345.285,353.936,343.499,183.07499711897626,826500,0.0,0.0
2021-08-17,353.202,358.232,352.901,184.93353798838868,990800,0.0,0.0
2021-08-18,356.286,356.512,348.924,180.58787156963018,707100,0.0,0.0
2021-08-19,346.564,353.672,346.056,182.7627356744473,761600,0.0,0.0
2021-08-20,354.133,357.151,353.146,183.77602556268187,529500,0.0,0.0
2021-08-23,356.662,356.662,354.236,183.45980960639224,652800,0.0,0.0
2021-08-24,355.177,356.117,351.829,183.1731164004671,582800,0.0,0.0
2021-08-25,353.738,354.923,350.57,181.42896103974292,737600,0.0,0.0
2021-08-26,350.692,351.256,347.467,179.9107181963,681500,0.0,0.0
2021-08-27,347.89,352.046,346.62,181.16997161539445,707800,0.0,0.0
2021-08-30,351.181,351.181,347.721,180.1464536719705,599700,0.0,0.0
2021-08-31,346.884,355.609,346.16,182.34943331261482,1854100,0.0,0.0
2021-09-01,352.506,352.506,343.236,179.53294054319306,1665400,0.0,0.0
2021-09-02,348.934,360.32,347.956,186.00568423704362,1306500,0.0,0.0
2021-09-03,359.925,359.925,354.208,151.0993086761932,636600,0.0,0.0
2021-09-07,357.01,357.132,351.961,150.691837397743,795000,0.0,0.0
2021-09-08,355.525,356.54,347.721,147.97044681870938,911600,0.0,0.0
2021-09-09,349.377,354.489,348.557,148.61305769608825,792100,1.13,0.0
2021-09-10,352.376,352.546,335.212,142.9365392502851,1903000,0.0,0.0
2021-09-13,339.635,351.471,338.003,147.3186308200351,1287500,0.0,0.0
2021-09-14,349.057,349.981,344.096,146.44911574076642,1025500,0.0,0.0
2021-09-15,344.756,357.101,344.756,149.631204429972,1652100,0.0,0.0
2021-09-16,353.857,358.139,351.98,149.7988660482265,1110400,0.0,0.0
2021-09-17,352.706,359.789,352.499,151.61741882263982,1845000,0.0,0.0
2021-09-20,354.357,356.752,351.99,150.56708838619164,1084800,0.0,0.0
2021-09-21,357.318,360.402,356.064,151.431677285296,927800,0.0,0.0
2021-09-22,358.384,361.015,353.81,149.9948872944967,1011600,0.0,0.0
2021-09-23,354.649,361.081,354.13,151.90394425928145,794600,0.0,0.0
2021-09-24,358.629,360.959,356.866,152.3146300256887,655300,0.0,0.0
2021-09-27,358.214,367.975,358.214,155.144412706251,1209500,0.0,0.0
2021-09-28,364.033,367.136,360.827,154.03013521293943,1467000,0.0,0.0
2021-09-29,363.647,366.844,361.223,155.2629007771149,948300,0.0,0.0
2021-09-30,367.014,369.164,351.358,148.73865839202634,1321200,0.0,0.0
2021-10-01,353.046,355.706,342.7,149.98226186278401,1213500,0.0,0.0
2021-10-04,353.659,358.695,347.802,147.67819750441143,943000,0.0,0.0
2021-10-05,350.151,356.243,350.151,149.00878866131322,1001200,0.0,0.0
2021-10-06,349.415,349.896,342.992,147.6179740621694,1397300,0.0,0.0
2021-10-07,353.395,361.779,350.99,151.7788749929587,896900,0.0,0.0
2021-10-08,360.695,364.326,358.327,153.96028698114776,773700,0.0,0.0
2021-10-11,365.042,366.372,358.667,151.84869879813263,837200,0.0,0.0
2021-10-12,359.242,360.591,355.187,150.47936161469386,973100,0.0,0.0
2021-10-13,356.139,356.139,348.953,149.66393020204845,1103400,0.0,0.0
2021-10-14,365.655,376.454,364.844,155.62660325326692,1753900,0.0,0.0
2021-10-15,370.182,372.05,367.155,156.5559312329679,1145500,0.0,0.0
2021-10-18,369.362,370.503,365.269,154.61600576807635,928100,0.0,0.0
2021-10-19,368.673,374.691,368.494,156.80693499570953,1319500,0.0,0.0
2021-10-20,377.246,401.239,377.246,168.43168086431749,2376600,0.0,0.0
2021-10-21,396.109,406.2,395.675,170.939013155384,1606600,0.0,0.0
2021-10-22,406.539,411.161,403.427,172.09901307068344,910300,0.0,0.0
2021-10-25,408.709,411.5,406.624,172.58259704500952,893900,0.0,0.0
2021-10-26,411.378,413.735,404.644,173.24874927587277,1107800,0.0,0.0
2021-10-27,411.981,414.877,408.633,172.22881000485003,962200,0.0,0.0
2021-10-28,407.926,411.679,407.03,172.1020161449718,989200,0.0,0.0
2021-10-29,407.879,410.963,406.068,172.80337915642332,844700,0.0,0.0
2021-11-01,411.491,414.216,398.881,170.25480825937265,1002400,0.0,0.0
2021-11-02,406.464,406.483,394.562,166.821386755211,1291300,0.0,0.0
2021-11-03,391.865,401.211,389.752,168.57091144234613,1160000,0.0,0.0
2021-11-04,400.824,401.23,393.609,167.76713144317148,924900,0.0,0.0
2021-11-05,400.824,405.955,396.939,167.5485302425045,944900,0.0,0.0
2021-11-08,399.023,403.54,397.193,169.3375458208388,636100,0.0,0.0
2021-11-09,401.201,405.955,399.41,170.7329515810469,859400,0.0,0.0
2021-11-10,408.18,411.0,399.381,168.6644521985963,872700,0.0,0.0
2021-11-11,401.117,406.53,398.702,170.92354538016636,826500,0.0,0.0
2021-11-12,408.548,412.972,406.964,173.421263429289,977400,0.0,0.0
2021-11-15,411.613,413.245,408.379,172.3784085521621,1116000,0.0,0.0
2021-11-16,409.68,412.142,405.766,136.99631532277283,983500,0.0,0.0
2021-11-17,406.775,409.284,402.258,136.74772601259508,1644200,0.0,0.0
2021-11-18,406.417,408.982,401.192,135.53292385033677,1592900,0.0,0.0
2021-11-19,401.267,401.267,390.478,132.09403426960446,1064100,0.0,0.0
2021-11-22,395.618,401.758,393.034,133.42046664318337,1034900,0.0,0.0
2021-11-23,394.864,400.4,392.591,134.76860537369686,1026900,0.0,0.0
2021-11-24,398.872,401.286,396.75,135.12768043453607,732500,0.0,0.0
2021-11-26,397.985,399.259,387.951,132.14608844683963,627600,0.0,0.0
2021-11-29,394.562,395.401,389.526,132.36879517452167,765900,0.0,0.0
2021-11-30,389.931,391.393,382.264,129.15287457565884,2238600,0.0,0.0
2021-12-01,388.271,392.251,381.132,128.64960678858526,1414100,0.0,0.0
2021-12-02,381.518,384.724,373.933,127.4387804126742,2032400,1.13,0.0
2021-12-03,377.82,381.991,371.115,125.91858013558637,1495700,0.0,0.0
2021-12-06,379.201,385.396,377.423,128.63677986194017,1383700,0.0,0.0
2021-12-07,384.441,392.442,383.41,131.04280457574293,1507200,0.0,0.0
2021-12-08,389.226,394.381,387.827,132.54128759146417,924400,0.0,0.0
2021-12-09,392.489,397.539,391.42,133.71190869741307,651200,0.0,0.0
2021-12-10,398.343,408.132,397.057,137.27714145492908,1221100,0.0,0.0
2021-12-13,406.987,408.832,402.476,136.97100737211258,842400,0.0,0.0
2021-12-14,408.889,415.131,405.124,138.20777203604328,938700,0.0,0.0
2021-12-15,412.076,419.85,410.411,141.23816523026306,1075100,0.0,0.0
2021-12-16,419.793,427.208,417.883,142.6071920236583,1158100,0.0,0.0
2021-12-17,422.11,426.536,417.485,141.71899906836077,1815600,0.0,0.0
2021-12-20,423.529,424.626,408.453,139.91178112839796,1047200,0.0,0.0
2021-12-21,418.658,423.699,416.748,142.13233425387563,797500,0.0,0.0
2021-12-22,420.89,431.416,420.881,144.4747794955051,664900,0.0,0.0
2021-12-23,431.416,433.923,430.357,145.04678199905177,646700,0.0,0.0
2021-12-27,433.27,434.746,431.114,146.25430425015037,313900,0.0,0.0
2021-12-28,435.048,440.288,435.039,147.73958778085293,752800,0.0,0.0
2021-12-29,437.252,443.796,437.252,148.8365776828996,590100,0.0,0.0
2021-12-30,443.229,444.525,440.95,148.67092535880707,646700,0.0,0.0
2021-12-31,441.432,442.945,438.377,147.51763832275884,447000,0.0,0.0
2022-01-03,436.75,439.805,431.388,147.93698627183412,927200,0.0,0.0
2022-01-04,440.505,441.668,432.75,145.79252918401934,957300,0.0,0.0
2022-01-05,435.937,439.9,433.204,145.80867822463162,835300,0.0,0.0
2022-01-06,421.647,428.362,409.484,139.7101150366976,1763000,0.0,0.0
2022-01-07,412.189,414.639,403.157,138.28497193012586,1355400,0.0,0.0
2022-01-10,410.657,415.717,407.423,139.18490056643373,1104200,0.0,0.0
2022-01-11,415.925,430.291,414.232,144.14967225135217,1080000,0.0,0.0
2022-01-12,428.22,430.31,424.162,143.54475505076508,732200,0.0,0.0
2022-01-13,425.524,427.369,420.436,141.94768381103125,601500,0.0,0.0
2022-01-14,424.021,427.851,422.129,143.62461359501046,830600,0.0,0.0
2022-01-18,423.586,426.016,419.935,142.33208304663185,1053200,0.0,0.0
2022-01-19,425.316,434.301,422.318,142.3955464309306,1168500,0.0,0.0
2022-01-20,424.002,436.505,422.971,143.79589132423897,1303000,0.0,0.0
2022-01-21,427.463,431.208,416.388,140.20663504917113,1103900,0.0,0.0
2022-01-24,415.443,427.974,407.716,142.7056197825938,1798100,0.0,0.0
2022-01-25,419.103,421.032,410.77,139.39079855519702,2109200,0.0,0.0
2022-01-26,407.791,415.802,397.908,135.93981426900103,2261200,0.0,0.0
2022-01-27,409.248,421.032,405.796,138.26454953273722,1637600,0.0,0.0
2022-01-28,411.064,418.441,408.094,140.2365578707725,906700,0.0,0.0
2022-01-31,415.168,418.63,412.303,139.88696495154082,1127100,0.0,0.0
2022-02-01,420.247,420.247,408.529,139.22262997286,1137400,0.0,0.0
2022-02-02,415.093,423.51,413.778,140.88099854761575,1771400,0.0,0.0
2022-02-03,430.196,432.447,420.465,143.2805308817787,1720900,0.0,0.0
2022-02-04,421.543,427.785,417.58,141.51593677984928,1027100,0.0,0.0
2022-02-07,425.609,429.705,420.559,142.5176238214261,1077300,0.0,0.0
2022-02-08,424.248,442.756,423.434,147.60439178475616,1314000,0.0,0.0
2022-02-09,446.388,446.407,440.108,148.31573962797094,949600,0.0,0.0
2022-02-10,437.762,442.784,430.423,144.979264829566,880500,0.0,0.0
2022-02-11,431.114,437.11,422.422,141.8763850817242,877000,0.0,0.0
2022-02-14,424.134,425.628,415.216,140.62295628329588,1187300,0.0,0.0
2022-02-15,424.058,427.841,421.987,142.4857022717111,878200,0.0,0.0
2022-02-16,423.784,434.935,423.784,145.2114800057497,1062700,0.0,0.0
2022-02-17,430.688,432.882,423.699,142.90070442076043,649800,0.0,0.0
2022-02-18,425.695,432.268,421.76,141.27656278974595,838500,0.0,0.0
2022-02-22,420.975,424.162,415.187,140.56880173705372,811800,0.0,0.0
2022-02-23,422.356,425.685,417.93,140.0997082870333,828200,0.0,0.0
2022-02-24,411.868,419.557,408.595,139.87156091600357,1076400,0.0,0.0
2022-02-25,419.878,430.471,419.509,143.58274945523104,1090700,0.0,0.0
2022-02-28,419.992,428.002,419.103,142.99931065694807,1221300,0.0,0.0
2022-03-01,424.787,427.719,415.793,142.88850635052128,1418700,0.0,0.0
2022-03-02,429.922,443.796,429.922,146.63365789158547,1550200,0.0,0.0
2022-03-03,438.926,446.218,436.949,115.67439953237486,1211300,0.0,0.0
2022-03-04,435.937,451.571,432.211,117.58719038325648,1234600,0.0,0.0
2022-03-07,445.234,448.119,428.626,111.95271361471951,1529300,0.0,0.0
2022-03-08,428.087,441.763,427.302,112.33126022569897,1774800,0.0,0.0
2022-03-09,437.211,445.311,432.431,114.91473165491797,1168300,1.28,0.0
2022-03-10,434.983,450.025,433.996,116.83209148192505,1243000,0.0,0.0
2022-03-11,449.323,453.344,440.076,114.85494297654652,1074500,0.0,0.0
2022-03-14,446.117,448.972,430.648,113.13146367075196,1427800,0.0,0.0
2022-03-15,438.255,445.055,436.519,115.41850377774904,1303900,0.0,0.0
2022-03-16,445.87,451.675,438.217,116.18822266062705,1337700,0.0,0.0
2022-03-17,443.813,453.79,442.893,117.97832929837696,1246400,0.0,0.0
2022-03-18,451.305,457.29,448.441,117.95126855644993,2823500,0.0,0.0
2022-03-21,453.363,460.742,448.099,117.45172728623854,1659100,0.0,0.0
2022-03-22,453.221,455.355,445.567,116.34603155209994,1612200,0.0,0.0
2022-03-23,442.949,446.108,438.103,114.01101292382995,1092300,0.0,0.0
2022-03-24,440.313,451.096,439.431,116.82744170002695,882200,0.0,0.0
2022-03-25,449.361,456.151,449.228,118.54854483616845,857300,0.0,0.0
2022-03-28,458.617,460.154,452.415,119.53810999778885,904000,0.0,0.0
2022-03-29,464.441,466.831,460.154,121.06689849869329,1271500,0.0,0.0
2022-03-30,466.982,476.723,466.878,123.85746473400856,1442500,0.0,0.0
2022-03-31,474.209,479.852,465.844,121.05043984472049,1445600,0.0,0.0
2022-04-01,468.31,474.304,464.232,123.03273766633357,1226100,0.0,0.0
2022-04-04,473.014,475.12,461.946,120.5462101276227,1065700,0.0,0.0
2022-04-05,461.614,475.897,460.941,121.87908514748047,1032700,0.0,0.0
2022-04-06,472.037,481.664,469.543,124.82131039719438,1524100,0.0,0.0
2022-04-07,479.72,490.143,478.411,126.72502952635415,1357800,0.0,0.0
2022-04-08,491.309,499.456,491.063,128.19630288496438,1368500,0.0,0.0
2022-04-11,494.249,496.526,482.47,125.70258307060843,915400,0.0,0.0
2022-04-12,483.693,487.999,480.279,125.44900159126668,897700,0.0,0.0
2022-04-13,482.517,486.643,480.488,126.08743609044336,1062200,0.0,0.0
2022-04-14,487.81,495.805,487.81,127.1926787995567,1571800,0.0,0.0
2022-04-18,487.279,492.552,484.462,126.26115593577748,740900,0.0,0.0
2022-04-19,489.45,493.595,487.013,127.26389757066589,1157300,0.0,0.0
2022-04-20,495.454,504.71,489.536,130.3761784416153,1590900,0.0,0.0
2022-04-21,506.152,506.152,493.813,128.64983529415895,932000,0.0,0.0
2022-04-22,492.134,492.353,476.106,123.57092758717964,956600,0.0,0.0
2022-04-25,474.209,482.375,467.106,124.60887739068984,1211500,0.0,0.0
2022-04-26,478.136,484.993,476.144,123.4827192338688,1119200,0.0,0.0
2022-04-27,477.595,488.142,472.464,124.9659874428271,1140500,0.0,0.0
2022-04-28,483.722,492.409,479.084,127.00432000492366,1181200,0.0,0.0
2022-04-29,483.902,486.785,475.158,123.31116118100473,937600,0.0,0.0
2022-05-02,479.426,483.675,463.141,122.12112794741823,1095200,0.0,0.0
2022-05-03,473.839,477.699,471.279,122.45739465752114,841700,0.0,0.0
2022-05-04,473.726,486.662,467.106,125.32486597131341,1227200,0.0,0.0
2022-05-05,484.699,490.503,473.337,124.47938981424197,985200,0.0,0.0
2022-05-06,475.044,481.863,472.54,123.93311084497918,946600,0.0,0.0
2022-05-09,474.513,475.784,462.487,120.5069691568288,1115100,0.0,0.0
2022-05-10,468.955,471.649,459.689,120.12327124144403,1296400,0.0,0.0
2022-05-11,464.08,479.264,460.789,119.64111811617654,1166800,0.0,0.0
2022-05-12,460.761,461.538,450.328,118.94202444138075,1280500,0.0,0.0
2022-05-13,462.079,463.321,455.374,119.41475220844171,1065200,0.0,0.0
2022-05-16,462.885,472.388,461.605,121.15483064109594,851900,0.0,0.0
2022-05-17,472.113,473.479,465.683,122.03518789639296,916500,0.0,0.0
2022-05-18,467.978,470.804,449.218,116.81999140417969,981300,0.0,0.0
2022-05-19,444.695,458.854,442.703,117.68244536179672,1284900,0.0,0.0
2022-05-20,458.56,468.083,455.345,120.8110726655142,1365000,0.0,0.0
2022-05-23,465.266,474.788,465.019,121.30037756900661,1194300,0.0,0.0
2022-05-24,471.298,480.213,466.622,123.83274253041458,1397400,0.0,0.0
2022-05-25,478.401,484.632,474.494,123.70787164271277,1027400,0.0,0.0
2022-05-26,480.915,488.436,479.53,125.56851098122314,987900,0.0,0.0
2022-05-27,486.131,494.619,483.722,127.54263771734908,1190300,0.0,0.0
2022-05-31,488.815,493.756,480.659,124.83378724454059,3939100,0.0,0.0
2022-06-01,484.452,486.017,473.081,122.25472926863782,813600,0.0,0.0
2022-06-02,475.12,475.12,463.141,121.70009495338971,1186500,0.0,0.0
2022-06-03,467.4,469.325,464.336,120.79788389140397,744100,0.0,0.0
2022-06-06,470.748,475.253,469.647,121.81227534189904,634000,0.0,0.0
2022-06-07,471.649,475.366,466.394,122.54235828497895,996900,0.0,0.0
2022-06-08,472.303,474.209,469.467,122.02460296805637,582200,0.0,0.0
2022-06-09,471.313,473.462,462.119,119.33890024975868,887200,1.28,0.0
2022-06-10,455.32,464.201,449.871,118.50869117337095,922900,0.0,0.0
2022-06-13,449.786,453.295,437.016,113.51060871323249,1112300,0.0,0.0
2022-06-14,437.786,440.201,434.401,112.89826641942466,1060500,0.0,0.0
2022-06-15,440.477,444.423,431.634,113.50499683167065,961300,0.0,0.0
2022-06-16,434.524,434.81,425.548,111.49618138354546,1140600,0.0,0.0
2022-06-17,432.423,436.911,422.106,108.90670647835351,2265300,0.0,0.0
2022-06-21,432.832,442.16,429.789,112.86349250971107,1402100,0.0,0.0
2022-06-22,432.1,446.895,430.654,114.07927635700594,1474200,0.0,0.0
2022-06-23,445.906,452.058,442.112,115.68205059984533,795000,0.0,0.0
2022-06-24,451.925,454.084,444.432,115.07543284531316,2358800,0.0,0.0
2022-06-27,446.458,461.881,443.377,118.14701088469488,1274500,0.0,0.0
2022-06-28,462.08,466.607,448.264,115.80040157022077,752800,0.0,0.0
2022-06-29,449.396,463.783,449.177,118.81565357769122,1087200,0.0,0.0
2022-06-30,461.596,464.962,456.023,118.08177911194893,1519400,0.0,0.0
2022-07-01,456.727,462.898,446.715,118.91082067378856,997300,0.0,0.0
2022-07-05,457.897,457.897,439.203,116.67800507361727,1043100,0.0,0.0
2022-07-06,452.952,462.67,449.833,118.45761346886437,803700,0.0,0.0
2022-07-07,459.266,462.898,453.77,117.11932021504643,857400,0.0,0.0
2022-07-08,459.827,466.949,457.336,118.44732635114718,751400,0.0,0.0
2022-07-11,456.603,461.833,453.836,117.79244146893555,629500,0.0,0.0
2022-07-12,456.917,462.118,451.735,116.89624910371866,801600,0.0,0.0
2022-07-13,450.09,454.15,447.228,115.10712670424545,802200,0.0,0.0
2022-07-14,441.97,444.889,435.504,114.0457668134456,861400,0.0,0.0
2022-07-15,454.664,466.378,451.649,119.42609346688353,1035400,0.0,0.0
2022-07-18,466.873,467.767,456.109,117.42600362592624,687900,0.0,0.0
2022-07-19,462.271,474.793,461.653,121.4189388480549,933100,0.0,0.0
2022-07-20,458.315,463.069,429.19,111.79909422776836,2653700,0.0,0.0
2022-07-21,436.046,442.017,429.39,112.3814409747962,1547200,0.0,0.0
2022-07-22,439.203,441.637,433.345,111.81071972846237,1008400,0.0,0.0
2022-07-25,441.856,451.06,439.612,114.51684063131796,861500,0.0,0.0
2022-07-26,451.212,451.973,445.431,114.05397379766609,818100,0.0,0.0
2022-07-27,444.261,447.257,436.968,113.82021222219267,1122800,0.0,0.0
2022-07-28,446.325,453.894,442.369,115.6847949936374,836000,0.0,0.0
2022-07-29,452.505,456.375,448.084,116.01754531245894,885100,0.0,0.0
2022-08-01,451.659,459.951,442.673,114.50008296192311,837600,0.0,0.0
2022-08-02,448.882,456.366,442.664,114.80117702918388,1164600,0.0,0.0
2022-08-03,452.058,459.998,450.042,116.58392414078325,810200,0.0,0.0
2022-08-04,456.328,456.328,450.461,115.45292801076857,615000,0.0,0.0
2022-08-05,447.694,453.551,447.694,115.50890692414228,624500,0.0,0.0
2022-08-08,454.797,456.052,448.949,115.65225073557733,479100,0.0,0.0
2022-08-09,455.7,464.962,453.589,117.64056149983938,798800,0.0,0.0
2022-08-10,464.819,465.798,456.375,116.99715920494491,619800,0.0,0.0
2022-08-11,457.954,459.798,450.908,115.96678395764651,894700,0.0,0.0
2022-08-12,456.413,468.394,456.1,119.45988771998762,801300,0.0,0.0
2022-08-15,464.924,471.342,462.594,119.82878270571454,429900,0.0,0.0
2022-08-16,468.917,473.7,465.133,119.60014128734093,567200,0.0,0.0
2022-08-17,463.725,468.736,462.718,119.25214636445565,459900,0.0,0.0
2022-08-18,465.504,468.965,463.849,119.47550449312126,407700,0.0,0.0
2022-08-19,468.033,481.887,467.472,122.30143298049458,711900,0.0,0.0
2022-08-22,480.423,487.782,479.082,123.13893945763765,972300,0.0,0.0
2022-08-23,477.171,479.405,468.784,119.74809293080646,577800,0.0,0.0
2022-08-24,468.328,471.18,465.0,119.78944928662163,664500,0.0,0.0
2022-08-25,466.046,468.233,458.61,119.53179953994234,714300,0.0,0.0
2022-08-26,467.871,470.42,459.342,117.36105541939891,619700,0.0,0.0
2022-08-29,457.488,466.73,455.282,118.57578500294818,602300,0.0,0.0
2022-08-30,464.277,467.966,460.141,118.17227775001935,984300,0.0,0.0
2022-08-31,461.006,468.413,461.006,117.74904567828989,1350600,0.0,0.0
2022-09-01,463.878,470.581,460.093,118.9710434725058,712300,0.0,0.0
2022-09-02,468.67,470.267,456.1,116.9689045158281,741100,0.0,0.0
2022-09-06,457.507,463.345,452.667,115.75157246737349,1013900,0.0,0.0
2022-09-07,453.475,463.041,451.222,117.6815945991071,795800,0.0,0.0
2022-09-08,460.043,466.802,460.043,119.03839790774407,522000,1.28,0.0
2022-09-09,473.743,476.107,469.557,120.06781903819811,958500,0.0,0.0
2022-09-12,470.32,475.182,467.393,120.08236141024821,883500,0.0,0.0
2022-09-13,464.943,466.573,456.582,116.85281657505242,864800,0.0,0.0
2022-09-14,459.528,459.976,445.761,114.28370892202788,1152100,0.0,0.0
2022-09-15,453.331,465.601,450.966,117.92520702854202,736400,0.0,0.0
2022-09-16,459.699,462.293,451.376,116.67925628736074,1112800,0.0,0.0
2022-09-19,455.609,459.528,448.831,116.62088167146733,648600,0.0,0.0
2022-09-20,456.086,456.086,447.277,115.51754221436954,793800,0.0,0.0
2022-09-21,456.763,461.396,443.74,113.12916495956723,725900,0.0,0.0
2022-09-22,440.756,444.198,436.122,112.43223624181715,873200,0.0,0.0
2022-09-23,436.656,436.656,425.206,110.21719594090257,850400,0.0,0.0
2022-09-26,426.512,432.08,420.935,108.82167248158385,827700,0.0,0.0
2022-09-27,432.032,434.32,423.156,108.29596721349499,902800,0.0,0.0
2022-09-28,428.762,434.587,419.505,83.75160459894043,1120100,0.0,0.0
2022-09-29,432.671,437.4,427.285,84.43091440700779,1070400,0.0,0.0
2022-09-30,435.465,448.669,433.062,83.95828552594456,1120500,0.0,0.0
2022-10-03,433.882,449.365,432.738,86.83267601111723,908400,0.0,0.0
2022-10-04,450.318,459.108,447.849,88.51021860277397,946200,0.0,0.0
2022-10-05,456.277,458.717,450.013,88.43075588678211,855800,0.0,0.0
2022-10-06,455.962,458.918,453.884,88.27369969588118,822100,0.0,0.0
2022-10-07,451.901,451.901,443.092,86.23899102951448,708100,0.0,0.0
2022-10-10,446.943,448.745,439.383,86.255645203305,784800,0.0,0.0
2022-10-11,444.512,455.276,442.386,86.91412746934431,751400,0.0,0.0
2022-10-12,449.165,452.74,443.339,85.89275737252376,706900,0.0,0.0
2022-10-13,436.132,455.686,434.425,87.52209220887028,1087800,0.0,0.0
2022-10-14,455.714,459.528,447.763,86.8977749221424,872400,0.0,0.0
2022-10-17,452.749,457.421,450.147,88.05481605370585,868700,0.0,0.0
2022-10-18,462.922,462.922,452.501,88.2742742890849,1291800,0.0,0.0
2022-10-19,464.666,470.492,455.228,90.01769801304641,1416300,0.0,0.0
2022-10-20,468.099,485.584,466.506,92.63828740206327,1946500,0.0,0.0
2022-10-21,479.768,497.93,479.434,94.25112324772346,1581800,0.0,0.0
2022-10-24,491.218,504.327,490.589,97.06009307385062,1502600,0.0,0.0
2022-10-25,499.865,504.575,494.088,96.58888101223198,1411300,0.0,0.0
2022-10-26,503.984,515.148,502.468,98.34612735442913,1278600,0.0,0.0
2022-10-27,509.161,511.334,504.213,97.98606670617653,904600,0.0,0.0
2022-10-28,511.172,519.762,504.985,100.17864992178333,777200,0.0,0.0
2022-10-31,514.376,523.9,513.775,100.75201995662887,1131700,0.0,0.0
2022-11-01,519.591,522.489,513.069,100.3385222195795,918500,0.0,0.0
2022-11-02,517.055,522.203,512.783,99.15020277763341,1053600,0.0,0.0
2022-11-03,511.553,515.081,507.254,98.36223663536134,735000,0.0,0.0
2022-11-04,507.826,511.925,495.384,97.02649570307682,1109100,0.0,0.0
2022-11-07,493.439,506.463,493.354,97.35772183561077,1041900,0.0,0.0
2022-11-08,507.502,512.316,500.113,97.69780633696236,1262100,0.0,0.0
2022-11-09,502.792,507.302,495.26,95.77977325691036,873500,0.0,0.0
2022-11-10,505.824,508.15,486.108,96.12536240159604,969500,0.0,0.0
2022-11-11,494.736,495.232,458.241,90.33279738001362,2411400,0.0,0.0
2022-11-14,471.75,476.221,467.45,90.22976583893067,1344500,0.0,0.0
2022-11-15,470.568,471.302,455.638,88.03586768947682,1922500,0.0,0.0
2022-11-16,459.146,465.801,452.377,87.5068492453088,1862100,0.0,0.0
2022-11-17,452.435,462.988,452.139,87.666511003886,1868300,0.0,0.0
2022-11-18,460.948,474.057,458.756,90.96873362588471,1585900,0.0,0.0
2022-11-21,471.721,479.234,470.997,91.80783441492251,1460500,0.0,0.0
2022-11-22,480.788,484.954,480.75,92.74880693417393,955600,0.0,0.0
2022-11-23,482.619,487.967,482.466,93.133631784565,656500,0.0,0.0
2022-11-25,485.908,490.732,484.659,94.35582749903433,464000,0.0,0.0
2022-11-28,487.147,492.496,486.861,94.15743219415373,722400,0.0,0.0
2022-11-29,489.902,493.42,487.271,94.62985094630271,894300,0.0,0.0
2022-11-30,492.734,508.369,490.284,97.80061675801717,2586500,0.0,0.0
2022-12-01,510.505,512.04,499.684,96.38268728825334,900700,0.0,0.0
2022-12-02,499.146,504.364,498.659,96.31472056131184,630300,1.28,0.0
2022-12-05,494.339,502.31,494.148,96.0825116430551,714100,0.0,0.0
2022-12-06,500.264,506.773,500.159,97.19089082478185,1380600,0.0,0.0
2022-12-07,505.186,511.131,504.814,97.46648608617481,1634300,0.0,0.0
2022-12-08,508.302,510.07,504.651,97.32280631202441,604500,0.0,0.0
2022-12-09,505.674,508.512,500.79,96.54719696764569,873100,0.0,0.0
2022-12-12,503.456,510.825,502.243,98.2355482769732,769500,0.0,0.0
2022-12-13,516.062,519.914,494.884,95.46402680414957,1059400,0.0,0.0
2022-12-14,498.076,499.939,491.94,95.61662659683229,874400,0.0,0.0
2022-12-15,493.278,493.307,483.492,93.54078428842705,1250200,0.0,0.0
2022-12-16,482.115,484.122,469.73,78.85275602482834,2903800,0.0,0.0
2022-12-19,479.497,485.05,477.05,78.98461149711731,783000,0.0,0.0
2022-12-20,482.765,483.702,477.691,79.26055000792701,675000,0.0,0.0
2022-12-21,485.47,488.633,473.323,80.22686920482752,721300,0.0,0.0
2022-12-22,489.283,491.329,482.469,80.10418706295822,652400,0.0,0.0
2022-12-23,487.41,492.122,483.836,80.76582276943788,711000,0.0,0.0
2022-12-27,493.909,496.967,490.822,80.75333334472455,641500,0.0,0.0
2022-12-28,494.024,498.745,488.796,80.51257195835075,576900,0.0,0.0
2022-12-29,492.743,492.743,488.643,80.54411542896548,301700,0.0,0.0
2022-12-30,490.229,491.29,485.938,80.55808151018778,468200,0.0,0.0
2023-01-03,486.149,489.293,471.67,78.84888452264346,1075600,0.0,0.0
2023-01-04,480.08,482.632,462.275,76.17247658884445,1632500,0.0,0.0
2023-01-05,463.508,463.508,450.166,74.19501307818958,1845500,0.0,0.0
2023-01-06,453.702,456.761,444.059,74.58298613774195,2329400,0.0,0.0
2023-01-09,455.834,461.405,448.886,73.83094674567924,1254700,0.0,0.0
2023-01-10,451.313,452.966,447.251,73.82635124742082,855300,0.0,0.0
2023-01-11,449.822,462.103,449.822,75.35687720061101,1240200,0.0,0.0
2023-01-12,456.933,462.476,453.55,74.81228484785365,1386600,0.0,0.0
2023-01-13,452.211,467.933,450.568,75.73494067603208,1007900,0.0,0.0
2023-01-17,462.801,466.385,458.127,75.41432969919454,967800,0.0,0.0
2023-01-18,460.631,464.779,450.233,73.94985056225273,1003600,0.0,0.0
2023-01-19,454.304,460.65,452.632,75.27206048929925,941000,0.0,0.0
2023-01-20,459.312,460.65,451.753,75.1574946184659,987600,0.0,0.0
2023-01-23,459.589,462.801,455.556,74.91420326946438,926200,0.0,0.0
2023-01-24,458.643,460.65,453.721,75.00500897148794,1269700,0.0,0.0
2023-01-25,461.606,477.738,459.169,77.63402496132491,2059500,0.0,0.0
2023-01-26,477.729,482.421,468.372,78.6611449062157,1267900,0.0,0.0
2023-01-27,480.892,482.144,467.465,77.13331682995025,1145300,0.0,0.0
2023-01-30,470.026,474.68,466.977,76.5911546103762,818100,0.0,0.0
2023-01-31,470.207,486.244,468.774,78.28094899109803,1293900,0.0,0.0
2023-02-01,476.907,481.399,471.479,78.0897001106658,1242500,0.0,0.0
2023-02-02,470.045,471.813,452.001,75.160896076165,1704700,0.0,0.0
2023-02-03,459.876,465.658,455.337,74.73718784913287,1172000,0.0,0.0
2023-02-06,459.217,462.782,456.55,74.88731347360594,977700,0.0,0.0
2023-02-07,454.534,456.856,449.449,74.76197848008736,1007800,0.0,0.0
2023-02-08,455.327,463.709,453.97,75.64384359872243,1010600,0.0,0.0
2023-02-09,463.326,466.623,461.014,75.96546066179107,948100,0.0,0.0
2023-02-10,466.748,471.851,466.471,76.77141857018745,656600,0.0,0.0
2023-02-13,468.946,479.554,468.946,77.4613195666699,880800,0.0,0.0
2023-02-14,475.34,477.853,468.478,76.87562431193493,670300,0.0,0.0
2023-02-15,464.253,469.271,463.623,76.19223562929437,769400,0.0,0.0
2023-02-16,465.381,470.217,464.406,76.17030208103549,640100,0.0,0.0
2023-02-17,465.18,473.533,463.527,77.41920448068387,798700,0.0,0.0
2023-02-21,472.214,475.244,456.636,74.84000053325364,1422100,0.0,0.0
2023-02-22,459.838,464.263,457.028,75.61752920891938,783000,0.0,0.0
2023-02-23,463.126,470.293,461.463,75.976130255963,766400,0.0,0.0
2023-02-24,463.928,464.196,455.021,74.70104196524404,1145400,0.0,0.0
2023-02-27,460.641,461.568,453.827,74.43026790880852,947500,0.0,0.0
2023-02-28,454.362,454.706,446.124,73.386990510754,1533900,0.0,0.0
2023-03-01,443.734,449.574,442.492,73.28686400586474,807700,0.0,0.0
2023-03-02,447.853,450.74,444.556,73.24777859327727,887000,0.0,0.0
2023-03-03,450.338,450.338,444.537,73.4754979140406,1236000,0.0,0.0
2023-03-06,450.577,452.766,448.465,73.88065858620017,1517300,0.0,0.0
2023-03-07,454.429,455.872,443.199,72.92925744097984,1221900,0.0,0.0
2023-03-08,443.639,447.223,442.492,72.910455193614,1346400,0.0,0.0
2023-03-09,449.777,450.803,439.298,72.08614062568067,1061400,1.48,0.0
2023-03-10,439.662,445.367,434.504,71.2348694888797,1282900,0.0,0.0
2023-03-13,435.031,447.054,435.012,71.91954935965505,944600,0.0,0.0
2023-03-14,441.378,444.091,435.079,71.86150218242638,1610800,0.0,0.0
2023-03-15,432.817,440.602,432.347,71.53172754662009,1136400,0.0,0.0
2023-03-16,435.923,450.112,434.734,73.39090116332045,1230100,0.0,0.0
2023-03-17,449.115,449.528,441.848,72.5511866954087,1743100,0.0,0.0
2023-03-20,444.207,451.426,444.207,73.14703220806672,927900,0.0,0.0
2023-03-21,448.626,451.685,447.025,73.57025350542087,847200,0.0,0.0
2023-03-22,452.48,455.299,446.019,72.89208352696036,717300,0.0,0.0
2023-03-23,447.418,451.004,424.859,69.83912286637789,1900400,0.0,0.0
2023-03-24,427.237,438.023,422.146,71.4463005572821,1668200,0.0,0.0
2023-03-27,448.53,450.937,443.181,72.57628101028631,1104200,0.0,0.0
2023-03-28,448.578,450.189,438.569,71.72023524449776,865100,0.0,0.0
2023-03-29,440.851,441.071,434.686,71.35025161479959,805000,0.0,0.0
2023-03-30,438.857,441.906,431.053,71.77900176686192,1034300,0.0,0.0
2023-03-31,442.299,442.759,438.559,71.91802422785506,1084000,0.0,0.0
2023-04-03,448.204,459.067,445.376,74.4807245795564,1224200,0.0,0.0
2023-04-04,455.405,456.689,453.161,74.31489442027673,846800,0.0,0.0
2023-04-05,459.019,467.351,454.35,75.74841856937266,1428500,0.0,0.0
2023-04-06,466.689,468.367,460.889,75.56840841087187,815900,0.0,0.0
2023-04-10,461.416,465.011,459.719,75.78538399153557,826800,0.0,0.0
2023-04-11,467.466,470.543,465.347,76.52409951784497,1121500,0.0,0.0
2023-04-12,468.031,475.74,466.986,77.03955200974399,1152600,0.0,0.0
2023-04-13,474.647,477.839,470.63,77.53962175734,932600,0.0,0.0
2023-04-14,475.088,477.034,462.605,75.68294451786444,941400,0.0,0.0
2023-04-17,463.506,464.618,459.422,75.65328301845868,881500,0.0,0.0
2023-04-18,463.075,464.791,459.719,75.46713586014455,943800,0.0,0.0
2023-04-19,448.54,450.036,434.648,71.33339146175777,2960200,0.0,0.0
2023-04-20,438.406,438.406,431.676,70.95805771963003,1952900,0.0,0.0
2023-04-21,436.22,436.738,425.348,70.30135177902976,1456300,0.0,0.0
2023-04-24,433.162,445.99,431.532,72.17591301591233,1535600,0.0,0.0
2023-04-25,445.913,450.678,441.56,71.85564894390208,1125900,0.0,0.0
2023-04-26,437.188,439.451,429.336,70.51956427676222,1156300,0.0,0.0
2023-04-27,438.79,447.073,438.79,72.52055478483364,1122500,0.0,0.0
2023-04-28,445.779,452.816,445.386,73.02523466997833,1083300,0.0,0.0
2023-05-01,449.48,457.485,449.25,73.58864257015884,785000,0.0,0.0
2023-05-02,451.953,455.098,441.829,72.65409317471189,809900,0.0,0.0
2023-05-03,447.773,448.559,437.639,71.37468996281054,937900,0.0,0.0
2023-05-04,439.106,440.563,433.536,71.14212548895168,695600,0.0,0.0
2023-05-05,443.296,450.017,439.921,72.34386092267175,800300,0.0,0.0
2023-05-08,444.494,446.536,440.266,72.45586995660483,648000,0.0,0.0
2023-05-09,446.45,449.988,441.148,71.71863651052637,601900,0.0,0.0
2023-05-10,440.592,443.593,437.965,71.54232524706906,779100,0.0,0.0
2023-05-11,439.892,440.084,435.76,71.14092816932826,823600,0.0,0.0
2023-05-12,438.751,440.592,435.549,71.24676416177405,600500,0.0,0.0
2023-05-15,439.058,439.058,430.765,70.477999259735,936800,0.0,0.0
2023-05-16,435.089,435.53,426.786,69.43148810609408,767700,0.0,0.0
2023-05-17,428.512,441.771,427.783,71.55683685936178,1175600,0.0,0.0
2023-05-18,438.051,438.464,430.736,70.81679504117683,954400,0.0,0.0
2023-05-19,437.025,442.73,435.607,71.25439367347244,891000,0.0,0.0
2023-05-22,439.768,442.251,436.124,71.13140243865288,709900,0.0,0.0
2023-05-23,435.3,441.148,431.465,71.20441414207208,1012900,0.0,0.0
2023-05-24,440.458,441.79,437.495,71.06109366950557,763100,0.0,0.0
2023-05-25,433.986,435.654,427.697,70.04069393953878,979700,0.0,0.0
2023-05-26,430.583,435.463,427.074,69.38562392640193,1201400,0.0,0.0
2023-05-30,424.485,425.607,420.468,68.73514142285467,1635500,0.0,0.0
2023-05-31,422.721,431.685,420.679,69.67633706095124,2453000,0.0,0.0
2023-06-01,431.244,448.233,429.566,72.21394681144143,1629900,0.0,0.0
2023-06-02,448.444,453.784,443.248,73.23139716810942,1618200,0.0,0.0
2023-06-05,452.893,462.202,451.646,74.6800163512419,1526000,0.0,0.0
2023-06-06,460.563,460.764,441.56,72.17787874286545,1359800,0.0,0.0
2023-06-07,444.456,446.488,440.582,71.48001481546855,1497400,0.0,0.0
2023-06-08,440.34,449.843,440.34,72.65635498322564,977400,1.48,0.0
2023-06-09,449.439,459.038,446.659,73.2629736019151,740700,0.0,0.0
2023-06-12,452.229,457.201,448.295,73.68410663918561,829400,0.0,0.0
2023-06-13,453.931,457.673,448.824,73.01884899475522,1566600,0.0,0.0
2023-06-14,423.2,427.692,412.504,67.80430352156706,3353500,0.0,0.0
2023-06-15,422.854,438.965,421.161,70.15609690456644,1753200,0.0,0.0
2023-06-16,435.752,436.676,423.498,68.82023739662725,2487200,0.0,0.0
2023-06-20,421.094,423.864,415.236,67.99553710182617,2582300,0.0,0.0
2023-06-21,421.209,434.136,420.738,69.08907195278456,1383900,0.0,0.0
2023-06-22,429.827,434.031,427.057,69.8363560463006,1146800,0.0,0.0
2023-06-23,431.26,436.262,430.183,69.9186193275009,1906500,0.0,0.0
2023-06-26,432.79,434.838,428.788,69.66509212366604,667300,0.0,0.0
2023-06-27,430.222,431.424,424.566,69.00216758292012,1372600,0.0,0.0
2023-06-28,423.873,425.749,419.632,67.84226765949552,1369700,0.0,0.0
2023-06-29,420.401,424.037,418.958,68.30477042686512,1380500,0.0,0.0
2023-06-30,421.642,429.596,419.372,68.95197638259759,1472800,0.0,0.0
2023-07-03,425.653,430.279,422.421,68.98149767421025,754200,0.0,0.0
2023-07-05,426.903,430.0,424.124,68.7560421268296,1659400,0.0,0.0
2023-07-06,425.335,425.913,420.68,68.1746593609667,1421000,0.0,0.0
2023-07-07,418.978,424.653,412.37,53.799422506188364,1497300,0.0,0.0
2023-07-10,413.553,418.833,412.928,54.176504760610314,1349900,0.0,0.0
2023-07-11,415.313,420.469,413.841,54.48887143291896,1206400,0.0,0.0
2023-07-12,410.706,412.553,396.278,51.81984435657116,3284400,0.0,0.0
2023-07-13,400.376,405.156,398.962,52.25590001856063,1904600,0.0,0.0
2023-07-14,418.583,426.682,418.401,54.831528655391054,2512900,0.0,0.0
2023-07-17,418.853,421.854,418.064,54.63627708764817,1351100,0.0,0.0
2023-07-18,424.422,432.809,421.478,55.445085736346805,1895300,0.0,0.0
2023-07-19,455.912,462.607,445.207,57.83222464856143,2649400,0.0,0.0
2023-07-20,451.296,460.029,449.247,59.378242165583394,1942900,0.0,0.0
2023-07-21,460.039,461.751,456.778,59.39951878436288,2300600,0.0,0.0
2023-07-24,453.96,457.172,451.507,58.80118233002865,1372100,0.0,0.0
2023-07-25,454.893,460.231,454.191,59.38360008105128,990300,0.0,0.0
2023-07-26,457.807,461.674,449.516,58.597216907096126,1291900,0.0,0.0
2023-07-27,452.969,456.759,451.132,58.73431527898583,900200,0.0,0.0
2023-07-28,452.161,455.403,445.563,58.27704401458933,947100,0.0,0.0
2023-07-31,449.285,454.912,447.496,58.84700561448747,857500,0.0,0.0
2023-08-01,454.547,456.201,448.448,58.389773563435256,835900,0.0,0.0
2023-08-02,456.615,459.356,452.334,58.85452150984861,963700,0.0,0.0
2023-08-03,451.382,452.815,446.188,58.389866142379454,1309700,0.0,0.0
2023-08-04,452.459,453.469,444.341,57.78409394568639,663600,0.0,0.0
2023-08-07,447.487,453.989,446.9,58.729517277443975,621100,0.0,0.0
2023-08-08,447.246,449.179,439.071,57.703994881808555,938900,0.0,0.0
2023-08-09,445.159,447.179,441.619,57.411372571894674,711000,0.0,0.0
2023-08-10,444.293,452.498,443.659,58.127697600703385,665300,0.0,0.0
2023-08-11,450.747,457.317,449.189,59.11081501816346,1030800,0.0,0.0
2023-08-14,454.133,458.355,451.382,58.77826859956739,864200,0.0,0.0
2023-08-15,451.786,453.662,448.67,58.33009986042511,648000,0.0,0.0
2023-08-16,450.747,453.325,447.227,57.996252196274085,682300,0.0,0.0
2023-08-17,441.985,447.256,440.081,57.27230869523853,1065500,0.0,0.0
2023-08-18,441.34,447.121,441.34,57.69473191092411,619000,0.0,0.0
2023-08-21,444.216,449.199,443.235,58.12809105144499,729300,0.0,0.0
2023-08-22,445.928,449.622,445.024,57.75673490774897,734200,0.0,0.0
2023-08-23,445.823,447.352,439.676,57.323775603406354,671100,0.0,0.0
2023-08-24,442.158,445.496,437.464,56.843000960564865,827900,0.0,0.0
2023-08-25,440.686,440.985,431.953,56.40756184204946,935600,0.0,0.0
2023-08-28,435.916,438.522,435.098,56.64267936952451,628500,0.0,0.0
2023-08-29,437.637,440.513,435.492,57.06488203212876,698400,0.0,0.0
2023-08-30,441.802,445.553,440.177,57.28386190534358,875700,0.0,0.0
2023-08-31,443.341,443.341,424.374,55.05214239228736,2054900,0.0,0.0
2023-09-01,428.817,430.943,422.767,55.09822185658818,1319600,0.0,0.0
2023-09-05,427.557,433.963,427.317,56.05750740684342,1053800,0.0,0.0
2023-09-06,432.972,436.3,428.308,55.538390678047215,1149900,0.0,0.0
2023-09-07,431.702,437.078,429.714,56.25960260799133,980800,1.48,0.0
2023-09-08,433.632,435.003,431.316,56.061836496213765,993400,0.0,0.0
2023-09-11,434.067,437.753,431.403,56.12549182421182,766600,0.0,0.0
2023-09-12,430.409,432.513,420.353,55.62865494874014,1217100,0.0,0.0
2023-09-13,430.409,431.384,425.101,55.364340308112446,1372000,0.0,0.0
2023-09-14,431.007,432.011,424.416,55.51029406862614,878600,0.0,0.0
2023-09-15,427.321,432.88,425.429,55.2047360942584,1581600,0.0,0.0
2023-09-18,429.811,429.811,424.146,55.304577418261694,786600,0.0,0.0
2023-09-19,425.584,427.427,418.568,54.810224852469375,1235100,0.0,0.0
2023-09-20,426.018,431.857,419.562,55.68380463759896,1085700,0.0,0.0
2023-09-21,431.075,439.973,429.068,56.30479732108063,1340400,0.0,0.0
2023-09-22,432.561,435.784,430.563,55.8370938177347,820700,0.0,0.0
2023-09-25,432.194,438.429,431.586,56.69710218811026,706200,0.0,0.0
2023-09-26,435.273,437.164,427.91,55.95811527449092,886000,0.0,0.0
2023-09-27,432.407,433.246,428.354,55.531985595925796,1001500,0.0,0.0
2023-09-28,431.76,435.62,429.801,55.84562332167338,1045300,0.0,0.0
2023-09-29,429.984,430.284,419.919,54.34489696265942,1374400,0.0,0.0
2023-10-02,420.778,425.352,416.3,54.93697208452776,1174800,0.0,0.0
2023-10-03,423.123,423.905,416.464,54.096961976191366,887400,0.0,0.0
2023-10-04,418.346,422.862,417.854,54.64823026377533,747600,0.0,0.0
2023-10-05,421.318,429.415,420.093,55.381983176182324,1088300,0.0,0.0
2023-10-06,428.595,437.319,426.829,56.13665651632676,1112700,0.0,0.0
2023-10-09,432.773,437.637,430.496,56.5158391197572,712100,0.0,0.0
2023-10-10,439.674,443.273,437.28,56.7797195591741,898600,0.0,0.0
2023-10-11,435.919,438.052,433.468,56.58469840200409,922000,0.0,0.0
2023-10-12,438.265,440.397,434.366,56.57978580638244,852300,0.0,0.0
2023-10-13,442.559,450.347,434.916,56.65213253611916,1665100,0.0,0.0
2023-10-16,420.759,453.367,420.749,57.703899437958334,2759100,0.0,0.0
2023-10-17,446.911,455.23,445.194,58.085605214170386,1453600,0.0,0.0
2023-10-18,464.157,465.633,447.133,58.5353240651903,2076700,0.0,0.0
2023-10-19,452.016,456.687,444.528,57.77837748631352,1238000,0.0,0.0
2023-10-20,447.539,447.905,437.686,56.5812477290617,1159600,0.0,0.0
2023-10-23,437.261,438.853,428.72,56.33003236218006,1644200,0.0,0.0
2023-10-24,436.238,445.058,436.199,56.432269205150455,1180300,0.0,0.0
2023-10-25,437.145,439.345,432.05,56.117167173280784,640100,0.0,0.0
2023-10-26,431.181,437.907,431.181,56.082271812077906,676200,0.0,0.0
2023-10-27,432.291,434.105,423.943,55.03387945458181,880100,0.0,0.0
2023-10-30,427.659,433.449,425.516,55.84556737093427,1114500,0.0,0.0
2023-10-31,434.269,436.47,432.619,56.10304478853744,1253700,0.0,0.0
2023-11-01,432.841,434.935,427.572,44.54591771731598,1556700,0.0,0.0
2023-11-02,430.612,436.122,422.129,45.027062072407745,1183900,0.0,0.0
2023-11-03,436.267,437.213,430.824,44.86214333236133,673100,0.0,0.0
2023-11-06,435.196,440.272,434.501,45.32445986426344,723000,0.0,0.0
2023-11-07,440.542,444.991,438.795,45.59489700021801,1202400,0.0,0.0
2023-11-08,443.109,443.669,434.318,45.18928529668843,973800,0.0,0.0
2023-11-09,438.969,440.204,434.752,45.17626438358418,793200,0.0,0.0
2023-11-10,438.458,443.408,435.398,45.6908805262291,762200,0.0,0.0
2023-11-13,442.578,446.786,439.876,46.002869605353965,581900,0.0,0.0
2023-11-14,443.804,448.784,440.417,46.03880975248415,687300,0.0,0.0
2023-11-15,444.798,446.081,436.856,45.53445508797844,1316000,0.0,0.0
2023-11-16,441.816,448.928,440.079,46.21623600747162,1082400,0.0,0.0
2023-11-17,448.89,449.266,441.401,46.15049116911297,983400,0.0,0.0
2023-11-20,443.804,451.129,443.804,46.39106571941349,799600,0.0,0.0
2023-11-21,450.694,454.854,448.272,46.909500009324304,868300,0.0,0.0
2023-11-22,456.108,464.243,456.108,47.834382578176566,979800,0.0,0.0
2023-11-24,462.96,465.344,461.29,47.7106069784459,310000,0.0,0.0
2023-11-27,462.207,464.987,459.235,47.578858202191135,1048100,0.0,0.0
2023-11-28,460.634,463.423,458.675,47.38711222964478,767700,0.0,0.0
2023-11-29,453.194,456.166,446.564,46.36663927513038,1687800,0.0,0.0
2023-11-30,451.312,463.674,448.832,47.753541586335885,2083800,0.0,0.0
2023-12-01,461.696,468.258,461.696,48.11368977171613,1361500,0.0,0.0
2023-12-04,466.376,468.663,460.885,48.11172898675494,877800,0.0,0.0
2023-12-05,465.767,469.581,462.553,48.15463984088911,1037800,1.48,0.0
2023-12-06,466.638,467.79,461.624,47.778569827669905,596900,0.0,0.0
2023-12-07,464.237,464.237,459.494,47.6445395200684,803800,0.0,0.0
2023-12-08,464.76,464.76,457.277,47.745356017692636,1099200,0.0,0.0
2023-12-11,463.056,465.138,453.522,47.558209913676436,1423100,0.0,0.0
2023-12-12,463.928,470.655,460.143,48.294638880636235,1178700,0.0,0.0
2023-12-13,467.17,473.356,461.614,48.74497795519007,822900,0.0,0.0
2023-12-14,468.535,470.442,459.552,47.92005958429703,1107500,0.0,0.0
2023-12-15,459.291,460.83,448.11,46.76688357262947,3222500,0.0,0.0
2023-12-18,454.015,456.29,451.692,46.85765337207732,926600,0.0,0.0
2023-12-19,453.221,454.122,447.404,46.49789815918791,1790600,0.0,0.0
2023-12-20,450.434,451.382,444.364,45.83932656382734,1386300,0.0,0.0
2023-12-21,446.426,450.288,445.555,46.321941485646136,1525100,0.0,0.0
2023-12-22,450.569,452.931,448.672,46.57080067410035,613400,0.0,0.0
2023-12-26,451.092,453.686,450.724,46.562860556457075,396200,0.0,0.0
2023-12-27,451.74,452.699,449.824,46.49289970265339,488700,0.0,0.0
2023-12-28,451.837,455.661,451.837,46.777536837649485,489700,0.0,0.0
2023-12-29,454.886,457.026,452.573,47.06504337758261,606100,0.0,0.0
2024-01-02,456.658,465.283,456.087,47.785062007602455,1358900,0.0,0.0
2024-01-03,466.822,472.378,463.763,47.95044704576131,1205400,0.0,0.0
2024-01-04,469.726,473.095,467.529,48.3826185854349,1037600,0.0,0.0
2024-01-05,468.574,470.907,462.282,47.90023987926369,1044200,0.0,0.0
2024-01-08,466.222,469.194,453.686,47.902198430657045,815800,0.0,0.0
2024-01-09,464.692,468.477,462.631,48.2194680741527,688000,0.0,0.0
2024-01-10,467.132,468.342,463.657,47.919186324352886,574100,0.0,0.0
2024-01-11,463.918,467.18,461.237,48.12531367414785,749600,0.0,0.0
2024-01-12,454.983,462.04,454.664,47.4024857069221,1218800,0.0,0.0
2024-01-16,463.269,463.269,456.542,47.21960205369049,775600,0.0,0.0
2024-01-17,460.743,467.955,460.065,47.50105943342568,1111100,0.0,0.0
2024-01-18,440.134,455.293,434.655,46.81874123268115,2246100,0.0,0.0
2024-01-19,455.709,455.709,448.691,46.3455062408894,2008800,0.0,0.0
2024-01-22,451.295,459.417,449.969,47.06118603047386,1727100,0.0,0.0
2024-01-23,455.206,461.934,455.206,47.09311636146338,1581200,0.0,0.0
2024-01-24,473.84,481.09,457.974,47.24351457075559,2378900,0.0,0.0
2024-01-25,456.716,465.312,446.717,47.90112538634721,2233600,0.0,0.0
2024-01-26,465.554,470.152,464.421,48.24788763460518,1272400,0.0,0.0
2024-01-29,468.313,471.701,465.544,48.51941168118871,1256000,0.0,0.0
2024-01-30,474.082,477.064,471.12,49.096389250523,1016200,0.0,0.0
2024-01-31,478.796,481.391,476.812,49.20494895484254,1018600,0.0,0.0
2024-02-01,475.089,481.09,472.775,49.40295458266708,997300,0.0,0.0
2024-02-02,480.113,481.613,474.886,49.37204102519593,1005200,0.0,0.0
2024-02-05,479.977,482.291,472.95,48.892148320429925,916900,0.0,0.0
2024-02-06,474.644,479.929,470.907,49.23989991035135,773600,0.0,0.0
2024-02-07,481.71,486.076,480.035,49.63314530961715,852600,0.0,0.0
2024-02-08,484.343,487.954,483.994,50.06592220977877,913300,0.0,0.0
2024-02-09,484.924,490.606,484.178,50.45630474866622,800900,0.0,0.0
2024-02-12,489.686,490.761,487.615,50.372500115433354,703100,0.0,0.0
2024-02-13,488.418,496.811,487.402,50.37940030979228,1064800,0.0,0.0
2024-02-14,489.26,491.042,486.231,50.459158289401245,649200,0.0,0.0
2024-02-15,490.964,494.856,490.074,50.72961773676211,690600,0.0,0.0
2024-02-16,494.255,497.895,489.928,51.10702022707768,620100,0.0,0.0
2024-02-20,496.23,498.863,492.029,50.73479892282976,611200,0.0,0.0
2024-02-21,494.497,495.165,489.87,50.78163676538517,647600,0.0,0.0
2024-02-22,498.011,498.011,490.132,51.05904771062623,815900,0.0,0.0
2024-02-23,495.398,497.789,492.155,51.25003854491326,598100,0.0,0.0
2024-02-26,498.757,500.083,490.006,50.49288444137901,831000,0.0,0.0
2024-02-27,489.454,492.91,487.082,50.578486373719,930300,0.0,0.0
2024-02-28,487.102,491.603,483.607,50.14808225961795,1083200,0.0,0.0
2024-02-29,486.918,488.825,482.697,49.9622889959763,1646000,0.0,0.0
2024-03-01,483.636,484.469,476.318,49.748582566903686,1443900,0.0,0.0
2024-03-04,484.178,496.075,482.91,50.26913626718632,1029800,0.0,0.0
2024-03-05,487.247,487.363,480.81,49.66649935125806,829000,0.0,0.0
2024-03-06,484.585,490.112,484.285,50.30228161647925,1104300,0.0,0.0
2024-03-07,491.486,493.361,486.786,50.146074272246246,1120200,1.63,0.0
2024-03-08,485.864,494.546,485.203,50.28475746812297,1055800,0.0,0.0
2024-03-11,487.699,494.011,485.427,50.665245240788984,940700,0.0,0.0
2024-03-12,491.438,493.176,488.903,50.543110209741755,689600,0.0,0.0
2024-03-13,493.72,497.964,491.875,50.93350304456631,924600,0.0,0.0
2024-03-14,494.07,496.245,490.729,51.041372853352335,1062900,0.0,0.0
2024-03-15,485.922,498.683,485.922,51.29172516072814,1444900,0.0,0.0
2024-03-18,497.177,498.304,493.633,51.11343483091642,724200,0.0,0.0
2024-03-19,498.984,501.11,496.556,51.56426487851221,659600,0.0,0.0
2024-03-20,498.916,501.528,496.498,51.411180898352306,577800,0.0,0.0
2024-03-21,498.518,500.965,497.488,51.44812076146673,649800,0.0,0.0
2024-03-22,502.538,504.383,498.809,51.366120379433085,608600,0.0,0.0
2024-03-25,499.761,500.945,495.109,51.015985614605626,572200,0.0,0.0
2024-03-26,496.74,503.198,495.915,51.69917534064729,983100,0.0,0.0
2024-03-27,504.995,506.141,502.48,51.97027980995866,685900,0.0,0.0
2024-03-28,504.956,506.141,503.014,51.82815841081588,875600,0.0,0.0
2024-04-01,501.548,503.053,499.79,51.5737341610909,647700,0.0,0.0
2024-04-02,489.398,492.302,479.396,49.86869317479602,1811500,0.0,0.0
2024-04-03,484.688,491.729,484.572,50.54137448106055,1085200,0.0,0.0
2024-04-04,492.642,493.477,482.426,49.7968225787981,1041900,0.0,0.0
2024-04-05,484.261,493.662,483.057,50.663081786009634,1005900,0.0,0.0
2024-04-08,490.583,495.75,489.544,50.927065307291706,983600,0.0,0.0
2024-04-09,495.08,499.654,492.37,51.36454765525648,940600,0.0,0.0
2024-04-10,497.634,499.139,491.185,50.695163814196455,851300,0.0,0.0
2024-04-11,494.089,494.089,485.096,50.11477380940133,880200,0.0,0.0
2024-04-12,485.932,486.844,480.046,49.66650012685875,1188700,0.0,0.0
2024-04-15,490.797,491.302,484.106,49.92539534573393,1031800,0.0,0.0
2024-04-16,497.643,499.178,489.127,50.60751480164646,1127300,0.0,0.0
2024-04-17,494.332,498.819,491.875,50.8067394721743,1401400,0.0,0.0
2024-04-18,505.558,523.554,505.558,52.400603953650936,2595100,0.0,0.0
2024-04-19,517.319,520.582,510.725,53.01862021090646,1791400,0.0,0.0
2024-04-22,514.813,521.417,512.23,53.09828047845833,1525100,0.0,0.0
2024-04-23,519.125,523.107,514.891,53.16809234292632,811700,0.0,0.0
2024-04-24,516.649,519.514,511.842,53.24888096761945,915900,0.0,0.0
2024-04-25,519.523,526.428,519.523,53.83918135077004,1067000,0.0,0.0
2024-04-26,520.941,524.418,514.687,53.59723347016264,700700,0.0,0.0
2024-04-29,523.525,525.04,517.377,53.269053208052874,640500,0.0,0.0
2024-04-30,518.28,519.174,511.9,52.72763384611557,950300,0.0,0.0
2024-05-01,509.627,512.638,504.742,52.35313532742988,977600,0.0,0.0
2024-05-02,512.502,513.357,508.617,52.42990955256969,1339700,0.0,0.0
2024-05-03,510.123,513.085,503.927,52.56439566260699,819400,0.0,0.0
2024-05-06,514.376,515.289,512.123,52.85979179985893,757000,0.0,0.0
2024-05-07,517.037,521.398,516.911,53.47859380522696,692900,0.0,0.0
2024-05-08,523.107,524.185,516.833,53.19664396416788,807700,0.0,0.0
2024-05-09,518.251,523.816,518.251,53.715737447614956,456600,0.0,0.0
2024-05-10,523.554,527.458,522.689,53.775577793573554,841400,0.0,0.0
2024-05-13,523.087,524.466,519.902,53.73458517942598,1090500,0.0,0.0
2024-05-14,524.098,524.632,518.144,53.32014021496736,656400,0.0,0.0
2024-05-15,519.417,525.71,519.417,53.85201201596653,693300,0.0,0.0
2024-05-16,525.282,530.527,524.428,54.23960754501094,943500,0.0,0.0
2024-05-17,530.692,532.177,525.787,54.619249816273076,897600,0.0,0.0
2024-05-20,531.216,532.168,525.564,54.008460241470864,534700,0.0,0.0
2024-05-21,527.05,530.73,525.156,54.404884611529646,606400,0.0,0.0
2024-05-22,528.662,534.46,527.283,54.62284075135349,766400,0.0,0.0
2024-05-23,529.837,531.565,526.943,54.23654620878726,532700,0.0,0.0
2024-05-24,529.371,530.458,505.578,51.94220363252253,1533600,0.0,0.0
2024-05-28,504.995,505.83,498.896,51.72057160444536,1522000,0.0,0.0
2024-05-29,500.625,500.625,477.007,50.34060370274214,1412200,0.0,0.0
2024-05-30,490.457,496.614,486.067,50.52146779011456,1016100,0.0,0.0
2024-05-31,508.753,526.72,503.053,53.531036158335645,4148700,0.0,0.0
2024-06-03,518.562,528.477,517.94,53.950823197155096,1238200,0.0,0.0
2024-06-04,526.661,528.108,522.029,53.722791200589135,1246500,0.0,0.0
2024-06-05,529.215,529.215,517.416,53.681011629547804,650800,0.0,0.0
2024-06-06,524.758,526.749,522.281,53.7832752311543,615000,0.0,0.0
2024-06-07,526.632,530.148,523.088,53.57415536304514,742400,0.0,0.0
2024-06-10,524.246,527.197,517.904,53.46831288616884,670900,1.63,0.0
2024-06-11,521.674,523.817,519.687,53.536032243761866,597500,0.0,0.0
2024-06-12,523.281,524.061,509.43,52.902167442983654,1282200,0.0,0.0
2024-06-13,516.054,535.74,508.261,53.707559233455925,1458300,0.0,0.0
2024-06-14,522.853,524.139,517.865,53.31333170195778,584300,0.0,0.0
2024-06-17,516.521,520.875,515.489,53.270537212058734,668500,0.0,0.0
2024-06-18,521.138,522.005,513.053,52.56103103530965,688600,0.0,0.0
2024-06-20,514.359,521.801,511.514,53.30136095295347,843900,0.0,0.0
2024-06-21,520.749,522.22,515.46,53.264411048488924,1790600,0.0,0.0
2024-06-24,525.658,528.366,521.606,53.98606609467171,651200,0.0,0.0
2024-06-25,528.327,528.327,517.904,53.34250403604935,441500,0.0,0.0
2024-06-26,519.093,521.83,515.323,53.24574076648058,659500,0.0,0.0
2024-06-27,520.934,523.262,517.943,53.39009764298184,503600,0.0,0.0
2024-06-28,528.629,531.678,519.249,53.99352798209592,1711400,0.0,0.0
2024-07-01,527.353,532.409,516.482,53.26012574349942,678600,0.0,0.0
2024-07-02,520.554,524.45,517.145,53.39640028044451,1035400,0.0,0.0
2024-07-03,525.882,525.882,511.368,52.84263004161161,656200,0.0,0.0
2024-07-05,516.57,517.281,509.284,52.83465161856618,785300,0.0,0.0
2024-07-08,517.057,518.528,512.44,52.458666248113964,658900,0.0,0.0
2024-07-09,513.54,517.846,509.293,52.72605205647941,644600,0.0,0.0
2024-07-10,514.933,520.846,513.794,53.25633580231556,632700,0.0,0.0
2024-07-11,517.719,520.953,515.567,53.1795774970404,896900,0.0,0.0
2024-07-12,522.746,523.515,516.706,53.350605409566,960000,0.0,0.0
2024-07-15,528.376,528.405,516.297,52.86228786325573,1486700,0.0,0.0
2024-07-16,529.759,540.971,522.181,55.05546909838242,1887900,0.0,0.0
2024-07-17,512.372,516.794,495.812,51.752437715784005,4192800,0.0,0.0
2024-07-18,494.234,500.429,481.366,50.11644797950083,3225600,0.0,0.0
2024-07-19,495.004,496.299,486.753,49.657575431235784,1290300,0.0,0.0
2024-07-22,487.415,492.335,485.068,50.03056866557386,921500,0.0,0.0
2024-07-23,490.961,494.254,488.058,49.884392277196504,956400,0.0,0.0
2024-07-24,491.809,501.043,490.026,50.83824037309002,1444500,0.0,0.0
2024-07-25,503.615,512.148,497.809,51.02754324774946,943700,0.0,0.0
2024-07-26,502.562,520.379,502.426,52.34748416173542,1434100,0.0,0.0
2024-07-29,513.463,518.051,506.595,52.58117572593021,1055400,0.0,0.0
2024-07-30,516.346,527.967,516.346,53.21246242432907,1028400,0.0,0.0
2024-07-31,518.976,522.6,515.157,52.79099906477014,1128500,0.0,0.0
2024-08-01,519.921,524.762,503.615,52.81085899317471,1053200,0.0,0.0
2024-08-02,520.106,523.301,514.719,53.1017973062413,874600,0.0,0.0
2024-08-05,517.749,520.028,505.835,51.930064376089305,1006400,0.0,0.0
2024-08-06,509.878,517.359,507.443,51.948901032364056,848600,0.0,0.0
2024-08-07,508.378,516.297,506.206,51.69623798182779,731500,0.0,0.0
2024-08-08,505.641,516.395,505.095,52.22722942300873,611300,0.0,0.0
2024-08-09,511.388,519.161,509.216,52.77485043508483,664100,0.0,0.0
2024-08-12,517.836,517.836,511.709,52.15425128730989,605500,0.0,0.0
2024-08-13,513.531,518.411,512.898,52.72637918714468,448700,0.0,0.0
2024-08-14,517.486,525.726,517.486,53.47185296950922,805000,0.0,0.0
2024-08-15,526.272,528.454,523.778,53.71917011902294,857600,0.0,0.0
2024-08-16,527.928,532.175,524.187,53.915187688611724,910200,0.0,0.0
2024-08-19,530.032,532.467,528.113,53.88443498657947,880200,0.0,0.0
2024-08-20,530.197,532.633,527.47,53.84970962920019,510400,0.0,0.0
2024-08-21,529.369,531.337,527.275,53.780236507103105,558700,0.0,0.0
2024-08-22,528.931,531.064,524.08,53.877368675948446,549400,0.0,0.0
2024-08-23,530.879,535.496,528.931,54.13846489595749,429100,0.0,0.0
2024-08-26,532.769,536.247,530.061,54.006473614941584,358400,0.0,0.0
2024-08-27,534.094,535.847,530.227,54.38192480787061,458900,0.0,0.0
2024-08-28,535.0,540.62,532.126,54.64514425284233,464800,0.0,0.0
2024-08-29,538.282,540.523,531.795,54.74420340813108,456100,0.0,0.0
2024-08-30,537.25,543.153,535.555,55.218040870722255,1226400,0.0,0.0
2024-09-03,541.76,552.563,541.76,46.102563929110055,902000,0.0,0.0
2024-09-04,547.264,547.556,522.434,44.85767428017101,1489200,0.0,0.0
2024-09-05,533.889,533.889,521.879,44.61858441598386,877400,0.0,0.0
2024-09-06,533.948,536.685,527.684,44.41399443664736,1059200,0.0,0.0
2024-09-09,531.279,533.782,526.788,44.55721903813951,721800,0.0,0.0
2024-09-10,530.932,533.081,525.236,44.73112869820807,881200,1.63,0.0
2024-09-11,529.545,531.782,521.113,44.66865527980398,788600,0.0,0.0
2024-09-12,531.44,534.244,525.803,44.87038061959141,731500,0.0,0.0
2024-09-13,534.557,540.233,531.303,45.27876500876083,471300,0.0,0.0
2024-09-16,541.386,547.082,539.852,45.49681617059027,709200,0.0,0.0
2024-09-17,541.298,541.298,527.952,44.66818918736438,792200,0.0,0.0
2024-09-18,531.577,532.085,525.773,44.33408902955533,851000,0.0,0.0
2024-09-19,528.871,532.026,523.204,44.21397798248502,721200,0.0,0.0
2024-09-20,524.63,527.874,523.712,44.36655145944962,1677100,0.0,0.0
2024-09-23,528.118,529.76,521.142,43.87402877101867,964700,0.0,0.0
2024-09-24,520.292,522.452,514.958,43.332399604861415,1057100,0.0,0.0
2024-09-25,517.332,522.071,508.226,42.76504418772426,1157700,0.0,0.0
2024-09-26,509.066,511.861,505.285,42.7478011168433,726200,0.0,0.0
2024-09-27,510.327,516.374,509.545,43.04822562333226,776000,0.0,0.0
2024-09-30,511.499,511.519,504.035,42.722479401458386,1318900,0.0,0.0
2024-10-01,510.688,512.623,499.062,41.99832277770562,1233900,0.0,0.0
2024-10-02,487.631,493.952,480.703,41.49419914961034,2142100,0.0,0.0
2024-10-03,493.444,494.128,484.778,40.922706354516656,1086900,0.0,0.0
2024-10-04,488.285,489.936,478.896,40.411949403479206,1473700,0.0,0.0
2024-10-07,480.733,482.237,475.506,40.40783034573463,1783900,0.0,0.0
2024-10-08,484.064,487.132,475.144,40.197897176546505,924300,0.0,0.0
2024-10-09,479.59,482.687,477.391,40.52830842247496,705700,0.0,0.0
2024-10-10,483.41,486.693,480.078,40.41897473075693,1088800,0.0,0.0
2024-10-11,482.618,493.923,482.12,41.20780520162759,1026700,0.0,0.0
2024-10-14,490.454,498.515,488.647,41.78992358026839,1184400,0.0,0.0
2024-10-15,474.88,481.671,471.617,39.67239089337102,2236100,0.0,0.0
2024-10-16,472.878,485.911,472.878,40.731360104673044,1828500,0.0,0.0
2024-10-17,395.605,436.962,388.834,36.17364659345616,8287000,0.0,0.0
2024-10-18,426.41,432.81,416.416,35.050874991296666,3318800,0.0,0.0
2024-10-21,418.37,425.6,411.091,34.351455135228335,2212400,0.0,0.0
2024-10-22,405.532,412.576,403.665,34.15405067257953,2234200,0.0,0.0
2024-10-23,406.049,410.925,402.933,33.802456890363295,1835600,0.0,0.0
2024-10-24,409.293,419.024,408.98,34.08592791239165,2352100,0.0,0.0
2024-10-25,413.279,423.88,413.279,34.58897809646282,2089400,0.0,0.0
2024-10-28,416.963,418.125,407.466,33.93127153186349,1518300,0.0,0.0
2024-10-29,407.818,408.218,401.135,33.38285913515554,1650100,0.0,0.0
2024-10-30,401.184,405.561,400.011,33.39833465508518,1930300,0.0,0.0
2024-10-31,401.106,403.509,396.299,32.989305579770054,1878800,0.0,0.0
2024-11-01,399.611,407.046,399.073,33.653288987013504,2410100,0.0,0.0
2024-11-04,405.463,409.967,404.115,33.964751198365065,1931000,0.0,0.0
2024-11-05,407.163,412.234,405.463,33.95751250252223,2185200,0.0,0.0
2024-11-06,403.392,422.542,398.693,34.85267921691549,3173000,0.0,0.0
2024-11-07,420.91,423.421,415.351,34.88601288916364,2263900,0.0,0.0
2024-11-08,420.245,421.222,411.921,34.33562541842766,1569500,0.0,0.0
2024-11-11,414.237,421.144,413.699,34.55991042897211,1620600,0.0,0.0
2024-11-12,414.383,415.487,400.891,33.531702099707296,2029400,0.0,0.0
2024-11-13,403.314,406.186,400.764,33.3664760227415,1448100,0.0,0.0
2024-11-14,402.102,404.838,395.84,33.05232192573161,1784600,0.0,0.0
2024-11-15,395.693,399.308,389.274,32.53263326702462,2616500,0.0,0.0
2024-11-18,390.808,394.403,388.776,32.533464268648395,1465500,0.0,0.0
2024-11-19,388.043,390.808,382.826,32.0013605915176,2000100,0.0,0.0
2024-11-20,387.037,390.837,382.034,32.26656206920113,2389800,0.0,0.0
2024-11-21,389.772,394.55,388.6,32.759554725299985,1380700,0.0,0.0
2024-11-22,393.886,397.383,391.14,32.67420607630026,1180200,0.0,0.0
2024-11-25,395.175,400.353,394.247,33.08155946414911,2468000,0.0,0.0
2024-11-26,399.367,399.367,388.873,32.620642949636114,1611200,0.0,0.0
2024-11-27,392.244,398.36,392.234,32.68470442991421,1179400,0.0,0.0
2024-11-29,391.795,400.334,391.238,33.024567635056194,1580900,0.0,0.0
2024-12-02,399.396,402.737,394.775,33.301729039691516,2030500,0.0,0.0
2024-12-03,402.034,402.864,397.432,33.11290861180765,1692000,0.0,0.0
2024-12-04,398.165,400.578,388.463,32.460615970547416,1903500,0.0,0.0
2024-12-05,392.063,392.544,384.411,32.009508429997716,1693500,1.63,0.0
2024-12-06,386.363,386.903,372.09,31.1141675062929,2731100,0.0,0.0
2024-12-09,376.406,390.238,376.249,32.19592331293152,2433000,0.0,0.0
2024-12-10,387.07,390.68,380.34,31.72045943756962,2201300,0.0,0.0
2024-12-11,380.212,382.439,373.159,31.36868273409782,2163900,0.0,0.0
2024-12-12,380.291,382.861,370.795,30.779839229113477,1730000,0.0,0.0
2024-12-13,371.03,380.34,368.166,31.024468419481096,1921100,0.0,0.0
2024-12-16,373.542,377.515,364.781,30.357677027723653,2636300,0.0,0.0
2024-12-17,360.847,366.9,356.639,29.78302384869282,2964400,0.0,0.0
2024-12-18,358.581,367.283,357.786,29.779791306892424,2237100,0.0,0.0
2024-12-19,358.169,363.859,355.334,29.79768826477089,2362500,0.0,0.0
2024-12-20,358.718,364.938,357.934,29.755388857178236,3445400,0.0,0.0
2024-12-23,360.651,364.379,359.366,30.153526281403867,1458400,0.0,0.0
2024-12-24,361.455,366.194,360.749,30.31972649236085,468200,0.0,0.0
2024-12-26,364.967,367.754,362.986,30.37826079895507,1252200,0.0,0.0
2024-12-27,364.516,366.998,361.544,30.166948968869054,812100,0.0,0.0
2024-12-30,362.495,362.603,358.11,29.98182994934647,1303800,0.0,0.0
2024-12-31,362.976,365.625,360.936,29.98994998691195,1205800,0.0,0.0
2025-01-02,365.301,367.724,357.698,29.739304839960106,1218900,0.0,0.0
2025-01-03,359.807,367.283,359.268,30.20148365335449,1251300,0.0,0.0
2025-01-06,366.272,376.504,365.939,30.85205362421455,1908500,0.0,0.0
2025-01-07,373.895,378.064,371.786,30.941305503529836,1190500,0.0,0.0
2025-01-08,371.884,376.887,369.372,31.143016479313886,1517600,0.0,0.0
2025-01-10,374.003,383.381,371.815,30.972657031784003,1779900,0.0,0.0
2025-01-13,377.711,390.866,373.924,32.19478848994149,2012900,0.0,0.0
2025-01-14,383.725,387.904,381.409,31.923234173575164,1345400,0.0,0.0
2025-01-15,384.931,385.539,373.149,31.607491035765193,1857100,0.0,0.0
2025-01-16,370.236,378.015,368.009,31.278537148735968,2406700,0.0,0.0
2025-01-17,379.673,382.498,376.543,31.281019828470004,2699400,0.0,0.0
2025-01-21,381.419,384.176,379.585,31.598440874032285,1999100,0.0,0.0
2025-01-22,375.219,385.098,372.58,31.72076401984027,2450900,0.0,0.0
2025-01-23,397.037,402.217,381.919,32.572277914786525,3157700,0.0,0.0
2025-01-24,389.62,395.301,387.335,32.53975070049614,1551400,0.0,0.0
2025-01-27,397.439,407.602,396.586,33.363517612312954,1961100,0.0,0.0
2025-01-28,402.393,404.542,394.202,32.88633867620378,1885000,0.0,0.0
2025-01-29,396.723,398.508,392.122,32.470014007875456,1418400,0.0,0.0
2025-01-30,391.798,392.701,385.785,32.39037459852689,1484200,0.0,0.0
2025-01-31,390.749,393.388,387.815,32.09542644318822,1184000,0.0,0.0
2025-02-03,388.531,400.745,388.482,32.848986455624114,2031200,0.0,0.0
2025-02-04,392.573,400.559,390.758,32.59499187265869,1349600,0.0,0.0
2025-02-05,392.397,395.016,388.247,32.60961855916358,1205400,0.0,0.0
2025-02-06,392.711,393.858,381.527,31.64759433817385,1453300,0.0,0.0
2025-02-07,383.705,387.227,382.214,31.724501257546184,1078000,0.0,0.0
2025-02-10,384.921,388.953,382.842,32.10481762667325,858000,0.0,0.0
2025-02-11,388.62,390.798,380.399,31.70355050122793,1229500,0.0,0.0
2025-02-12,383.813,389.562,372.207,31.24978628132746,1443600,0.0,0.0
2025-02-13,380.742,384.921,377.78,31.72741213152555,1227300,0.0,0.0
2025-02-14,384.598,387.59,380.713,31.536473938269936,1202200,0.0,0.0
2025-02-18,378.967,380.419,371.54,30.983109342094334,1588900,0.0,0.0
2025-02-19,375.572,384.558,375.239,31.721932080900917,1123900,0.0,0.0
2025-02-20,382.577,388.698,381.282,31.623793229923216,1324900,0.0,0.0
2025-02-21,371.805,382.263,370.824,31.183391471128157,1737100,0.0,0.0
2025-02-24,377.789,380.997,371.432,31.196347844807796,1299300,0.0,0.0
2025-02-25,379.614,395.507,378.761,32.51784737040269,2174400,0.0,0.0
2025-02-26,389.199,391.524,377.524,31.213762039099986,2209000,0.0,0.0
2025-02-27,381.556,391.847,379.555,31.753901541481543,1327100,0.0,0.0
2025-02-28,384.921,389.768,382.263,32.07637881126473,1554600,0.0,0.0
2025-03-03,392.407,395.762,387.286,31.96463472867938,1526000,0.0,0.0
2025-03-04,387.992,396.154,385.373,32.10733569573975,1485300,0.0,0.0
2025-03-05,386.991,392.426,386.275,32.1235612352212,911200,0.0,0.0
2025-03-06,390.297,396.752,385.598,32.54904508779986,1393900,0.0,0.0
2025-03-07,392.465,405.042,391.69,33.0852430415099,1638100,0.0,0.0
2025-03-10,402.761,413.646,402.268,33.23095613670981,2139500,1.71,0.0
2025-03-11,418.808,421.173,405.874,34.2292287266309,3153800,0.0,0.0
2025-03-12,411.469,414.464,404.544,33.32528552146495,2135400,0.0,0.0
2025-03-13,406.77,413.006,404.928,33.82502673263417,1753400,0.0,0.0
2025-03-14,410.622,416.168,408.366,34.12283646014037,1451700,0.0,0.0
2025-03-17,414.957,425.547,414.957,34.896225286400394,1494400,0.0,0.0
2025-03-18,426.837,431.625,424.335,35.35195247812024,2135000,0.0,0.0
2025-03-19,426.867,428.867,418.661,34.88127179900928,1365600,0.0,0.0
2025-03-20,424.03,429.96,421.862,35.18778967020469,1331000,0.0,0.0
2025-03-21,425.852,429.842,418.651,34.60862470185374,3034700,0.0,0.0
2025-03-24,419.656,425.892,418.464,34.61183181201415,972100,0.0,0.0
2025-03-25,422.453,422.572,413.292,34.30587617731486,1309700,0.0,0.0
2025-03-26,418.326,428.138,416.178,34.87309957177292,1224400,0.0,0.0
2025-03-27,423.645,427.281,418.464,34.98794032570407,1075200,0.0,0.0
2025-03-28,429.803,430.177,425.064,34.99196900161724,1134100,0.0,0.0
2025-03-31,428.266,432.049,424.512,35.23091245364839,1560600,0.0,0.0
2025-04-01,431.428,431.428,425.566,35.04575908151542,1283500,0.0,0.0
2025-04-02,423.754,426.246,419.971,34.77337877850551,1156300,0.0,0.0
2025-04-03,427.458,447.702,427.458,36.615759605497416,3314800,0.0,0.0
2025-04-04,443.594,451.909,422.099,34.638259453587885,4515500,0.0,0.0
2025-04-07,415.154,423.458,405.893,34.170692532222674,2422100,0.0,0.0
2025-04-08,448.284,451.929,419.853,34.791706210701626,3101900,0.0,0.0
2025-04-09,424.079,435.595,414.789,35.17553370461779,2416700,0.0,0.0
2025-04-10,431.674,437.762,421.922,35.23113762730953,1617600,0.0,0.0
2025-04-11,428.187,435.891,425.31,35.50779591530279,1350200,0.0,0.0
2025-04-14,433.142,436.698,428.532,35.617443526345234,1017100,0.0,0.0
2025-04-15,434.906,434.906,428.019,35.34192116056973,1076300,0.0,0.0
2025-04-16,431.073,434.827,425.872,35.1207847569633,1170400,0.0,0.0
2025-04-17,384.201,431.477,384.201,34.261871476432724,3569400,0.0,0.0
2025-04-21,415.39,416.168,396.229,32.79102029391036,2294400,0.0,0.0
2025-04-22,404.317,412.287,396.515,33.52532536065103,1890500,0.0,0.0
2025-04-23,408.583,426.493,408.583,34.39815512619801,1801400,0.0,0.0
2025-04-24,418.966,422.867,412.169,34.55248936579702,1485400,0.0,0.0
2025-04-25,420.414,420.414,408.248,33.974775494361225,1534500,0.0,0.0
2025-04-28,415.548,421.183,403.618,33.33552923324442,1534500,0.0,0.0
2025-04-29,408.731,409.371,402.475,33.32178879512391,1140700,0.0,0.0
2025-04-30,412.789,416.395,406.307,33.875417816310446,1356200,0.0,0.0
2025-05-01,412.129,413.144,402.042,32.872479694691165,1321800,0.0,0.0
2025-05-02,406.169,407.952,400.505,33.00664111709831,1048500,0.0,0.0
2025-05-05,406.179,411.706,401.933,33.51156708745478,1222000,0.0,0.0
2025-05-06,409.637,411.597,406.376,33.32424722588317,1080700,0.0,0.0
2025-05-07,409.164,412.671,407.509,33.600836399811826,822200,0.0,0.0
2025-05-08,409.292,413.745,405.795,33.191852533925896,897100,0.0,0.0
2025-05-09,406.485,407.519,396.131,32.55803011336473,948100,0.0,0.0
2025-05-12,400.948,417.932,400.515,33.51827141683961,2027900,0.0,0.0
2025-05-13,393.835,393.835,369.207,30.020629077486674,3575000,0.0,0.0
2025-05-14,378.29,382.703,367.749,29.93169008083571,2188600,0.0,0.0
2025-05-15,360.932,384.437,352.135,31.162405044164185,2954300,0.0,0.0
2025-05-16,385.491,397.392,384.329,32.20660085179728,2542600,0.0,0.0
2025-05-19,399.244,400.948,391.914,32.24807946679916,1329200,0.0,0.0
2025-05-20,399.411,406.819,397.323,32.933921534192116,1221200,0.0,0.0
2025-05-21,397.027,405.194,393.973,31.931171413305567,1540000,0.0,0.0
2025-05-22,389.629,394.101,378.034,30.66055325755396,1965000,0.0,0.0
2025-05-23,379.482,380.546,363.267,29.668589553880324,2479600,0.0,0.0
2025-05-27,370.104,372.133,363.346,29.962813404005857,1938400,0.0,0.0
2025-05-28,369.424,378.871,367.434,30.119421631930507,2158800,0.0,0.0
2025-05-29,372.616,377.275,370.517,30.324356482658768,1629200,0.0,0.0
2025-05-30,374.271,383.61,373.68,30.58692618951476,3195000,0.0,0.0
2025-06-02,376.625,380.152,368.685,30.041013157747862,1767400,0.0,0.0
2025-06-03,369.838,373.374,363.523,30.19283844321496,1911600,0.0,0.0
2025-06-04,373.887,379.561,373.887,30.281186832035836,1083800,0.0,0.0
2025-06-05,375.364,379.127,371.995,30.64383433386175,2130300,0.0,0.0
2025-06-06,380.418,388.289,378.921,31.33003387229805,2749700,0.0,0.0
2025-06-09,386.811,388.398,381.265,31.02994356065202,1605300,0.0,0.0
2025-06-10,383.836,385.924,376.445,30.709928788275402,1676800,1.71,0.0
2025-06-11,379.156,381.808,376.445,30.46978274595124,1247800,0.0,0.0
2025-06-12,376.158,382.342,372.725,30.8899825430867,897900,0.0,0.0
2025-06-13,379.789,384.074,378.384,30.756159873433326,958500,0.0,0.0
2025-06-16,380.828,381.036,367.738,30.107905211811925,1709300,0.0,0.0
2025-06-17,371.824,375.06,370.587,30.000556993044857,1279700,0.0,0.0
2025-06-18,371.607,374.862,368.975,30.058120516109817,1155100,0.0,0.0
2025-06-20,372.843,376.0,366.976,29.946798664360074,2950400,0.0,0.0
2025-06-23,371.884,371.884,365.907,29.778400710143657,1419900,0.0,0.0
2025-06-24,368.381,373.892,366.531,30.096540283689933,1068500,0.0,0.0
2025-06-25,369.766,372.458,367.233,29.891080212556624,1228400,0.0,0.0
2025-06-26,369.37,375.287,367.025,29.836731014431265,1367400,0.0,0.0
2025-06-27,369.974,378.068,368.975,30.493806077881754,1774400,0.0,0.0
2025-06-30,376.999,385.805,375.01,31.08510937662313,1728400,0.0,0.0
2025-07-01,385.024,396.314,383.648,31.62390649993893,1703300,0.0,0.0
2025-07-02,363.335,370.637,345.94,27.760699454240626,4805800,0.0,0.0
2025-07-03,351.273,353.479,343.555,27.56899364464144,2006200,0.0,0.0
2025-07-07,344.337,346.81,340.102,27.492792504015455,2255800,0.0,0.0
2025-07-08,342.11,346.988,341.269,27.69653271781142,1619500,0.0,0.0
2025-07-09,343.347,344.337,339.023,27.449774708726014,1822100,0.0,0.0
2025-07-10,338.994,344.831,335.817,27.41009888394783,2218500,0.0,0.0
2025-07-11,340.072,340.715,334.056,26.99569312163093,1698100,0.0,0.0
2025-07-14,334.195,336.688,331.642,26.9480801025088,1652700,0.0,0.0
2025-07-15,335.857,340.072,332.146,26.640483469422378,1739400,0.0,0.0
2025-07-16,334.046,342.714,332.661,27.293245424800805,2488100,0.0,0.0
2025-07-17,330.484,330.484,293.27,23.736285002596627,7408700,0.0,0.0
2025-07-18,287.254,290.222,273.5,21.657615068116318,8394400,0.0,0.0
2025-07-21,275.42,278.171,271.511,21.607554994896073,3583400,0.0,0.0
2025-07-22,273.085,280.476,273.085,22.015544721131644,3505400,0.0,0.0
2025-07-23,280.615,293.517,278.824,23.148750999886754,3249800,0.0,0.0
2025-07-24,286.947,292.567,276.815,21.85100821534977,3569400,0.0,0.0
2025-07-25,280.674,291.222,280.021,22.516359198542197,4807800,0.0,0.0
2025-07-28,285.74,288.431,280.516,22.27205204700626,2470400,0.0,0.0
2025-07-29,281.505,292.093,278.289,22.485193852520002,2661200,0.0,0.0
2025-07-30,287.877,291.499,283.207,22.85743772109043,2132900,0.0,0.0
2025-07-31,287.086,289.916,279.675,22.027274076702543,3261000,0.0,0.0
2025-08-01,282.989,285.057,270.957,21.36217724352216,3382600,0.0,0.0
2025-08-04,271.511,277.508,271.155,21.38315425470208,3387400,0.0,0.0
2025-08-05,271.422,279.774,271.393,21.49792216361681,2012700,0.0,0.0
2025-08-06,273.105,277.844,270.829,21.489352728219767,2487000,0.0,0.0
2025-08-07,275.984,281.555,275.271,22.040693439692433,2237000,0.0,0.0
2025-08-08,280.733,292.073,280.733,22.843038878930724,2405100,0.0,0.0
2025-08-11,291.885,296.298,286.918,22.593060368430443,1650200,0.0,0.0
2025-08-12,288.105,290.311,286.67,22.723969184891306,1522800,0.0,0.0
2025-08-13,290.994,295.763,288.501,22.87501104927885,2471500,0.0,0.0
2025-08-14,291.044,293.794,287.412,22.952534800907788,2153000,0.0,0.0
2025-08-15,307.726,308.716,300.899,24.02560787641361,3415600,0.0,0.0
2025-08-18,309.705,313.257,305.975,24.00622653175619,2509200,0.0,0.0
2025-08-19,307.004,312.664,305.282,24.213340971599848,2644200,0.0,0.0
2025-08-20,309.319,313.485,306.578,24.05762358315667,2135300,0.0,0.0
2025-08-21,306.737,310.329,305.361,24.026544926725226,1593100,0.0,0.0
2025-08-22,309.369,315.86,309.26,24.55994799495411,2961400,0.0,0.0
2025-08-25,312.98,313.722,309.339,24.36131425417334,1239000,0.0,0.0
2025-08-26,309.141,310.536,304.362,24.051280436428268,1843700,0.0,0.0
2025-08-27,306.222,309.23,303.62,24.034261031807507,1462900,0.0,0.0
2025-08-28,307.875,307.904,302.126,24.080708906153685,1193700,0.0,0.0
2025-08-29,307.469,316.73,307.182,24.711664387206895,3115300,0.0,0.0
2025-09-02,316.127,322.222,314.405,24.995396575476896,1950100,0.0,0.0
2025-09-03,316.295,320.55,314.118,24.93796310430932,1645600,0.0,0.0
2025-09-04,305.351,310.546,303.155,23.865205754416735,2826900,0.0,0.0
2025-09-05,305.253,311.951,300.958,24.294379397481755,1862300,0.0,0.0
2025-09-08,312.298,314.781,303.471,23.866174021326017,2006100,0.0,0.0
2025-09-09,307.281,313.544,306.044,24.396934582913634,1926800,0.0,0.0
2025-09-10,308.629,311.206,303.068,23.875244616861092,1723600,1.71,0.0
2025-09-11,312.4,315.971,309.545,24.500524449987157,3594500,0.0,0.0
2025-09-12,315.792,317.603,309.744,24.255767112782284,1503300,0.0,0.0
2025-09-15,310.201,311.853,304.431,23.875468025148212,2001800,0.0,0.0
2025-09-16,306.112,309.734,302.769,24.114634724176508,2068100,0.0,0.0
2025-09-17,309.903,314.171,305.605,23.996120415596092,1621200,0.0,0.0
2025-09-18,307.644,314.877,306.381,24.5566294081422,2309800,0.0,0.0
2025-09-19,315.195,316.578,311.793,24.395859398316755,3117400,0.0,0.0
2025-09-22,310.38,317.334,309.405,24.718807069856574,1456200,0.0,0.0
2025-09-23,315.643,323.244,315.643,25.168794490766565,2118400,0.0,0.0
2025-09-24,322.946,327.363,318.21,25.37395148367439,2096500,0.0,0.0
2025-09-25,324.328,326.358,313.902,24.61003624716835,1860700,0.0,0.0
2025-09-26,317.713,318.528,314.658,24.75799625589207,1482000,0.0,0.0
2025-09-29,316.678,319.981,314.39,24.841819058382747,1139300,0.0,0.0
2025-09-30,317.573,323.552,315.593,25.10689876230566,1854800,0.0,0.0
2025-10-01,322.369,331.064,321.403,25.837432724114834,2128400,0.0,0.0
2025-10-02,327.313,339.639,327.214,26.41954823045023,2181800,0.0,0.0
2025-10-03,339.53,355.169,339.341,27.204505658555576,2683000,0.0,0.0
2025-10-06,352.095,353.409,347.27,27.161015855516798,1725300,0.0,0.0
2025-10-07,352.095,357.368,350.543,27.740763698365,1782100,0.0,0.0
2025-10-08,356.274,362.959,355.667,28.114577190504235,1833900,0.0,0.0
2025-10-09,362.034,362.999,356.274,27.786036086523133,1291600,0.0,0.0
2025-10-10,358.383,359.786,350.225,27.404018842843765,1769000,0.0,0.0
2025-10-13,349.349,353.468,348.683,27.262434074572827,1173300,0.0,0.0
2025-10-14,343.35,349.628,342.604,27.18942718759142,1638300,0.0,0.0
2025-10-15,345.43,349.479,340.973,27.112510661608358,1764700,0.0,0.0
2025-10-16,345.947,349.747,345.211,27.010715533600997,1162200,0.0,0.0
2025-10-17,346.753,349.409,344.156,27.056449077707768,1440100,0.0,0.0
2025-10-20,346.982,353.966,345.838,27.464449531113274,1946900,0.0,0.0
2025-10-21,342.933,352.762,335.282,27.127361935741135,4061800,0.0,0.0
2025-10-22,345.201,346.474,336.177,26.772902667776762,3056900,0.0,0.0
2025-10-23,336.924,346.892,333.382,26.855718685221493,2493900,0.0,0.0
2025-10-24,345.231,347.24,338.296,26.549251609431764,1318300,0.0,0.0
2025-10-27,339.271,340.973,336.346,26.560084396601873,1137700,0.0,0.0
2025-10-28,340.734,345.479,335.769,26.31937985546129,1368700,0.0,0.0
2025-10-29,339.47,340.475,332.815,26.082529480665137,1572900,0.0,0.0
2025-10-30,331.292,333.66,320.15,24.94049416268479,1709900,0.0,0.0
2025-10-31,318.359,319.125,312.42,24.569835229422377,1613900,0.0,0.0
2025-11-03,316.29,316.867,307.246,24.25720279788207,1530000,0.0,0.0
2025-11-04,308.868,317.205,308.41,24.521387400124716,1548700,0.0,0.0
2025-11-05,313.474,317.384,310.53,24.63423852343061,1299800,0.0,0.0
2025-11-06,316.539,321.443,312.828,24.35073360517672,1259200,0.0,0.0
2025-11-07,311.873,316.2,309.117,24.60803389861886,1151500,0.0,0.0
2025-11-10,307.953,311.853,299.268,23.499242624370176,1964900,0.0,0.0
2025-11-11,305.187,315.723,302.043,24.37023862857478,1449600,0.0,0.0
2025-11-12,313.325,330.865,312.39,25.308914284522313,2020700,0.0,0.0
2025-11-13,323.94,330.954,319.891,25.35910185080634,1759600,0.0,0.0
2025-11-14,327.99,330.089,318.757,25.169089681675803,1392800,0.0,0.0
2025-11-17,323.821,334.755,322.727,25.558476176363044,1995800,0.0,0.0
2025-11-18,327.8,327.81,321.354,25.060914465230766,1416100,0.0,0.0
2025-11-19,322.508,322.747,314.191,24.42273682964787,1497700,0.0,0.0
2025-11-20,315.952,317.414,310.281,24.238298196158965,1120600,0.0,0.0
2025-11-21,313.922,322.687,312.469,24.82851455172122,1173700,0.0,0.0
2025-11-24,329.362,334.615,322.13,25.42857545286105,2549200,0.0,0.0
2025-11-25,329.84,337.262,328.407,25.93804225907825,1389500,0.0,0.0
2025-11-26,334.436,340.137,330.507,26.110981211961768,1691000,0.0,0.0
2025-11-28,336.814,338.187,333.849,26.0909707161058,570800,0.0,0.0
2025-12-01,335.073,337.54,327.691,25.420633878982432,1583900,0.0,0.0
2025-12-02,327.86,329.999,324.527,25.51601750148219,1034800,0.0,0.0
2025-12-03,330.327,333.252,327.94,25.50291600453642,1691800,0.0,0.0
2025-12-04,329.044,334.725,326.627,25.713320866767496,2357300,0.0,0.0
2025-12-05,333.3,333.94,328.01,25.63337054955921,1324200,1.71,0.0
2025-12-08,332.02,332.07,323.04,25.622518148656408,1765500,0.0,0.0
2025-12-09,331.55,335.79,327.21,25.560442425495427,1296200,0.0,0.0
2025-12-10,328.85,341.09,325.29,26.416283777027445,1318000,0.0,0.0
2025-12-11,343.27,362.26,341.55,27.861655590006446,2990500,0.0,0.0
2025-12-12,360.43,363.42,357.88,27.77256515018639,2090600,0.0,0.0
2025-12-15,359.0,363.5,354.82,27.896043565834326,1314900,0.0,0.0
2025-12-16,360.41,361.55,348.59,27.20934427738407,1206100,0.0,0.0
2025-12-17,349.57,351.0,343.0,26.746135586913162,1586400,0.0,0.0
2025-12-18,342.08,346.38,337.54,26.640786909242863,1860400,0.0,0.0
2025-12-19,337.65,346.61,337.61,26.336779533759547,4158300,0.0,0.0
2025-12-22,340.69,346.0,339.0,26.612084746572016,1354700,0.0,0.0
2025-12-23,342.73,345.33,341.72,26.530795678482086,806400,0.0,0.0
2025-12-24,344.4,346.86,342.54,26.53697893217866,458300,0.0,0.0
2025-12-26,342.99,350.0,342.99,27.040797756436174,624800,0.0,0.0
2025-12-29,348.35,350.47,347.3,26.9246196593718,1634900,0.0,0.0
2025-12-30,348.26,351.42,346.93,26.957059894676693,787400,0.0,0.0
