Date,Open,High,Low,Close,Volume,Dividends,Stock Splits
2019-01-02,115.617,115.758,112.964,114.535,1501300,0.0,0.0
2019-01-03,113.651,115.297,112.052,112.353,1817300,0.0,0.0
2019-01-04,113.999,116.623,113.999,116.068,1487100,0.0,0.0
2019-01-07,116.285,118.072,116.162,117.056,2906500,0.0,0.0
2019-01-08,118.533,119.154,116.943,118.702,1066600,0.0,0.0
2019-01-09,119.558,121.251,119.314,120.687,1857100,0.0,0.0
2019-01-10,120.17,122.117,119.549,122.051,960200,0.0,0.0
2019-01-11,121.543,121.995,120.649,121.477,1466100,0.0,0.0
2019-01-14,120.715,122.728,120.358,121.59,992800,0.0,0.0
2019-01-15,121.929,124.76,121.59,123.688,2168800,0.0,0.0
2019-01-16,123.923,125.381,123.443,124.459,1318000,0.0,0.0
2019-01-17,123.989,126.933,123.932,126.105,961800,0.0,0.0
2019-01-18,127.093,128.015,125.804,126.557,2233600,0.0,0.0
2019-01-22,125.823,126.435,123.697,125.08,2039800,0.0,0.0
2019-01-23,125.212,127.291,124.61,125.851,1561200,0.0,0.0
2019-01-24,125.964,126.754,124.788,124.817,1187300,0.0,0.0
2019-01-25,125.908,126.482,124.732,125.014,1909800,0.0,0.0
2019-01-28,124.271,124.365,122.361,123.914,1812900,0.0,0.0
2019-01-29,126.989,129.906,124.177,129.84,2669700,0.0,0.0
2019-01-30,130.028,131.194,128.777,130.809,2259000,0.0,0.0
2019-01-31,130.649,132.201,130.338,131.157,1880100,0.0,0.0
2019-02-01,130.818,132.605,130.178,131.42,1866700,0.0,0.0
2019-02-04,130.743,131.1,129.454,130.526,1334100,0.0,0.0
2019-02-05,130.818,132.135,130.762,131.429,1037300,0.0,0.0
2019-02-06,130.827,131.768,129.849,131.721,902600,0.0,0.0
2019-02-07,131.26,132.596,130.724,132.276,1241300,0.0,0.0
2019-02-08,131.608,132.097,129.906,131.251,996900,0.0,0.0
2019-02-11,131.072,131.298,129.162,130.432,1015400,0.0,0.0
2019-02-12,130.884,132.191,130.235,131.9,1076400,0.0,0.0
2019-02-13,132.116,132.972,131.373,132.53,745700,0.0,0.0
2019-02-14,131.928,134.289,131.298,133.781,1035600,0.0,0.0
2019-02-15,134.731,135.738,134.157,135.7,1176600,0.0,0.0
2019-02-19,135.277,136.612,134.524,135.07,1418800,0.0,0.0
2019-02-20,134.599,135.126,133.593,133.885,1640900,0.0,0.0
2019-02-21,133.875,134.327,132.784,133.584,1714600,0.0,0.0
2019-02-22,133.885,136.377,133.819,135.493,898100,0.0,0.0
2019-02-25,135.493,136.913,134.59,134.759,1433200,0.0,0.0
2019-02-26,134.825,135.418,133.772,134.063,1332700,0.0,0.0
2019-02-27,133.254,134.675,129.962,130.573,1279300,0.0,0.0
2019-02-28,129.932,132.875,129.932,131.168,1718800,0.4,0.0
2019-03-01,131.47,132.592,130.432,130.63,1997100,0.0,0.0
2019-03-04,131.234,131.621,127.432,128.394,2334500,0.0,0.0
2019-03-05,128.658,128.809,127.149,127.724,2257000,0.0,0.0
2019-03-06,127.423,127.913,121.243,121.442,3543000,0.0,0.0
2019-03-07,121.658,122.262,119.215,119.706,3655600,0.0,0.0
2019-03-08,118.404,119.423,117.017,117.677,1700400,0.0,0.0
2019-03-11,117.649,118.989,117.026,118.762,3133000,0.0,0.0
2019-03-12,119.121,122.102,119.121,121.583,2694800,0.0,0.0
2019-03-13,121.706,124.008,121.092,123.413,1584800,0.0,0.0
2019-03-14,123.413,124.8,123.196,124.309,1756200,0.0,0.0
2019-03-15,125.206,125.923,124.809,124.857,2924400,0.0,0.0
2019-03-18,124.743,127.177,124.196,127.121,2385900,0.0,0.0
2019-03-19,127.479,129.536,126.941,128.885,1767400,0.0,0.0
2019-03-20,128.828,128.96,127.007,127.432,1759900,0.0,0.0
2019-03-21,126.696,129.3,126.413,129.158,770000,0.0,0.0
2019-03-22,128.3,129.007,126.819,126.828,1560100,0.0,0.0
2019-03-25,126.177,126.206,124.121,125.149,1305500,0.0,0.0
2019-03-26,125.63,125.819,122.187,122.404,1717700,0.0,0.0
2019-03-27,121.942,123.017,120.526,121.394,1427600,0.0,0.0
2019-03-28,122.008,122.026,120.564,121.375,1031500,0.0,0.0
2019-03-29,122.045,123.366,121.14,122.998,1410600,0.0,0.0
2019-04-01,124.187,124.762,123.441,124.507,1405500,0.0,0.0
2019-04-02,124.366,124.479,122.328,123.253,958400,0.0,0.0
2019-04-03,124.045,124.668,123.508,123.781,994000,0.0,0.0
2019-04-04,124.064,125.074,123.611,124.857,1488700,0.0,0.0
2019-04-05,125.055,126.781,124.979,126.489,1592400,0.0,0.0
2019-04-08,125.913,126.13,124.262,124.375,993000,0.0,0.0
2019-04-09,123.838,125.29,123.479,124.791,1132000,0.0,0.0
2019-04-10,125.357,127.073,124.8,126.347,1111400,0.0,0.0
2019-04-11,126.498,127.092,122.338,122.762,1020800,0.0,0.0
2019-04-12,123.234,124.8,120.3,120.63,2693200,0.0,0.0
2019-04-15,120.762,120.989,119.225,119.894,1651100,0.0,0.0
2019-04-16,120.913,120.913,107.178,107.904,5138500,0.0,0.0
2019-04-17,108.262,108.734,104.064,105.668,3955700,0.0,0.0
2019-04-18,105.517,109.149,105.451,108.715,3832200,0.0,0.0
2019-04-22,108.649,110.649,107.498,108.489,3140700,0.0,0.0
2019-04-23,109.772,114.621,109.649,113.376,3050300,0.0,0.0
2019-04-24,113.442,118.347,113.376,116.828,3483800,0.0,0.0
2019-04-25,116.272,117.97,115.668,117.508,1425400,0.0,0.0
2019-04-26,116.979,118.508,114.942,118.442,1887500,0.0,0.0
2019-04-29,118.659,118.923,116.555,118.319,2223000,0.0,0.0
2019-04-30,123.074,124.14,116.583,120.026,3623900,0.0,0.0
2019-05-01,119.621,120.347,116.045,117.064,2823500,0.0,0.0
2019-05-02,117.272,118.63,115.772,118.413,2810200,0.0,0.0
2019-05-03,119.14,119.281,117.309,118.498,1580700,0.0,0.0
2019-05-06,116.489,121.602,116.206,121.489,1824900,0.0,0.0
2019-05-07,119.951,121.451,117.97,119.347,1859900,0.0,0.0
2019-05-08,119.159,119.338,117.866,118.008,2050000,0.0,0.0
2019-05-09,116.696,118.055,115.593,117.545,1475500,0.0,0.0
2019-05-10,117.498,117.923,114.291,116.743,1152900,0.0,0.0
2019-05-13,114.677,115.526,112.847,115.253,1588000,0.0,0.0
2019-05-14,115.423,116.734,114.951,115.319,1409100,0.0,0.0
2019-05-15,114.819,117.111,113.781,116.206,1252300,0.0,0.0
2019-05-16,116.357,117.432,115.319,115.753,1430600,0.0,0.0
2019-05-17,114.281,117.838,114.281,116.517,1216100,0.0,0.0
2019-05-20,115.838,118.923,115.838,118.574,1976700,0.0,0.0
2019-05-21,119.489,121.479,119.092,120.951,1683400,0.0,0.0
2019-05-22,120.196,121.196,119.857,120.951,1012900,0.0,0.0
2019-05-23,120.215,120.423,118.432,119.536,2532000,0.0,0.0
2019-05-24,118.989,120.309,115.8,116.828,2335000,0.0,0.0
2019-05-28,116.328,118.621,116.055,116.074,2719800,0.0,0.0
2019-05-29,115.951,116.074,114.036,114.96,1136000,0.0,0.0
2019-05-30,115.508,116.517,114.479,115.63,1044800,0.0,0.0
2019-05-31,114.968,115.801,113.52,114.485,1558300,0.4,0.0
2019-06-03,114.523,117.069,113.576,116.444,1588300,0.0,0.0
2019-06-04,117.4,119.473,117.268,118.81,2470400,0.0,0.0
2019-06-05,120.041,120.041,117.306,118.072,1981100,0.0,0.0
2019-06-06,118.422,120.031,117.807,119.265,987800,0.0,0.0
2019-06-07,119.927,122.189,119.87,121.536,1035000,0.0,0.0
2019-06-10,122.095,124.205,121.896,123.297,1180200,0.0,0.0
2019-06-11,123.363,123.382,120.098,121.186,2082800,0.0,0.0
2019-06-12,120.798,120.798,118.082,119.946,1173000,0.0,0.0
2019-06-13,120.05,120.836,119.198,120.561,1001000,0.0,0.0
2019-06-14,120.77,121.385,119.303,119.852,748800,0.0,0.0
2019-06-17,119.719,121.413,119.123,121.309,911800,0.0,0.0
2019-06-18,121.612,123.335,120.826,122.151,1125800,0.0,0.0
2019-06-19,122.672,123.969,120.675,123.136,1073800,0.0,0.0
2019-06-20,124.205,125.227,119.454,121.224,2082900,0.0,0.0
2019-06-21,120.874,122.038,119.038,121.366,1819400,0.0,0.0
2019-06-24,123.041,124.518,122.35,124.073,1551500,0.0,0.0
2019-06-25,124.489,129.042,123.647,127.944,3246300,0.0,0.0
2019-06-26,127.774,127.84,125.142,126.505,2027100,0.0,0.0
2019-06-27,126.903,128.587,126.59,126.922,1330300,0.0,0.0
2019-06-28,126.922,128.351,125.246,127.934,1885800,0.0,0.0
2019-07-01,129.061,129.099,126.628,127.338,1286600,0.0,0.0
2019-07-02,127.565,128.578,125.284,128.095,957800,0.0,0.0
2019-07-03,128.834,130.878,128.786,130.783,805700,0.0,0.0
2019-07-05,129.875,131.143,128.493,131.115,1139500,0.0,0.0
2019-07-08,130.282,131.181,129.534,130.007,1289200,0.0,0.0
2019-07-09,128.578,130.026,125.246,127.764,1355400,0.0,0.0
2019-07-10,130.982,130.982,128.569,129.364,1220400,0.0,0.0
2019-07-11,131.777,132.004,128.909,131.228,1412800,0.0,0.0
2019-07-12,131.19,134.191,130.812,133.935,1201300,0.0,0.0
2019-07-15,133.604,134.418,130.982,133.377,1104300,0.0,0.0
2019-07-16,133.386,134.266,132.184,132.222,1124800,0.0,0.0
2019-07-17,132.212,134.399,131.351,132.477,1295000,0.0,0.0
2019-07-18,132.515,134.172,131.484,133.67,1059300,0.0,0.0
2019-07-19,133.878,134.37,131.947,132.014,1092700,0.0,0.0
2019-07-22,132.667,133.831,132.222,133.045,1234100,0.0,0.0
2019-07-23,133.225,133.452,131.257,133.14,1166600,0.0,0.0
2019-07-24,132.724,135.856,131.417,135.62,1278500,0.0,0.0
2019-07-25,135.771,135.8,133.802,134.276,1042600,0.0,0.0
2019-07-26,136.774,138.223,136.046,137.295,2639400,0.0,0.0
2019-07-29,137.238,139.093,136.349,138.336,2752700,0.0,0.0
2019-07-30,124.262,129.619,121.451,125.691,6907300,0.0,0.0
2019-07-31,125.36,128.928,125.123,126.363,3187400,0.0,0.0
2019-08-01,126.06,126.06,121.65,122.606,1631800,0.0,0.0
2019-08-02,122.256,123.041,119.605,120.334,1608200,0.0,0.0
2019-08-05,119.066,119.407,115.706,116.927,1867600,0.0,0.0
2019-08-06,117.713,118.659,115.318,117.675,1578400,0.0,0.0
2019-08-07,116.662,119.605,115.479,119.35,1588600,0.0,0.0
2019-08-08,119.416,120.296,118.356,119.842,1722300,0.0,0.0
2019-08-09,120.893,121.593,119.643,120.675,1358300,0.0,0.0
2019-08-12,119.785,120.211,117.873,119.066,1748400,0.0,0.0
2019-08-13,118.451,122.331,118.451,121.054,1206300,0.0,0.0
2019-08-14,119.113,119.719,115.98,116.671,2222600,0.0,0.0
2019-08-15,116.69,117.656,115.876,116.671,1643100,0.0,0.0
2019-08-16,117.372,118.962,116.501,117.296,1447800,0.0,0.0
2019-08-19,119.113,119.189,115.876,117.94,1084800,0.0,0.0
2019-08-20,117.694,117.921,115.886,116.596,1823700,0.0,0.0
2019-08-21,116.955,117.542,116.255,116.965,1336500,0.0,0.0
2019-08-22,117.372,117.523,115.649,115.697,1276300,0.0,0.0
2019-08-23,115.744,116.709,112.715,113.368,1394600,0.0,0.0
2019-08-26,114.248,114.371,113.075,113.964,999100,0.0,0.0
2019-08-27,114.4,115.11,111.116,111.116,1194800,0.0,0.0
2019-08-28,110.737,113.169,110.387,112.677,973000,0.0,0.0
2019-08-29,113.756,114.731,113.151,114.286,1089700,0.0,0.0
2019-08-30,115.188,115.435,113.916,114.144,827400,0.4,0.0
2019-09-03,113.004,114.524,112.397,113.916,1946700,0.0,0.0
2019-09-04,115.245,116.375,114.391,115.198,1233600,0.0,0.0
2019-09-05,115.929,118.085,115.473,117.99,1872000,0.0,0.0
2019-09-06,119.766,120.373,118.009,119.747,1495800,0.0,0.0
2019-09-09,119.898,121.883,118.987,121.086,1342600,0.0,0.0
2019-09-10,120.924,123.716,120.649,123.545,2101300,0.0,0.0
2019-09-11,123.08,124.694,122.5,124.656,1793700,0.0,0.0
2019-09-12,125.302,125.815,122.14,122.206,1135000,0.0,0.0
2019-09-13,122.975,124.637,122.292,122.567,1005000,0.0,0.0
2019-09-16,122.168,123.032,121.665,122.453,992100,0.0,0.0
2019-09-17,121.959,121.959,118.588,118.693,1586300,0.0,0.0
2019-09-18,118.066,119.528,117.164,119.205,1798800,0.0,0.0
2019-09-19,119.69,121.674,119.272,120.43,1233900,0.0,0.0
2019-09-20,120.972,121.162,117.838,118.018,2265100,0.0,0.0
2019-09-23,117.657,118.607,116.015,117.221,1952900,0.0,0.0
2019-09-24,117.752,117.933,114.78,115.179,1840900,0.0,0.0
2019-09-25,114.666,115.141,112.159,113.099,1440100,0.0,0.0
2019-09-26,113.574,113.944,110.659,112.178,1938700,0.0,0.0
2019-09-27,112.919,114.752,112.586,112.966,1401100,0.0,0.0
2019-09-30,112.909,115.53,112.463,114.353,2486800,0.0,0.0
2019-10-01,114.647,115.312,109.918,111.143,1643200,0.0,0.0
2019-10-02,110.212,110.507,108.38,109.291,1554000,0.0,0.0
2019-10-03,109.035,110.431,108.475,110.108,1194300,0.0,0.0
2019-10-04,110.583,111.998,110.26,111.694,1189400,0.0,0.0
2019-10-07,111.304,113.071,111.276,112.226,1725800,0.0,0.0
2019-10-08,111.485,111.76,110.336,110.763,1264900,0.0,0.0
2019-10-09,111.77,112.33,111.532,111.627,1194200,0.0,0.0
2019-10-10,112.197,113.631,111.713,112.586,930800,0.0,0.0
2019-10-11,113.508,116.148,113.451,114.362,1149700,0.0,0.0
2019-10-14,113.963,114.305,113.042,113.413,584200,0.0,0.0
2019-10-15,114.552,116.451,114.068,115.388,1045900,0.0,0.0
2019-10-16,115.559,115.806,114.837,115.312,1077200,0.0,0.0
2019-10-17,116.062,116.831,115.511,116.613,806000,0.0,0.0
2019-10-18,116.556,117.771,116.024,117.411,1206500,0.0,0.0
2019-10-21,117.42,118.759,117.002,117.382,842500,0.0,0.0
2019-10-22,117.885,119.718,117.031,118.92,1013200,0.0,0.0
2019-10-23,118.854,120.326,118.645,118.939,921800,0.0,0.0
2019-10-24,119.528,119.576,117.952,118.702,877400,0.0,0.0
2019-10-25,117.515,120.63,116.594,119.908,1228700,0.0,0.0
2019-10-28,119.937,121.342,119.908,120.478,1501100,0.0,0.0
2019-10-29,127.144,129.205,123.45,128.189,3158600,0.0,0.0
2019-10-30,127.647,128.322,126.061,127.98,1501100,0.0,0.0
2019-10-31,127.799,128.084,125.34,126.812,2405900,0.0,0.0
2019-11-01,127.828,129.471,126.878,126.916,1483900,0.0,0.0
2019-11-04,127.106,129.471,126.517,129.357,2345100,0.0,0.0
2019-11-05,129.784,130.99,127.543,127.571,1194500,0.0,0.0
2019-11-06,128.027,128.417,126.688,128.075,1016900,0.0,0.0
2019-11-07,129.005,130.097,128.749,129.347,1840100,0.0,0.0
2019-11-08,129.148,130.791,128.91,129.945,879600,0.0,0.0
2019-11-11,128.92,129.376,127.761,128.512,886700,0.0,0.0
2019-11-12,128.711,129.347,127.847,128.331,962400,0.0,0.0
2019-11-13,127.467,128.445,127.125,127.619,1033400,0.0,0.0
2019-11-14,127.799,129.015,127.419,127.714,1038100,0.0,0.0
2019-11-15,126.745,132.984,126.394,131.094,3044000,0.0,0.0
2019-11-18,130.933,131.683,129.366,129.888,1455900,0.0,0.0
2019-11-19,130.211,131.845,129.376,131.816,2353800,0.0,0.0
2019-11-20,131.702,133.212,130.8,132.718,2356000,0.0,0.0
2019-11-21,132.538,133.098,131.313,132.272,1367800,0.0,0.0
2019-11-22,133.165,133.288,131.655,132.187,1210900,0.0,0.0
2019-11-25,132.87,134.741,131.902,134.409,1515300,0.0,0.0
2019-11-26,134.266,134.266,131.873,131.902,1369100,0.0,0.0
2019-11-27,132.652,134.162,132.168,132.88,1033200,0.0,0.0
2019-11-29,132.242,133.156,131.499,132.051,619400,0.4,0.0
2019-12-02,132.394,133.48,131.794,131.889,951800,0.0,0.0
2019-12-03,130.48,132.156,129.899,131.585,1407200,0.0,0.0
2019-12-04,132.299,134.642,132.023,133.908,1395400,0.0,0.0
2019-12-05,134.575,134.632,132.651,133.975,954900,0.0,0.0
2019-12-06,137.137,137.889,136.384,137.718,1749100,0.0,0.0
2019-12-09,137.137,137.308,135.651,136.032,2669900,0.0,0.0
2019-12-10,136.232,136.546,135.203,135.651,1156600,0.0,0.0
2019-12-11,135.384,136.87,135.346,135.737,1418100,0.0,0.0
2019-12-12,136.108,137.546,135.594,136.737,1117900,0.0,0.0
2019-12-13,136.356,137.146,134.937,136.051,822400,0.0,0.0
2019-12-16,137.051,137.651,136.013,136.822,2277800,0.0,0.0
2019-12-17,137.089,137.099,136.318,136.594,1720200,0.0,0.0
2019-12-18,136.775,137.384,136.508,137.213,1318100,0.0,0.0
2019-12-19,137.594,139.518,137.47,138.46,1882300,0.0,0.0
2019-12-20,141.184,143.013,140.07,140.498,2864700,0.0,0.0
2019-12-23,140.032,142.032,139.975,141.67,1309100,0.0,0.0
2019-12-24,141.479,141.613,139.994,140.927,455000,0.0,0.0
2019-12-26,140.86,141.936,140.194,141.203,679900,0.0,0.0
2019-12-27,141.241,142.241,140.918,142.146,678000,0.0,0.0
2019-12-30,142.232,142.413,140.289,140.518,754800,0.0,0.0
2019-12-31,140.375,141.041,140.289,140.765,811600,0.0,0.0
2020-01-02,141.098,141.565,139.108,140.46,780100,0.0,0.0
2020-01-03,138.356,141.289,137.899,140.889,1191700,0.0,0.0
2020-01-06,139.775,141.679,139.232,141.422,1059600,0.0,0.0
2020-01-07,139.537,141.698,139.537,141.232,817600,0.0,0.0
2020-01-08,141.765,142.613,140.67,142.165,883200,0.0,0.0
2020-01-09,142.289,142.603,140.346,140.394,953000,0.0,0.0
2020-01-10,141.003,141.489,140.46,141.079,940500,0.0,0.0
2020-01-13,141.375,141.46,139.746,140.146,1869400,0.0,0.0
2020-01-14,139.575,141.308,139.47,140.86,1182100,0.0,0.0
2020-01-15,141.07,141.641,139.956,140.232,1168300,0.0,0.0
2020-01-16,140.851,141.508,139.87,140.727,1007500,0.0,0.0
2020-01-17,141.213,141.765,140.537,141.327,1685400,0.0,0.0
2020-01-21,140.698,141.222,139.889,140.222,1501100,0.0,0.0
2020-01-22,140.975,141.308,139.603,140.127,1443900,0.0,0.0
2020-01-23,140.127,140.279,138.613,139.698,1084000,0.0,0.0
2020-01-24,140.041,140.318,135.642,136.613,1161200,0.0,0.0
2020-01-27,134.756,135.88,134.08,134.851,1696300,0.0,0.0
2020-01-28,140.47,140.946,137.299,138.565,2380000,0.0,0.0
2020-01-29,138.889,140.203,137.765,138.318,2031300,0.0,0.0
2020-01-30,137.937,138.327,134.099,136.613,2193800,0.0,0.0
2020-01-31,135.394,136.375,131.413,132.185,3039700,0.0,0.0
2020-02-03,133.07,135.48,132.47,135.042,2073600,0.0,0.0
2020-02-04,136.356,138.241,136.099,137.489,1504100,0.0,0.0
2020-02-05,138.013,144.041,137.956,143.841,2331800,0.0,0.0
2020-02-06,144.413,144.689,141.622,142.146,1269900,0.0,0.0
2020-02-07,141.422,141.965,137.403,138.975,2395800,0.0,0.0
2020-02-10,138.784,139.756,138.337,139.689,1260400,0.0,0.0
2020-02-11,139.994,142.508,139.765,142.432,1232400,0.0,0.0
2020-02-12,142.965,144.67,142.375,143.384,1776900,0.0,0.0
2020-02-13,142.813,144.727,142.213,143.689,1544800,0.0,0.0
2020-02-14,143.651,143.794,140.86,142.441,1822100,0.0,0.0
2020-02-18,141.908,142.413,139.813,141.165,1401700,0.0,0.0
2020-02-19,141.165,143.06,140.994,142.927,1131900,0.0,0.0
2020-02-20,142.556,142.556,139.994,141.051,801200,0.0,0.0
2020-02-21,140.194,142.041,139.803,140.946,800600,0.0,0.0
2020-02-24,135.013,136.422,132.823,133.346,1515900,0.0,0.0
2020-02-25,134.061,134.213,125.842,126.661,2268400,0.0,0.0
2020-02-26,128.08,129.775,122.09,122.252,2715300,0.0,0.0
2020-02-27,120.709,127.499,119.195,121.29,3293100,0.0,0.0
2020-02-28,117.534,121.863,117.487,121.366,4689100,0.43,0.0
2020-03-02,121.424,129.527,119.455,129.049,3978900,0.0,0.0
2020-03-03,128.829,132.537,121.204,123.048,3250600,0.0,0.0
2020-03-04,129.479,133.779,127.749,129.221,3194200,0.0,0.0
2020-03-05,125.523,126.746,119.426,122.15,3389800,0.0,0.0
2020-03-06,118.079,121.768,116.818,121.548,2732900,0.0,0.0
2020-03-09,114.114,115.948,105.599,111.553,3248400,0.0,0.0
2020-03-10,115.461,116.827,108.342,115.499,3247100,0.0,0.0
2020-03-11,112.317,113.32,105.724,107.587,4054800,0.0,0.0
2020-03-12,99.369,104.176,96.522,96.999,4602200,0.0,0.0
2020-03-13,102.37,103.698,96.579,99.646,6110000,0.0,0.0
2020-03-16,88.868,92.26,80.143,80.697,5711600,0.0,0.0
2020-03-17,82.494,83.516,72.91,74.018,7008100,0.0,0.0
2020-03-18,69.775,70.912,55.786,65.103,6345800,0.0,0.0
2020-03-19,64.023,84.09,63.822,79.79,5333900,0.0,0.0
2020-03-20,81.414,84.52,71.686,75.012,5947500,0.0,0.0
2020-03-23,77.315,81.758,71.992,75.26,5829200,0.0,0.0
2020-03-24,82.475,87.969,79.264,82.895,4505300,0.0,0.0
2020-03-25,83.383,91.62,81.624,88.485,5038000,0.0,0.0
2020-03-26,90.865,99.13,86.173,90.244,4787300,0.0,0.0
2020-03-27,86.383,88.151,82.179,83.449,3708200,0.0,0.0
2020-03-30,85.026,88.304,82.198,86.918,3361900,0.0,0.0
2020-03-31,85.628,87.759,83.707,85.857,2929400,0.0,0.0
2020-04-01,80.191,82.551,78.375,80.009,3224500,0.0,0.0
2020-04-02,78.949,84.892,78.117,80.172,2180800,0.0,0.0
2020-04-03,79.618,80.602,76.197,78.194,2080800,0.0,0.0
2020-04-06,82.704,90.005,81.261,89.422,3918600,0.0,0.0
2020-04-07,95.088,98.05,93.473,94.228,4568000,0.0,0.0
2020-04-08,95.556,105.905,94.83,103.258,4130300,0.0,0.0
2020-04-09,103.899,107.195,100.936,103.258,3551600,0.0,0.0
2020-04-13,102.398,103.182,97.143,99.006,2817100,0.0,0.0
2020-04-14,100.621,107.711,100.545,107.539,3677100,0.0,0.0
2020-04-15,101.768,106.402,101.768,104.615,2513200,0.0,0.0
2020-04-16,104.663,105.829,101.882,103.507,2592500,0.0,0.0
2020-04-17,107.788,110.922,106.278,110.521,2362100,0.0,0.0
2020-04-20,107.587,109.814,103.86,105.523,2835200,0.0,0.0
2020-04-21,99.197,109.211,96.092,100.783,4039600,0.0,0.0
2020-04-22,103.516,104.071,99.704,99.876,3110800,0.0,0.0
2020-04-23,100.812,104.634,99.962,100.086,2897000,0.0,0.0
2020-04-24,101.299,103.784,99.646,103.039,2366100,0.0,0.0
2020-04-27,104.023,106.937,103.851,105.963,2328700,0.0,0.0
2020-04-28,106.698,108.686,104.051,104.405,2354100,0.0,0.0
2020-04-29,107.587,110.817,106.459,108.294,2838200,0.0,0.0
2020-04-30,106.889,107.31,104.214,104.997,2205400,0.0,0.0
2020-05-01,102.609,103.793,99.092,100.201,1850700,0.0,0.0
2020-05-04,98.691,99.685,96.952,99.006,2459700,0.0,0.0
2020-05-05,100.908,103.669,100.258,101.729,2144600,0.0,0.0
2020-05-06,102.169,102.169,94.649,95.06,2694500,0.0,0.0
2020-05-07,96.55,100.162,95.92,97.984,1830200,0.0,0.0
2020-05-08,99.856,103.316,99.455,103.125,1694500,0.0,0.0
2020-05-11,101.089,101.863,98.471,99.512,2764200,0.0,0.0
2020-05-12,100.239,100.306,95.021,95.126,2822500,0.0,0.0
2020-05-13,95.671,96.78,93.98,95.853,4652700,0.0,0.0
2020-05-14,94.286,95.002,91.6,94.763,3935800,0.0,0.0
2020-05-15,94.037,95.662,92.795,94.352,4201400,0.0,0.0
2020-05-18,97.964,103.516,97.85,100.908,5842900,0.0,0.0
2020-05-19,99.742,101.777,98.089,99.245,4048300,0.0,0.0
2020-05-20,101.156,102.456,99.656,101.691,4987800,0.0,0.0
2020-05-21,101.166,103.621,100.955,103.249,3738000,0.0,0.0
2020-05-22,103.669,103.956,100.812,101.949,2122500,0.0,0.0
2020-05-26,106.02,108.562,104.137,104.223,2118200,0.0,0.0
2020-05-27,106.068,108.896,105.351,108.609,2074800,0.0,0.0
2020-05-28,109.89,110.368,104.558,104.892,1724100,0.0,0.0
2020-05-29,104.357,105.026,99.876,102.15,3055400,0.0,0.0
2020-06-01,102.093,105.533,101.815,103.994,1339100,0.0,0.0
2020-06-02,104.701,105.036,103.039,104.176,1185800,0.0,0.0
2020-06-03,104.873,108.179,103.019,103.144,2788500,0.0,0.0
2020-06-04,102.771,103.784,100.688,102.207,2191400,0.0,0.0
2020-06-05,107.511,112.288,106.278,110.425,3081700,0.0,0.0
2020-06-08,112.279,113.426,111.218,112.795,1839000,0.0,0.0
2020-06-09,110.779,111.696,107.214,110.845,2589600,0.0,0.0
2020-06-10,110.148,111.027,103.879,105.198,3296400,0.0,0.0
2020-06-11,100.334,102.207,96.311,96.617,4087900,0.0,0.0
2020-06-12,100.181,101.921,94.123,96.082,3666500,0.0,0.0
2020-06-15,93.445,99.704,92.766,98.939,1950000,0.0,0.0
2020-06-16,104.243,104.491,98.538,99.627,2368500,0.0,0.0
2020-06-17,99.942,100.659,94.171,94.696,2494200,0.0,0.0
2020-06-18,93.817,97.181,92.432,95.652,2789900,0.0,0.0
2020-06-19,97.382,98.758,93.101,93.196,2713100,0.0,0.0
2020-06-22,93.024,94.716,92.699,93.951,5367700,0.0,0.0
2020-06-23,96.178,96.971,92.804,94.677,2175000,0.0,0.0
2020-06-24,93.101,93.521,88.906,89.565,3410000,0.0,0.0
2020-06-25,88.906,90.607,87.157,89.202,4443400,0.0,0.0
2020-06-26,89.154,90.387,87.377,88.371,2428800,0.0,0.0
2020-06-29,89.489,91.944,88.036,91.925,2540700,0.0,0.0
2020-06-30,91.925,93.292,89.594,92.747,1841200,0.0,0.0
2020-07-01,92.413,95.795,91.744,93.722,2240100,0.0,0.0
2020-07-02,95.748,97.64,93.387,93.617,1546000,0.0,0.0
2020-07-06,95.26,95.614,92.986,94.802,1361500,0.0,0.0
2020-07-07,93.731,94.706,91.887,91.964,1280500,0.0,0.0
2020-07-08,91.944,91.944,89.202,91.381,1600800,0.0,0.0
2020-07-09,91.505,91.715,87.969,90.148,2934100,0.0,0.0
2020-07-10,89.661,92.709,89.106,92.422,1693900,0.0,0.0
2020-07-13,90.779,95.279,90.779,92.527,2607800,0.0,0.0
2020-07-14,92.26,94.725,91.476,94.563,1826400,0.0,0.0
2020-07-15,97.2,101.691,96.703,100.955,3859000,0.0,0.0
2020-07-16,100.181,103.507,98.853,102.379,2901600,0.0,0.0
2020-07-17,102.647,103.516,100.611,101.347,1581400,0.0,0.0
2020-07-20,100.908,101.596,98.586,100.306,3112900,0.0,0.0
2020-07-21,101.548,105.313,101.481,104.472,2483300,0.0,0.0
2020-07-22,110.177,118.853,109.985,116.98,5347900,0.0,0.0
2020-07-23,119.446,121.815,118.433,121.328,4157800,0.0,0.0
2020-07-24,120.888,120.888,118.547,119.933,1646100,0.0,0.0
2020-07-27,119.446,120.067,118.117,119.761,1655500,0.0,0.0
2020-07-28,119.627,121.099,118.079,118.452,1530900,0.0,0.0
2020-07-29,119.618,124.978,119.331,124.013,2429200,0.0,0.0
2020-07-30,122.417,122.771,120.153,122.36,1544500,0.0,0.0
2020-07-31,122.198,122.198,118.882,121.013,2549200,0.0,0.0
2020-08-03,121.462,121.643,119.264,120.277,1125100,0.0,0.0
2020-08-04,119.35,123.067,118.834,122.685,2115200,0.0,0.0
2020-08-05,123.898,126.029,123.44,124.615,2232500,0.0,0.0
2020-08-06,125.103,127.061,124.739,126.44,1687600,0.0,0.0
2020-08-07,125.657,127.09,122.924,124.481,1372400,0.0,0.0
2020-08-10,124.529,127.071,124.529,126.584,1052200,0.0,0.0
2020-08-11,127.979,128.973,125.045,125.743,1493000,0.0,0.0
2020-08-12,126.966,127.195,124.558,126.259,1252000,0.0,0.0
2020-08-13,125.523,125.523,123.851,124.864,819600,0.0,0.0
2020-08-14,124.462,128.915,123.927,128.457,1295100,0.0,0.0
2020-08-17,127.969,129.46,127.405,128.332,1365400,0.0,0.0
2020-08-18,128.409,128.619,126.545,127.96,898400,0.0,0.0
2020-08-19,127.864,129.527,126.373,127.128,1415900,0.0,0.0
2020-08-20,126.307,127.749,124.357,125.322,1245400,0.0,0.0
2020-08-21,124.94,127.071,124.5,126.622,1194600,0.0,0.0
2020-08-24,127.568,129.068,126.135,128.409,3161400,0.0,0.0
2020-08-25,128.523,128.762,125.905,128.151,994300,0.0,0.0
2020-08-26,127.654,127.855,124.128,125.781,1014900,0.0,0.0
2020-08-27,126.67,131.849,126.039,128.447,1998400,0.0,0.0
2020-08-28,128.437,130.062,126.488,129.947,1090600,0.0,0.0
2020-08-31,129.546,131.734,129.049,129.689,2449000,0.0,0.0
2020-09-01,128.38,128.619,126.679,128.237,1354200,0.0,0.0
2020-09-02,128.705,133.282,127.052,132.03,2198000,0.0,0.0
2020-09-03,132.604,133.177,128.332,130.53,1860100,0.0,0.0
2020-09-04,130.568,132.995,128.858,130.96,1123400,0.0,0.0
2020-09-08,130.224,130.224,126.507,126.641,1418800,0.0,0.0
2020-09-09,127.711,129.326,126.861,127.864,1953900,0.0,0.0
2020-09-10,128.82,130.387,128.141,128.686,2093100,0.0,0.0
2020-09-11,128.648,129.145,126.307,128.046,745600,0.0,0.0
2020-09-14,129.068,130.263,127.902,129.689,1658200,0.0,0.0
2020-09-15,130.874,132.594,128.915,129.766,1320500,0.0,0.0
2020-09-16,130.826,132.995,130.645,131.877,1327200,0.0,0.0
2020-09-17,130.224,131.753,128.218,131.046,1381100,0.0,0.0
2020-09-18,130.138,130.807,126.221,126.373,2070700,0.0,0.0
2020-09-21,120.325,120.372,113.827,119.876,3631400,0.0,0.0
2020-09-22,119.885,120.239,114.257,115.289,2639200,0.0,0.0
2020-09-23,116.378,116.665,110.912,111.161,2260100,0.0,0.0
2020-09-24,110.884,113.856,109.297,111.753,1290400,0.0,0.0
2020-09-25,110.931,116.034,110.597,115.193,1439500,0.0,0.0
2020-09-28,117.038,118.356,115.451,115.967,1119300,0.0,0.0
2020-09-29,116.579,116.722,112.546,114.84,1132100,0.0,0.0
2020-09-30,115.719,120.736,115.193,119.14,1899200,0.0,0.0
2020-10-01,119.197,120.114,116.082,119.025,1847900,0.0,0.0
2020-10-02,116.101,122.484,116.063,121.404,1489900,0.0,0.0
2020-10-05,122.484,124.969,121.252,124.386,1481700,0.0,0.0
2020-10-06,124.978,126.517,122.513,122.666,1257600,0.0,0.0
2020-10-07,124.223,126.459,122.847,123.335,1001500,0.0,0.0
2020-10-08,124.118,126.593,123.22,125.972,1135500,0.0,0.0
2020-10-09,133.301,133.779,127.281,128.007,2754300,0.0,0.0
2020-10-12,129.001,129.278,124.118,124.443,1332500,0.0,0.0
2020-10-13,124.491,127.749,122.618,127.033,1435700,0.0,0.0
2020-10-14,126.727,130.683,126.373,128.676,1197100,0.0,0.0
2020-10-15,126.612,132.355,126.173,131.667,1327800,0.0,0.0
2020-10-16,131.667,133.282,128.734,129.116,1197600,0.0,0.0
2020-10-19,128.581,130.712,127.472,128.361,894500,0.0,0.0
2020-10-20,128.361,131.849,127.769,130.358,980900,0.0,0.0
2020-10-21,129.565,132.718,129.565,129.938,1257300,0.0,0.0
2020-10-22,129.747,131.973,128.457,129.202,1485200,0.0,0.0
2020-10-23,130.731,131.715,128.81,130.521,897200,0.0,0.0
2020-10-26,128.523,131.342,124.692,129.412,1966800,0.0,0.0
2020-10-27,128.724,129.383,124.606,124.759,1451000,0.0,0.0
2020-10-28,122.35,124.3,119.971,120.927,1342600,0.0,0.0
2020-10-29,120.632,121.684,118.385,119.896,1343900,0.072,0.0
2020-10-30,119.514,121.12,116.559,118.5,1718800,0.0,0.0
2020-11-02,120.575,125.002,119.686,124.868,2013000,0.0,0.0
2020-11-03,126.962,131.197,126.541,130.117,1656100,0.0,0.0
2020-11-04,130.021,132.545,125.786,126.015,2301300,0.0,0.0
2020-11-05,128.052,134.324,127.66,131.522,1681800,0.0,0.0
2020-11-06,131.302,133.435,130.365,132.421,1004200,0.0,0.0
2020-11-09,141.208,145.969,139.582,140.854,3778600,0.0,0.0
2020-11-10,139.955,148.139,139.955,145.434,2497400,0.0,0.0
2020-11-11,144.975,145.329,138.425,139.085,1456300,0.0,0.0
2020-11-12,138.263,141.342,136.217,138.244,2101800,0.0,0.0
2020-11-13,138.645,143.388,138.569,143.177,1373800,0.0,0.0
2020-11-16,145.089,147.164,143.636,145.156,1803800,0.0,0.0
2020-11-17,143.722,149.0,142.594,146.313,1587600,0.0,0.0
2020-11-18,145.434,147.7,143.512,144.602,1219400,0.0,0.0
2020-11-19,143.608,144.602,141.189,144.229,2141800,0.0,0.0
2020-11-20,144.296,144.745,140.557,140.873,1337300,0.0,0.0
2020-11-23,142.355,144.669,141.734,142.843,1243100,0.0,0.0
2020-11-24,144.363,148.809,142.986,148.254,2489500,0.0,0.0
2020-11-25,147.183,148.637,145.826,146.877,1077100,0.0,0.0
2020-11-27,146.763,148.197,145.625,146.332,753500,0.0,0.0
2020-11-30,145.768,145.768,142.384,143.521,1846300,0.0,0.0
2020-12-01,145.94,146.954,144.487,145.242,880500,0.0,0.0
2020-12-02,143.856,146.638,143.177,145.902,839200,0.0,0.0
2020-12-03,146.524,147.308,145.262,146.046,906400,0.0,0.0
2020-12-04,146.906,151.266,145.883,150.759,1447000,0.0,0.0
2020-12-07,150.252,150.759,147.002,148.551,1043500,0.0,0.0
2020-12-08,148.321,152.643,148.197,152.203,1367500,0.0,0.0
2020-12-09,151.887,154.335,151.323,152.91,1531900,0.0,0.0
2020-12-10,152.394,157.012,152.394,154.689,1401600,0.0,0.0
2020-12-11,153.283,154.354,149.794,150.654,1153200,0.0,0.0
2020-12-14,156.677,157.987,152.71,153.8,1833500,0.0,0.0
2020-12-15,155.97,156.266,152.26,153.886,1625600,0.0,0.0
2020-12-16,153.628,155.415,152.662,154.469,1107100,0.0,0.0
2020-12-17,155.635,158.465,155.473,157.519,1371300,0.0,0.0
2020-12-18,157.94,158.695,156.046,157.127,3119900,0.0,0.0
2020-12-21,154.115,157.127,151.916,155.932,1831100,0.0,0.0
2020-12-22,156.324,157.203,154.775,156.104,1813100,0.0,0.0
2020-12-23,157.414,159.536,157.203,158.58,1904800,0.0,0.0
2020-12-24,159.804,159.804,157.132,157.285,288900,0.268,0.0
2020-12-28,158.55,158.636,156.28,157.056,906600,0.0,0.0
2020-12-29,157.276,158.042,155.648,156.893,915500,0.0,0.0
2020-12-30,156.366,156.979,154.7,155.475,879400,0.0,0.0
2020-12-31,156.165,158.013,154.93,157.496,958200,0.0,0.0
2021-01-04,156.452,157.956,151.664,156.711,1617000,0.0,0.0
2021-01-05,156.203,159.68,155.351,158.023,1142300,0.0,0.0
2021-01-06,161.011,166.728,161.011,163.338,3093800,0.0,0.0
2021-01-07,163.797,166.986,163.797,166.249,2094100,0.0,0.0
2021-01-08,166.632,167.159,162.399,164.985,1063600,0.0,0.0
2021-01-11,163.357,165.751,162.476,164.114,854900,0.0,0.0
2021-01-12,163.797,165.1,162.361,164.947,982800,0.0,0.0
2021-01-13,164.774,165.569,161.451,163.252,862400,0.0,0.0
2021-01-14,163.548,164.152,160.522,161.145,1489400,0.0,0.0
2021-01-15,160.197,162.304,159.316,161.624,1111800,0.0,0.0
2021-01-19,163.328,164.334,159.028,159.067,1385500,0.0,0.0
2021-01-20,158.99,161.834,157.678,160.838,942100,0.0,0.0
2021-01-21,161.585,161.585,159.708,160.312,1014700,0.0,0.0
2021-01-22,159.431,160.264,158.31,159.9,1023000,0.0,0.0
2021-01-25,159.057,161.633,157.611,161.298,1180500,0.0,0.0
2021-01-26,162.189,162.945,157.075,157.18,1221100,0.0,0.0
2021-01-27,154.728,155.715,149.806,150.371,2287600,0.0,0.0
2021-01-28,152.832,159.584,152.229,156.864,1709900,0.0,0.0
2021-01-29,155.935,158.846,152.938,155.6,1531400,0.0,0.0
2021-02-01,157.506,162.246,156.462,159.862,1811300,0.0,0.0
2021-02-02,161.566,163.683,158.023,158.827,3077700,0.0,0.0
2021-02-03,159.153,166.594,158.147,165.789,2600200,0.0,0.0
2021-02-04,166.613,171.899,166.019,171.708,2338000,0.0,0.0
2021-02-05,171.851,173.345,168.203,169.304,2165200,0.0,0.0
2021-02-08,168.969,172.263,168.969,171.363,1594000,0.0,0.0
2021-02-09,171.66,172.206,167.494,167.992,1737900,0.0,0.0
2021-02-10,168.94,169.505,166.69,167.389,1358600,0.0,0.0
2021-02-11,168.375,169.62,167.14,168.116,985000,0.0,0.0
2021-02-12,167.59,168.279,164.746,166.163,1106900,0.0,0.0
2021-02-16,166.737,167.341,164.535,166.632,1097300,0.0,0.0
2021-02-17,166.354,169.486,165.196,168.969,1068000,0.0,0.0
2021-02-18,167.791,168.318,166.374,167.216,1179500,0.0,0.0
2021-02-19,167.647,170.319,167.245,169.859,1090800,0.0,0.0
2021-02-22,163.175,169.18,162.926,167.417,1761700,0.0,0.0
2021-02-23,167.858,169.122,165.684,167.657,2355700,0.0,0.0
2021-02-24,166.632,171.191,166.287,168.002,1995900,0.0,0.0
2021-02-25,169.227,169.438,165.684,167.619,1247700,0.0,0.0
2021-02-26,167.274,168.988,164.64,164.746,1750600,0.0,0.0
2021-03-01,166.517,169.591,166.517,168.03,1662500,0.0,0.0
2021-03-02,168.059,171.363,168.059,170.635,1191700,0.0,0.0
2021-03-03,168.433,171.813,167.695,168.145,1436800,0.0,0.0
2021-03-04,168.069,173.317,167.178,168.873,1877500,0.0,0.0
2021-03-05,170.214,177.032,168.672,175.931,2059400,0.0,0.0
2021-03-08,176.975,182.175,176.371,181.198,2603500,0.0,0.0
2021-03-09,182.931,185.795,176.084,176.525,2979800,0.0,0.0
2021-03-10,178.296,180.26,176.611,177.521,1447200,0.0,0.0
2021-03-11,176.956,178.785,176.745,177.387,1409800,0.0,0.0
2021-03-12,178.565,182.433,177.368,181.409,1188500,0.0,0.0
2021-03-15,181.725,184.78,181.007,183.698,1415200,0.0,0.0
2021-03-16,183.544,183.909,177.918,178.11,1606900,0.48,0.0
2021-03-17,178.82,180.654,177.553,178.091,1801800,0.0,0.0
2021-03-18,178.321,183.371,177.784,180.52,1566200,0.0,0.0
2021-03-19,179.992,184.658,179.541,181.067,2674000,0.0,0.0
2021-03-22,181.317,181.691,179.675,180.664,1232500,0.0,0.0
2021-03-23,179.051,181.288,174.644,176.324,1475900,0.0,0.0
2021-03-24,177.409,181.509,176.632,177.217,1287800,0.0,0.0
2021-03-25,177.572,181.23,175.902,179.867,1436300,0.0,0.0
2021-03-26,181.307,183.621,179.877,183.438,1553200,0.0,0.0
2021-03-29,183.688,184.984,178.091,179.713,1470100,0.0,0.0
2021-03-30,179.272,182.67,178.83,181.009,1317000,0.0,0.0
2021-03-31,181.499,183.765,179.32,180.817,1724500,0.0,0.0
2021-04-01,180.741,181.393,178.004,178.715,1402700,0.0,0.0
2021-04-05,179.857,181.432,179.857,180.491,1138400,0.0,0.0
2021-04-06,180.769,182.449,178.427,178.936,1288300,0.0,0.0
2021-04-07,178.859,180.645,178.398,179.31,1583200,0.0,0.0
2021-04-08,179.195,181.029,177.812,180.529,1110400,0.0,0.0
2021-04-09,181.345,183.515,180.769,183.256,1370800,0.0,0.0
2021-04-12,183.256,185.618,183.256,184.005,1112200,0.0,0.0
2021-04-13,183.093,183.362,180.635,181.048,1586000,0.0,0.0
2021-04-14,181.806,185.819,181.48,183.323,1246200,0.0,0.0
2021-04-15,184.533,186.53,182.776,185.762,1322900,0.0,0.0
2021-04-16,187.077,189.333,186.856,189.064,1523800,0.0,0.0
2021-04-19,187.797,189.372,184.523,187.106,1484200,0.0,0.0
2021-04-20,186.559,187.979,185.176,185.234,1409300,0.0,0.0
2021-04-21,185.867,190.581,185.627,189.64,1328200,0.0,0.0
2021-04-22,194.892,197.369,190.792,193.461,2607100,0.0,0.0
2021-04-23,194.517,196.054,190.293,194.412,1672100,0.0,0.0
2021-04-26,188.392,193.077,188.383,192.549,1461600,0.0,0.0
2021-04-27,192.828,193.001,189.525,191.013,1809900,0.0,0.0
2021-04-28,191.32,192.876,189.66,190.562,2274900,0.0,0.0
2021-04-29,191.676,195.42,191.589,193.874,1388500,0.0,0.0
2021-04-30,193.653,195.573,192.559,193.029,1394800,0.0,0.0
2021-05-03,195.218,197.426,193.625,196.341,1594600,0.0,0.0
2021-05-04,195.852,198.415,194.105,198.098,1732200,0.0,0.0
2021-05-05,197.791,200.182,196.15,199.539,1337000,0.0,0.0
2021-05-06,199.663,201.459,198.934,200.969,1249700,0.0,0.0
2021-05-07,199.308,202.803,198.866,202.111,1053800,0.0,0.0
2021-05-10,202.755,208.601,201.612,203.427,1414200,0.0,0.0
2021-05-11,200.009,202.111,197.906,198.502,1911600,0.0,0.0
2021-05-12,198.146,200.028,195.804,195.958,1278300,0.0,0.0
2021-05-13,196.111,201.007,195.554,199.183,1129200,0.0,0.0
2021-05-14,200.777,203.744,200.249,203.052,1234600,0.0,0.0
2021-05-17,202.707,203.59,200.451,201.132,1013700,0.0,0.0
2021-05-18,201.756,201.756,197.196,197.244,1395200,0.0,0.0
2021-05-19,195.708,196.476,191.781,195.535,1430700,0.0,0.0
2021-05-20,195.573,199.567,195.554,197.974,1101400,0.0,0.0
2021-05-21,199.03,201.708,197.897,198.137,1053500,0.0,0.0
2021-05-24,199.875,199.875,196.87,197.887,1173300,0.0,0.0
2021-05-25,199.01,202.736,198.329,201.814,1870100,0.0,0.0
2021-05-26,201.804,205.107,201.449,203.369,1350100,0.0,0.0
2021-05-27,204.31,206.134,203.868,205.155,2034400,0.0,0.0
2021-05-28,205.837,207.065,203.945,206.211,1054600,0.0,0.0
2021-06-01,208.198,208.39,205.673,207.248,1227400,0.0,0.0
2021-06-02,208.573,208.678,200.94,202.217,1360800,0.0,0.0
2021-06-03,200.796,205.395,199.615,204.742,1567900,0.0,0.0
2021-06-04,206.057,207.469,204.444,205.232,964700,0.0,0.0
2021-06-07,205.606,206.624,203.081,203.408,1053000,0.0,0.0
2021-06-08,203.379,203.753,200.47,201.459,1317200,0.0,0.0
2021-06-09,202.16,202.563,199.894,199.99,1096200,0.0,0.0
2021-06-10,201.132,203.926,200.47,201.708,1096400,0.0,0.0
2021-06-11,202.015,203.484,201.238,203.235,702500,0.0,0.0
2021-06-14,202.351,202.764,197.724,199.558,1472100,0.0,0.0
2021-06-15,199.866,203.186,199.048,201.656,859800,0.48,0.0
2021-06-16,200.761,202.368,198.74,198.961,1339300,0.0,0.0
2021-06-17,199.654,201.251,196.43,199.394,1240900,0.0,0.0
2021-06-18,195.218,196.45,192.86,193.765,2576000,0.0,0.0
2021-06-21,195.247,200.578,194.284,200.241,964600,0.0,0.0
2021-06-22,199.644,203.051,199.336,201.925,1131100,0.0,0.0
2021-06-23,201.742,202.021,198.249,198.374,1052100,0.0,0.0
2021-06-24,200.424,200.424,196.373,196.719,1287200,0.0,0.0
2021-06-25,197.114,200.597,196.065,199.789,3049300,0.0,0.0
2021-06-28,199.5,199.846,197.758,199.115,1097900,0.0,0.0
2021-06-29,200.684,201.906,197.662,198.114,916000,0.0,0.0
2021-06-30,197.739,199.154,196.729,198.942,1438300,0.0,0.0
2021-07-01,199.596,204.485,199.346,203.84,1446900,0.0,0.0
2021-07-02,203.493,207.073,202.493,206.746,829400,0.0,0.0
2021-07-06,205.976,206.804,203.474,206.736,961100,0.0,0.0
2021-07-07,206.477,209.219,206.197,208.747,975800,0.0,0.0
2021-07-08,205.562,207.189,203.647,205.976,976900,0.0,0.0
2021-07-09,208.17,211.663,207.102,210.537,913000,0.0,0.0
2021-07-12,209.277,213.347,208.478,212.029,1098800,0.0,0.0
2021-07-13,211.702,212.587,209.893,210.961,872600,0.0,0.0
2021-07-14,211.702,212.491,209.758,210.499,1223400,0.0,0.0
2021-07-15,208.834,212.625,208.834,211.981,1122000,0.0,0.0
2021-07-16,212.645,213.27,210.73,210.932,1040900,0.0,0.0
2021-07-19,207.901,210.961,206.515,209.421,1593300,0.0,0.0
2021-07-20,230.081,242.495,228.715,239.512,4824100,0.0,0.0
2021-07-21,241.523,244.852,238.944,239.848,2435600,0.0,0.0
2021-07-22,240.002,240.57,236.461,237.481,1704700,0.0,0.0
2021-07-23,239.329,240.897,237.058,239.088,1484600,0.0,0.0
2021-07-26,238.213,239.05,231.736,236.49,1710100,0.0,0.0
2021-07-27,236.394,241.321,234.806,238.347,1548300,0.0,0.0
2021-07-28,238.087,238.232,233.555,236.654,1106400,0.0,0.0
2021-07-29,237.847,240.07,237.549,238.549,1092700,0.0,0.0
2021-07-30,237.722,240.368,237.173,238.838,1283600,0.0,0.0
2021-08-02,239.463,242.312,239.04,241.532,1171900,0.0,0.0
2021-08-03,242.437,244.612,238.087,243.948,1276500,0.0,0.0
2021-08-04,242.687,245.507,238.665,238.896,1528200,0.0,0.0
2021-08-05,239.839,241.051,235.095,239.666,1147700,0.0,0.0
2021-08-06,240.551,242.985,240.253,240.686,1047500,0.0,0.0
2021-08-09,239.608,240.56,238.184,239.261,698300,0.0,0.0
2021-08-10,236.721,239.088,230.678,231.582,1980400,0.0,0.0
2021-08-11,231.727,232.593,227.502,232.064,1250400,0.0,0.0
2021-08-12,228.06,235.22,227.204,233.391,1121400,0.0,0.0
2021-08-13,233.372,234.816,232.92,233.815,830400,0.0,0.0
2021-08-16,233.449,237.289,233.064,237.019,897600,0.0,0.0
2021-08-17,235.306,238.241,234.527,235.788,1087600,0.0,0.0
2021-08-18,234.181,237.366,233.064,233.324,1224600,0.0,0.0
2021-08-19,231.958,237.943,230.793,237.202,1062300,0.0,0.0
2021-08-20,237.298,241.205,237.298,239.935,1006900,0.0,0.0
2021-08-23,240.801,242.293,240.031,240.233,1005700,0.0,0.0
2021-08-24,240.166,242.158,239.964,240.07,817300,0.0,0.0
2021-08-25,240.724,245.651,239.839,242.581,1112100,0.0,0.0
2021-08-26,242.1,243.621,240.609,241.571,917100,0.0,0.0
2021-08-27,242.976,243.851,241.099,242.35,905800,0.0,0.0
2021-08-30,243.024,245.459,242.081,243.928,601700,0.0,0.0
2021-08-31,243.803,247.71,242.562,243.438,1820600,0.0,0.0
2021-09-01,244.631,245.382,241.792,243.13,958100,0.0,0.0
2021-09-02,243.861,245.266,243.438,243.726,804400,0.0,0.0
2021-09-03,242.783,244.515,241.619,243.409,605700,0.0,0.0
2021-09-07,241.494,243.707,239.03,242.62,1764600,0.0,0.0
2021-09-08,241.898,246.854,240.291,244.833,1416400,0.0,0.0
2021-09-09,244.66,251.925,244.371,248.519,2145900,0.0,0.0
2021-09-10,250.087,250.934,246.036,247.017,1113200,0.0,0.0
2021-09-13,249.192,249.683,246.305,247.97,1129000,0.0,0.0
2021-09-14,248.942,249.202,244.756,245.064,1403400,0.0,0.0
2021-09-15,244.91,248.159,242.287,247.243,1337700,0.48,0.0
2021-09-16,248.236,253.317,246.857,252.246,1750800,0.0,0.0
2021-09-17,251.986,254.445,248.805,249.451,5765300,0.0,0.0
2021-09-20,245.286,247.754,243.097,245.874,1217700,0.0,0.0
2021-09-21,247.773,251.321,246.645,246.655,1413600,0.0,0.0
2021-09-22,248.564,250.906,246.857,248.978,1213500,0.0,0.0
2021-09-23,250.636,250.636,246.211,246.356,1769400,0.0,0.0
2021-09-24,247.465,249.933,246.703,247.127,1175200,0.0,0.0
2021-09-27,247.551,250.453,246.153,246.375,1481500,0.0,0.0
2021-09-28,244.601,246.992,242.239,242.76,1674600,0.0,0.0
2021-09-29,243.801,244.987,242.606,243.155,1818600,0.0,0.0
2021-09-30,244.081,244.611,233.832,234.006,2115800,0.0,0.0
2021-10-01,235.115,240.552,234.285,238.894,1794000,0.0,0.0
2021-10-04,238.903,241.796,234.584,235.606,1313000,0.0,0.0
2021-10-05,236.05,238.662,234.199,234.382,1396100,0.0,0.0
2021-10-06,232.415,233.312,227.556,230.93,1170200,0.0,0.0
2021-10-07,231.721,234.835,231.422,233.582,1512100,0.0,0.0
2021-10-08,233.533,235.384,231.615,231.788,817400,0.0,0.0
2021-10-11,231.403,233.148,228.655,228.992,909000,0.0,0.0
2021-10-12,229.899,231.769,228.829,230.487,1070600,0.0,0.0
2021-10-13,230.911,232.415,228.481,230.429,1166700,0.0,0.0
2021-10-14,232.56,235.683,231.856,233.803,1146000,0.0,0.0
2021-10-15,235.327,239.626,234.575,238.016,1127100,0.0,0.0
2021-10-18,237.264,238.768,235.201,237.737,911100,0.0,0.0
2021-10-19,239.241,242.48,239.154,239.752,898000,0.0,0.0
2021-10-20,240.812,244.351,240.812,241.854,1105800,0.0,0.0
2021-10-21,246.115,250.839,240.899,250.665,1878400,0.0,0.0
2021-10-22,237.669,248.622,234.305,244.023,2830500,0.0,0.0
2021-10-25,245.093,245.093,232.193,233.128,2136900,0.0,0.0
2021-10-26,232.213,233.485,228.838,232.733,1917400,0.0,0.0
2021-10-27,232.164,237.987,232.164,236.561,1710800,0.0,0.0
2021-10-28,238.325,243.936,237.515,241.67,1357500,0.0,0.0
2021-10-29,241.381,243.917,239.453,241.468,1176500,0.0,0.0
2021-11-01,242.307,243.926,241.111,241.979,1117100,0.0,0.0
2021-11-02,242.914,243.753,239.222,239.52,1085700,0.0,0.0
2021-11-03,238.315,241.024,236.696,241.024,1171700,0.0,0.0
2021-11-04,241.024,243.589,236.281,238.527,1184300,0.0,0.0
2021-11-05,236.185,244.071,236.175,239.357,1824600,0.0,0.0
2021-11-08,240.581,240.976,236.127,238.74,1233800,0.0,0.0
2021-11-09,239.202,241.256,236.725,237.303,1006100,0.0,0.0
2021-11-10,236.233,238.903,235.24,236.464,881300,0.0,0.0
2021-11-11,236.493,237.766,232.068,235.23,1105800,0.0,0.0
2021-11-12,235.866,238.691,235.24,236.464,734100,0.0,0.0
2021-11-15,236.898,237.39,233.659,233.852,983800,0.0,0.0
2021-11-16,234.43,235.645,232.887,233.042,1093300,0.0,0.0
2021-11-17,234.565,238.296,233.051,235.105,1176900,0.0,0.0
2021-11-18,234.951,235.105,232.608,234.517,878300,0.0,0.0
2021-11-19,233.852,235.703,229.552,230.477,1096400,0.0,0.0
2021-11-22,231.441,234.806,230.786,231.798,1251300,0.0,0.0
2021-11-23,232.222,234.208,229.86,232.993,1037500,0.0,0.0
2021-11-24,232.415,234.71,230.93,231.239,1049700,0.0,0.0
2021-11-26,226.573,228.154,221.386,222.707,1329800,0.0,0.0
2021-11-29,224.914,227.469,221.087,221.665,1612400,0.0,0.0
2021-11-30,220.624,222.388,216.652,217.491,3375900,0.0,0.0
2021-12-01,221.347,225.994,217.423,217.51,1761500,0.0,0.0
2021-12-02,219.024,225.84,219.024,223.729,1731600,0.0,0.0
2021-12-03,225.551,225.551,220.373,221.771,1404200,0.0,0.0
2021-12-06,223.189,227.132,221.993,225.377,1559900,0.0,0.0
2021-12-07,227.99,232.83,226.968,230.034,1237600,0.0,0.0
2021-12-08,231.046,232.579,228.819,231.875,1103900,0.0,0.0
2021-12-09,231.036,234.334,229.841,232.772,1001700,0.0,0.0
2021-12-10,234.102,236.551,231.981,234.806,1296500,0.0,0.0
2021-12-13,234.835,237.134,234.226,235.801,1188200,0.48,0.0
2021-12-14,233.695,237.974,232.082,236.777,2054300,0.0,0.0
2021-12-15,237.047,245.219,237.047,245.2,1747600,0.0,0.0
2021-12-16,246.33,248.05,244.398,245.345,1729000,0.0,0.0
2021-12-17,244.93,247.509,242.447,245.161,3894800,0.0,0.0
2021-12-20,242.389,243.307,232.787,237.269,1719200,0.0,0.0
2021-12-21,233.946,240.283,233.946,238.631,1604700,0.0,0.0
2021-12-22,239.124,244.292,238.399,243.5,1283000,0.0,0.0
2021-12-23,244.949,246.33,242.911,243.481,822200,0.0,0.0
2021-12-27,243.935,245.915,243.181,245.142,819300,0.0,0.0
2021-12-28,246.021,249.209,244.369,248.031,708100,0.0,0.0
2021-12-29,248.349,251.885,248.349,249.702,642100,0.0,0.0
2021-12-30,250.281,251.808,249.151,249.335,617400,0.0,0.0
2021-12-31,249.064,250.813,247.982,248.185,931500,0.0,0.0
2022-01-03,247.953,247.953,243.432,245.442,1518500,0.0,0.0
2022-01-04,246.611,252.097,245.036,251.421,2366800,0.0,0.0
2022-01-05,252.397,260.579,249.914,250.165,1384800,0.0,0.0
2022-01-06,250.146,250.339,244.495,245.857,1757400,0.0,0.0
2022-01-07,245.335,247.451,242.92,243.635,1660000,0.0,0.0
2022-01-10,245.026,246.504,237.791,240.988,1262000,0.0,0.0
2022-01-11,239.327,242.157,232.121,241.819,1547800,0.0,0.0
2022-01-12,242.379,245.075,239.617,240.824,1099400,0.0,0.0
2022-01-13,241.423,249.46,240.94,245.76,1139400,0.0,0.0
2022-01-14,243.944,248.581,243.674,248.262,1212100,0.0,0.0
2022-01-18,245.413,246.881,239.24,240.274,1510100,0.0,0.0
2022-01-19,241.22,242.544,236.361,236.989,1368100,0.0,0.0
2022-01-20,238.168,239.704,231.406,232.575,1906500,0.0,0.0
2022-01-21,232.304,233.173,229.387,229.841,1634300,0.0,0.0
2022-01-24,226.334,236.071,223.88,235.318,1829600,0.0,0.0
2022-01-25,231.811,233.666,228.739,230.981,1764500,0.0,0.0
2022-01-26,231.947,238.39,228.836,231.84,2454000,0.0,0.0
2022-01-27,213.003,224.122,213.003,221.069,3196900,0.0,0.0
2022-01-28,221.224,228.614,220.934,228.566,1944500,0.0,0.0
2022-01-31,227.01,234.043,226.267,231.889,2497900,0.0,0.0
2022-02-01,232.99,234.738,227.406,229.261,2018800,0.0,0.0
2022-02-02,228.624,234.033,228.314,232.604,1121500,0.0,0.0
2022-02-03,231.666,235.675,230.517,232.671,1045800,0.0,0.0
2022-02-04,230.681,233.84,226.914,230.952,1545300,0.0,0.0
2022-02-07,230.469,231.348,222.818,224.508,1436700,0.0,0.0
2022-02-08,224.808,232.082,223.794,231.338,1762200,0.0,0.0
2022-02-09,232.681,236.545,232.671,235.144,939700,0.0,0.0
2022-02-10,232.285,238.622,230.246,231.85,1214700,0.0,0.0
2022-02-11,231.937,234.313,228.517,229.493,1095600,0.0,0.0
2022-02-14,230.903,233.009,226.112,227.416,1078300,0.0,0.0
2022-02-15,230.556,234.352,229.435,234.149,1094400,0.0,0.0
2022-02-16,234.033,244.215,232.816,243.423,1945500,0.0,0.0
2022-02-17,242.244,247.229,241.124,242.273,1385000,0.0,0.0
2022-02-18,241.549,246.147,234.796,235.801,1565500,0.0,0.0
2022-02-22,233.627,237.675,232.806,236.023,1208100,0.0,0.0
2022-02-23,237.182,237.182,232.642,233.56,1034100,0.0,0.0
2022-02-24,227.986,235.859,226.701,235.279,1477000,0.0,0.0
2022-02-25,236.535,245.558,236.535,244.679,1162600,0.0,0.0
2022-02-28,238.081,241.993,233.251,241.8,1602200,0.0,0.0
2022-03-01,241.674,244.659,238.911,243.838,1206300,0.0,0.0
2022-03-02,245.364,254.841,244.08,252.252,1676200,0.0,0.0
2022-03-03,254.058,257.159,251.895,255.131,1682000,0.0,0.0
2022-03-04,251.325,256.966,249.644,256.386,1351000,0.0,0.0
2022-03-07,254.58,255.401,248.852,250.987,1454600,0.0,0.0
2022-03-08,250.987,256.898,249.219,249.257,1403500,0.0,0.0
2022-03-09,254.648,259.352,253.846,255.372,1197200,0.0,0.0
2022-03-10,252.522,259.12,252.522,258.019,1454000,0.0,0.0
2022-03-11,257.391,263.004,257.391,257.922,1370000,0.0,0.0
2022-03-14,260.202,261.68,250.291,252.542,2315600,0.0,0.0
2022-03-15,255.488,258.908,254.126,258.087,2014500,0.0,0.0
2022-03-16,259.432,261.223,254.679,257.835,2118100,0.56,0.0
2022-03-17,257.932,259.848,255.589,258.435,1509000,0.0,0.0
2022-03-18,260.003,260.003,248.774,252.346,2602700,0.0,0.0
2022-03-21,253.324,257.815,250.826,253.198,1527300,0.0,0.0
2022-03-22,254.495,255.095,250.885,252.027,1643200,0.0,0.0
2022-03-23,250.662,253.779,249.394,252.278,1391300,0.0,0.0
2022-03-24,253.459,254.689,251.156,252.269,1522400,0.0,0.0
2022-03-25,252.443,253.353,247.777,251.765,1562600,0.0,0.0
2022-03-28,251.494,255.996,250.488,255.957,1238700,0.0,0.0
2022-03-29,255.947,257.061,253.663,255.221,1077000,0.0,0.0
2022-03-30,254.795,255.608,245.251,246.809,1613300,0.0,0.0
2022-03-31,245.464,247.283,242.521,242.608,1643800,0.0,0.0
2022-04-01,242.976,246.219,242.366,242.734,1182800,0.0,0.0
2022-04-04,242.375,243.15,236.49,237.739,1435200,0.0,0.0
2022-04-05,234.689,240.439,234.689,235.822,1596800,0.0,0.0
2022-04-06,234.689,242.695,234.167,242.472,1669800,0.0,0.0
2022-04-07,241.727,248.416,241.727,246.49,1656900,0.0,0.0
2022-04-08,245.715,251.853,242.676,250.42,1630500,0.0,0.0
2022-04-11,250.613,252.656,248.435,249.926,1454500,0.0,0.0
2022-04-12,251.281,253.111,249.587,252.549,1126400,0.0,0.0
2022-04-13,252.898,253.769,248.977,250.371,1091600,0.0,0.0
2022-04-14,251.233,254.931,251.107,252.598,1045900,0.0,0.0
2022-04-18,250.875,254.456,250.575,251.601,932700,0.0,0.0
2022-04-19,252.675,254.728,251.107,253.585,1069700,0.0,0.0
2022-04-20,255.26,267.138,255.105,266.363,1688600,0.0,0.0
2022-04-21,265.221,270.1,260.507,260.826,2384800,0.0,0.0
2022-04-22,233.857,234.263,202.493,203.906,8886800,0.0,0.0
2022-04-25,201.854,209.375,200.876,203.77,4740100,0.0,0.0
2022-04-26,200.576,211.999,198.185,208.068,5892900,0.0,0.0
2022-04-27,206.316,211.553,202.783,205.445,2675100,0.0,0.0
2022-04-28,206.171,213.18,204.709,211.941,2213400,0.0,0.0
2022-04-29,209.685,214.69,207.381,207.691,2061800,0.0,0.0
2022-05-02,207.623,208.959,201.35,204.08,2105900,0.0,0.0
2022-05-03,203.858,211.66,203.228,209.385,1839100,0.0,0.0
2022-05-04,211.853,218.881,209.269,217.613,2091300,0.0,0.0
2022-05-05,219.065,221.863,212.279,217.023,2167800,0.0,0.0
2022-05-06,214.225,221.679,212.492,220.082,1679200,0.0,0.0
2022-05-09,217.807,219.83,214.787,216.936,1681900,0.0,0.0
2022-05-10,218.968,221.931,214.729,217.313,1687900,0.0,0.0
2022-05-11,216.829,220.721,201.776,202.831,2962700,0.0,0.0
2022-05-12,200.866,207.188,200.247,206.965,2614400,0.0,0.0
2022-05-13,208.911,213.16,207.42,208.049,1618200,0.0,0.0
2022-05-16,207.071,208.204,204.09,204.874,1685100,0.0,0.0
2022-05-17,207.013,209.85,203.248,209.066,1543700,0.0,0.0
2022-05-18,205.978,205.978,198.601,200.189,2378500,0.0,0.0
2022-05-19,197.72,199.695,193.161,196.636,2271800,0.0,0.0
2022-05-20,197.565,200.324,192.338,198.233,1481400,0.0,0.0
2022-05-23,199.511,201.099,196.142,198.485,1390400,0.0,0.0
2022-05-24,198.446,198.737,194.477,198.214,1123400,0.0,0.0
2022-05-25,197.565,205.252,196.859,199.569,2151900,0.0,0.0
2022-05-26,202.057,206.345,201.215,205.019,1182900,0.0,0.0
2022-05-27,206.878,209.637,206.878,208.659,1640600,0.0,0.0
2022-05-31,206.142,208.349,203.18,203.674,3331000,0.0,0.0
2022-06-01,205.716,205.726,198.872,200.334,1844300,0.0,0.0
2022-06-02,201.07,204.661,197.091,204.429,2227200,0.0,0.0
2022-06-03,203.025,205.242,200.682,200.953,1150100,0.0,0.0
2022-06-06,200.779,202.202,197.43,198.272,1531800,0.0,0.0
2022-06-07,196.123,202.163,196.123,200.886,1321100,0.0,0.0
2022-06-08,199.414,201.679,198.669,199.153,1171900,0.0,0.0
2022-06-09,198.001,200.537,194.593,194.826,1203100,0.0,0.0
2022-06-10,191.457,193.296,189.628,190.431,1863400,0.0,0.0
2022-06-13,185.078,186.898,179.144,179.831,2416800,0.0,0.0
2022-06-14,179.279,179.463,173.084,173.548,3828800,0.0,0.0
2022-06-15,174.063,178.511,172.548,176.433,2534800,0.56,0.0
2022-06-16,171.684,171.733,164.236,166.596,2574800,0.0,0.0
2022-06-17,166.363,171.548,165.799,168.091,6001700,0.0,0.0
2022-06-21,171.703,172.005,165.353,168.839,2368000,0.0,0.0
2022-06-22,168.237,172.694,167.858,171.48,1614600,0.0,0.0
2022-06-23,172.704,173.616,169.917,172.306,1629000,0.0,0.0
2022-06-24,172.577,177.831,172.577,177.054,4783800,0.0,0.0
2022-06-27,177.705,178.365,173.733,174.617,1367300,0.0,0.0
2022-06-28,174.859,176.704,169.305,170.732,2543400,0.0,0.0
2022-06-29,171.907,173.247,168.693,170.587,1627400,0.0,0.0
2022-06-30,164.615,165.207,161.08,163.197,5189100,0.0,0.0
2022-07-01,163.663,170.752,163.216,169.994,1386100,0.0,0.0
2022-07-05,168.305,168.567,164.634,167.586,1320400,0.0,0.0
2022-07-06,163.459,164.362,161.138,161.187,2086500,0.0,0.0
2022-07-07,164.032,170.169,163.877,169.606,1819900,0.0,0.0
2022-07-08,169.548,172.432,167.538,167.606,1465700,0.0,0.0
2022-07-11,166.683,167.13,164.353,164.488,1523400,0.0,0.0
2022-07-12,162.945,167.557,162.605,165.188,1846700,0.0,0.0
2022-07-13,163.663,166.246,162.673,164.411,1165200,0.0,0.0
2022-07-14,161.847,163.012,159.711,162.643,1293700,0.0,0.0
2022-07-15,165.984,166.809,162.789,166.644,1192800,0.0,0.0
2022-07-18,167.518,168.868,166.266,166.722,1128600,0.0,0.0
2022-07-19,169.713,173.578,168.47,173.024,1363300,0.0,0.0
2022-07-20,172.607,174.49,171.742,173.636,1376400,0.0,0.0
2022-07-21,173.985,177.637,173.432,176.064,1837400,0.0,0.0
2022-07-22,203.933,205.856,195.961,196.184,5507200,0.0,0.0
2022-07-25,196.106,201.408,191.62,192.882,2966800,0.0,0.0
2022-07-26,192.688,198.301,192.688,198.039,1800200,0.0,0.0
2022-07-27,197.242,200.544,196.184,198.738,1599900,0.0,0.0
2022-07-28,198.583,205.594,197.514,203.71,1700200,0.0,0.0
2022-07-29,202.729,206.905,202.36,206.273,1497800,0.0,0.0
2022-08-01,204.224,207.235,203.37,204.807,1074000,0.0,0.0
2022-08-02,205.293,208.361,204.254,205.351,1354100,0.0,0.0
2022-08-03,207.487,211.517,205.992,210.206,1437200,0.0,0.0
2022-08-04,209.012,210.76,206.167,206.565,1088700,0.0,0.0
2022-08-05,204.593,209.468,204.593,206.652,907300,0.0,0.0
2022-08-08,207.613,208.526,204.098,205.225,909800,0.0,0.0
2022-08-09,204.593,205.982,203.079,203.991,805400,0.0,0.0
2022-08-10,207.409,211.401,206.147,210.449,1108400,0.0,0.0
2022-08-11,211.274,213.323,209.895,210.255,985600,0.0,0.0
2022-08-12,211.158,212.682,210.643,212.556,715600,0.0,0.0
2022-08-15,210.75,212.459,209.225,210.43,902900,0.0,0.0
2022-08-16,209.07,210.294,205.079,206.71,1194300,0.0,0.0
2022-08-17,204.118,205.166,202.428,202.943,861600,0.0,0.0
2022-08-18,204.118,209.643,203.71,208.818,1419800,0.0,0.0
2022-08-19,208.186,211.391,207.633,208.808,1111100,0.0,0.0
2022-08-22,205.603,209.818,205.176,206.244,1195700,0.0,0.0
2022-08-23,205.312,208.07,202.807,204.166,1069600,0.0,0.0
2022-08-24,204.341,206.584,202.991,204.331,1065500,0.0,0.0
2022-08-25,204.865,207.477,203.36,207.38,912300,0.0,0.0
2022-08-26,207.361,207.419,198.408,199.049,1011400,0.0,0.0
2022-08-29,197.631,199.651,194.727,198.175,843000,0.0,0.0
2022-08-30,198.67,199.233,194.494,195.941,1043400,0.0,0.0
2022-08-31,197.009,197.009,191.513,192.144,1869300,0.0,0.0
2022-09-01,190.688,193.766,187.134,193.679,1303200,0.0,0.0
2022-09-02,196.679,199.039,192.834,194.242,1036900,0.0,0.0
2022-09-06,194.912,198.214,192.319,194.902,1682200,0.0,0.0
2022-09-07,194.378,207.526,194.378,206.021,1802900,0.0,0.0
2022-09-08,205.137,210.07,203.923,209.954,1364400,0.0,0.0
2022-09-09,210.721,215.265,209.963,213.343,1940400,0.0,0.0
2022-09-12,213.09,215.974,212.585,215.926,1510800,0.0,0.0
2022-09-13,211.595,212.614,205.39,205.904,1459300,0.0,0.0
2022-09-14,206.118,206.118,199.864,202.719,1318000,0.0,0.0
2022-09-15,202.68,206.653,202.466,203.469,1030200,0.56,0.0
2022-09-16,204.822,204.93,200.976,204.151,4048000,0.0,0.0
2022-09-19,200.957,203.002,199.253,202.904,1039600,0.0,0.0
2022-09-20,200.996,201.755,195.485,196.449,1279100,0.0,0.0
2022-09-21,198.318,200.626,193.518,193.606,898000,0.0,0.0
2022-09-22,192.885,192.885,188.455,188.951,1074400,0.0,0.0
2022-09-23,186.77,187.16,182.759,186.459,1297800,0.0,0.0
2022-09-26,185.875,187.744,180.276,182.311,1385300,0.0,0.0
2022-09-27,184.356,186.605,178.952,179.458,1617300,0.0,0.0
2022-09-28,181.162,185.914,179.75,184.94,1724800,0.0,0.0
2022-09-29,182.691,184.054,178.611,182.739,1129200,0.0,0.0
2022-09-30,183.479,184.044,178.777,178.952,1330100,0.0,0.0
2022-10-03,182.204,189.779,180.101,188.173,1526900,0.0,0.0
2022-10-04,191.561,198.893,191.425,198.532,1814100,0.0,0.0
2022-10-05,195.407,198.396,193.284,197.208,1280400,0.0,0.0
2022-10-06,196.517,199.603,195.115,196.225,1118000,0.0,0.0
2022-10-07,194.57,195.456,190.811,195.183,1303100,0.0,0.0
2022-10-10,196.03,197.549,192.836,193.849,1101500,0.0,0.0
2022-10-11,193.81,200.061,192.749,197.354,1729300,0.0,0.0
2022-10-12,197.393,198.231,195.027,195.212,1139700,0.0,0.0
2022-10-13,191.814,202.31,190.1,200.577,1314400,0.0,0.0
2022-10-14,202.758,203.089,195.436,196.166,1118800,0.0,0.0
2022-10-17,199.399,202.856,198.591,200.879,962900,0.0,0.0
2022-10-18,206.77,207.909,203.216,204.491,1459100,0.0,0.0
2022-10-19,203.401,204.306,201.502,203.683,1007600,0.0,0.0
2022-10-20,204.16,208.279,201.96,203.118,2469300,0.0,0.0
2022-10-21,178.747,192.866,173.626,191.483,6288100,0.0,0.0
2022-10-24,193.557,205.309,192.807,204.822,3205800,0.0,0.0
2022-10-25,204.822,214.345,204.073,208.756,2330300,0.0,0.0
2022-10-26,210.713,217.821,210.713,211.755,1481500,0.0,0.0
2022-10-27,213.196,216.623,211.745,212.037,1642500,0.0,0.0
2022-10-28,212.261,218.639,210.314,217.772,1390400,0.0,0.0
2022-10-31,215.182,217.402,211.502,211.745,1424900,0.0,0.0
2022-11-01,213.157,216.292,210.957,215.309,1084800,0.0,0.0
2022-11-02,213.449,215.582,208.055,208.191,1296100,0.0,0.0
2022-11-03,206.147,208.357,202.817,207.149,1486000,0.0,0.0
2022-11-04,208.61,209.331,201.785,206.332,1648000,0.0,0.0
2022-11-07,207.179,210.041,205.397,208.6,1254600,0.0,0.0
2022-11-08,208.172,209.516,204.063,206.098,1236300,0.0,0.0
2022-11-09,204.482,208.055,202.077,203.508,1221000,0.0,0.0
2022-11-10,210.781,216.974,209.817,216.643,1346900,0.0,0.0
2022-11-11,216.614,218.814,213.955,218.181,1333700,0.0,0.0
2022-11-14,218.765,220.81,216.76,216.76,1224200,0.0,0.0
2022-11-15,218.931,223.02,218.103,223.02,1565500,0.0,0.0
2022-11-16,221.755,227.197,220.557,224.919,2014300,0.0,0.0
2022-11-17,221.355,222.758,218.921,221.316,1271200,0.0,0.0
2022-11-18,224.754,227.022,222.553,224.023,1085800,0.0,0.0
2022-11-21,222.436,225.64,221.599,222.962,1433600,0.0,0.0
2022-11-22,225.386,229.515,224.754,228.561,1543200,0.0,0.0
2022-11-23,229.174,231.968,228.064,231.034,973500,0.0,0.0
2022-11-25,232.679,234.88,231.16,233.069,385100,0.0,0.0
2022-11-28,231.832,232.319,226.691,228.181,1072600,0.0,0.0
2022-11-29,227.752,232.027,226.74,229.602,774800,0.0,0.0
2022-11-30,229.68,234.49,227.821,233.896,2431200,0.0,0.0
2022-12-01,236.428,237.071,232.046,232.192,1205600,0.0,0.0
2022-12-02,228.609,233.692,228.161,232.738,803600,0.0,0.0
2022-12-05,229.33,231.043,227.84,229.155,741700,0.0,0.0
2022-12-06,228.093,232.582,227.626,230.391,1260800,0.0,0.0
2022-12-07,230.566,234.558,230.07,231.842,974700,0.0,0.0
2022-12-08,231.745,235.892,231.745,235.172,1188000,0.0,0.0
2022-12-09,234.617,234.773,230.566,231.336,823800,0.0,0.0
2022-12-12,232.387,236.856,231.336,236.34,1162300,0.0,0.0
2022-12-13,243.006,243.006,234.73,237.248,1189000,0.56,0.0
2022-12-14,237.912,241.337,235.735,238.809,1161300,0.0,0.0
2022-12-15,235.823,235.852,233.169,233.93,1280300,0.0,0.0
2022-12-16,230.133,234.203,228.396,233.295,2206700,0.0,0.0
2022-12-19,232.671,236.126,231.012,232.925,871900,0.0,0.0
2022-12-20,232.398,237.414,231.412,232.622,1093500,0.0,0.0
2022-12-21,234.613,238.029,234.398,237.053,786200,0.0,0.0
2022-12-22,234.574,235.667,230.992,235.345,961600,0.0,0.0
2022-12-23,234.554,235.891,233.364,234.945,592200,0.0,0.0
2022-12-27,235.052,236.204,233.188,234.252,532100,0.0,0.0
2022-12-28,234.935,235.686,230.582,230.709,603400,0.0,0.0
2022-12-29,232.524,236.116,231.012,234.593,567600,0.0,0.0
2022-12-30,233.061,234.75,232.222,234.184,710300,0.0,0.0
2023-01-03,235.852,240.02,233.676,237.355,1058300,0.0,0.0
2023-01-04,238.643,242.996,238.048,242.889,1186400,0.0,0.0
2023-01-05,241.805,245.153,240.547,244.275,1353800,0.0,0.0
2023-01-06,247.349,249.632,243.504,248.393,1164000,0.0,0.0
2023-01-09,247.973,249.291,243.435,243.777,1544300,0.0,0.0
2023-01-10,243.084,244.44,241.874,244.372,671500,0.0,0.0
2023-01-11,245.192,247.027,241.054,246.246,1170800,0.0,0.0
2023-01-12,247.886,251.233,245.895,249.008,1389100,0.0,0.0
2023-01-13,248.227,253.497,247.456,252.638,1039300,0.0,0.0
2023-01-17,252.648,254.688,251.204,252.101,1887900,0.0,0.0
2023-01-18,252.453,256.376,250.247,250.579,1812800,0.0,0.0
2023-01-19,249.681,253.858,246.636,250.794,1713800,0.0,0.0
2023-01-20,251.155,255.293,247.729,255.107,1241200,0.0,0.0
2023-01-23,255.8,262.612,255.8,257.459,1888200,0.0,0.0
2023-01-24,257.537,258.962,246.021,246.597,2223200,0.0,0.0
2023-01-25,245.641,247.554,243.523,247.534,1695600,0.0,0.0
2023-01-26,248.822,249.447,243.465,248.715,1799500,0.0,0.0
2023-01-27,242.674,253.604,238.536,248.637,1918600,0.0,0.0
2023-01-30,250.355,251.204,245.007,247.202,1486800,0.0,0.0
2023-01-31,247.573,248.93,245.016,248.93,1916800,0.0,0.0
2023-02-01,246.012,258.25,244.216,255.166,1575900,0.0,0.0
2023-02-02,254.102,257.274,251.448,251.779,1364300,0.0,0.0
2023-02-03,251.779,253.897,250.111,251.867,936600,0.0,0.0
2023-02-06,249.476,250.101,246.627,247.417,887700,0.0,0.0
2023-02-07,245.846,250.023,245.163,249.086,851100,0.0,0.0
2023-02-08,249.72,252.56,248.94,250.228,846300,0.0,0.0
2023-02-09,252.277,254.102,249.427,250.033,733700,0.0,0.0
2023-02-10,249.398,251.701,249.086,250.442,1024600,0.0,0.0
2023-02-13,252.033,254.61,251.399,253.858,792300,0.0,0.0
2023-02-14,253.234,256.064,251.106,252.668,817100,0.0,0.0
2023-02-15,250.979,253.409,250.374,252.804,700400,0.0,0.0
2023-02-16,249.837,257.254,249.769,256.815,1051000,0.0,0.0
2023-02-17,255.956,257.742,255.42,256.513,878800,0.0,0.0
2023-02-21,253.341,255.332,249.418,249.925,949100,0.0,0.0
2023-02-22,250.081,251.496,247.563,247.983,960300,0.0,0.0
2023-02-23,247.681,249.925,245.055,245.914,1681200,0.0,0.0
2023-02-24,243.484,244.304,239.971,243.143,1624300,0.0,0.0
2023-02-27,246.646,246.646,240.381,242.069,1265300,0.0,0.0
2023-02-28,239.941,241.561,236.126,237.589,2781800,0.0,0.0
2023-03-01,235.989,239.288,234.223,238.419,917900,0.0,0.0
2023-03-02,236.35,238.185,235.511,237.882,1035000,0.0,0.0
2023-03-03,239.288,244.528,238.966,243.972,1186000,0.0,0.0
2023-03-06,243.494,246.334,241.981,245.67,996000,0.0,0.0
2023-03-07,246.275,246.48,238.858,239.424,1006500,0.0,0.0
2023-03-08,239.083,246.88,239.083,245.377,1954700,0.0,0.0
2023-03-09,247.027,251.096,245.026,246.061,2522000,0.0,0.0
2023-03-10,245.777,248.227,239.307,240.664,1200200,0.0,0.0
2023-03-13,237.707,243.943,235.521,241.122,1058800,0.0,0.0
2023-03-14,244.577,247.134,242.147,244.655,1226100,0.0,0.0
2023-03-15,239.366,241.649,238.37,241.513,1338300,0.0,0.0
2023-03-16,239.39,249.779,239.39,248.86,1210000,0.6,0.0
2023-03-17,248.39,249.134,245.083,245.22,1123200,0.0,0.0
2023-03-20,246.365,253.027,245.876,250.875,1457900,0.0,0.0
2023-03-21,252.851,253.536,250.445,253.076,871500,0.0,0.0
2023-03-22,253.751,256.04,248.635,248.86,842700,0.0,0.0
2023-03-23,248.39,251.296,245.005,247.285,979200,0.0,0.0
2023-03-24,246.072,248.752,244.536,248.703,1021400,0.0,0.0
2023-03-27,252.078,253.194,248.273,248.889,981200,0.0,0.0
2023-03-28,247.666,250.18,247.666,248.958,609000,0.0,0.0
2023-03-29,251.354,252.567,249.231,251.775,1174000,0.0,0.0
2023-03-30,254.348,256.285,253.565,253.81,913000,0.0,0.0
2023-03-31,255.082,257.958,254.426,257.958,1223900,0.0,0.0
2023-04-03,257.234,259.093,255.718,258.427,823000,0.0,0.0
2023-04-04,259.2,261.46,258.144,261.431,1103200,0.0,0.0
2023-04-05,260.912,265.853,260.237,265.422,1099500,0.0,0.0
2023-04-06,265.413,266.645,263.642,264.718,912100,0.0,0.0
2023-04-10,263.417,266.166,262.683,265.109,1008100,0.0,0.0
2023-04-11,267.017,268.132,265.197,265.696,1752100,0.0,0.0
2023-04-12,265.931,269.502,263.299,266.469,1200300,0.0,0.0
2023-04-13,269.042,269.453,265.373,267.477,1612600,0.0,0.0
2023-04-14,266.704,269.658,265.911,267.418,1084100,0.0,0.0
2023-04-17,267.076,267.408,263.329,265.217,1007300,0.0,0.0
2023-04-18,266.87,268.475,264.826,265.559,1179000,0.0,0.0
2023-04-19,264.777,267.34,263.348,267.066,2105200,0.0,0.0
2023-04-20,265.324,267.545,262.889,264.904,2227200,0.0,0.0
2023-04-21,281.369,287.639,273.542,275.107,4083000,0.0,0.0
2023-04-24,277.7,283.071,276.986,280.038,1892800,0.0,0.0
2023-04-25,280.009,282.719,275.215,275.871,2072500,0.0,0.0
2023-04-26,276.066,276.066,270.294,272.036,1608200,0.0,0.0
2023-04-27,272.769,277.68,272.769,276.311,1254500,0.0,0.0
2023-04-28,275.88,281.222,275.88,281.095,1206400,0.0,0.0
2023-05-01,281.662,283.413,277.279,277.847,980400,0.0,0.0
2023-05-02,276.555,277.69,271.928,274.452,1018900,0.0,0.0
2023-05-03,275.088,276.203,271.635,272.173,938100,0.0,0.0
2023-05-04,272.583,274.266,269.277,271.605,1460300,0.0,0.0
2023-05-05,273.298,275.538,269.639,272.026,1247900,0.0,0.0
2023-05-08,271.008,273.307,270.285,271.752,934600,0.0,0.0
2023-05-09,270.793,271.126,267.085,268.103,1069300,0.0,0.0
2023-05-10,270.108,274.168,269.433,272.495,1029900,0.0,0.0
2023-05-11,271.908,273.699,269.893,272.065,1418100,0.0,0.0
2023-05-12,272.75,274.188,268.797,269.883,1171800,0.0,0.0
2023-05-15,269.952,272.231,269.247,271.498,769900,0.0,0.0
2023-05-16,271.537,274.11,269.531,269.59,888900,0.0,0.0
2023-05-17,271.302,271.449,267.085,269.482,949300,0.0,0.0
2023-05-18,272.241,276.37,271.693,273.337,1490500,0.0,0.0
2023-05-19,275.362,279.559,274.217,276.34,1512000,0.0,0.0
2023-05-22,276.741,278.6,270.862,271.028,1236300,0.0,0.0
2023-05-23,268.445,268.445,261.225,261.949,1168500,0.0,0.0
2023-05-24,259.67,260.668,256.402,259.151,1057400,0.0,0.0
2023-05-25,259.191,260.785,256.862,258.359,868700,0.0,0.0
2023-05-26,258.427,261.627,258.046,258.672,975300,0.0,0.0
2023-05-30,257.821,263.025,256.911,258.447,1102400,0.0,0.0
2023-05-31,256.412,258.711,253.556,258.457,1918100,0.0,0.0
2023-06-01,258.584,262.683,257.968,262.057,895100,0.0,0.0
2023-06-02,263.652,269.756,263.612,268.308,1037500,0.0,0.0
2023-06-05,267.477,269.267,266.254,266.322,999000,0.0,0.0
2023-06-06,266.616,267.31,260.903,265.305,1164800,0.0,0.0
2023-06-07,265.902,269.433,261.969,267.594,1208000,0.0,0.0
2023-06-08,268.181,269.228,265.804,267.555,845300,0.0,0.0
2023-06-09,266.948,269.032,265.726,265.892,730000,0.0,0.0
2023-06-12,266.391,270.402,265.814,270.245,1166000,0.0,0.0
2023-06-13,271.537,274.902,271.106,273.777,1096400,0.0,0.0
2023-06-14,288.461,290.447,277.27,278.033,2195800,0.0,0.0
2023-06-15,277.386,281.738,276.778,280.278,1251700,0.6,0.0
2023-06-16,281.954,285.983,281.954,284.385,2967800,0.0,0.0
2023-06-20,283.679,284.944,279.444,279.699,999400,0.0,0.0
2023-06-21,278.778,283.523,276.238,281.346,1325600,0.0,0.0
2023-06-22,280.866,288.689,279.876,288.621,1198000,0.0,0.0
2023-06-23,287.023,291.15,285.876,289.601,2007500,0.0,0.0
2023-06-26,290.072,290.993,287.885,289.081,928400,0.0,0.0
2023-06-27,288.228,292.62,288.228,291.758,1164400,0.0,0.0
2023-06-28,291.552,293.895,290.023,293.64,1226200,0.0,0.0
2023-06-29,293.13,296.983,292.297,294.542,954300,0.0,0.0
2023-06-30,297.973,298.875,295.885,297.522,1282700,0.0,0.0
2023-07-03,294.542,295.454,286.287,291.738,932900,0.0,0.0
2023-07-05,290.836,294.65,290.14,292.493,891000,0.0,0.0
2023-07-06,291.268,293.454,287.679,288.679,1206100,0.0,0.0
2023-07-07,286.072,289.052,284.307,285.768,929000,0.0,0.0
2023-07-10,286.091,290.15,286.091,289.934,737200,0.0,0.0
2023-07-11,291.307,291.846,287.17,288.905,843300,0.0,0.0
2023-07-12,289.964,290.964,287.817,289.444,1275400,0.0,0.0
2023-07-13,289.846,293.17,288.297,290.17,1262600,0.0,0.0
2023-07-14,290.199,294.179,289.375,290.738,1214500,0.0,0.0
2023-07-17,288.993,289.934,284.111,286.13,1800300,0.0,0.0
2023-07-18,285.895,287.415,282.729,284.052,1549500,0.0,0.0
2023-07-19,283.121,284.405,274.974,281.082,2637500,0.0,0.0
2023-07-20,282.846,284.307,279.552,281.278,1738100,0.0,0.0
2023-07-21,282.052,283.591,279.258,279.542,1027400,0.0,0.0
2023-07-24,279.405,281.582,278.16,279.582,1031900,0.0,0.0
2023-07-25,278.984,280.944,276.248,279.925,3057800,0.0,0.0
2023-07-26,278.601,281.866,276.288,276.641,1943600,0.0,0.0
2023-07-27,268.621,271.268,259.915,270.896,3025300,0.0,0.0
2023-07-28,272.925,273.435,266.758,267.886,2011900,0.0,0.0
2023-07-31,270.101,270.101,264.905,267.454,1600300,0.0,0.0
2023-08-01,267.739,272.15,267.16,268.494,1273000,0.0,0.0
2023-08-02,268.092,270.415,263.082,264.102,1168200,0.0,0.0
2023-08-03,263.719,267.945,263.288,265.435,1091800,0.0,0.0
2023-08-04,264.749,266.356,262.553,263.415,1159200,0.0,0.0
2023-08-07,264.7,267.258,264.435,267.229,952900,0.0,0.0
2023-08-08,265.611,265.611,260.729,262.356,1193800,0.0,0.0
2023-08-09,263.317,264.915,260.896,261.857,1027500,0.0,0.0
2023-08-10,261.808,264.337,260.798,262.788,1088800,0.0,0.0
2023-08-11,261.915,265.445,260.945,264.288,958200,0.0,0.0
2023-08-14,263.7,265.631,262.249,265.572,880900,0.0,0.0
2023-08-15,265.68,266.984,262.749,263.494,949200,0.0,0.0
2023-08-16,264.533,267.641,261.445,261.807,746200,0.0,0.0
2023-08-17,260.896,263.454,259.16,260.396,1240200,0.0,0.0
2023-08-18,259.111,264.209,259.111,263.758,977900,0.0,0.0
2023-08-21,264.317,269.719,264.151,269.425,1264200,0.0,0.0
2023-08-22,270.16,272.209,268.935,269.435,1628000,0.0,0.0
2023-08-23,271.484,272.229,269.925,271.729,833700,0.0,0.0
2023-08-24,271.562,274.474,267.151,267.239,1002700,0.0,0.0
2023-08-25,268.2,270.896,267.396,267.915,879100,0.0,0.0
2023-08-28,268.964,272.445,268.621,272.092,662200,0.0,0.0
2023-08-29,272.337,274.435,270.719,273.866,694200,0.0,0.0
2023-08-30,274.631,276.258,273.817,274.268,538600,0.0,0.0
2023-08-31,274.131,275.013,271.817,271.856,981000,0.0,0.0
2023-09-01,273.621,275.484,272.699,275.297,966900,0.0,0.0
2023-09-05,273.415,273.454,266.102,268.866,1240100,0.0,0.0
2023-09-06,268.454,271.072,267.925,269.18,780300,0.0,0.0
2023-09-07,269.111,270.474,266.043,266.552,1260200,0.0,0.0
2023-09-08,266.552,271.768,266.454,268.209,990900,0.0,0.0
2023-09-11,268.415,268.827,266.709,267.131,1042600,0.0,0.0
2023-09-12,265.827,267.307,255.67,255.749,1591600,0.0,0.0
2023-09-13,255.161,257.611,254.788,257.337,1422000,0.0,0.0
2023-09-14,259.361,259.862,256.512,258.998,867000,0.6,0.0
2023-09-15,254.094,258.044,247.933,251.825,4375400,0.0,0.0
2023-09-18,251.235,252.856,249.525,251.264,1387500,0.0,0.0
2023-09-19,251.481,253.023,248.326,249.869,1089700,0.0,0.0
2023-09-20,251.402,252.09,249.25,249.791,1084300,0.0,0.0
2023-09-21,248.376,250.842,248.277,249.034,1188800,0.0,0.0
2023-09-22,248.769,249.948,246.98,247.884,818300,0.0,0.0
2023-09-25,247.049,250.498,246.4,250.095,726700,0.0,0.0
2023-09-26,248.857,249.997,244.101,244.14,1540300,0.0,0.0
2023-09-27,244.818,247.383,239.345,242.961,1308900,0.0,0.0
2023-09-28,243.472,248.228,242.893,246.292,1065300,0.0,0.0
2023-09-29,246.568,246.568,240.544,241.704,1529100,0.0,0.0
2023-10-02,241.33,243.099,239.945,242.912,1294700,0.0,0.0
2023-10-03,241.723,241.9,238.353,239.738,1004200,0.0,0.0
2023-10-04,241.242,241.389,235.769,239.129,1290400,0.0,0.0
2023-10-05,239.758,242.706,238.314,241.163,896400,0.0,0.0
2023-10-06,240.397,243.06,237.567,241.114,1011700,0.0,0.0
2023-10-09,241.88,244.966,239.886,244.622,795400,0.0,0.0
2023-10-10,244.74,249.869,244.74,248.67,1085300,0.0,0.0
2023-10-11,247.354,247.354,236.741,239.827,1720200,0.0,0.0
2023-10-12,240.436,241.311,230.384,230.885,2002900,0.0,0.0
2023-10-13,231.779,234.629,230.227,233.292,1177900,0.0,0.0
2023-10-16,234.747,236.014,233.361,235.258,1437600,0.0,0.0
2023-10-17,233.98,240.741,233.666,239.729,1216800,0.0,0.0
2023-10-18,239.119,241.615,238.215,238.294,1153900,0.0,0.0
2023-10-19,239.188,243.256,238.746,239.807,1124600,0.0,0.0
2023-10-20,241.812,242.863,236.771,236.938,1166300,0.0,0.0
2023-10-23,236.722,239.994,236.329,236.751,1282500,0.0,0.0
2023-10-24,214.947,228.546,212.206,226.119,3636500,0.0,0.0
2023-10-25,226.001,227.407,220.902,221.442,1565400,0.0,0.0
2023-10-26,219.87,223.093,217.551,217.954,1548100,0.0,0.0
2023-10-27,219.683,223.869,216.716,221.373,1320400,0.0,0.0
2023-10-30,222.611,223.23,218.366,219.457,1442700,0.0,0.0
2023-10-31,220.204,223.083,220.204,222.209,1433500,0.0,0.0
2023-11-01,221.088,222.287,219.84,221.442,1158100,0.0,0.0
2023-11-02,221.845,224.753,221.403,223.958,1128500,0.0,0.0
2023-11-03,226.994,230.197,226.296,226.827,1250300,0.0,0.0
2023-11-06,227.456,227.957,222.503,226.984,1610300,0.0,0.0
2023-11-07,227.328,230.089,226.503,229.057,1387400,0.0,0.0
2023-11-08,230.207,232.074,227.407,227.524,1424600,0.0,0.0
2023-11-09,229.932,231.897,223.358,223.604,1279600,0.0,0.0
2023-11-10,224.675,230.354,222.543,228.772,1536000,0.0,0.0
2023-11-13,229.46,231.661,225.294,225.992,1798200,0.0,0.0
2023-11-14,234.049,235.72,229.175,233.45,1810800,0.0,0.0
2023-11-15,233.44,240.583,233.44,236.879,1949900,0.0,0.0
2023-11-16,236.398,237.832,234.668,236.24,1676600,0.0,0.0
2023-11-17,239.267,245.978,239.267,242.097,3050100,0.0,0.0
2023-11-20,240.77,246.351,240.77,244.091,1636400,0.0,0.0
2023-11-21,243.531,245.958,243.364,244.239,1169000,0.0,0.0
2023-11-22,246.027,249.024,244.927,248.611,1112600,0.0,0.0
2023-11-24,249.289,249.692,247.0,247.796,435500,0.0,0.0
2023-11-27,246.744,248.818,246.459,247.0,1146000,0.0,0.0
2023-11-28,246.145,247.167,241.566,242.362,1546200,0.0,0.0
2023-11-29,244.386,246.214,243.413,244.75,1401000,0.0,0.0
2023-11-30,244.435,246.184,242.313,246.125,1792800,0.0,0.0
2023-12-01,246.116,249.152,245.654,247.973,980500,0.0,0.0
2023-12-04,246.322,252.974,246.312,252.67,2000400,0.0,0.0
2023-12-05,251.392,251.933,247.973,248.12,981700,0.0,0.0
2023-12-06,248.877,250.626,247.177,248.002,1079900,0.0,0.0
2023-12-07,249.28,250.007,248.454,249.535,900100,0.0,0.0
2023-12-08,249.82,253.662,248.867,253.053,1552500,0.0,0.0
2023-12-11,251.657,257.622,251.284,257.465,1484800,0.0,0.0
2023-12-12,258.123,259.116,256.256,258.428,1373200,0.0,0.0
2023-12-13,259.009,264.682,257.354,264.209,1417300,0.6,0.0
2023-12-14,267.124,272.59,267.104,271.674,2410000,0.0,0.0
2023-12-15,270.315,270.492,264.77,266.297,2794300,0.0,0.0
2023-12-18,267.331,267.331,262.781,263.135,881800,0.0,0.0
2023-12-19,263.884,265.184,262.269,265.105,1478300,0.0,0.0
2023-12-20,265.115,266.257,259.235,259.482,1019800,0.0,0.0
2023-12-21,261.786,264.898,261.737,264.682,737200,0.0,0.0
2023-12-22,265.696,266.819,263.953,265.903,569500,0.0,0.0
2023-12-26,266.238,268.936,265.716,267.587,509400,0.0,0.0
2023-12-27,267.085,267.774,265.982,267.114,517100,0.0,0.0
2023-12-28,266.888,268.473,266.198,266.385,542300,0.0,0.0
2023-12-29,265.804,268.168,265.627,266.582,629400,0.0,0.0
2024-01-02,265.42,271.26,264.731,271.152,1065800,0.0,0.0
2024-01-03,269.783,271.418,266.671,267.961,1158700,0.0,0.0
2024-01-04,267.744,272.56,267.026,268.966,832900,0.0,0.0
2024-01-05,268.739,274.629,268.69,271.664,822700,0.0,0.0
2024-01-08,272.659,277.426,272.383,277.229,834700,0.0,0.0
2024-01-09,276.037,277.485,274.629,275.101,764400,0.0,0.0
2024-01-10,274.727,278.814,274.048,278.223,890900,0.0,0.0
2024-01-11,278.223,279.652,277.022,278.253,869800,0.0,0.0
2024-01-12,280.341,282.882,276.687,277.918,899900,0.0,0.0
2024-01-16,276.411,277.938,275.18,276.569,841600,0.0,0.0
2024-01-17,274.432,277.672,272.314,273.673,737400,0.0,0.0
2024-01-18,274.786,281.542,274.284,280.508,1316700,0.0,0.0
2024-01-19,281.759,283.729,279.13,283.414,1212200,0.0,0.0
2024-01-22,284.221,286.565,282.685,283.946,1769000,0.0,0.0
2024-01-23,284.379,286.949,279.376,280.597,1992000,0.0,0.0
2024-01-24,280.833,282.153,274.461,274.708,1435700,0.0,0.0
2024-01-25,276.047,281.877,275.692,281.69,1438800,0.0,0.0
2024-01-26,283.138,283.837,277.672,279.139,929900,0.0,0.0
2024-01-29,278.145,282.842,277.347,282.389,1742800,0.0,0.0
2024-01-30,295.459,300.334,291.637,297.024,2483200,0.0,0.0
2024-01-31,298.827,304.647,297.812,300.284,2555800,0.0,0.0
2024-02-01,298.758,310.054,298.758,309.897,1739800,0.0,0.0
2024-02-02,308.262,308.262,302.5,304.736,1280100,0.0,0.0
2024-02-05,304.115,307.779,303.426,305.918,861900,0.0,0.0
2024-02-06,305.928,307.759,300.353,302.175,1261300,0.0,0.0
2024-02-07,303.003,305.484,301.604,302.628,890800,0.0,0.0
2024-02-08,302.412,303.052,297.537,300.836,899500,0.0,0.0
2024-02-09,300.993,302.855,300.865,301.683,770400,0.0,0.0
2024-02-12,301.368,306.765,298.876,305.465,1367700,0.0,0.0
2024-02-13,301.407,303.347,297.261,299.93,996800,0.0,0.0
2024-02-14,301.515,302.697,299.221,300.806,936100,0.0,0.0
2024-02-15,302.244,304.628,301.181,303.003,839700,0.0,0.0
2024-02-16,302.589,306.637,301.978,303.879,869100,0.0,0.0
2024-02-20,302.037,305.169,302.037,303.909,774900,0.0,0.0
2024-02-21,302.845,307.109,302.845,306.903,572800,0.0,0.0
2024-02-22,306.312,313.481,304.884,308.104,1618000,0.0,0.0
2024-02-23,309.0,312.181,309.0,310.586,787200,0.0,0.0
2024-02-26,311.216,311.709,308.34,308.459,858300,0.0,0.0
2024-02-27,308.153,310.231,306.873,309.247,620100,0.0,0.0
2024-02-28,309.857,311.925,305.051,307.336,738700,0.0,0.0
2024-02-29,309.207,309.276,304.884,306.981,1479200,0.0,0.0
2024-03-01,306.873,309.237,303.8,307.257,1212000,0.0,0.0
2024-03-04,307.819,309.936,306.016,309.325,750600,0.0,0.0
2024-03-05,310.231,313.048,307.809,310.763,987400,0.0,0.0
2024-03-06,312.497,319.263,311.955,318.504,1914000,0.0,0.0
2024-03-07,320.385,323.714,319.381,319.745,966800,0.0,0.0
2024-03-08,319.538,323.763,319.538,320.444,708700,0.0,0.0
2024-03-11,318.77,320.12,312.201,316.387,1043900,0.0,0.0
2024-03-12,315.894,321.291,314.26,318.652,1048700,0.0,0.0
2024-03-13,318.849,320.277,316.367,317.027,969700,0.0,0.0
2024-03-14,317.52,320.787,315.063,320.521,1058200,0.66,0.0
2024-03-15,314.718,319.425,314.718,317.747,1231000,0.0,0.0
2024-03-18,317.747,323.866,317.481,322.879,829500,0.0,0.0
2024-03-19,324.192,326.383,323.402,326.146,916800,0.0,0.0
2024-03-20,325.919,327.054,324.261,324.547,828200,0.0,0.0
2024-03-21,324.912,329.649,324.261,324.537,1041100,0.0,0.0
2024-03-22,324.438,326.353,323.165,325.613,710100,0.0,0.0
2024-03-25,325.672,327.221,322.968,323.027,755700,0.0,0.0
2024-03-26,322.465,326.037,321.922,323.412,891300,0.0,0.0
2024-03-27,326.679,328.218,325.139,327.34,1032000,0.0,0.0
2024-03-28,328.396,330.103,326.402,329.156,812700,0.0,0.0
2024-04-01,327.962,328.169,323.383,325.781,850500,0.0,0.0
2024-04-02,324.725,325.317,321.261,325.031,904600,0.0,0.0
2024-04-03,324.804,328.297,324.636,327.843,791700,0.0,0.0
2024-04-04,330.113,331.426,320.254,320.905,749500,0.0,0.0
2024-04-05,321.942,325.228,321.942,324.488,604400,0.0,0.0
2024-04-08,322.208,325.08,320.817,323.718,1063600,0.0,0.0
2024-04-09,324.685,325.11,321.024,324.577,667200,0.0,0.0
2024-04-10,321.971,324.922,320.373,323.461,735200,0.0,0.0
2024-04-11,324.942,325.198,319.958,322.958,643400,0.0,0.0
2024-04-12,321.882,324.794,316.435,318.586,994900,0.0,0.0
2024-04-15,323.432,325.603,316.968,318.399,731900,0.0,0.0
2024-04-16,319.119,319.119,307.81,309.773,1623100,0.0,0.0
2024-04-17,311.343,311.412,306.082,306.951,1511000,0.0,0.0
2024-04-18,299.036,300.615,289.128,293.105,2767400,0.0,0.0
2024-04-19,294.723,301.898,293.45,301.109,1652000,0.0,0.0
2024-04-22,303.23,308.994,302.984,306.24,1131400,0.0,0.0
2024-04-23,308.254,316.02,308.254,315.241,1183400,0.0,0.0
2024-04-24,314.649,317.777,313.533,314.836,835600,0.0,0.0
2024-04-25,317.185,318.034,308.036,310.0,1585000,0.0,0.0
2024-04-26,293.48,303.24,291.911,302.668,2257100,0.0,0.0
2024-04-29,304.799,308.737,303.556,307.336,1141200,0.0,0.0
2024-04-30,308.224,309.31,304.109,305.757,955800,0.0,0.0
2024-05-01,303.408,309.754,303.023,305.382,812500,0.0,0.0
2024-05-02,307.908,307.908,303.053,304.79,868700,0.0,0.0
2024-05-03,307.908,310.444,303.27,303.724,1044900,0.0,0.0
2024-05-06,305.214,306.911,303.793,305.994,751200,0.0,0.0
2024-05-07,308.027,310.504,305.747,310.326,1178500,0.0,0.0
2024-05-08,310.089,310.089,303.25,305.362,1027000,0.0,0.0
2024-05-09,305.589,317.925,305.569,317.668,1147800,0.0,0.0
2024-05-10,318.655,323.481,317.984,322.366,1030900,0.0,0.0
2024-05-13,320.945,322.366,311.806,313.02,1316500,0.0,0.0
2024-05-14,313.879,317.955,312.29,316.297,976300,0.0,0.0
2024-05-15,317.609,322.978,317.609,322.672,778200,0.0,0.0
2024-05-16,321.024,323.649,318.438,318.478,694400,0.0,0.0
2024-05-17,319.356,319.928,315.793,318.626,739200,0.0,0.0
2024-05-20,319.77,321.044,317.274,320.787,725900,0.0,0.0
2024-05-21,320.797,320.807,313.81,316.909,838600,0.0,0.0
2024-05-22,315.853,318.28,313.405,314.234,678300,0.0,0.0
2024-05-23,314.619,315.408,309.033,311.185,900700,0.0,0.0
2024-05-24,313.425,315.349,312.438,314.52,814300,0.0,0.0
2024-05-28,313.958,314.599,311.54,314.481,852500,0.0,0.0
2024-05-29,312.349,327.656,311.066,320.866,1786600,0.0,0.0
2024-05-30,323.501,332.511,322.563,330.705,1585500,0.0,0.0
2024-05-31,330.695,335.511,327.547,335.294,2049300,0.0,0.0
2024-06-03,332.837,335.541,323.254,328.337,1109000,0.0,0.0
2024-06-04,327.123,329.314,323.817,327.646,729000,0.0,0.0
2024-06-05,330.34,333.192,327.31,332.491,647400,0.0,0.0
2024-06-06,331.732,334.544,329.57,332.403,927700,0.0,0.0
2024-06-07,330.755,333.765,328.416,333.015,908300,0.0,0.0
2024-06-10,330.952,337.791,329.294,336.784,1176300,0.0,0.0
2024-06-11,335.442,335.926,330.676,331.899,783400,0.0,0.0
2024-06-12,336.123,339.025,334.298,336.34,794600,0.0,0.0
2024-06-13,335.965,336.627,331.643,336.429,654200,0.0,0.0
2024-06-14,333.898,334.62,328.835,333.69,747400,0.66,0.0
2024-06-17,332.088,333.997,328.469,331.713,931100,0.0,0.0
2024-06-18,331.406,337.804,330.922,336.825,737600,0.0,0.0
2024-06-20,334.788,336.32,331.614,334.58,1007900,0.0,0.0
2024-06-21,335.816,337.151,333.512,335.124,2060100,0.0,0.0
2024-06-24,337.042,338.881,334.887,337.547,845500,0.0,0.0
2024-06-25,338.169,338.427,333.463,336.637,691800,0.0,0.0
2024-06-26,335.777,337.191,333.71,336.666,837500,0.0,0.0
2024-06-27,335.925,339.88,333.255,339.445,914000,0.0,0.0
2024-06-28,337.784,340.345,315.763,317.682,4016800,0.0,0.0
2024-07-01,317.533,321.291,309.87,311.59,2399900,0.0,0.0
2024-07-02,313.914,317.573,310.928,316.119,1588900,0.0,0.0
2024-07-03,315.13,322.892,313.519,322.892,945100,0.0,0.0
2024-07-05,321.825,322.368,312.876,316.713,942700,0.0,0.0
2024-07-08,317.474,317.691,309.732,312.668,1378100,0.0,0.0
2024-07-09,313.212,316.584,311.136,313.36,1203000,0.0,0.0
2024-07-10,315.793,315.793,309.138,311.818,1433200,0.0,0.0
2024-07-11,312.579,316.416,309.168,313.954,1674700,0.0,0.0
2024-07-12,315.219,322.388,313.637,320.687,1237300,0.0,0.0
2024-07-15,311.274,318.759,310.305,313.43,1693600,0.0,0.0
2024-07-16,315.239,318.423,310.77,315.338,1853100,0.0,0.0
2024-07-17,314.339,327.134,313.875,319.363,1976700,0.0,0.0
2024-07-18,318.917,323.97,315.654,318.126,1544900,0.0,0.0
2024-07-19,320.579,322.319,318.038,318.552,1239800,0.0,0.0
2024-07-22,319.56,327.332,316.713,321.736,1571600,0.0,0.0
2024-07-23,342.619,344.102,330.635,336.36,2767100,0.0,0.0
2024-07-24,340.345,341.086,333.384,340.088,1974200,0.0,0.0
2024-07-25,340.088,352.309,340.088,348.839,2152100,0.0,0.0
2024-07-26,352.013,352.102,347.247,350.806,1215900,0.0,0.0
2024-07-29,351.548,357.075,349.986,354.712,1196700,0.0,0.0
2024-07-30,354.633,360.111,354.109,357.303,1054000,0.0,0.0
2024-07-31,358.984,362.0,354.109,358.984,1243400,0.0,0.0
2024-08-01,360.032,365.272,356.887,359.053,1385300,0.0,0.0
2024-08-02,358.826,361.357,348.868,352.369,1604500,0.0,0.0
2024-08-05,345.694,348.75,338.308,346.258,1418600,0.0,0.0
2024-08-06,347.405,354.307,345.002,348.977,1205500,0.0,0.0
2024-08-07,351.429,355.721,347.168,348.324,824100,0.0,0.0
2024-08-08,348.423,356.818,348.423,356.63,811400,0.0,0.0
2024-08-09,356.68,357.797,352.962,356.858,624200,0.0,0.0
2024-08-12,356.284,358.905,354.485,357.352,808100,0.0,0.0
2024-08-13,358.934,365.134,357.362,364.729,884500,0.0,0.0
2024-08-14,365.856,370.513,365.708,367.418,1023100,0.0,0.0
2024-08-15,370.691,371.433,364.778,367.725,773100,0.0,0.0
2024-08-16,367.952,371.126,367.171,369.584,734600,0.0,0.0
2024-08-19,369.584,371.601,368.17,370.019,515500,0.0,0.0
2024-08-20,370.82,373.648,369.406,371.106,688800,0.0,0.0
2024-08-21,370.968,375.269,370.296,372.451,721900,0.0,0.0
2024-08-22,374.557,379.57,374.557,378.829,979200,0.0,0.0
2024-08-23,382.25,384.465,379.551,384.425,795400,0.0,0.0
2024-08-26,385.009,386.957,383.278,384.149,929400,0.0,0.0
2024-08-27,384.505,387.491,383.229,385.81,762100,0.0,0.0
2024-08-28,386.502,387.609,383.911,385.81,592000,0.0,0.0
2024-08-29,387.609,389.676,383.634,388.391,915000,0.0,0.0
2024-08-30,387.471,391.476,385.889,391.159,904700,0.0,0.0
2024-09-03,391.565,393.275,389.508,391.397,930100,0.0,0.0
2024-09-04,392.247,392.712,387.728,389.884,899100,0.0,0.0
2024-09-05,389.36,394.165,387.313,393.295,903600,0.0,0.0
2024-09-06,394.531,398.536,382.448,383.634,2248800,0.0,0.0
2024-09-09,385.78,385.78,375.012,380.638,1522500,0.0,0.0
2024-09-10,381.627,384.95,380.638,382.102,912000,0.0,0.0
2024-09-11,380.54,393.789,380.431,384.297,1823900,0.0,0.0
2024-09-12,381.103,388.499,381.103,387.283,1191700,0.0,0.0
2024-09-13,386.551,391.397,386.551,390.259,876300,0.0,0.0
2024-09-16,393.211,400.471,391.943,399.58,922800,0.66,0.0
2024-09-17,399.669,401.036,392.29,393.706,1394600,0.0,0.0
2024-09-18,393.657,399.906,391.418,396.073,936100,0.0,0.0
2024-09-19,399.005,400.788,394.013,399.669,938100,0.0,0.0
2024-09-20,398.569,401.828,394.528,400.798,3447700,0.0,0.0
2024-09-23,402.402,405.512,400.372,401.828,957900,0.0,0.0
2024-09-24,400.005,402.115,396.787,397.965,1000500,0.0,0.0
2024-09-25,399.768,402.452,397.807,401.244,824500,0.0,0.0
2024-09-26,400.471,402.828,396.786,400.005,857800,0.0,0.0
2024-09-27,400.511,401.56,392.785,399.431,823100,0.0,0.0
2024-09-30,399.302,403.205,392.221,402.551,910800,0.0,0.0
2024-10-01,401.838,403.433,398.035,401.58,852000,0.0,0.0
2024-10-02,400.501,403.948,398.708,399.996,999600,0.0,0.0
2024-10-03,399.065,399.065,386.872,388.714,932500,0.0,0.0
2024-10-04,390.576,391.567,386.674,390.309,787900,0.0,0.0
2024-10-07,388.467,389.923,377.978,378.879,1641700,0.0,0.0
2024-10-08,379.048,381.95,366.924,374.967,1893700,0.0,0.0
2024-10-09,374.868,382.97,372.441,382.673,1435300,0.0,0.0
2024-10-10,382.316,384.703,379.483,383.554,956700,0.0,0.0
2024-10-11,387.318,391.973,386.317,390.774,755000,0.0,0.0
2024-10-14,390.844,394.191,389.447,392.003,865400,0.0,0.0
2024-10-15,393.488,407.939,393.488,397.43,1602800,0.0,0.0
2024-10-16,401.135,412.743,399.391,405.324,1769000,0.0,0.0
2024-10-17,402.848,406.592,400.263,402.601,1109800,0.0,0.0
2024-10-18,402.581,413.159,400.887,411.574,1094000,0.0,0.0
2024-10-21,410.227,412.01,406.652,406.84,962000,0.0,0.0
2024-10-22,404.175,407.434,401.283,404.274,976700,0.0,0.0
2024-10-23,404.284,406.869,402.452,406.117,905400,0.0,0.0
2024-10-24,401.699,404.611,390.358,395.093,2224300,0.0,0.0
2024-10-25,366.469,367.459,353.622,360.08,4263600,0.0,0.0
2024-10-28,360.031,364.319,353.098,353.187,1969900,0.0,0.0
2024-10-29,353.593,358.446,351.879,357.228,1639700,0.0,0.0
2024-10-30,356.376,360.655,355.544,357.475,1266500,0.0,0.0
2024-10-31,354.583,357.951,353.85,355.316,1188200,0.0,0.0
2024-11-01,357.079,357.436,352.166,353.781,1317700,0.0,0.0
2024-11-04,354.435,364.894,354.197,359.694,1547700,0.0,0.0
2024-11-05,359.535,363.745,359.288,363.161,999800,0.0,0.0
2024-11-06,345.927,354.316,342.589,345.421,3443800,0.0,0.0
2024-11-07,344.936,353.434,342.529,352.632,1670900,0.0,0.0
2024-11-08,353.672,355.286,348.561,350.78,1252600,0.0,0.0
2024-11-11,353.137,357.04,351.196,354.573,909700,0.0,0.0
2024-11-12,354.296,354.732,346.976,347.184,1416200,0.0,0.0
2024-11-13,347.076,348.64,343.966,345.986,1433100,0.0,0.0
2024-11-14,346.481,356.742,342.004,342.212,1835700,0.0,0.0
2024-11-15,342.113,342.113,331.961,339.687,1863500,0.0,0.0
2024-11-18,339.409,340.004,329.713,332.645,1496200,0.0,0.0
2024-11-19,331.159,333.784,327.484,331.912,1173200,0.0,0.0
2024-11-20,332.407,332.407,324.751,329.822,1510500,0.0,0.0
2024-11-21,324.047,329.634,317.114,329.069,2322100,0.0,0.0
2024-11-22,325.375,326.504,317.025,321.829,2133200,0.0,0.0
2024-11-25,317.273,324.345,316.441,322.512,2688300,0.0,0.0
2024-11-26,323.919,327.157,320.71,325.81,1056500,0.0,0.0
2024-11-27,325.721,328.821,321.829,322.364,757100,0.0,0.0
2024-11-29,321.403,324.721,320.898,324.097,626800,0.0,0.0
2024-12-02,323.344,327.643,322.383,324.503,1189000,0.0,0.0
2024-12-03,327.415,329.861,322.492,323.948,1067300,0.0,0.0
2024-12-04,323.879,325.305,320.581,320.997,1800100,0.0,0.0
2024-12-05,321.373,322.403,316.233,316.995,1384600,0.0,0.0
2024-12-06,318.768,321.581,312.677,316.698,1329200,0.0,0.0
2024-12-09,316.946,320.432,314.371,315.46,1405300,0.0,0.0
2024-12-10,314.965,316.728,308.517,313.767,1087400,0.0,0.0
2024-12-11,314.965,315.896,311.3,312.132,882800,0.0,0.0
2024-12-12,312.608,315.302,307.537,309.012,1568700,0.0,0.0
2024-12-13,309.677,312.645,308.933,311.593,1324500,0.66,0.0
2024-12-16,310.303,314.719,306.313,307.295,1788200,0.0,0.0
2024-12-17,305.042,307.95,301.499,305.489,1633500,0.0,0.0
2024-12-18,307.007,307.464,296.645,296.923,1504400,0.0,0.0
2024-12-19,296.278,302.332,294.452,295.305,1911000,0.0,0.0
2024-12-20,296.754,302.65,294.442,301.36,2933000,0.0,0.0
2024-12-23,300.635,302.203,297.31,301.26,924000,0.0,0.0
2024-12-24,300.099,302.352,299.434,302.352,321300,0.0,0.0
2024-12-26,301.558,303.196,299.553,300.506,663900,0.0,0.0
2024-12-27,297.767,302.015,297.102,300.268,1238700,0.0,0.0
2024-12-30,298.154,300.744,294.531,296.198,903100,0.0,0.0
2024-12-31,297.638,299.93,295.93,297.916,647800,0.0,0.0
2025-01-02,300.635,301.598,295.117,295.533,962600,0.0,0.0
2025-01-03,295.533,296.059,287.821,294.491,1260000,0.0,0.0
2025-01-06,295.504,299.722,293.806,294.71,1440900,0.0,0.0
2025-01-07,298.283,306.481,298.263,305.916,1724600,0.0,0.0
2025-01-08,305.757,312.159,301.548,308.933,1995200,0.0,0.0
2025-01-10,306.7,312.129,298.273,300.566,2417600,0.0,0.0
2025-01-13,300.466,306.164,299.394,305.886,1406700,0.0,0.0
2025-01-14,303.722,305.112,297.925,303.514,1055600,0.0,0.0
2025-01-15,306.471,307.692,301.667,303.97,1235700,0.0,0.0
2025-01-16,303.742,308.417,301.796,307.136,767800,0.0,0.0
2025-01-17,308.586,310.581,306.193,308.139,1206600,0.0,0.0
2025-01-21,309.886,317.33,309.767,316.099,1846000,0.0,0.0
2025-01-22,315.871,318.829,309.102,317.131,2376900,0.0,0.0
2025-01-23,321.707,324.367,317.995,322.938,2915800,0.0,0.0
2025-01-24,321.519,323.553,306.7,310.739,3031300,0.0,0.0
2025-01-27,313.896,330.184,311.156,329.528,2805800,0.0,0.0
2025-01-28,330.581,331.563,320.913,326.253,2498600,0.0,0.0
2025-01-29,326.253,328.387,322.352,325.181,1142200,0.0,0.0
2025-01-30,326.868,335.156,326.303,332.119,1201700,0.0,0.0
2025-01-31,331.553,333.558,327.424,327.454,1254800,0.0,0.0
2025-02-03,322.412,337.648,321.856,331.811,1532200,0.0,0.0
2025-02-04,327.762,333.201,327.762,332.308,1133100,0.0,0.0
2025-02-05,334.987,335.484,331.94,334.322,951400,0.0,0.0
2025-02-06,334.322,336.724,317.618,322.114,2209200,0.0,0.0
2025-02-07,323.285,326.094,318.819,319.652,1530000,0.0,0.0
2025-02-10,320.218,321.588,307.146,315.891,1632400,0.0,0.0
2025-02-11,314.898,321.638,314.898,321.32,1419200,0.0,0.0
2025-02-12,317.846,319.782,308.01,310.055,1972100,0.0,0.0
2025-02-13,312.139,320.417,310.749,319.523,1715000,0.0,0.0
2025-02-14,319.603,323.385,313.588,313.856,1451600,0.0,0.0
2025-02-18,315.712,317.955,311.95,314.352,1084500,0.0,0.0
2025-02-19,313.628,321.34,313.201,318.174,1738400,0.0,0.0
2025-02-20,317.717,322.908,317.33,319.107,1545500,0.0,0.0
2025-02-21,316.665,320.218,312.774,314.064,1638400,0.0,0.0
2025-02-24,316.576,318.61,314.154,317.191,1488400,0.0,0.0
2025-02-25,318.59,330.858,317.787,330.59,2908600,0.0,0.0
2025-02-26,330.59,331.702,313.201,317.528,2109600,0.0,0.0
2025-02-27,319.285,326.571,317.489,318.551,1788600,0.0,0.0
2025-02-28,301.737,306.779,292.804,304.02,3469100,0.0,0.0
2025-03-03,306.382,310.015,305.112,308.963,1413600,0.0,0.0
2025-03-04,309.211,312.705,308.05,309.727,1321100,0.0,0.0
2025-03-05,308.685,318.65,308.685,317.251,1324300,0.0,0.0
2025-03-06,317.241,320.278,315.017,319.355,1512500,0.0,0.0
2025-03-07,318.471,330.035,316.794,327.692,1869000,0.0,0.0
2025-03-10,327.722,344.04,327.117,333.657,2674900,0.0,0.0
2025-03-11,333.568,336.427,316.248,321.141,2126200,0.0,0.0
2025-03-12,319.166,320.486,307.871,310.541,1466600,0.0,0.0
2025-03-13,310.491,314.918,308.943,312.447,957100,0.0,0.0
2025-03-14,313.489,319.107,310.878,317.012,1041800,0.0,0.0
2025-03-17,316.435,328.224,314.645,326.751,1104300,0.72,0.0
2025-03-18,326.821,330.89,325.617,328.443,1009700,0.0,0.0
2025-03-19,329.288,333.944,328.751,332.442,1276200,0.0,0.0
2025-03-20,331.089,333.735,330.054,331.785,1671400,0.0,0.0
2025-03-21,330.233,330.412,323.668,327.08,3392400,0.0,0.0
2025-03-24,326.115,335.038,324.334,332.103,1423800,0.0,0.0
2025-03-25,334.988,340.957,331.158,334.71,1318000,0.0,0.0
2025-03-26,335.247,338.729,331.109,335.535,1191800,0.0,0.0
2025-03-27,336.182,341.872,331.875,340.559,1326100,0.0,0.0
2025-03-28,341.216,343.176,338.878,340.38,1114500,0.0,0.0
2025-03-31,339.415,346.627,337.863,343.753,1571800,0.0,0.0
2025-04-01,344.996,346.17,340.977,343.932,1226300,0.0,0.0
2025-04-02,342.131,346.737,340.271,345.225,1249400,0.0,0.0
2025-04-03,344.548,351.512,343.325,347.324,1946900,0.0,0.0
2025-04-04,344.698,346.846,328.562,329.925,2518300,0.0,0.0
2025-04-07,324.553,333.655,316.803,327.915,1999100,0.0,0.0
2025-04-08,338.132,344.17,326.334,330.452,2058700,0.0,0.0
2025-04-09,325.2,342.996,320.365,336.769,2909100,0.0,0.0
2025-04-10,338.51,340.39,322.713,333.247,2134700,0.0,0.0
2025-04-11,332.67,334.789,322.772,331.636,1677500,0.0,0.0
2025-04-14,334.74,339.385,330.8,338.848,1172400,0.0,0.0
2025-04-15,335.973,339.614,333.516,333.805,1011400,0.0,0.0
2025-04-16,334.809,335.575,327.438,329.278,1194600,0.0,0.0
2025-04-17,334.6,337.018,329.348,333.267,1830600,0.0,0.0
2025-04-21,333.188,333.188,312.794,315.958,1650300,0.0,0.0
2025-04-22,318.624,323.23,315.888,322.931,1432800,0.0,0.0
2025-04-23,326.921,336.262,326.294,334.232,1402100,0.0,0.0
2025-04-24,335.864,341.196,334.222,339.634,2272300,0.0,0.0
2025-04-25,348.428,348.428,319.718,326.214,2803600,0.0,0.0
2025-04-28,325.349,331.347,324.443,330.293,1528100,0.0,0.0
2025-04-29,329.606,341.813,328.005,338.808,1416600,0.0,0.0
2025-04-30,338.391,344.29,333.367,343.285,1330400,0.0,0.0
2025-05-01,342.211,346.329,339.186,341.256,1148000,0.0,0.0
2025-05-02,345.006,347.085,342.847,346.16,802300,0.0,0.0
2025-05-05,346.657,349.323,342.429,347.563,789900,0.0,0.0
2025-05-06,347.781,359.062,344.409,354.844,1587000,0.0,0.0
2025-05-07,354.297,361.619,348.348,359.102,1984400,0.0,0.0
2025-05-08,356.824,362.067,351.86,352.079,1224500,0.0,0.0
2025-05-09,352.159,355.073,350.537,351.86,979500,0.0,0.0
2025-05-12,353.213,371.428,352.915,361.39,1679400,0.0,0.0
2025-05-13,360.565,371.0,359.57,366.185,2203500,0.0,0.0
2025-05-14,366.086,370.164,363.778,365.588,1798700,0.0,0.0
2025-05-15,365.588,383.684,364.852,383.495,3047300,0.0,0.0
2025-05-16,384.45,386.071,378.988,385.504,1789700,0.0,0.0
2025-05-19,382.977,386.36,382.251,384.877,2041100,0.0,0.0
2025-05-20,383.027,386.101,382.002,384.042,1361400,0.0,0.0
2025-05-21,380.371,384.708,379.018,379.824,1118200,0.0,0.0
2025-05-22,376.909,381.535,372.761,374.681,1250400,0.0,0.0
2025-05-23,372.612,375.496,371.667,374.631,1138200,0.0,0.0
2025-05-27,377.785,378.968,375.228,376.839,996900,0.0,0.0
2025-05-28,375.009,380.351,374.989,376.471,921100,0.0,0.0
2025-05-29,380.62,384.201,376.203,376.68,1449500,0.0,0.0
2025-05-30,375.656,382.689,373.059,379.406,2556400,0.0,0.0
2025-06-02,378.302,380.222,375.705,380.172,1066900,0.0,0.0
2025-06-03,379.506,382.788,376.919,381.067,1220800,0.0,0.0
2025-06-04,383.107,384.231,379.476,379.675,943000,0.0,0.0
2025-06-05,380.848,382.291,377.267,379.515,1058700,0.0,0.0
2025-06-06,379.366,384.549,378.749,382.341,619600,0.0,0.0
2025-06-09,379.884,379.884,354.397,371.07,2014600,0.0,0.0
2025-06-10,365.19,367.17,356.327,363.022,1915000,0.0,0.0
2025-06-11,363.648,368.583,362.057,365.678,1026700,0.0,0.0
2025-06-12,366.135,369.737,364.245,369.737,787900,0.0,0.0
2025-06-13,367.2,372.86,365.897,369.249,872300,0.0,0.0
2025-06-16,370.405,372.847,349.594,367.385,2140000,0.72,0.0
2025-06-17,363.777,371.422,360.109,371.233,1334100,0.0,0.0
2025-06-18,371.292,379.316,369.668,375.628,1374300,0.0,0.0
2025-06-20,374.492,378.12,372.509,376.266,4238400,0.0,0.0
2025-06-23,377.721,379.396,371.113,377.482,1098000,0.0,0.0
2025-06-24,377.691,377.991,371.811,377.781,1105100,0.0,0.0
2025-06-25,376.087,377.093,368.681,372.967,1294200,0.0,0.0
2025-06-26,378.11,387.32,375.04,376.426,1838000,0.0,0.0
2025-06-27,377.263,382.645,374.98,378.06,1554900,0.0,0.0
2025-06-30,375.16,382.137,373.774,381.848,1172500,0.0,0.0
2025-07-01,382.835,389.732,379.795,388.257,1299900,0.0,0.0
2025-07-02,385.715,385.715,376.186,376.804,1297300,0.0,0.0
2025-07-03,377.921,379.934,370.007,375.349,943100,0.0,0.0
2025-07-07,375.857,377.741,373.734,377.741,1369700,0.0,0.0
2025-07-08,375.459,381.3,374.572,376.366,1098700,0.0,0.0
2025-07-09,377.761,377.761,373.804,377.203,1217700,0.0,0.0
2025-07-10,375.529,380.044,367.216,377.083,1584400,0.0,0.0
2025-07-11,373.984,375.897,372.249,374.841,877100,0.0,0.0
2025-07-14,374.701,380.233,373.445,379.207,935600,0.0,0.0
2025-07-15,378.3,381.748,367.445,370.585,1304400,0.0,0.0
2025-07-16,364.624,364.624,353.78,361.395,2004800,0.0,0.0
2025-07-17,360.328,364.315,356.89,361.415,1226100,0.0,0.0
2025-07-18,362.332,363.667,358.375,359.94,1029800,0.0,0.0
2025-07-21,360.318,364.963,358.166,363.358,1145300,0.0,0.0
2025-07-22,367.854,372.957,344.351,349.823,2985800,0.0,0.0
2025-07-23,351.826,355.903,349.006,352.115,1237000,0.0,0.0
2025-07-24,348.926,350.889,339.238,340.364,2404800,0.0,0.0
2025-07-25,334.872,343.872,328.921,333.227,3175900,0.0,0.0
2025-07-28,330.995,340.075,330.526,339.427,1869500,0.0,0.0
2025-07-29,340.005,347.281,338.709,343.374,1879300,0.0,0.0
2025-07-30,343.115,354.328,341.59,353.9,2389900,0.0,0.0
2025-07-31,352.594,357.508,351.976,352.833,1462700,0.0,0.0
2025-08-01,354.627,357.288,352.235,355.803,1369800,0.0,0.0
2025-08-04,355.564,363.578,353.87,362.013,1078300,0.0,0.0
2025-08-05,363.02,366.219,360.239,362.621,1106100,0.0,0.0
2025-08-06,362.8,368.92,362.8,364.953,1125200,0.0,0.0
2025-08-07,365.352,372.11,364.106,372.11,1136800,0.0,0.0
2025-08-08,373.027,380.831,371.841,380.363,1016100,0.0,0.0
2025-08-11,380.512,383.562,377.303,381.658,991600,0.0,0.0
2025-08-12,383.742,389.573,381.997,389.034,1089900,0.0,0.0
2025-08-13,389.463,391.466,387.43,389.184,1416100,0.0,0.0
2025-08-14,389.074,393.898,387.529,392.363,912000,0.0,0.0
2025-08-15,392.314,394.696,385.187,394.496,1251400,0.0,0.0
2025-08-18,394.457,396.101,392.034,392.333,1016100,0.0,0.0
2025-08-19,392.961,403.826,391.676,401.374,1502100,0.0,0.0
2025-08-20,402.131,409.657,398.643,408.839,1639500,0.0,0.0
2025-08-21,410.653,410.653,402.799,402.939,1198700,0.0,0.0
2025-08-22,402.63,406.437,399.919,403.646,1081200,0.0,0.0
2025-08-25,403.597,404.862,400.048,401.454,805500,0.0,0.0
2025-08-26,399.779,401.683,398.404,400.646,1180600,0.0,0.0
2025-08-27,400.457,405.54,397.516,403.726,702200,0.0,0.0
2025-08-28,403.427,406.836,399.47,405.949,965400,0.0,0.0
2025-08-29,406.347,407.643,399.51,402.64,996400,0.0,0.0
2025-09-02,400.347,407.145,398.822,404.813,955600,0.0,0.0
2025-09-03,404.115,406.736,401.952,406.278,651700,0.0,0.0
2025-09-04,408.66,415.836,406.268,410.245,1714800,0.0,0.0
2025-09-05,410.633,419.604,407.823,419.395,1059800,0.0,0.0
2025-09-08,417.471,417.471,405.361,416.733,1472900,0.0,0.0
2025-09-09,414.441,414.87,399.002,412.049,1084100,0.0,0.0
2025-09-10,413.823,414.032,384.33,393.071,2014000,0.0,0.0
2025-09-11,394.476,402.849,391.347,401.533,1295300,0.0,0.0
2025-09-12,399.261,405.052,398.334,403.806,761200,0.0,0.0
2025-09-15,402.49,405.281,398.713,401.852,897500,0.0,0.0
2025-09-16,403.14,405.627,398.387,399.156,1319800,0.72,0.0
2025-09-17,401.133,404.558,389.76,398.797,1250000,0.0,0.0
2025-09-18,396.111,401.792,389.521,400.464,1337800,0.0,0.0
2025-09-19,400.884,403.07,396.311,401.702,4308500,0.0,0.0
2025-09-22,401.842,408.532,400.335,406.635,1010600,0.0,0.0
2025-09-23,408.253,412.936,405.487,408.842,801600,0.0,0.0
2025-09-24,406.585,416.58,406.585,416.001,978600,0.0,0.0
2025-09-25,417.729,417.729,408.393,414.274,667300,0.0,0.0
2025-09-26,417.08,421.833,413.445,418.458,1184900,0.0,0.0
2025-09-29,418.727,422.332,415.312,420.295,894800,0.0,0.0
2025-09-30,420.634,428.802,418.458,425.567,1591800,0.0,0.0
2025-10-01,425.687,427.904,419.836,425.437,1371900,0.0,0.0
2025-10-02,423.26,426.795,419.786,426.056,865200,0.0,0.0
2025-10-03,426.256,431.718,425.178,428.902,988400,0.0,0.0
2025-10-06,426.556,434.384,425.078,432.906,960400,0.0,0.0
2025-10-07,434.354,438.358,432.097,436.92,1252400,0.0,0.0
2025-10-08,436.101,436.101,425.138,425.637,1485100,0.0,0.0
2025-10-09,426.855,427.684,417.249,418.248,1245300,0.0,0.0
2025-10-10,419.276,420.864,408.892,414.523,1638400,0.0,0.0
2025-10-13,415.632,415.881,409.761,410.07,1067200,0.0,0.0
2025-10-14,409.391,419.955,407.094,417.779,1523000,0.0,0.0
2025-10-15,417.819,420.784,414.284,419.626,1260800,0.0,0.0
2025-10-16,419.826,420.984,416.361,418.977,1004700,0.0,0.0
2025-10-17,420.315,426.016,417.369,425.527,1034500,0.0,0.0
2025-10-20,426.346,435.612,423.889,432.507,878400,0.0,0.0
2025-10-21,433.066,434.324,429.471,431.368,1082700,0.0,0.0
2025-10-22,434.054,442.751,431.748,440.535,1522700,0.0,0.0
2025-10-23,438.368,446.426,438.368,439.506,1928600,0.0,0.0
2025-10-24,456.451,460.874,423.37,446.376,2847200,0.0,0.0
2025-10-27,449.591,468.483,448.133,467.165,1789500,0.0,0.0
2025-10-28,465.637,466.346,453.785,465.767,1493700,0.0,0.0
2025-10-29,464.11,474.674,459.856,467.704,1564900,0.0,0.0
2025-10-30,467.305,477.48,463.9,466.107,1513900,0.0,0.0
2025-10-31,464.699,465.418,455.263,458.997,1511200,0.0,0.0
2025-11-03,456.731,460.924,449.332,460.874,1269800,0.0,0.0
2025-11-04,461.813,473.526,458.857,470.979,1490400,0.0,0.0
2025-11-05,470.37,477.22,465.078,472.497,1097000,0.0,0.0
2025-11-06,471.239,474.544,468.024,470.66,836700,0.0,0.0
2025-11-07,470.61,478.169,469.302,475.902,1186300,0.0,0.0
2025-11-10,454.344,459.417,443.211,458.618,1716500,0.0,0.0
2025-11-11,460.914,468.873,457.509,461.623,1347900,0.0,0.0
2025-11-12,461.314,478.718,459.277,472.907,1411800,0.0,0.0
2025-11-13,469.092,476.262,464.908,472.577,1253100,0.0,0.0
2025-11-14,475.103,479.287,469.891,471.948,1000700,0.0,0.0
2025-11-17,474.295,476.681,468.383,476.391,1183800,0.0,0.0
2025-11-18,475.573,478.289,470.35,477.43,1119800,0.0,0.0
2025-11-19,477.29,483.591,466.566,480.346,1217000,0.0,0.0
2025-11-20,481.284,485.019,475.293,475.573,1149700,0.0,0.0
2025-11-21,479.097,493.067,476.292,490.271,1937800,0.0,0.0
2025-11-24,500.516,511.899,492.408,500.296,3187300,0.0,0.0
2025-11-25,500.555,516.632,500.376,515.084,1240900,0.0,0.0
2025-11-26,514.455,519.228,513.566,513.995,1056200,0.0,0.0
2025-11-28,511.24,513.097,507.086,507.535,534700,0.0,0.0
2025-12-01,505.628,511.409,501.654,502.253,1144400,0.0,0.0
2025-12-02,505.688,507.525,496.571,499.567,1198900,0.0,0.0
2025-12-03,499.896,500.995,484.729,486.047,2025000,0.0,0.0
2025-12-04,484.729,490.83,482.672,486.936,1633400,0.0,0.0
2025-12-05,488.404,490.411,483.022,485.977,947300,0.0,0.0
2025-12-08,485.977,489.342,482.532,484.429,1083200,0.0,0.0
2025-12-09,485.248,490.51,481.614,487.774,994200,0.0,0.0
2025-12-10,486.466,487.305,465.528,468.034,2229200,0.0,0.0
2025-12-11,470.251,481.873,468.034,481.634,996400,0.0,0.0
2025-12-12,482.293,484.479,477.959,484.05,856300,0.0,0.0
2025-12-15,474.93,477.06,470.0,476.98,1420400,0.72,0.0
2025-12-16,477.94,480.87,463.94,469.79,1436100,0.0,0.0
2025-12-17,468.33,471.99,461.0,471.85,1206500,0.0,0.0
2025-12-18,473.47,477.79,465.34,466.56,1410200,0.0,0.0
2025-12-19,467.51,473.3,464.09,472.98,4262500,0.0,0.0
2025-12-22,471.02,474.04,462.34,472.03,1346200,0.0,0.0
2025-12-23,470.03,475.45,468.1,474.04,660400,0.0,0.0
2025-12-24,474.58,476.22,471.0,474.06,254200,0.0,0.0
2025-12-26,474.37,478.91,472.0,477.13,437800,0.0,0.0
2025-12-29,477.49,477.49,468.84,474.02,795000,0.0,0.0
2025-12-30,472.37,474.5,471.01,473.26,494100,0.0,0.0
