Date,Open,High,Low,Close,Volume,Dividends,Stock Splits
2019-01-02,48.323,50.131,48.258,,16727200,0.0,0.0
2019-01-03,50.224,50.404,49.048,49.22804089841358,13866100,0.0,0.0
2019-01-04,49.966,51.135,49.765,51.01017051222174,16043600,0.0,0.0
2019-01-07,51.121,51.731,50.755,51.2752780871028,10844200,0.0,0.0
2019-01-08,52.047,52.083,51.616,51.646641296495574,11439000,0.0,0.0
2019-01-09,52.09,52.09,51.408,51.91870500533313,13473500,0.0,0.0
2019-01-10,51.709,51.717,51.028,51.652238889592404,13151100,0.0,0.0
2019-01-11,51.552,51.58,50.992,51.41489044297282,9790100,0.0,0.0
2019-01-14,51.092,51.501,51.028,51.350904260632156,11012400,0.0,0.0
2019-01-15,51.623,51.918,51.171,51.378873163426334,10298300,0.0,0.0
2019-01-16,51.243,51.932,51.164,51.35788649018332,12595600,0.0,0.0
2019-01-17,51.078,51.903,50.87,51.70839245628179,10141700,0.0,0.0
2019-01-18,52.57,52.585,51.753,52.3212148216984,15759200,0.0,0.0
2019-01-22,51.939,52.169,51.43,51.525937178426034,15035600,0.0,0.0
2019-01-23,51.666,51.874,50.892,51.10163834570985,13187200,0.0,0.0
2019-01-24,51.013,51.638,50.683,51.173509862663145,11272500,0.0,0.0
2019-01-25,51.709,51.853,51.329,51.40175205856581,8996200,0.0,0.0
2019-01-28,50.956,51.143,50.49,51.05697436089757,13678400,0.0,0.0
2019-01-29,51.444,51.796,51.286,51.250391104790786,10513200,0.0,0.0
2019-01-30,51.494,52.068,51.308,51.8057436409261,11524700,0.0,0.0
2019-01-31,51.867,52.728,51.674,52.51108047304915,19876700,0.0,0.0
2019-02-01,53.754,54.881,53.324,54.36939651134982,22968700,0.0,0.0
2019-02-04,54.357,54.357,53.381,53.576123618780116,15483800,0.0,0.0
2019-02-05,53.941,54.271,53.819,54.12421157738448,12786700,0.0,0.0
2019-02-06,54.228,54.364,53.905,53.88717742613879,10866900,0.0,0.0
2019-02-07,53.776,53.948,53.022,53.47042380012686,14418900,0.0,0.0
2019-02-08,53.51,53.734,52.762,53.5571722293435,11959500,0.82,0.0
2019-02-11,53.597,53.843,53.248,53.643920658529396,10434800,0.0,0.0
2019-02-12,54.467,54.736,54.279,54.57679589745123,12599200,0.0,0.0
2019-02-13,54.83,55.526,54.779,55.18897125766975,13214600,0.0,0.0
2019-02-14,55.323,55.606,54.924,55.20293734052374,12772900,0.0,0.0
2019-02-15,55.817,56.411,55.679,56.235814158141636,14330300,0.0,0.0
2019-02-19,56.266,56.934,56.186,56.61063149480794,13551500,0.0,0.0
2019-02-20,56.803,57.173,56.585,56.827671870154994,12633100,0.0,0.0
2019-02-21,56.738,57.064,56.303,56.31162246076894,10266000,0.0,0.0
2019-02-22,57.101,57.275,56.31,56.743854602224715,9519300,0.0,0.0
2019-02-25,56.897,57.202,56.731,56.80167613548616,9274400,0.0,0.0
2019-02-26,57.079,57.405,56.868,56.91726040214773,10990600,0.0,0.0
2019-02-27,57.224,57.855,57.064,57.50074731269106,12398200,0.0,0.0
2019-02-28,57.637,57.855,57.101,57.181700733539344,14597900,0.0,0.0
2019-03-01,57.587,58.036,57.333,57.878581752905724,15419400,0.0,0.0
2019-03-04,58.211,58.435,57.318,58.102537609767225,18089900,0.0,0.0
2019-03-05,58.123,58.327,57.855,58.01570939294618,13745500,0.0,0.0
2019-03-06,57.202,57.587,56.484,57.35374300715115,18633600,0.0,0.0
2019-03-07,57.71,58.225,57.543,57.986462374043235,16541700,0.0,0.0
2019-03-08,57.231,57.543,56.767,57.1488153560022,16211300,0.0,0.0
2019-03-11,58.022,58.247,57.782,57.70346509852869,11060900,0.0,0.0
2019-03-12,58.116,58.457,57.957,57.86177101253614,11320000,0.0,0.0
2019-03-13,58.464,58.588,58.181,58.372960182696495,10260200,0.0,0.0
2019-03-14,58.617,58.697,58.29,58.178228681725905,9976700,0.0,0.0
2019-03-15,58.167,58.435,58.109,57.96749023872235,25316400,0.0,0.0
2019-03-18,58.356,58.943,58.356,58.63655346776874,9840600,0.0,0.0
2019-03-19,59.183,59.487,58.501,58.48483140083782,13936500,0.0,0.0
2019-03-20,58.581,59.429,58.443,58.80891400734967,13133600,0.0,0.0
2019-03-21,58.624,59.408,58.617,59.14786549330494,10117000,0.0,0.0
2019-03-22,58.929,59.081,58.254,58.193198621661885,12497700,0.0,0.0
2019-03-25,58.036,58.356,57.739,57.78611512564438,11320400,0.0,0.0
2019-03-26,58.276,58.958,58.167,58.533758887033166,9472800,0.0,0.0
2019-03-27,58.74,58.987,57.906,58.08355854951686,7258700,0.0,0.0
2019-03-28,58.058,58.61,58.051,58.37184954971207,7412300,0.0,0.0
2019-03-29,59.001,59.11,58.385,58.41568198423504,10889200,0.0,0.0
2019-04-01,58.929,59.328,58.82,59.08353486125372,10816400,0.0,0.0
2019-04-02,59.306,59.451,58.842,58.8308807004238,7646000,0.0,0.0
2019-04-03,59.32,59.32,58.479,58.48207307751712,8562900,0.0,0.0
2019-04-04,58.849,59.545,58.595,59.308265512921004,9360600,0.0,0.0
2019-04-05,59.596,59.872,59.451,59.62526069146649,10059100,0.0,0.0
2019-04-08,59.973,60.358,59.915,59.99277945442767,9108200,0.0,0.0
2019-04-09,59.865,59.908,59.299,59.21459224825982,8561600,0.0,0.0
2019-04-10,59.429,59.545,59.059,58.945990542983196,10324300,0.0,0.0
2019-04-11,59.154,59.538,58.776,59.227256562330986,9115100,0.0,0.0
2019-04-12,60.075,60.075,58.457,58.47835300122717,16638700,0.0,0.0
2019-04-15,58.682,58.805,58.414,58.282779717410264,8536100,0.0,0.0
2019-04-16,58.624,59.016,58.537,58.67889467072584,7005700,0.0,0.0
2019-04-17,59.161,59.27,58.82,58.8450126381047,8311400,0.0,0.0
2019-04-18,59.168,59.364,58.813,58.62745599658645,9493900,0.0,0.0
2019-04-22,59.393,60.372,59.226,59.89271827821455,10770600,0.0,0.0
2019-04-23,60.351,60.568,59.981,60.23828852365109,10595100,0.0,0.0
2019-04-24,60.22,60.271,59.291,59.056624619027474,11684000,0.0,0.0
2019-04-25,59.233,60.097,59.052,59.38824809672476,11135000,0.0,0.0
2019-04-26,58.232,58.493,57.717,58.125359391217884,18053500,0.0,0.0
2019-04-29,58.123,58.312,57.79,57.74886421300104,10023700,0.0,0.0
2019-04-30,58.305,58.421,57.986,57.97239886822505,13721500,0.0,0.0
2019-05-01,57.993,58.225,57.035,56.79794906758103,13909800,0.0,0.0
2019-05-02,56.789,56.948,56.034,55.79190298545139,15360400,0.0,0.0
2019-05-03,56.433,56.738,56.179,55.92210121309645,12180700,0.0,0.0
2019-05-06,55.802,56.339,55.65,55.67578528725998,13367100,0.0,0.0
2019-05-07,55.497,55.708,54.968,55.37947493683477,13498800,0.0,0.0
2019-05-08,55.526,56.07,55.439,55.46597353736822,11352900,0.0,0.0
2019-05-09,55.388,55.773,55.106,55.41520467517879,13221600,0.0,0.0
2019-05-10,55.899,56.346,55.158,55.894709929690556,11056000,0.87,0.0
2019-05-13,55.51,55.935,55.297,55.27137772688625,12176100,0.0,0.0
2019-05-14,55.862,56.354,55.59,55.34395867424009,10548400,0.0,0.0
2019-05-15,55.451,56.17,55.187,55.751364212814735,8918000,0.0,0.0
2019-05-16,56.06,56.464,55.928,55.744399582988514,8105200,0.0,0.0
2019-05-17,55.51,55.987,55.466,55.415116918184594,9279400,0.0,0.0
2019-05-20,55.803,56.031,55.524,55.40715740625203,7154300,0.0,0.0
2019-05-21,55.965,56.104,55.715,55.66225023976557,8489900,0.0,0.0
2019-05-22,55.781,55.928,55.319,55.15656245872541,7858300,0.0,0.0
2019-05-23,54.864,54.886,53.595,53.84891788652923,14657200,0.0,0.0
2019-05-24,54.402,54.482,53.888,54.07420465615482,7056400,0.0,0.0
2019-05-28,54.475,54.482,53.191,52.97611663585293,14912900,0.0,0.0
2019-05-29,52.751,53.147,52.553,52.64697225344479,13645200,0.0,0.0
2019-05-30,52.846,52.927,52.487,52.50758647797909,9362100,0.0,0.0
2019-05-31,52.237,52.501,51.826,51.625236931036525,13983300,0.0,0.0
2019-06-03,52.164,52.839,52.076,52.42819837303214,11831000,0.0,0.0
2019-06-04,53.162,54.05,52.956,53.66109709220932,10423000,0.0,0.0
2019-06-05,54.035,54.035,53.257,53.21503718427975,10617800,0.0,0.0
2019-06-06,54.086,54.754,53.998,54.17520574673595,11738900,0.0,0.0
2019-06-07,54.673,55.003,54.615,54.37256554878231,9095500,0.0,0.0
2019-06-10,55.172,55.275,54.629,54.61247697734132,7760400,0.0,0.0
2019-06-11,55.407,55.627,54.901,54.560787910618515,9415100,0.0,0.0
2019-06-12,54.651,54.747,54.16,53.96740427403377,7920800,0.0,0.0
2019-06-13,54.813,55.158,54.578,54.43923073524939,8986400,0.0,0.0
2019-06-14,54.798,54.893,54.468,54.19828270693066,8575900,0.0,0.0
2019-06-17,54.416,55.172,54.328,54.73505545900297,9355700,0.0,0.0
2019-06-18,55.341,55.928,55.29,55.20686540912597,10091500,0.0,0.0
2019-06-19,55.326,55.656,55.158,54.90006019985061,9757400,0.0,0.0
2019-06-20,55.943,56.478,55.825,55.831810680995176,16229700,0.0,0.0
2019-06-21,56.603,57.058,56.405,56.61391558857359,23108100,0.0,0.0
2019-06-24,56.889,57.058,56.361,56.072075103800906,10011800,0.0,0.0
2019-06-25,56.559,56.662,55.906,55.574336100432724,9740000,0.0,0.0
2019-06-26,56.266,56.596,56.111,55.814128743907595,11365500,0.0,0.0
2019-06-27,56.199,56.317,55.59,55.242213693103594,8147800,0.0,0.0
2019-06-28,55.906,56.302,55.723,55.82988659886264,14781300,0.0,0.0
2019-07-01,56.596,57.183,55.979,55.77823180623168,11437900,0.0,0.0
2019-07-02,55.869,55.965,55.334,55.16322636702907,10475400,0.0,0.0
2019-07-03,55.634,56.133,55.495,55.68497111671378,5246100,0.0,0.0
2019-07-05,55.906,56.023,55.466,55.45914900226826,6880800,0.0,0.0
2019-07-08,55.869,56.28,55.708,55.71371051391758,7876100,0.0,0.0
2019-07-09,56.097,56.332,55.568,55.67696561211215,7863000,0.0,0.0
2019-07-10,56.354,56.963,56.31,56.458724318553955,8077400,0.0,0.0
2019-07-11,56.801,56.948,56.537,56.502385390206534,6404000,0.0,0.0
2019-07-12,57.051,57.146,56.867,56.546046461857514,6139000,0.0,0.0
2019-07-15,56.963,57.043,56.42,46.664578044241566,7116400,0.0,0.0
2019-07-16,56.442,56.552,55.612,45.962979352169604,10197400,0.0,0.0
2019-07-17,55.576,55.737,55.29,45.68993114707141,7419300,0.0,0.0
2019-07-18,55.055,55.231,54.431,45.30054950409511,11424500,0.0,0.0
2019-07-19,54.959,55.216,54.695,45.391200079104856,11243100,0.0,0.0
2019-07-22,55.209,55.253,54.666,45.43984426007053,8368800,0.0,0.0
2019-07-23,55.143,55.598,54.849,45.62096501545577,8551200,0.0,0.0
2019-07-24,55.319,55.803,54.923,45.61519026196283,8260200,0.0,0.0
2019-07-25,55.605,55.605,54.886,45.353770222150374,9083900,0.0,0.0
2019-07-26,54.937,55.092,54.739,45.28112095784861,7677300,0.0,0.0
2019-07-29,54.945,55.312,54.813,45.600874608816206,7091900,0.0,0.0
2019-07-30,55.077,55.444,54.952,45.607473150897526,6961200,0.0,0.0
2019-07-31,55.062,55.517,54.49,45.00380976350175,13104600,0.0,0.0
2019-08-01,54.108,54.497,53.03,43.83908967211622,17132800,0.0,0.0
2019-08-02,53.279,53.756,52.23,43.407394381492416,21376700,0.0,0.0
2019-08-05,51.936,52.039,51.078,42.50853426921757,19080900,0.0,0.0
2019-08-06,51.577,52.105,51.569,42.91788464641289,12282400,0.0,0.0
2019-08-07,51.261,52.01,50.924,42.63920415923099,15231100,0.0,0.0
2019-08-08,51.988,53.132,51.819,43.760957172149865,14304100,0.0,0.0
2019-08-09,52.927,53.015,51.709,42.819825046539805,13686600,0.0,0.0
2019-08-12,52.047,52.121,51.505,42.61172890836004,9542600,0.87,0.0
2019-08-13,51.46,52.463,51.2,43.13489018987351,12403300,0.0,0.0
2019-08-14,51.312,51.327,50.257,41.36089099784264,18114400,0.0,0.0
2019-08-15,50.116,50.19,49.425,41.115738566828185,12874400,0.0,0.0
2019-08-16,50.353,50.859,49.974,41.75269819899788,12649000,0.0,0.0
2019-08-19,51.237,51.743,51.156,42.44958549046243,10032800,0.0,0.0
2019-08-20,51.483,51.483,51.044,42.192104420455294,9743500,0.0,0.0
2019-08-21,51.973,51.988,51.535,42.61207644672854,10134200,0.0,0.0
2019-08-22,51.936,51.973,51.445,42.51983356561939,8972000,0.0,0.0
2019-08-23,51.126,51.653,49.796,41.22936921539013,15371900,0.0,0.0
2019-08-26,50.606,50.71,50.168,41.44834552319307,7343900,0.0,0.0
2019-08-27,50.613,50.844,49.752,41.04344419108437,9490900,0.0,0.0
2019-08-28,50.168,50.502,49.893,41.34166323440017,9647400,0.0,0.0
2019-08-29,50.74,51.015,50.584,41.79713550543329,9004100,0.0,0.0
2019-08-30,50.97,51.319,50.561,41.82754567723561,9180800,0.0,0.0
2019-09-03,50.435,51.022,50.242,41.87684833191613,9849700,0.0,0.0
2019-09-04,51.631,51.713,51.327,42.32012353941496,6959200,0.0,0.0
2019-09-05,51.884,52.411,51.78,42.914455148758236,9901500,0.0,0.0
2019-09-06,52.263,52.708,52.092,43.31539009338986,10418500,0.0,0.0
2019-09-09,52.864,53.54,52.731,43.65682863853491,12840200,0.0,0.0
2019-09-10,53.592,54.12,53.206,44.00886873300258,13810800,0.0,0.0
2019-09-11,54.068,54.112,53.154,43.92329956253128,10525700,0.0,0.0
2019-09-12,52.731,53.607,52.523,43.954523684758655,9100700,0.0,0.0
2019-09-13,53.682,54.023,53.533,44.35545940470937,7337200,0.0,0.0
2019-09-16,55.747,55.851,54.677,45.01628794074028,19830200,0.0,0.0
2019-09-17,54.84,55.034,53.956,44.67309132585796,14452200,0.0,0.0
2019-09-18,53.971,54.209,53.734,44.45890260425307,7292200,0.0,0.0
2019-09-19,54.209,54.372,53.63,44.15874862369115,8050200,0.0,0.0
2019-09-20,53.852,53.86,53.384,44.00562814730822,19736600,0.0,0.0
2019-09-23,53.132,53.756,53.087,44.036024165457356,7495200,0.0,0.0
2019-09-24,53.347,53.392,52.612,43.426988887131095,13307100,0.0,0.0
2019-09-25,52.731,53.095,52.612,43.554988115708795,8035200,0.0,0.0
2019-09-26,52.909,53.006,52.508,43.32264595894878,8420200,0.0,0.0
2019-09-27,52.523,53.243,52.471,43.63295737909728,8224000,0.0,0.0
2019-09-30,52.924,53.08,52.433,43.09889568095606,9768900,0.0,0.0
2019-10-01,52.619,52.679,51.193,42.07374220058717,10279100,0.0,0.0
2019-10-02,50.717,50.955,49.781,40.96012204079303,14503700,0.0,0.0
2019-10-03,49.774,50.517,49.261,41.4636277444389,10788400,0.0,0.0
2019-10-04,50.599,51.312,50.383,42.06273519783862,10534800,0.0,0.0
2019-10-07,51.037,51.282,50.532,41.47995060345163,10993000,0.0,0.0
2019-10-08,50.175,50.457,49.506,40.66676285340419,9748700,0.0,0.0
2019-10-09,49.997,50.294,49.922,41.11566396291608,8580900,0.0,0.0
2019-10-10,50.093,50.784,50.056,41.60675407768059,7100100,0.0,0.0
2019-10-11,51.245,51.624,51.178,42.0491575221143,10101900,0.0,0.0
2019-10-14,50.963,51.535,50.955,42.170424102260654,6234600,0.0,0.0
2019-10-15,51.304,52.003,51.267,42.31704700361056,6645700,0.0,0.0
2019-10-16,51.416,51.653,50.673,41.58539823716001,9765800,0.0,0.0
2019-10-17,50.873,51.171,50.576,41.53039380343552,9757200,0.0,0.0
2019-10-18,50.42,50.628,50.227,41.2058844743041,13472700,0.0,0.0
2019-10-21,50.383,51.089,50.383,41.889315603902304,10199300,0.0,0.0
2019-10-22,51.096,51.824,51.0,42.10204770665242,9536000,0.0,0.0
2019-10-23,51.23,51.824,51.096,42.502074049919784,8641800,0.0,0.0
2019-10-24,51.973,52.04,51.275,42.098246915858994,9003600,0.0,0.0
2019-10-25,51.185,51.616,51.185,42.194919070122815,7607200,0.0,0.0
2019-10-28,51.601,51.757,50.948,41.82172534245148,11209600,0.0,0.0
2019-10-29,50.873,51.282,50.695,41.700164799844806,13894400,0.0,0.0
2019-10-30,50.792,50.792,49.974,41.25905487332346,12840600,0.0,0.0
2019-10-31,50.116,50.309,49.878,41.16709984459666,16169100,0.0,0.0
2019-11-01,50.807,51.713,50.747,42.38561408236976,14108700,0.0,0.0
2019-11-04,52.055,53.392,51.958,43.628014925573275,15858200,0.0,0.0
2019-11-05,53.518,54.32,53.377,44.48404253178288,14930400,0.0,0.0
2019-11-06,54.031,54.135,52.894,43.4999594514832,13996500,0.0,0.0
2019-11-07,53.511,54.254,53.488,44.41497990010845,13073800,0.0,0.0
2019-11-08,53.84,53.983,53.126,43.563426950795844,12106000,0.87,0.0
2019-11-11,52.788,53.088,52.607,43.29734980767662,8674000,0.0,0.0
2019-11-12,52.833,52.938,51.863,42.69636019814319,13918600,0.0,0.0
2019-11-13,51.893,51.991,51.577,42.344541909247475,11773700,0.0,0.0
2019-11-14,51.773,51.855,51.261,42.15913298236758,11279800,0.0,0.0
2019-11-15,51.66,52.103,51.63,42.581855919993934,11252800,0.0,0.0
2019-11-18,51.652,51.743,51.352,42.167294601519245,10095600,0.0,0.0
2019-11-19,51.427,51.547,50.961,41.734544150194395,12605500,0.0,0.0
2019-11-20,50.878,51.532,50.615,41.86366228677855,16930700,0.0,0.0
2019-11-21,51.141,52.442,51.066,42.86085802962233,14080900,0.0,0.0
2019-11-22,52.412,52.765,52.126,42.67553653876377,12143600,0.0,0.0
2019-11-25,52.156,52.209,51.66,42.391486173140656,10670000,0.0,0.0
2019-11-26,51.818,51.908,51.457,42.28662564291728,15457000,0.0,0.0
2019-11-27,51.697,51.946,51.434,42.262072276069404,8393900,0.0,0.0
2019-11-29,51.374,51.525,51.126,41.9104203592975,7980800,0.0,0.0
2019-12-02,51.502,51.788,51.404,42.08840499627239,11116900,0.0,0.0
2019-12-03,51.126,51.314,50.765,41.75490938094907,12245800,0.0,0.0
2019-12-04,51.314,51.697,51.231,42.225949096553116,11049700,0.0,0.0
2019-12-05,51.795,51.855,51.284,42.07761374839452,13109000,0.0,0.0
2019-12-06,51.697,52.532,51.697,42.74879219257503,13710800,0.0,0.0
2019-12-09,51.938,52.607,51.893,42.84112488040822,12397700,0.0,0.0
2019-12-10,52.374,52.743,51.652,42.47061627997105,14281800,0.0,0.0
2019-12-11,51.682,52.449,51.63,42.40922539474065,13748400,0.0,0.0
2019-12-12,51.848,52.915,51.803,43.24907155572715,17068500,0.0,0.0
2019-12-13,52.991,53.036,51.968,42.5615956624997,12274500,0.0,0.0
2019-12-16,52.404,52.818,52.404,43.03242446993537,15208700,0.0,0.0
2019-12-17,52.615,52.915,52.111,42.83492054203126,14450700,0.0,0.0
2019-12-18,52.352,52.848,52.088,42.95168262836888,13652300,0.0,0.0
2019-12-19,52.622,52.667,52.058,42.65549973254268,13273200,0.0,0.0
2019-12-20,52.524,52.803,52.171,42.992654049785486,35092000,0.0,0.0
2019-12-23,52.524,52.855,52.276,43.207142710215756,14172500,0.0,0.0
2019-12-24,52.893,53.006,52.562,43.04085564289612,3979400,0.0,0.0
2019-12-26,52.773,53.006,52.637,43.10784404351794,8840200,0.0,0.0
2019-12-27,52.78,52.863,52.54,42.960430256839615,10516100,0.0,0.0
2019-12-30,52.697,52.961,52.179,42.707880285941386,12689400,0.0,0.0
2019-12-31,51.893,52.479,51.885,42.89143353381411,13151800,0.0,0.0
2020-01-02,52.81,53.397,52.81,43.57433700270148,12456400,0.0,0.0
2020-01-03,53.637,53.66,52.75,43.22306153298017,17386900,0.0,0.0
2020-01-06,52.87,53.652,52.803,43.55366285051249,20081900,0.0,0.0
2020-01-07,53.006,53.021,52.261,43.19581594612473,17387700,0.0,0.0
2020-01-08,52.712,52.848,52.006,42.53941831065856,15137700,0.0,0.0
2020-01-09,51.983,52.555,51.6,42.8634521929785,14811800,0.0,0.0
2020-01-10,52.577,52.6,51.968,42.48091616385086,11995600,0.0,0.0
2020-01-13,52.028,52.532,51.961,42.884329706826875,9953900,0.0,0.0
2020-01-14,52.164,52.314,51.795,42.5141927253028,16261000,0.0,0.0
2020-01-15,52.028,52.321,51.795,42.447134335200424,11390300,0.0,0.0
2020-01-16,52.103,52.314,51.728,42.280930026563595,13340300,0.0,0.0
2020-01-17,51.69,51.938,51.344,42.12046778952547,18144100,0.0,0.0
2020-01-21,51.412,51.442,50.758,41.513898209721845,17982600,0.0,0.0
2020-01-22,50.795,50.9,50.374,41.27381203175203,17033100,0.0,0.0
2020-01-23,50.156,50.322,49.66,41.01482024482194,19605900,0.0,0.0
2020-01-24,50.028,50.134,49.652,40.737736339165785,18238600,0.0,0.0
2020-01-27,49.186,49.419,48.645,39.755399051247416,21231000,0.0,0.0
2020-01-28,48.953,49.021,48.592,39.69982109076608,19664700,0.0,0.0
2020-01-29,48.893,48.968,48.043,39.366827498048345,14202800,0.0,0.0
2020-01-30,47.953,48.78,47.69,39.782783979082154,18544700,0.0,0.0
2020-01-31,47.517,47.517,46.51,38.1081392406731,34282900,0.0,0.0
2020-02-03,46.149,46.179,45.389,37.24580600227755,27389300,0.0,0.0
2020-02-04,46.201,46.547,45.029,36.77709260832023,31922100,0.0,0.0
2020-02-05,45.675,47.314,45.562,38.431788720266894,32099200,0.0,0.0
2020-02-06,47.314,47.374,46.45,37.90753733961547,16055400,0.0,0.0
2020-02-07,46.171,46.359,45.908,37.6549312132431,15112500,0.0,0.0
2020-02-10,46.125,46.155,45.469,37.25521445120729,20934500,0.87,0.0
2020-02-11,46.201,46.438,45.888,37.60793973103377,14908700,0.0,0.0
2020-02-12,46.781,46.926,46.186,38.064633426028585,17862100,0.0,0.0
2020-02-13,46.567,46.842,46.186,37.85306058545145,16949400,0.0,0.0
2020-02-14,46.636,46.644,45.972,37.67915085244139,10855300,0.0,0.0
2020-02-18,45.873,46.056,45.339,37.19709774450959,18948500,0.0,0.0
2020-02-19,45.843,46.232,45.629,37.48190431249792,12804900,0.0,0.0
2020-02-20,45.934,46.171,45.545,37.182603562576766,14817200,0.0,0.0
2020-02-21,45.385,45.385,44.836,36.72614835683353,20315700,0.0,0.0
2020-02-24,43.944,44.081,42.983,34.96451669637306,32096600,0.0,0.0
2020-02-25,43.28,43.28,41.16,33.597575769994606,36414500,0.0,0.0
2020-02-26,41.602,41.808,40.367,32.85214687740945,29801000,0.0,0.0
2020-02-27,39.436,39.993,37.98,30.8130784422536,48141300,0.0,0.0
2020-02-28,37.194,39.231,36.615,31.799487615118743,62446700,0.0,0.0
2020-03-02,40.108,41.099,38.994,33.272499309234036,38127600,0.0,0.0
2020-03-03,41.145,41.297,38.88,31.640382402691156,50580700,0.0,0.0
2020-03-04,39.833,40.024,38.987,32.32359993134387,24079600,0.0,0.0
2020-03-05,38.453,38.666,37.4,30.866612800726266,40788200,0.0,0.0
2020-03-06,37.248,37.377,35.997,29.339254945155382,55640500,0.0,0.0
2020-03-09,31.81,33.991,31.116,25.513014862656618,72896300,0.0,0.0
2020-03-10,35.211,35.28,31.612,26.44134832058074,60445900,0.0,0.0
2020-03-11,32.329,33.16,31.841,25.555326170057647,51986100,0.0,0.0
2020-03-12,30.43,31.002,28.218,22.45208167307293,65725300,0.0,0.0
2020-03-13,30.514,30.613,26.693,23.012757979600565,79891500,0.0,0.0
2020-03-16,26.235,28.889,25.358,20.71022815248167,48924700,0.0,0.0
2020-03-17,26.853,28.508,26.083,22.05819977287589,41204400,0.0,0.0
2020-03-18,26.349,27.997,23.817,19.728286264805252,54036400,0.0,0.0
2020-03-19,25.724,26.616,24.672,20.493510517546486,49412400,0.0,0.0
2020-03-20,26.571,26.83,24.069,19.461956363721033,76534600,0.0,0.0
2020-03-23,24.809,24.939,22.963,18.679460762835994,56952500,0.0,0.0
2020-03-24,26.25,27.585,25.419,20.91062392394476,61835600,0.0,0.0
2020-03-25,27.844,29.431,26.83,21.974725361855892,56607700,0.0,0.0
2020-03-26,28.599,30.17,28.004,22.858452147301296,46722000,0.0,0.0
2020-03-27,28.317,28.737,27.608,21.730055240038418,51558600,0.0,0.0
2020-03-30,27.631,29.095,27.349,22.050774464596653,45835000,0.0,0.0
2020-03-31,29.24,30.086,28.5,22.32585241141249,41491600,0.0,0.0
2020-04-01,28.111,29.514,27.715,22.06529070396557,36045900,0.0,0.0
2020-04-02,29.545,32.001,28.904,23.691416931399463,62000200,0.0,0.0
2020-04-03,31.612,32.168,29.377,22.98273654180738,48425700,0.0,0.0
2020-04-06,30.414,31.139,29.919,23.709718336292944,41301900,0.0,0.0
2020-04-07,32.718,33.038,31.391,24.157170937673655,48921800,0.0,0.0
2020-04-08,31.993,33.587,31.627,25.639213879855543,33355600,0.0,0.0
2020-04-09,34.67,35.623,31.833,25.21481500112139,60107300,0.0,0.0
2020-04-13,33.9,34.083,32.008,24.99771003778209,29651900,0.0,0.0
2020-04-14,32.794,33.366,31.963,24.80379116691286,30769000,0.0,0.0
2020-04-15,31.269,31.314,30.033,23.63695720549954,33125000,0.0,0.0
2020-04-16,30.872,30.872,29.69,22.84755815154366,30934000,0.0,0.0
2020-04-17,30.414,33.038,30.407,25.107240420776932,40829100,0.0,0.0
2020-04-20,31.078,32.596,30.918,23.893144023644556,39260800,0.0,0.0
2020-04-21,30.811,32.13,30.224,23.76498944158577,44381600,0.0,0.0
2020-04-22,32.489,32.74,31.924,24.43408964631599,27074200,0.0,0.0
2020-04-23,32.893,34.06,32.649,25.18813322071685,35271000,0.0,0.0
2020-04-24,33.862,34.235,32.893,25.350276137420977,28653800,0.0,0.0
2020-04-27,33.244,33.801,32.207,25.471602209754536,28274400,0.0,0.0
2020-04-28,33.839,34.617,33.64,26.061396806227798,26545100,0.0,0.0
2020-04-29,35.28,36.302,35.204,27.465904338462146,29502500,0.0,0.0
2020-04-30,36.363,36.363,34.906,26.88692686507627,37076300,0.0,0.0
2020-05-01,34.8,35.379,32.794,24.88820452521858,35399300,0.0,0.0
2020-05-04,32.42,34.273,32.199,25.872308276432534,27465600,0.0,0.0
2020-05-05,35.28,35.959,34.06,25.84281209472124,29276200,0.0,0.0
2020-05-06,34.266,34.525,33.48,25.3544631055959,22659000,0.0,0.0
2020-05-07,34.289,34.525,33.534,25.49840090997025,22160300,0.0,0.0
2020-05-08,34.556,35.25,34.304,26.592323937406714,19977400,0.0,0.0
2020-05-11,35.166,35.234,34.708,26.33740712289852,22258000,0.0,0.0
2020-05-12,35.311,35.505,34.3,25.89350986982102,25439100,0.87,0.0
2020-05-13,34.005,34.106,32.341,24.575674771216825,30827900,0.0,0.0
2020-05-14,31.929,33.08,31.253,24.791097516717688,24856500,0.0,0.0
2020-05-15,32.948,33.437,32.536,24.614819992305595,22445600,0.0,0.0
2020-05-18,34.518,35.435,34.254,26.49861802350675,32026100,0.0,0.0
2020-05-19,35.412,36.252,34.153,25.667043927163146,21771600,0.0,0.0
2020-05-20,34.689,35.435,34.65,26.48926404349427,19352400,0.0,0.0
2020-05-21,35.327,35.599,34.51,26.011857857008625,19130700,0.0,0.0
2020-05-22,34.246,34.728,33.78,26.03587480866647,15406400,0.0,0.0
2020-05-26,35.56,35.995,35.35,26.789260532512518,20356500,0.0,0.0
2020-05-27,36.275,36.648,35.303,26.981465261386425,20788300,0.0,0.0
2020-05-28,36.096,36.12,34.93,26.271956132020033,19698000,0.0,0.0
2020-05-29,34.845,35.521,34.495,26.521363494919633,25874700,0.0,0.0
2020-06-01,35.233,36.112,34.829,26.989859036322446,19031000,0.0,0.0
2020-06-02,36.431,36.889,36.345,27.58339277413728,22319000,0.0,0.0
2020-06-03,37.317,38.405,37.278,28.686713876092696,23418000,0.0,0.0
2020-06-04,38.001,38.211,37.441,28.604915805876953,18731400,0.0,0.0
2020-06-05,40.155,41.554,40.116,30.834287226247472,41328900,0.0,0.0
2020-06-08,42.541,43.039,41.562,31.78415093314572,33579400,0.0,0.0
2020-06-09,41.111,41.958,40.776,31.067358023742145,27276900,0.0,0.0
2020-06-10,41.593,41.593,39.338,29.355218308975967,31156800,0.0,0.0
2020-06-11,36.951,37.97,35.84,26.643122412911545,39183000,0.0,0.0
2020-06-12,37.348,37.799,35.692,27.208503240835395,30978100,0.0,0.0
2020-06-15,35.257,37.13,34.79,27.19069079945236,27929300,0.0,0.0
2020-06-16,38.537,38.677,36.726,27.79527936675979,26203400,0.0,0.0
2020-06-17,37.317,37.418,36.228,26.875271317860886,19279400,0.0,0.0
2020-06-18,35.848,36.796,35.583,27.041558640333005,21478700,0.0,0.0
2020-06-19,37.488,37.519,35.746,26.494141490127074,48899900,0.0,0.0
2020-06-22,35.521,36.104,35.296,26.747153520307254,17565400,0.0,0.0
2020-06-23,36.462,36.71,36.151,26.90750022095636,18916600,0.0,0.0
2020-06-24,35.692,35.731,34.401,25.609349260578266,27626900,0.0,0.0
2020-06-25,34.246,35.171,33.966,25.992139253249984,19353600,0.0,0.0
2020-06-26,34.891,34.938,33.818,25.08458707125649,31518600,0.0,0.0
2020-06-29,34.059,34.658,33.85,25.48378855052168,17052100,0.0,0.0
2020-06-30,33.764,34.961,33.554,25.712773470675426,22153600,0.0,0.0
2020-07-01,34.588,35.28,33.951,25.12555316336323,17290100,0.0,0.0
2020-07-02,34.689,35.132,34.153,25.33686365732157,18216600,0.0,0.0
2020-07-06,34.728,35.047,34.083,25.514423933913918,22692000,0.0,0.0
2020-07-07,34.129,34.207,33.515,24.84474702733601,17407600,0.0,0.0
2020-07-08,33.546,34.153,33.305,24.78777297151107,18291400,0.0,0.0
2020-07-09,33.352,33.507,32.1,23.74319189629095,25882000,0.0,0.0
2020-07-10,31.968,33.204,31.953,24.472489089924533,18951000,0.0,0.0
2020-07-13,33.414,33.655,32.831,24.477654942623154,20028300,0.0,0.0
2020-07-14,33.064,34.355,32.854,25.274201045613015,21444100,0.0,0.0
2020-07-15,35.008,35.055,34.37,25.59306945399192,17332400,0.0,0.0
2020-07-16,34.448,34.837,34.044,25.391647306967496,14673700,0.0,0.0
2020-07-17,34.464,34.744,33.733,24.951944452872368,17958900,0.0,0.0
2020-07-20,33.593,33.826,33.025,24.36015919839741,18553900,0.0,0.0
2020-07-21,33.546,35.132,33.515,25.5619977118506,28821800,0.0,0.0
2020-07-22,34.324,34.324,33.717,20.05228156308929,21345400,0.0,0.0
2020-07-23,33.741,34.067,33.445,20.09363988852653,17934400,0.0,0.0
2020-07-24,34.114,34.534,33.577,19.969051684114504,16415300,0.0,0.0
2020-07-27,33.608,34.277,33.406,20.26143299120703,18547900,0.0,0.0
2020-07-28,34.137,34.401,33.787,20.02050235357073,19190500,0.0,0.0
2020-07-29,33.982,34.277,33.694,20.239860588904815,14143200,0.0,0.0
2020-07-30,33.531,33.57,32.52,19.221909705658184,29901100,0.0,0.0
2020-07-31,31.999,32.784,31.805,19.31792373450953,32116200,0.0,0.0
2020-08-03,32.691,33.041,32.24,19.396302263856025,23033600,0.0,0.0
2020-08-04,32.917,33.896,32.839,19.948174506480743,17724000,0.0,0.0
2020-08-05,34.324,34.448,33.842,20.122133704952475,17175100,0.0,0.0
2020-08-06,33.741,34.129,33.624,20.025099498637186,14434900,0.0,0.0
2020-08-07,33.609,33.834,33.282,19.933402550503235,18757900,0.0,0.0
2020-08-10,34.199,34.674,33.896,20.41852626357387,24367800,0.0,0.0
2020-08-11,35.373,36.089,34.775,20.628099407228994,28987500,0.0,0.0
2020-08-12,35.247,35.627,34.589,20.623378613225558,22503200,0.87,0.0
2020-08-13,34.486,34.779,34.026,15.841595957305033,17338700,0.0,0.0
2020-08-14,33.772,34.311,33.621,15.911596246477997,13595700,0.0,0.0
2020-08-17,34.224,34.224,33.669,15.703965347157455,15554600,0.0,0.0
2020-08-18,33.764,34.24,33.526,15.62619166131947,13014000,0.0,0.0
2020-08-19,33.574,33.82,33.193,15.452414996741332,14473100,0.0,0.0
2020-08-20,33.051,33.209,32.741,15.214616028602997,15678500,0.0,0.0
2020-08-21,32.741,32.773,32.274,15.100393398115214,25517700,0.0,0.0
2020-08-24,32.726,33.701,32.575,15.539363953132975,18208900,0.0,0.0
2020-08-25,33.027,33.352,32.266,15.038324662846506,31285600,0.0,0.0
2020-08-26,32.218,32.377,31.711,14.714695531160293,26795000,0.0,0.0
2020-08-27,31.711,31.949,31.164,14.615082824929464,32034300,0.0,0.0
2020-08-28,31.584,32.44,31.521,14.96028832047936,33477100,0.0,0.0
2020-08-31,32.218,32.282,31.632,14.681768627343978,25259600,0.0,0.0
2020-09-01,31.513,31.513,30.958,14.49323310607315,22464100,0.0,0.0
2020-09-02,31.1,31.489,30.878,14.40487080277468,26413400,0.0,0.0
2020-09-03,31.077,31.735,30.823,14.37516715686665,28817200,0.0,0.0
2020-09-04,31.283,31.544,30.641,14.364499473004516,24632500,0.0,0.0
2020-09-08,30.324,30.664,29.61,14.029586257260037,38496400,0.0,0.0
2020-09-09,30.403,30.791,30.062,13.944972397744817,25886100,0.0,0.0
2020-09-10,30.339,30.419,29.253,13.591512178226887,34381200,0.0,0.0
2020-09-11,29.436,29.578,28.928,13.554393356321468,26838600,0.0,0.0
2020-09-14,29.261,29.34,28.928,13.466069608108343,26129900,0.0,0.0
2020-09-15,29.174,29.634,28.706,13.322130796796838,23724200,0.0,0.0
2020-09-16,28.904,30.244,28.754,13.876155757848105,30890900,0.0,0.0
2020-09-17,29.61,30.109,29.309,13.872451869198347,24696200,0.0,0.0
2020-09-18,29.753,29.983,29.095,13.646567426720203,46853800,0.0,0.0
2020-09-21,28.881,29.103,28.286,13.36504028840054,35351800,0.0,0.0
2020-09-22,28.904,29.206,28.12,13.030475112389631,27303200,0.0,0.0
2020-09-23,28.262,28.373,27.232,12.605413086820699,31251400,0.0,0.0
2020-09-24,27.271,27.604,26.764,12.579957414797597,26796000,0.0,0.0
2020-09-25,26.954,27.699,26.859,12.696852683676992,23486000,0.0,0.0
2020-09-28,27.858,28.461,27.826,12.940013258501008,23396500,0.0,0.0
2020-09-29,27.747,27.834,26.946,12.55672685586237,20770500,0.0,0.0
2020-09-30,27.462,27.684,27.057,12.57519534993428,22223700,0.0,0.0
2020-10-01,26.788,27.034,26.114,12.127923552582217,36890200,0.0,0.0
2020-10-02,25.567,26.439,25.535,12.072850175511782,32694300,0.0,0.0
2020-10-05,26.415,26.756,26.296,12.347670368309254,22965200,0.0,0.0
2020-10-06,27.049,27.287,26.407,12.219132230460284,26731800,0.0,0.0
2020-10-07,26.669,26.748,26.328,12.259225970030535,23779300,0.0,0.0
2020-10-08,26.859,28.017,26.764,12.886818750336673,34413700,0.0,0.0
2020-10-09,28.286,28.5,27.47,12.695465923809783,29228600,0.0,0.0
2020-10-12,27.382,27.533,27.137,12.655298401062156,17912800,0.0,0.0
2020-10-13,27.533,27.644,27.034,12.50459138287001,20995100,0.0,0.0
2020-10-14,27.002,27.612,26.978,12.47875258110613,17743000,0.0,0.0
2020-10-15,26.716,27.319,26.376,12.587974487347978,23251600,0.0,0.0
2020-10-16,27.248,27.462,26.859,12.45964992649289,22627200,0.0,0.0
2020-10-19,27.034,27.248,26.471,12.208251061577728,23645800,0.0,0.0
2020-10-20,26.685,26.899,26.423,12.31012091541496,23040600,0.0,0.0
2020-10-21,26.566,26.653,26.272,12.111311532373914,28619300,0.0,0.0
2020-10-22,26.304,27.715,26.177,12.716958367798231,31831500,0.0,0.0
2020-10-23,27.723,27.81,26.843,12.458970760501698,27429100,0.0,0.0
2020-10-26,26.645,26.772,26.122,12.160052864010023,30888700,0.0,0.0
2020-10-27,26.28,26.32,25.924,11.965332084121687,27100700,0.0,0.0
2020-10-28,25.448,25.67,24.988,11.500696196349926,42136400,0.0,0.0
2020-10-29,24.901,26.265,24.663,11.999768862233141,38622800,0.0,0.0
2020-10-30,25.694,26.272,25.377,11.871457483774273,47885700,0.0,0.0
2020-11-02,26.272,27.319,25.821,12.359819447179092,40130300,0.0,0.0
2020-11-03,27.343,27.343,26.265,12.14746765424221,36773000,0.0,0.0
2020-11-04,26.376,27.065,25.789,12.081707319710882,35410100,0.0,0.0
2020-11-05,26.455,26.891,26.272,12.059673804814334,30824100,0.0,0.0
2020-11-06,26.241,26.685,25.86,11.917123354591187,33985600,0.0,0.0
2020-11-09,28.873,30.133,28.587,13.337713718963629,76879400,0.0,0.0
2020-11-10,30.081,30.389,29.212,13.630594682355216,49055400,0.87,0.0
2020-11-11,30.113,30.138,29.383,13.489125488804262,34124500,0.0,0.0
2020-11-12,29.115,29.464,28.311,13.018750548366548,30933700,0.0,0.0
2020-11-13,28.741,29.431,28.725,13.329078143274122,29241500,0.0,0.0
2020-11-16,30.519,30.99,30.121,14.076277087353855,38596800,0.0,0.0
2020-11-17,30.698,31.429,30.349,14.263127075590305,26521100,0.0,0.0
2020-11-18,31.68,31.77,30.203,13.714361822202028,31068000,0.0,0.0
2020-11-19,29.927,30.446,29.683,13.784092945771686,26954400,0.0,0.0
2020-11-20,30.324,30.373,29.862,13.613722247325455,18351000,0.0,0.0
2020-11-23,30.446,32.013,30.268,14.477230809286795,29367600,0.0,0.0
2020-11-24,32.89,34.165,32.655,15.410125750374808,46979300,0.0,0.0
2020-11-25,33.832,33.864,33.004,14.974962588141365,28178200,0.0,0.0
2020-11-27,33.044,33.239,32.37,14.74542883379019,14971900,0.0,0.0
2020-11-30,32.314,32.379,30.828,13.969809494225812,45614300,0.0,0.0
2020-12-01,31.632,32.192,31.234,11.194385109198283,32472900,0.0,0.0
2020-12-02,31.169,32.817,31.128,11.605398888139149,29369500,0.0,0.0
2020-12-03,32.533,32.996,32.257,11.683513988168642,27038900,0.0,0.0
2020-12-04,33.101,33.905,33.004,12.103199807545618,28723600,0.0,0.0
2020-12-07,33.629,33.726,33.02,11.874657050335413,24899400,0.0,0.0
2020-12-08,32.906,34.579,32.833,12.257482621345728,32573800,0.0,0.0
2020-12-09,34.676,35.504,34.408,12.418683516893827,37824800,0.0,0.0
2020-12-10,35.074,36.105,34.717,12.765113264645183,38058700,0.0,0.0
2020-12-11,35.48,35.667,35.082,12.70387755975812,25478800,0.0,0.0
2020-12-14,36.0,36.097,34.246,12.237063634677444,30595000,0.0,0.0
2020-12-15,34.457,35.09,34.148,12.472541831409277,27138400,0.0,0.0
2020-12-16,35.521,35.813,34.879,12.66240356929323,34273000,0.0,0.0
2020-12-17,35.724,35.756,35.236,12.598358837773429,21204600,0.0,0.0
2020-12-18,35.131,35.545,34.441,12.379119938043882,46596800,0.0,0.0
2020-12-21,33.377,34.165,32.906,12.15116094531732,27869500,0.0,0.0
2020-12-22,33.759,34.019,33.475,11.943905063459084,21792900,0.0,0.0
2020-12-23,33.702,34.416,33.661,12.096316152178455,19085900,0.0,0.0
2020-12-24,33.816,33.978,33.596,12.04699296514833,8039000,0.0,0.0
2020-12-28,33.848,34.546,33.71,12.087586441663774,23877500,0.0,0.0
2020-12-29,34.132,34.197,33.45,11.950560283770256,20287700,0.0,0.0
2020-12-30,33.556,34.441,33.507,12.04576456113001,23807300,0.0,0.0
2020-12-31,33.669,33.84,33.263,11.935053314989608,22786500,0.0,0.0
2021-01-04,33.653,34.303,33.288,12.016089723863368,27764700,0.0,0.0
2021-01-05,33.97,36.373,33.962,12.581722743259478,44035100,0.0,0.0
2021-01-06,36.056,36.617,35.48,12.898670103911957,36484800,0.0,0.0
2021-01-07,36.535,36.998,36.154,12.999416533673825,29528100,0.0,0.0
2021-01-08,36.698,37.201,36.495,13.143202751775155,28628200,0.0,0.0
2021-01-11,36.568,38.273,36.332,13.53610043459404,38246200,0.0,0.0
2021-01-12,38.533,39.109,38.086,13.833578171909206,36915100,0.0,0.0
2021-01-13,39.401,39.548,38.719,13.988571920769454,29000300,0.0,0.0
2021-01-14,39.377,41.472,39.377,14.524384072462475,35474800,0.0,0.0
2021-01-15,39.71,39.848,38.395,13.808303461207743,42411300,0.0,0.0
2021-01-19,39.336,40.14,39.255,14.079432104785283,24932600,0.0,0.0
2021-01-20,39.872,40.384,39.775,14.276878106710079,22342400,0.0,0.0
2021-01-21,40.051,40.1,38.711,13.86154372090837,29044500,0.0,0.0
2021-01-22,38.167,38.679,37.867,13.664253567697385,23264800,0.0,0.0
2021-01-25,38.078,38.2,37.477,13.510813231971918,26395800,0.0,0.0
2021-01-26,38.37,38.857,37.226,13.210879516470044,23976800,0.0,0.0
2021-01-27,36.535,37.883,36.154,13.060328586427413,32410300,0.0,0.0
2021-01-28,37.299,37.826,37.096,13.26305846450881,24967200,0.0,0.0
2021-01-29,36.982,37.38,36.138,12.907208608418312,38961100,0.0,0.0
2021-02-01,37.006,37.006,35.959,12.92987894057988,24412400,0.0,0.0
2021-02-02,37.193,38.151,36.763,13.132844060007988,31940400,0.0,0.0
2021-02-03,37.047,38.703,36.876,13.63807592420812,28459300,0.0,0.0
2021-02-04,38.874,39.28,38.362,13.897375419038607,25280300,0.0,0.0
2021-02-05,39.929,40.692,39.816,14.355478345783416,34980100,0.0,0.0
2021-02-08,41.342,42.511,41.171,14.960600039897857,36998700,0.0,0.0
2021-02-09,41.838,42.077,41.094,14.784496775451178,28977000,0.87,0.0
2021-02-10,41.804,42.457,41.606,14.926686951777517,25723800,0.0,0.0
2021-02-11,42.019,42.052,40.277,14.548132142130028,26972200,0.0,0.0
2021-02-12,40.814,41.871,40.797,14.745467011014386,19756700,0.0,0.0
2021-02-16,42.903,43.373,42.622,15.182553937076774,28060100,0.0,0.0
2021-02-17,43.225,43.984,42.771,15.417115360792392,25509700,0.0,0.0
2021-02-18,43.604,43.712,42.82,15.172829359778417,20627600,0.0,0.0
2021-02-19,43.027,43.398,42.87,15.274576929006876,22607200,0.0,0.0
2021-02-22,43.423,45.256,43.423,15.82751608176105,36435100,0.0,0.0
2021-02-23,45.396,45.627,44.372,16.04453888528695,33527900,0.0,0.0
2021-02-24,45.57,47.064,45.305,16.51824104878642,28728600,0.0,0.0
2021-02-25,47.048,47.271,45.702,16.24214788361647,29670900,0.0,0.0
2021-02-26,44.926,45.462,43.86,15.832379554292196,35291000,0.0,0.0
2021-03-01,46.627,47.568,46.346,16.412686978010434,36998300,0.0,0.0
2021-03-02,46.775,47.031,46.255,16.316188265846176,30302600,0.0,0.0
2021-03-03,46.585,47.857,46.139,16.44676901606346,35358900,0.0,0.0
2021-03-04,47.163,49.104,47.147,17.07191276458886,52137500,0.0,0.0
2021-03-05,49.401,50.408,48.806,17.70553949456961,51429800,0.0,0.0
2021-03-08,50.846,50.871,49.393,17.688286235535813,38154600,0.0,0.0
2021-03-09,50.045,50.689,49.104,17.412696441232466,35645900,0.0,0.0
2021-03-10,49.971,51.126,49.566,17.939522417659656,31579100,0.0,0.0
2021-03-11,51.011,51.647,50.582,17.805362846487576,24802600,0.0,0.0
2021-03-12,50.821,51.498,50.78,17.99602833712373,20422700,0.0,0.0
2021-03-15,50.771,51.077,49.434,17.53109929129882,31243600,0.0,0.0
2021-03-16,49.161,49.26,48.253,17.15547815710438,30624800,0.0,0.0
2021-03-17,48.46,49.318,48.402,17.23088543203526,25575500,0.0,0.0
2021-03-18,48.559,48.691,46.668,16.471315958217687,38622800,0.0,0.0
2021-03-19,46.825,47.452,46.082,16.37835093509939,84439400,0.0,0.0
2021-03-22,46.651,46.949,46.156,16.20928395177458,29315100,0.0,0.0
2021-03-23,45.363,46.478,44.959,16.007897463407097,33493300,0.0,0.0
2021-03-24,46.304,47.295,46.304,16.32941131957743,29781800,0.0,0.0
2021-03-25,45.586,46.651,45.0,16.283009930117732,31495900,0.0,0.0
2021-03-26,47.312,47.708,46.668,16.72042665473105,34226500,0.0,0.0
2021-03-29,47.345,47.741,46.849,16.630353855290867,21144400,0.0,0.0
2021-03-30,46.949,47.361,46.643,16.423447142753947,20303400,0.0,0.0
2021-03-31,46.527,46.759,46.073,16.17242192410756,23686500,0.0,0.0
2021-04-01,46.503,47.436,46.354,16.618089581097603,23194500,0.0,0.0
2021-04-05,47.312,47.328,46.354,16.35830790837254,23264800,0.0,0.0
2021-04-06,46.932,47.51,46.453,16.311956119413928,18926300,0.0,0.0
2021-04-07,46.56,46.874,46.437,16.384379959052797,22385000,0.0,0.0
2021-04-08,46.181,46.304,45.677,16.212363891279512,21999300,0.0,0.0
2021-04-09,46.238,46.602,45.85,16.17480315743374,20020700,0.0,0.0
2021-04-12,46.866,46.891,45.669,16.067506637244605,20238800,0.0,0.0
2021-04-13,45.66,46.222,45.487,16.128049668817653,19370600,0.0,0.0
2021-04-14,46.577,47.898,46.445,16.58741570496665,28051100,0.0,0.0
2021-04-15,47.411,47.411,46.882,16.48899046921351,23250300,0.0,0.0
2021-04-16,47.361,47.626,46.602,16.39585293274832,22752000,0.0,0.0
2021-04-19,46.858,47.18,46.205,16.343901739953772,21123300,0.0,0.0
2021-04-20,46.627,46.627,45.231,15.995712654894138,21782100,0.0,0.0
2021-04-21,45.0,46.346,44.835,16.19973082199822,16625600,0.0,0.0
2021-04-22,46.23,46.23,45.429,15.987431857590078,21600100,0.0,0.0
2021-04-23,45.636,46.189,45.561,16.073728807006415,15337900,0.0,0.0
2021-04-26,45.801,46.478,45.776,16.10557634829238,16083800,0.0,0.0
2021-04-27,46.247,46.759,46.082,16.315445500648764,19278600,0.0,0.0
2021-04-28,46.99,48.27,46.891,16.799985551976675,24729800,0.0,0.0
2021-04-29,48.649,49.112,48.014,17.038134336922116,27318400,0.0,0.0
2021-04-30,48.162,48.625,47.196,16.539359236411798,30518400,0.0,0.0
2021-05-03,47.873,48.707,47.675,16.98985330804674,20509600,0.0,0.0
2021-05-04,48.715,49.128,48.311,17.09621569236973,23522200,0.0,0.0
2021-05-05,49.351,50.408,49.046,17.602863470367467,31526200,0.0,0.0
2021-05-06,50.251,50.895,49.566,17.769561464998624,26836800,0.0,0.0
2021-05-07,50.425,51.581,50.243,18.021956005779426,33610600,0.0,0.0
2021-05-10,52.216,52.86,51.63,18.064907432124507,31956600,0.0,0.0
2021-05-11,50.887,51.515,49.863,17.481160777018257,34563800,0.0,0.0
2021-05-12,50.271,51.67,50.053,17.574557416553283,34426500,0.87,0.0
2021-05-13,49.425,50.64,49.216,17.356569073883822,24268200,0.0,0.0
2021-05-14,50.204,51.0,50.204,17.78177313294053,20735400,0.0,0.0
2021-05-17,50.715,52.148,50.623,18.192305968575077,25282500,0.0,0.0
2021-05-18,51.938,52.19,50.598,17.67016228125721,25170800,0.0,0.0
2021-05-19,49.509,50.146,48.939,17.240889294713394,28889800,0.0,0.0
2021-05-20,49.383,49.551,48.789,17.200013804741886,20692500,0.0,0.0
2021-05-21,49.777,50.12,49.3,17.223377469900395,20792700,0.0,0.0
2021-05-24,49.492,50.095,49.165,17.423897634732988,18400300,0.0,0.0
2021-05-25,49.844,49.878,48.688,17.024726264922116,25616100,0.0,0.0
2021-05-26,48.797,49.526,48.504,17.222408134978078,21698700,0.0,0.0
2021-05-27,49.618,50.012,48.604,17.11112837146963,33556000,0.0,0.0
2021-05-28,49.199,49.258,48.68,17.055229011069986,19246800,0.0,0.0
2021-06-01,49.802,50.849,49.802,17.655295043650625,28474200,0.0,0.0
2021-06-02,50.891,51.36,50.405,17.794874299374143,22978300,0.0,0.0
2021-06-03,50.724,51.444,50.556,17.864800777840095,20272800,0.0,0.0
2021-06-04,51.486,51.687,50.916,17.943752512539362,20427800,0.0,0.0
2021-06-07,51.377,51.712,51.117,17.82624866554427,15477900,0.0,0.0
2021-06-08,51.519,52.34,50.824,18.138940303155785,28953400,0.0,0.0
2021-06-09,52.5,53.128,52.097,18.290258084391095,29133000,0.0,0.0
2021-06-10,53.287,53.597,52.148,18.319508574758324,27488700,0.0,0.0
2021-06-11,52.784,52.935,52.056,18.14935061326963,17631700,0.0,0.0
2021-06-14,52.19,52.592,51.578,18.120054397305847,16997200,0.0,0.0
2021-06-15,52.34,53.949,52.232,18.76800774342121,30717100,0.0,0.0
2021-06-16,53.882,54.284,53.245,18.70102143803196,24803200,0.0,0.0
2021-06-17,53.496,53.999,51.327,18.074928089586056,28491800,0.0,0.0
2021-06-18,51.101,51.561,50.464,17.60525816790528,39590700,0.0,0.0
2021-06-21,51.042,52.525,51.017,18.232429896741984,33145400,0.0,0.0
2021-06-22,52.65,53.622,52.131,18.57858970371612,25140400,0.0,0.0
2021-06-23,53.656,54.2,53.262,18.71506769869671,20701600,0.0,0.0
2021-06-24,53.739,54.083,53.455,18.790357604571536,19568400,0.0,0.0
2021-06-25,54.125,54.393,53.915,18.831336074966178,18438300,0.0,0.0
2021-06-28,54.083,54.083,52.567,18.34428706055842,20570000,0.0,0.0
2021-06-29,52.952,53.421,52.433,18.230639339892235,19579300,0.0,0.0
2021-06-30,52.525,52.969,52.315,18.363949136022317,17875500,0.0,0.0
2021-07-01,53.89,53.966,52.583,18.416349680274816,22530300,0.0,0.0
2021-07-02,52.784,53.044,52.29,18.38991938312371,14555300,0.0,0.0
2021-07-06,52.567,52.575,51.017,17.858609081588867,22110800,0.0,0.0
2021-07-07,51.251,51.779,49.945,17.5767643164755,21671400,0.0,0.0
2021-07-08,49.802,50.858,49.685,17.498092909207585,18935900,0.0,0.0
2021-07-09,50.849,51.478,50.464,17.812359002570958,20086000,0.0,0.0
2021-07-12,50.615,51.519,50.397,17.794987191290613,21809400,0.0,0.0
2021-07-13,51.101,51.528,50.69,17.710400666453612,17147300,0.0,0.0
2021-07-14,51.243,51.712,49.727,17.313226061025233,21573600,0.0,0.0
2021-07-15,49.568,50.012,49.233,17.143671893536222,15851100,0.0,0.0
2021-07-16,49.576,49.643,47.875,16.663129716404327,27049500,0.0,0.0
2021-07-19,46.61,47.08,45.739,16.08048048282016,37969100,0.0,0.0
2021-07-20,46.493,47.415,46.099,16.256726534377815,26756100,0.0,0.0
2021-07-21,47.632,48.839,47.607,16.771100769244043,20908700,0.0,0.0
2021-07-22,48.361,48.37,47.465,16.581476626309907,13493800,0.0,0.0
2021-07-23,47.993,47.993,47.306,16.561015298307957,14088200,0.0,0.0
2021-07-26,47.884,49.132,47.75,16.974150823406916,18387600,0.0,0.0
2021-07-27,48.596,48.596,47.926,16.784259948913522,16861400,0.0,0.0
2021-07-28,48.587,49.115,48.269,16.89717175861713,16855300,0.0,0.0
2021-07-29,49.425,49.702,49.057,17.102063603547784,18607800,0.0,0.0
2021-07-30,49.325,49.325,48.018,16.702505447940325,28652800,0.0,0.0
2021-08-02,48.21,49.475,48.085,16.70562213619318,20873800,0.0,0.0
2021-08-03,48.227,48.931,47.691,16.88440780996716,18208200,0.0,0.0
2021-08-04,47.909,48.487,47.591,16.485278693862288,20868300,0.0,0.0
2021-08-05,47.859,48.336,47.607,16.589160814317918,15180200,0.0,0.0
2021-08-06,48.303,48.646,48.194,16.779516496905003,14888500,0.0,0.0
2021-08-09,47.859,48.185,47.607,16.58697653951953,17828200,0.0,0.0
2021-08-10,48.102,48.889,48.001,16.868767140415645,16340200,0.0,0.0
2021-08-11,48.747,49.006,48.353,16.91818857326229,18278600,0.0,0.0
2021-08-12,48.813,49.144,48.362,16.87972670926815,19225500,0.87,0.0
2021-08-13,48.498,48.532,47.877,16.70822677926402,20063000,0.0,0.0
2021-08-16,47.639,47.699,47.001,16.46208243727163,16959500,0.0,0.0
2021-08-17,47.197,47.877,46.772,16.34992615646658,16243700,0.0,0.0
2021-08-18,47.129,47.461,46.185,12.497515714667415,21890500,0.0,0.0
2021-08-19,45.471,45.675,44.306,12.11004989542852,30923500,0.0,0.0
2021-08-20,44.45,45.19,44.314,12.112480249631831,16918300,0.0,0.0
2021-08-23,45.879,46.823,45.879,12.600776771314194,21632600,0.0,0.0
2021-08-24,47.018,47.495,46.78,12.7037088378924,17915600,0.0,0.0
2021-08-25,46.976,47.426,46.661,12.726624883860316,13270300,0.0,0.0
2021-08-26,46.942,47.231,46.457,12.553289724786838,11842600,0.0,0.0
2021-08-27,47.112,47.801,47.112,12.79407185173155,15822500,0.0,0.0
2021-08-30,47.826,47.911,46.874,12.653562685777889,14086100,0.0,0.0
2021-08-31,46.712,47.035,46.312,12.505959629020172,27104100,0.0,0.0
2021-09-01,46.338,46.568,45.581,12.332674149586362,21644100,0.0,0.0
2021-09-02,46.168,47.316,46.151,12.629527472136186,23293300,0.0,0.0
2021-09-03,46.874,47.044,46.432,12.581171022914894,13840000,0.0,0.0
2021-09-07,46.491,47.001,46.321,12.507617271913377,14354400,0.0,0.0
2021-09-08,46.593,46.925,45.93,12.39249865387573,18756700,0.0,0.0
2021-09-09,45.598,46.772,45.326,12.401662112117828,19110800,0.0,0.0
2021-09-10,46.933,46.967,45.879,12.376292552259088,15123700,0.0,0.0
2021-09-13,46.474,47.563,46.449,12.69094070224314,22052300,0.0,0.0
2021-09-14,47.358,47.426,46.27,12.508787197952554,19940300,0.0,0.0
2021-09-15,47.086,48.073,47.035,12.923337566189629,23240900,0.0,0.0
2021-09-16,48.013,48.013,47.197,12.785231688992974,17907200,0.0,0.0
2021-09-17,47.061,48.26,46.857,12.633232802456833,30000400,0.0,0.0
2021-09-20,45.734,46.066,45.037,12.29201678371335,27555100,0.0,0.0
2021-09-21,46.236,46.355,45.284,12.280434897267114,19696800,0.0,0.0
2021-09-22,46.287,47.546,46.236,12.634683639694735,25690600,0.0,0.0
2021-09-23,47.129,48.677,47.01,13.055742002229863,23069400,0.0,0.0
2021-09-24,48.217,49.17,48.2,13.171686696708164,22328600,0.0,0.0
2021-09-27,50.046,50.854,50.02,13.55705114703358,32972200,0.0,0.0
2021-09-28,50.939,51.432,50.607,13.698260563154026,37619300,0.0,0.0
2021-09-29,50.888,51.185,50.216,13.689117453229638,23422800,0.0,0.0
2021-09-30,51.126,51.168,50.012,13.44446383816742,31289600,0.0,0.0
2021-10-01,50.522,51.866,50.522,13.918472035215164,24407300,0.0,0.0
2021-10-04,52.146,52.784,51.832,11.26809136489454,33946700,0.0,0.0
2021-10-05,53.167,53.32,51.891,11.249828129685426,29641600,0.0,0.0
2021-10-06,51.423,51.976,50.811,11.041598365104106,25284900,0.0,0.0
2021-10-07,51.542,51.942,51.143,11.072678837223958,19513600,0.0,0.0
2021-10-08,52.087,53.082,52.087,11.346798955280244,22186900,0.0,0.0
2021-10-11,53.6,53.626,52.299,11.23292888023024,22121500,0.0,0.0
2021-10-12,52.359,52.707,51.746,11.174412705163826,20198600,0.0,0.0
2021-10-13,51.687,52.206,51.202,11.143471728014688,14991700,0.0,0.0
2021-10-14,52.478,52.912,52.019,11.311705592040687,18594500,0.0,0.0
2021-10-15,53.345,53.634,53.099,11.418898016781554,16092600,0.0,0.0
2021-10-18,53.651,53.694,52.954,11.413533354512198,18282800,0.0,0.0
2021-10-19,53.464,54.094,53.294,11.583673223013689,18933200,0.0,0.0
2021-10-20,53.481,54.315,53.337,11.647422199593136,14305200,0.0,0.0
2021-10-21,53.975,54.119,53.022,11.433753675522343,16564600,0.0,0.0
2021-10-22,53.379,53.762,53.022,11.511982452018513,14266800,0.0,0.0
2021-10-25,54.187,54.782,54.068,11.73415786534054,17939800,0.0,0.0
2021-10-26,54.842,56.075,54.731,12.002741086717611,25585100,0.0,0.0
2021-10-27,55.412,55.488,54.408,11.686924131450136,21764500,0.0,0.0
2021-10-28,54.272,54.825,54.111,11.71966573019836,16626400,0.0,0.0
2021-10-29,55.318,55.582,54.706,11.74877388730451,23966300,0.0,0.0
2021-11-01,55.335,56.194,55.293,11.958192119420623,19656400,0.0,0.0
2021-11-02,55.301,55.658,54.987,11.80986353372006,16300000,0.0,0.0
2021-11-03,54.459,54.808,54.136,11.646555637005674,17372800,0.0,0.0
2021-11-04,55.004,55.182,54.281,11.733633094135211,17720100,0.0,0.0
2021-11-05,55.318,55.556,54.901,11.844289343691637,18565100,0.0,0.0
2021-11-08,55.743,56.449,55.599,11.97106315287375,17696000,0.0,0.0
2021-11-09,55.93,56.441,55.539,12.08702307588897,18781300,0.0,0.0
2021-11-10,56.294,56.579,54.958,11.846468753867386,20177200,0.88,0.0
2021-11-11,55.32,55.872,55.174,11.86871886425865,13319300,0.0,0.0
2021-11-12,55.122,55.476,54.795,11.778004290818043,18158900,0.0,0.0
2021-11-15,54.95,55.82,54.484,11.879070716531876,18849200,0.0,0.0
2021-11-16,55.45,56.337,55.45,11.998382279843907,17028700,0.0,0.0
2021-11-17,55.484,56.225,55.312,11.866620504318742,15497000,0.0,0.0
2021-11-18,55.295,55.613,54.39,11.73680702483331,16948200,0.0,0.0
2021-11-19,53.338,53.459,52.063,11.18135608302991,32035500,0.0,0.0
2021-11-22,51.985,53.898,51.985,11.335118345898493,21994400,0.0,0.0
2021-11-23,53.597,54.622,53.364,11.629756416910489,21185900,0.0,0.0
2021-11-24,53.933,55.027,53.933,11.694131859666841,15869700,0.0,0.0
2021-11-26,52.158,52.933,51.313,11.275911330787741,24979600,0.0,0.0
2021-11-29,53.924,54.416,52.821,11.33832644513845,18946400,0.0,0.0
2021-11-30,52.106,52.735,51.416,11.011321054916728,34979800,0.0,0.0
2021-12-01,52.485,53.459,51.494,11.002135964221065,30630600,0.0,0.0
2021-12-02,51.485,53.071,50.968,11.273140833461182,29216000,0.0,0.0
2021-12-03,53.364,53.631,52.011,11.200976382584754,22014700,0.0,0.0
2021-12-06,53.192,53.571,52.933,11.327264226809634,19210500,0.0,0.0
2021-12-07,53.726,54.321,53.519,11.453552056285574,19800400,0.0,0.0
2021-12-08,53.959,54.459,53.726,11.486584921642018,18214400,0.0,0.0
2021-12-09,53.476,54.097,53.269,11.515999462102442,16910300,0.0,0.0
2021-12-10,54.528,54.596,53.631,11.589183352060122,17942400,0.0,0.0
2021-12-13,53.838,54.054,52.873,11.332611267246902,17793700,0.0,0.0
2021-12-14,52.795,53.838,52.761,11.316170325180828,22551100,0.0,0.0
2021-12-15,52.735,53.002,51.718,11.266347063021962,19961900,0.0,0.0
2021-12-16,52.95,53.821,52.83,11.284681236413904,21187800,0.0,0.0
2021-12-17,52.528,52.813,51.442,11.035518295647499,44338100,0.0,0.0
2021-12-20,50.667,51.063,49.951,10.874365924081989,21819300,0.0,0.0
2021-12-21,51.494,52.295,51.468,11.117961906682178,19798900,0.0,0.0
2021-12-22,52.002,52.89,51.684,11.207795502148121,14058300,0.0,0.0
2021-12-23,52.718,53.295,52.571,11.213124883567854,13543300,0.0,0.0
2021-12-27,52.511,53.39,52.071,11.371914684027763,12593700,0.0,0.0
2021-12-28,53.355,53.7,52.916,11.335184213320314,12781000,0.0,0.0
2021-12-29,52.985,53.088,52.502,11.235393346387966,12733600,0.0,0.0
2021-12-30,52.761,53.088,52.373,11.169107647654618,11940300,0.0,0.0
2021-12-31,52.347,52.976,52.313,11.242417630481956,14072000,0.0,0.0
2022-01-03,52.778,54.812,52.752,11.666038994812842,24282400,0.0,0.0
2022-01-04,55.269,57.044,55.243,12.096846869311538,38584000,0.0,0.0
2022-01-05,57.311,58.268,57.294,12.246436796853484,34033300,0.0,0.0
2022-01-06,58.604,59.018,57.802,12.531130590051626,30668500,0.0,0.0
2022-01-07,59.052,59.621,58.587,12.63329459945887,23985400,0.0,0.0
2022-01-10,59.44,59.612,58.561,12.55794563368853,22760300,0.0,0.0
2022-01-11,59.371,61.534,59.104,13.075343642870417,32936100,0.0,0.0
2022-01-12,61.31,61.888,60.879,13.03679934904257,23045100,0.0,0.0
2022-01-13,61.293,61.689,60.595,12.94311572322832,21043200,0.0,0.0
2022-01-14,60.888,62.181,60.845,13.168237392098943,23012900,0.0,0.0
2022-01-18,62.758,63.671,62.06,13.388133018271963,32841200,0.0,0.0
2022-01-19,63.559,63.654,62.525,13.393658718143632,26431600,0.0,0.0
2022-01-20,62.482,64.094,62.275,13.422961405975201,26774600,0.0,0.0
2022-01-21,63.068,63.068,61.224,13.219916823841677,35995200,0.0,0.0
2022-01-24,61.086,62.982,60.164,13.332931769449681,41507000,0.0,0.0
2022-01-25,62.56,64.844,61.526,13.719202008472202,39278400,0.0,0.0
2022-01-26,65.007,65.499,63.335,13.57933640621702,35252400,0.0,0.0
2022-01-27,65.033,65.507,63.766,13.752219047203559,29174700,0.0,0.0
2022-01-28,64.611,65.171,63.732,13.781502124331409,30595700,0.0,0.0
2022-01-31,64.611,65.861,64.008,13.905422497781355,36085500,0.0,0.0
2022-02-01,65.886,70.247,65.731,14.769508887134359,61033100,0.0,0.0
2022-02-02,68.998,69.644,68.213,14.731083367460581,30299300,0.0,0.0
2022-02-03,69.023,69.213,68.101,14.558339042286846,28529400,0.0,0.0
2022-02-04,69.696,71.126,69.696,14.871054763075811,32197500,0.0,0.0
2022-02-07,69.928,71.6,69.497,15.049087750367846,34949200,0.0,0.0
2022-02-08,70.902,71.1,68.877,14.654844723293884,34356300,0.0,0.0
2022-02-09,69.344,69.736,68.586,14.58454839617853,40106100,0.88,0.0
2022-02-10,68.595,69.431,67.784,14.443615276432691,28527700,0.0,0.0
2022-02-11,68.508,69.989,68.168,14.802658082265523,42002100,0.0,0.0
2022-02-14,69.344,69.571,67.14,14.573859757876212,34652800,0.0,0.0
2022-02-15,67.009,68.133,66.591,14.390165746621896,25075100,0.0,0.0
2022-02-16,68.656,69.475,68.002,14.456290634557835,21733800,0.0,0.0
2022-02-17,68.386,68.943,67.924,14.434252309767928,23738800,0.0,0.0
2022-02-18,67.235,68.116,67.0,14.272850352927597,23394800,0.0,0.0
2022-02-22,69.423,69.527,65.623,14.10566542908713,35947800,0.0,0.0
2022-02-23,66.626,67.506,66.338,14.162924445726453,25385000,0.0,0.0
2022-02-24,68.839,68.865,64.508,13.982670871860023,46199900,0.0,0.0
2022-02-25,66.826,67.959,66.451,14.354093370294475,28310300,0.0,0.0
2022-02-28,66.669,68.778,66.399,14.460568064066969,32204600,0.0,0.0
2022-03-01,68.638,70.277,68.255,14.598308859563287,40002300,0.0,0.0
2022-03-02,70.233,71.584,69.553,14.846936891513824,44321400,0.0,0.0
2022-03-03,69.588,71.253,69.388,14.940582114602133,30196600,0.0,0.0
2022-03-04,70.625,73.44,70.285,15.492623051211687,42802200,0.0,0.0
2022-03-07,73.997,76.01,73.109,16.040988802736628,55207900,0.0,0.0
2022-03-08,77.596,79.74,74.442,16.162031201205053,72082300,0.0,0.0
2022-03-09,73.222,75.435,71.104,15.216157984724147,65466700,0.0,0.0
2022-03-10,73.204,74.66,72.237,15.681437596119077,44644200,0.0,0.0
2022-03-11,73.257,75.139,73.17,15.600270772456833,35303400,0.0,0.0
2022-03-14,72.377,72.716,70.146,15.03155917070796,37462600,0.0,0.0
2022-03-15,68.682,68.987,66.547,14.150899230473195,47957900,0.0,0.0
2022-03-16,67.802,68.508,66.443,14.097592175999237,37812300,0.0,0.0
2022-03-17,68.124,68.969,67.157,14.468275108696862,34041900,0.0,0.0
2022-03-18,68.891,69.179,68.055,14.41140122887246,41461500,0.0,0.0
2022-03-21,69.815,71.906,69.484,15.04397677409552,33089300,0.0,0.0
2022-03-22,71.131,71.627,70.399,14.978092636496731,23132200,0.0,0.0
2022-03-23,72.621,73.431,72.368,15.212325471166125,27716300,0.0,0.0
2022-03-24,72.725,73.762,72.106,15.257828384311823,19871600,0.0,0.0
2022-03-25,72.255,74.494,72.141,15.587311231655418,22398300,0.0,0.0
2022-03-28,72.472,72.594,71.47,15.143937323708682,21552400,0.0,0.0
2022-03-29,70.416,71.88,69.501,15.063132430780596,27036300,0.0,0.0
2022-03-30,72.377,73.204,72.072,15.318874416115287,22079000,0.0,0.0
2022-03-31,72.211,73.544,71.932,15.099714118926618,27861500,0.0,0.0
2022-04-01,71.444,73.318,71.444,15.196338564587307,18671100,0.0,0.0
2022-04-04,72.812,72.899,71.497,15.203680145755555,20869400,0.0,0.0
2022-04-05,72.76,74.128,71.941,15.124797066959443,21753100,0.0,0.0
2022-04-06,72.69,73.806,72.272,15.292133402730324,24768200,0.0,0.0
2022-04-07,73.048,74.45,72.072,15.545964385987016,26122000,0.0,0.0
2022-04-08,74.215,75.993,74.215,15.869597340271739,24866500,0.0,0.0
2022-04-11,74.747,74.877,72.76,15.313648452122468,21800100,0.0,0.0
2022-04-12,74.686,75.653,74.398,15.629982396935613,22444200,0.0,0.0
2022-04-13,75.47,75.906,74.233,15.849297222338159,19306800,0.0,0.0
2022-04-14,75.522,77.082,75.139,16.0344787612053,24566400,0.0,0.0
2022-04-18,77.117,77.457,76.463,16.16530676192559,19032300,0.0,0.0
2022-04-19,76.69,77.256,76.045,16.0205217509864,20382600,0.0,0.0
2022-04-20,76.655,77.117,76.071,16.05693251895082,20689400,0.0,0.0
2022-04-21,77.509,78.25,75.627,15.886338774380105,29010900,0.0,0.0
2022-04-22,75.514,76.786,74.067,15.535591578456359,23591600,0.0,0.0
2022-04-25,71.775,72.028,69.092,15.002771209865275,37698300,0.0,0.0
2022-04-26,72.089,73.823,71.61,15.008421380070718,28941500,0.0,0.0
2022-04-27,72.664,74.485,71.697,15.43086711241789,32773000,0.0,0.0
2022-04-28,73.962,76.803,73.257,15.8907242264222,33683800,0.0,0.0
2022-04-29,76.803,76.803,73.806,15.531375445390516,34656500,0.0,0.0
2022-05-02,74.076,75.845,73.745,15.741328042139799,36335200,0.0,0.0
2022-05-03,75.165,77.361,75.043,16.062284584533476,33908100,0.0,0.0
2022-05-04,77.988,80.062,77.474,16.689067003792676,46188400,0.0,0.0
2022-05-05,80.202,80.21,77.021,16.434199660001315,41013400,0.0,0.0
2022-05-06,79.278,80.01,77.858,16.68352933700708,29619300,0.0,0.0
2022-05-09,77.936,78.041,73.213,15.31324365276263,45851600,0.0,0.0
2022-05-10,74.625,75.714,72.777,15.414239402945912,34483200,0.0,0.0
2022-05-11,75.313,77.5,75.182,15.731985107747997,33020600,0.0,0.0
2022-05-12,75.662,76.041,73.417,15.803174908337008,29491500,0.88,0.0
2022-05-13,76.903,78.303,76.014,16.265227825318807,25798400,0.0,0.0
2022-05-16,78.329,80.97,78.321,16.643391265731605,26101200,0.0,0.0
2022-05-17,80.75,81.384,80.213,16.854290866259227,23120700,0.0,0.0
2022-05-18,81.437,81.798,79.078,16.584841080157076,25451200,0.0,0.0
2022-05-19,78.347,81.252,78.347,16.674382650491133,24387400,0.0,0.0
2022-05-20,80.926,82.388,79.579,16.805628779259916,28795000,0.0,0.0
2022-05-23,81.569,83.426,81.472,17.172964949831428,27239300,0.0,0.0
2022-05-24,81.71,83.444,81.27,17.266003146696583,24293300,0.0,0.0
2022-05-25,83.259,84.976,83.162,17.609948151860856,29947800,0.0,0.0
2022-05-26,85.037,85.768,84.685,17.671950329572788,24314800,0.0,0.0
2022-05-27,84.465,86.208,83.893,17.844970028607392,25588800,0.0,0.0
2022-05-31,86.763,87.837,84.254,17.551767197009756,44888100,0.0,0.0
2022-06-01,85.407,86.895,85.055,17.885042518701077,25815400,0.0,0.0
2022-06-02,85.645,86.358,85.205,17.8538672443725,19089100,0.0,0.0
2022-06-03,86.182,87.731,86.182,18.11156575146488,21038200,0.0,0.0
2022-06-06,87.308,87.837,86.859,18.06582892502297,20682100,0.0,0.0
2022-06-07,87.766,91.05,87.581,18.87544863929503,37810200,0.0,0.0
2022-06-08,91.103,92.934,90.654,19.096923330873295,31613200,0.0,0.0
2022-06-09,91.041,92.053,89.932,18.67964117670524,26607000,0.0,0.0
2022-06-10,89.738,90.979,87.845,18.335161569825008,30950500,0.0,0.0
2022-06-13,85.847,86.067,82.678,17.473904643826984,33421000,0.0,0.0
2022-06-14,85.75,86.859,83.866,17.51940585932559,31264000,0.0,0.0
2022-06-15,84.5,85.011,82.106,17.297452278461492,29620800,0.0,0.0
2022-06-16,81.349,81.983,79.474,16.647388274015366,35696700,0.0,0.0
2022-06-17,80.072,80.416,75.407,15.658671384461094,64610200,0.0,0.0
2022-06-21,77.977,81.454,77.924,16.60403539511459,35951500,0.0,0.0
2022-06-22,77.062,79.016,77.053,15.933569250717342,29727200,0.0,0.0
2022-06-23,78.048,78.391,73.523,15.445758156610967,35757200,0.0,0.0
2022-06-24,76.542,77.819,75.539,15.748955720992335,26639000,0.0,0.0
2022-06-27,77.299,79.262,77.176,16.130314850381858,25478700,0.0,0.0
2022-06-28,80.213,82.079,79.535,16.57186285867773,33096900,0.0,0.0
2022-06-29,81.851,82.044,77.255,15.947986201872972,25400900,0.0,0.0
2022-06-30,75.829,77.115,74.535,15.492748359231305,39948100,0.0,0.0
2022-07-01,76.357,77.361,74.57,15.834606683472181,26327900,0.0,0.0
2022-07-05,76.005,76.322,73.074,15.330917505540556,34591100,0.0,0.0
2022-07-06,73.734,75.028,71.313,15.051996316770126,33375700,0.0,0.0
2022-07-07,75.16,76.375,75.09,15.525122548383642,23817400,0.0,0.0
2022-07-08,76.542,76.85,74.764,15.550343483520436,17673800,0.0,0.0
2022-07-11,74.975,75.812,74.262,15.47072192990876,15603800,0.0,0.0
2022-07-12,73.752,74.87,72.942,15.263512902205395,21013000,0.0,0.0
2022-07-13,73.4,75.979,73.329,15.324742738698102,19928600,0.0,0.0
2022-07-14,72.053,73.338,71.032,15.014450479183834,26343000,0.0,0.0
2022-07-15,74.65,74.72,72.977,15.265292203425135,17243700,0.0,0.0
2022-07-18,76.217,77.414,75.486,15.544356609730507,19395800,0.0,0.0
2022-07-19,76.076,77.924,75.926,15.931218374382269,18248900,0.0,0.0
2022-07-20,77.097,78.919,76.806,16.105354068908248,16584400,0.0,0.0
2022-07-21,76.525,77.291,75.011,15.834315045649147,21375700,0.0,0.0
2022-07-22,77.071,77.88,76.261,15.712910902255613,15479500,0.0,0.0
2022-07-25,77.608,79.342,76.956,16.227691446031972,17536400,0.0,0.0
2022-07-26,80.222,80.354,78.347,16.16446872685262,15141200,0.0,0.0
2022-07-27,79.474,80.988,78.699,16.510448646820883,18047000,0.0,0.0
2022-07-28,81.146,82.088,80.116,16.702271754546345,20353100,0.0,0.0
2022-07-29,83.145,85.847,82.837,17.458451449030413,29825800,0.0,0.0
2022-08-01,83.444,83.937,82.071,17.011446576526357,20793200,0.0,0.0
2022-08-02,83.356,83.805,82.59,16.93744844544524,16722500,0.0,0.0
2022-08-03,83.118,83.118,79.923,16.379174701037,23580800,0.0,0.0
2022-08-04,79.5,79.527,76.085,15.675158251604168,31821500,0.0,0.0
2022-08-05,76.023,78.954,75.953,15.900024192817769,17408000,0.0,0.0
2022-08-08,78.004,78.875,77.66,15.989621533561321,14458500,0.0,0.0
2022-08-09,79.271,80.645,79.183,16.281803197112186,19083400,0.0,0.0
2022-08-10,79.826,80.803,78.514,16.435629590706192,18302000,0.0,0.0
2022-08-11,81.633,83.819,81.277,16.904368159909144,18797900,0.88,0.0
2022-08-12,82.201,83.57,81.873,17.050466863067964,15058200,0.0,0.0
2022-08-15,80.468,82.424,79.695,16.743035150318278,20755200,0.0,0.0
2022-08-16,81.801,82.566,81.144,16.586421022421344,14038200,0.0,0.0
2022-08-17,81.126,82.85,80.815,16.720130766330644,13678000,0.0,0.0
2022-08-18,82.797,84.717,82.744,17.110721458859416,17770400,0.0,0.0
2022-08-19,83.695,84.619,83.375,17.056380260707897,16128600,0.0,0.0
2022-08-22,83.037,83.988,81.65,17.04352561456995,16019900,0.0,0.0
2022-08-23,84.93,87.472,84.841,17.75205606219139,23764700,0.0,0.0
2022-08-24,87.117,87.97,86.539,17.856700748543933,17050300,0.0,0.0
2022-08-25,87.926,88.761,87.197,17.948982594676135,15305700,0.0,0.0
2022-08-26,87.792,88.806,86.592,17.726500082530144,15531400,0.0,0.0
2022-08-29,87.268,90.272,87.232,18.129429060193186,23059200,0.0,0.0
2022-08-30,87.428,87.659,85.17,17.42616849382902,17086800,0.0,0.0
2022-08-31,83.579,86.077,83.188,17.295399080642277,18340900,0.0,0.0
2022-09-01,83.926,84.504,82.033,16.981326387261188,16423000,0.0,0.0
2022-09-02,85.641,86.032,84.539,17.289695733973737,18206800,0.0,0.0
2022-09-06,85.472,85.855,84.006,17.17352072660066,19201500,0.0,0.0
2022-09-07,82.832,84.077,82.041,17.026383030573655,16274700,0.0,0.0
2022-09-08,84.139,84.815,83.304,17.164995848088704,18759200,0.0,0.0
2022-09-09,85.792,86.219,84.726,17.45031891881405,17158000,0.0,0.0
2022-09-12,86.797,88.166,86.112,17.649769488716704,16118900,0.0,0.0
2022-09-13,85.872,86.912,84.361,17.232732395795612,18229100,0.0,0.0
2022-09-14,85.499,87.606,85.464,17.650637846230875,22655700,0.0,0.0
2022-09-15,85.526,85.81,83.597,17.129658375608876,21092300,0.0,0.0
2022-09-16,84.504,84.744,81.775,16.834488836262494,37874700,0.0,0.0
2022-09-19,80.895,83.099,80.886,16.832660005491057,15342100,0.0,0.0
2022-09-20,82.424,82.601,81.455,16.69494331611089,14712500,0.0,0.0
2022-09-21,83.17,83.446,80.77,16.423528136349614,17332400,0.0,0.0
2022-09-22,81.953,82.361,80.459,16.354920655105865,16139400,0.0,0.0
2022-09-23,77.775,77.775,75.419,15.4603703254617,27738800,0.0,0.0
2022-09-26,75.464,76.637,74.566,15.137962293816798,22043400,0.0,0.0
2022-09-27,76.095,77.295,75.384,15.45205790656228,17307300,0.0,0.0
2022-09-28,76.548,79.375,76.371,16.004306592275785,19543300,0.0,0.0
2022-09-29,78.379,79.428,77.446,15.971853358824955,17896000,0.0,0.0
2022-09-30,78.37,79.144,77.606,15.723127276423494,21357600,0.0,0.0
2022-10-03,80.033,82.095,79.748,16.53221136368209,23881300,0.0,0.0
2022-10-04,82.877,84.761,82.406,17.12387102237396,22133700,0.0,0.0
2022-10-05,85.108,88.877,85.028,17.802238810359082,34857700,0.0,0.0
2022-10-06,87.526,90.823,87.401,18.322743981227017,29124700,0.0,0.0
2022-10-07,90.832,91.837,89.046,18.136792690613426,24507600,0.0,0.0
2022-10-10,90.21,90.69,87.748,17.7394448918828,16786100,0.0,0.0
2022-10-11,86.415,88.672,85.997,17.587967769837327,17804100,0.0,0.0
2022-10-12,86.663,87.917,86.423,17.66492872481258,12635800,0.0,0.0
2022-10-13,86.708,91.063,86.575,18.271817874552667,22019100,0.0,0.0
2022-10-14,89.881,90.877,88.032,17.784715042389575,15222000,0.0,0.0
2022-10-17,89.837,90.637,89.33,18.03926883617825,14283200,0.0,0.0
2022-10-18,90.254,90.974,88.201,18.071511692643362,14065400,0.0,0.0
2022-10-19,89.997,92.432,89.979,18.599630028875065,20921700,0.0,0.0
2022-10-20,92.725,93.33,91.917,18.624814628690128,17649000,0.0,0.0
2022-10-21,92.841,94.574,92.361,18.967410690664714,22814100,0.0,0.0
2022-10-24,93.917,95.712,93.437,19.09958830355048,17024200,0.0,0.0
2022-10-25,94.583,95.401,93.392,18.97014295341862,15719800,0.0,0.0
2022-10-26,94.45,95.845,94.219,19.19456842148173,17383800,0.0,0.0
2022-10-27,96.361,97.401,95.481,19.267794901654618,18214000,0.0,0.0
2022-10-28,97.294,98.85,96.103,19.824040237745425,28169400,0.0,0.0
2022-10-31,97.33,100.361,97.276,19.84377466919176,26401800,0.0,0.0
2022-11-01,99.881,100.059,98.352,20.03984237286689,22213100,0.0,0.0
2022-11-02,99.179,99.641,97.161,19.623764066280938,20654200,0.0,0.0
2022-11-03,96.512,99.392,96.272,19.888645890177038,17103700,0.0,0.0
2022-11-04,100.441,100.885,98.485,20.10398087715523,17541500,0.0,0.0
2022-11-07,99.916,101.321,99.667,20.340822539234406,16008000,0.0,0.0
2022-11-08,100.867,101.916,100.085,20.405160471815577,14661000,0.0,0.0
2022-11-09,100.53,100.69,96.503,19.47107657624129,19522800,0.0,0.0
2022-11-10,97.943,98.396,95.614,19.755237627823035,20146700,0.0,0.0
2022-11-11,100.067,101.774,99.987,20.362486882573528,20518900,0.0,0.0
2022-11-14,100.918,102.719,100.792,20.421908376510547,20858300,0.91,0.0
2022-11-15,101.966,102.62,101.133,20.55836016876787,19373800,0.0,0.0
2022-11-16,101.644,102.378,100.228,20.337444930805148,13591000,0.0,0.0
2022-11-17,99.717,101.429,99.233,20.364364386518666,12425900,0.0,0.0
2022-11-18,99.368,100.783,98.212,20.1870957392865,15415000,0.0,0.0
2022-11-21,98.552,99.637,96.303,19.986086745579914,20973000,0.0,0.0
2022-11-22,100.541,102.566,99.843,20.55617423732206,17719100,0.0,0.0
2022-11-23,100.64,102.101,100.443,20.45324358972894,11546700,0.0,0.0
2022-11-25,102.038,102.692,101.303,20.380984438056185,7136000,0.0,0.0
2022-11-28,99.153,99.869,98.221,19.75959717049663,23015500,0.0,0.0
2022-11-29,99.108,100.174,98.373,19.890503629446044,14453200,0.0,0.0
2022-11-30,99.941,100.264,98.364,20.0339749653201,23158100,0.0,0.0
2022-12-01,100.031,100.416,98.723,19.936542660305367,14398300,0.0,0.0
2022-12-02,98.122,100.093,97.844,19.766735055347556,15248400,0.0,0.0
2022-12-05,99.188,99.78,94.923,19.217598317139913,19287700,0.0,0.0
2022-12-06,94.888,95.909,92.424,18.675894814979667,21197000,0.0,0.0
2022-12-07,92.988,93.947,91.725,18.634515563506064,20061700,0.0,0.0
2022-12-08,95.228,95.694,92.925,16.72153792694428,21128800,0.0,0.0
2022-12-09,93.714,94.932,92.558,16.579928757712807,21298200,0.0,0.0
2022-12-12,93.033,95.192,92.818,16.983344661102716,20413200,0.0,0.0
2022-12-13,96.59,97.253,95.891,17.167968331704692,24305300,0.0,0.0
2022-12-14,96.76,97.038,94.753,17.041014121284284,17597300,0.0,0.0
2022-12-15,94.377,95.13,92.916,16.876942920575665,15365100,0.0,0.0
2022-12-16,92.907,94.601,92.406,16.758087562505263,54596600,0.0,0.0
2022-12-19,94.314,95.156,93.526,16.83330240167331,13611100,0.0,0.0
2022-12-20,94.234,96.33,94.144,17.07468298243709,14680000,0.0,0.0
2022-12-21,97.029,97.298,96.017,17.292625122726086,13565400,0.0,0.0
2022-12-22,96.671,96.939,93.275,16.94025267875169,13213000,0.0,0.0
2022-12-23,95.828,97.432,95.784,17.38244491175771,11539400,0.0,0.0
2022-12-27,97.907,98.982,97.513,17.622297047767642,11962100,0.0,0.0
2022-12-28,98.481,98.561,96.68,17.330388066105094,10702100,0.0,0.0
2022-12-29,96.76,98.31,96.76,17.460886183056527,10534000,0.0,0.0
2022-12-30,97.316,99.009,97.316,17.635963498994514,11799600,0.0,0.0
2023-01-03,98.364,98.579,94.52,17.019299226710388,15146200,0.0,0.0
2023-01-04,93.902,96.017,93.866,17.06880451084939,18058400,0.0,0.0
2023-01-05,95.282,98.516,95.255,17.446412041989117,15946600,0.0,0.0
2023-01-06,98.633,100.344,98.266,17.656066759310786,16348100,0.0,0.0
2023-01-09,100.031,100.031,96.599,17.323857359937417,17964600,0.0,0.0
2023-01-10,98.373,98.857,96.778,17.580758191813885,15104600,0.0,0.0
2023-01-11,99.448,99.86,97.746,17.7840062149457,16710400,0.0,0.0
2023-01-12,100.192,101.912,100.12,18.076885329582716,15357300,0.0,0.0
2023-01-13,101.348,101.688,100.497,18.06583403613163,12011400,0.0,0.0
2023-01-17,101.617,102.217,100.954,18.030696030917785,16542200,0.0,0.0
2023-01-18,101.482,102.253,98.92,17.65637651869325,16399700,0.0,0.0
2023-01-19,98.624,100.47,98.185,17.769319750410176,12928000,0.0,0.0
2023-01-20,99.78,101.644,99.108,18.090453862582855,16515600,0.0,0.0
2023-01-23,101.823,102.674,100.927,17.995981863077525,16584400,0.0,0.0
2023-01-24,97.809,102.163,93.965,18.162815256825265,13583000,0.0,0.0
2023-01-25,101.455,101.832,99.807,18.066738158191832,11914700,0.0,0.0
2023-01-26,102.79,105.532,102.45,18.778671153460973,21019700,0.0,0.0
2023-01-27,104.789,105.434,103.391,18.43272760910222,15179200,0.0,0.0
2023-01-30,103.122,103.48,101.384,18.10291375002214,18672100,0.0,0.0
2023-01-31,100.443,104.296,98.947,18.489282088303625,27861800,0.0,0.0
2023-02-01,103.785,105.174,101.554,18.285745368335007,19464900,0.0,0.0
2023-02-02,102.907,103.104,98.409,17.704600043567172,24562100,0.0,0.0
2023-02-03,100.264,102.244,99.959,17.82683927987811,20226600,0.0,0.0
2023-02-06,100.676,101.33,98.848,17.796415160704644,13855200,0.0,0.0
2023-02-07,100.703,103.319,100.371,18.297528634689915,16013300,0.0,0.0
2023-02-08,103.086,103.785,102.011,18.137614762448344,18459700,0.0,0.0
2023-02-09,102.701,104.152,102.307,18.205897043849472,17439300,0.0,0.0
2023-02-10,104.394,107.19,104.081,18.957603863210732,24918600,0.0,0.0
2023-02-13,106.29,106.705,104.647,18.883602050118625,14536200,0.91,0.0
2023-02-14,105.649,106.371,104.755,18.661080176237643,12079000,0.0,0.0
2023-02-15,104.484,104.818,103.058,18.60489669532088,13663400,0.0,0.0
2023-02-16,104.114,105.441,103.654,18.550315726230117,11360600,0.0,0.0
2023-02-17,103.103,103.103,100.205,17.82293664025417,20758300,0.0,0.0
2023-02-21,100.051,101.469,100.051,17.805366691682536,14469400,0.0,0.0
2023-02-22,99.753,100.196,98.092,17.57325766807878,13973800,0.0,0.0
2023-02-23,99.979,100.972,99.229,17.73428048613562,11289400,0.0,0.0
2023-02-24,98.715,100.187,98.435,17.73587669109583,14351000,0.0,0.0
2023-02-27,100.042,100.457,99.284,17.70374470209472,11710500,0.0,0.0
2023-02-28,100.439,100.548,98.615,17.6009304587463,18107000,0.0,0.0
2023-03-01,98.697,100.999,98.634,17.757198994497692,13200000,0.0,0.0
2023-03-02,99.88,100.855,99.473,17.838771467128414,10339900,0.0,0.0
2023-03-03,99.365,102.362,99.275,18.063123800915992,13006700,0.0,0.0
2023-03-06,101.116,102.787,101.008,18.22255441208325,14347400,0.0,0.0
2023-03-07,101.857,102.182,100.376,17.866746105963365,11525300,0.0,0.0
2023-03-08,100.43,101.505,98.48,17.604020057242238,13509800,0.0,0.0
2023-03-09,100.105,101.333,98.444,17.46734164361429,12961200,0.0,0.0
2023-03-10,98.922,100.259,96.746,17.249898976735533,15795700,0.0,0.0
2023-03-13,95.112,97.387,93.649,17.050397634582186,20745600,0.0,0.0
2023-03-14,96.024,98.426,94.769,17.114263833736388,18263500,0.0,0.0
2023-03-15,92.837,94.083,90.489,16.240866069448423,25733800,0.0,0.0
2023-03-16,89.487,91.808,88.503,16.146424617701264,27465200,0.0,0.0
2023-03-17,90.832,91.744,89.514,15.95501592996919,43199500,0.0,0.0
2023-03-20,89.957,92.53,89.839,16.366822840765625,32042100,0.0,0.0
2023-03-22,96.43,96.773,94.408,16.688529341983,14952700,0.0,0.0
2023-03-23,95.13,96.015,92.494,16.49925350514335,14385900,0.0,0.0
2023-03-24,91.618,93.767,91.112,16.518326972100454,13401600,0.0,0.0
2023-03-27,94.57,96.141,93.821,16.87649080903612,14805900,0.0,0.0
2023-03-28,95.202,97.198,94.977,17.085775109834472,11047600,0.0,0.0
2023-03-29,97.568,98.561,97.053,17.37687962198188,14219100,0.0,0.0
2023-03-30,98.913,98.931,97.983,17.46110355952246,11578200,0.0,0.0
2023-03-31,99.031,99.473,98.462,17.488282852106504,14418000,0.0,0.0
2023-04-03,102.381,105.505,102.137,18.49083869270093,28087700,0.0,0.0
2023-04-04,104.972,105.369,103.085,18.31311150588222,16365500,0.0,0.0
2023-04-05,104.15,105.64,103.211,18.62416117196602,16479500,0.0,0.0
2023-04-06,105.514,105.803,103.627,18.312669682384822,15778000,0.0,0.0
2023-04-10,103.636,104.9,103.085,18.231396907148365,13006600,0.0,0.0
2023-04-11,103.798,104.918,103.274,18.359809206058777,11758500,0.0,0.0
2023-04-12,104.882,105.27,103.771,18.340760831749304,10919000,0.0,0.0
2023-04-13,103.473,104.638,103.049,18.426410004042957,12399700,0.0,0.0
2023-04-14,104.647,105.333,103.943,18.470955049467193,11530800,0.0,0.0
2023-04-17,104.277,105.198,103.311,18.25481018264024,13260400,0.0,0.0
2023-04-18,103.283,105.83,103.202,18.607961598568053,17436100,0.0,0.0
2023-04-19,104.809,105.55,104.529,18.54900577112783,10682600,0.0,0.0
2023-04-20,103.952,104.448,102.236,18.40037512194957,17038700,0.0,0.0
2023-04-21,105.18,105.532,104.069,18.45914151400391,14315300,0.0,0.0
2023-04-24,104.665,107.347,104.629,18.804469426041198,15831300,0.0,0.0
2023-04-25,106.137,106.308,104.403,18.535260416178183,12179800,0.0,0.0
2023-04-26,104.764,105.721,103.545,18.36428539115461,15566100,0.0,0.0
2023-04-27,104.394,105.649,103.726,18.582493439816385,16279200,0.0,0.0
2023-04-28,105.866,108.277,105.487,18.82106030700061,24381900,0.0,0.0
2023-05-01,104.728,105.911,103.338,18.228072623394766,17355000,0.0,0.0
2023-05-02,102.877,102.877,98.679,17.486797680539297,24324100,0.0,0.0
2023-05-03,98.489,99.148,97.297,17.138757515245533,16212300,0.0,0.0
2023-05-04,97.424,98.191,95.627,16.835886111393943,17177200,0.0,0.0
2023-05-05,98.01,98.805,97.09,17.249961126947095,14968200,0.0,0.0
2023-05-08,99.771,100.196,98.453,17.318033314279457,11187800,0.0,0.0
2023-05-09,97.821,99.527,97.703,17.322778968143652,11370800,0.0,0.0
2023-05-10,99.085,99.329,96.349,17.09914427212339,14884800,0.0,0.0
2023-05-11,96.151,96.448,94.742,16.786769800521913,17165900,0.0,0.0
2023-05-12,95.988,96.62,94.607,16.785188024874323,12613300,0.0,0.0
2023-05-15,96.092,96.475,95.245,16.817318508987885,13715600,0.91,0.0
2023-05-16,95.291,95.455,92.914,16.404027591717174,14795200,0.0,0.0
2023-05-17,94.162,95.837,93.67,16.768030154083213,14064700,0.0,0.0
2023-05-18,95.218,96.457,94.835,16.9192811843869,12005600,0.0,0.0
2023-05-19,97.058,97.495,96.375,16.997436093929135,13359600,0.0,0.0
2023-05-22,96.393,97.486,95.519,16.789975311899543,12882000,0.0,0.0
2023-05-23,96.529,98.56,96.311,17.017096630950135,14394400,0.0,0.0
2023-05-24,97.795,98.825,97.203,17.206400576548432,16340300,0.0,0.0
2023-05-25,96.484,96.93,95.364,16.894895052827717,14316500,0.0,0.0
2023-05-26,96.967,97.404,95.473,16.784275942188188,12370300,0.0,0.0
2023-05-30,94.07,94.826,93.451,16.6349089642177,11938000,0.0,0.0
2023-05-31,93.16,93.843,92.659,16.33482164398365,24926100,0.0,0.0
2023-06-01,92.668,96.156,92.222,16.522261315614468,13551900,0.0,0.0
2023-06-02,95.774,96.657,95.2,16.901557622515664,14112000,0.0,0.0
2023-06-05,97.622,97.622,95.71,16.82628783063801,10628000,0.0,0.0
2023-06-06,94.854,96.784,94.699,16.963123903078277,12209800,0.0,0.0
2023-06-07,97.258,99.171,97.203,17.339330288123875,16027100,0.0,0.0
2023-06-08,99.061,99.398,96.447,17.284863718640512,13517100,0.0,0.0
2023-06-09,98.779,98.916,97.595,17.156505604201644,12251600,0.0,0.0
2023-06-12,96.366,97.504,96.138,17.000908754435166,14112000,0.0,0.0
2023-06-13,97.795,98.67,96.794,17.0040658405639,13533800,0.0,0.0
2023-06-14,97.859,98.46,95.072,16.798475371563985,16627700,0.0,0.0
2023-06-15,96.083,97.477,96.029,16.914537136878156,16224100,0.0,0.0
2023-06-16,96.866,97.24,95.591,16.792727722106672,43128900,0.0,0.0
2023-06-20,95.336,95.418,93.005,16.403268940336613,17514100,0.0,0.0
2023-06-21,93.351,95.291,93.196,16.58600403077997,13285700,0.0,0.0
2023-06-22,93.661,94.617,93.488,16.49475743944913,12455300,0.0,0.0
2023-06-23,93.433,93.642,92.55,16.350359153127464,17933600,0.0,0.0
2023-06-26,93.078,95.546,93.078,16.649334957010154,14283400,0.0,0.0
2023-06-27,94.763,95.273,94.052,16.690827230124547,13227500,0.0,0.0
2023-06-28,94.999,96.375,93.988,16.825953748996604,13084100,0.0,0.0
2023-06-29,96.229,97.203,95.746,17.032221647703548,11364400,0.0,0.0
2023-06-30,97.741,98.251,97.276,17.11980728251051,13544700,0.0,0.0
2023-07-03,97.896,98.779,97.513,17.153251085531227,7397000,0.0,0.0
2023-07-05,98.023,98.287,96.63,17.065215665064024,12491200,0.0,0.0
2023-07-06,95.71,96.284,93.287,16.416105559693328,17961400,0.0,0.0
2023-07-07,92.823,94.717,92.495,16.45441580024751,21929200,0.0,0.0
2023-07-10,93.779,95.4,93.579,16.696762473386624,14877600,0.0,0.0
2023-07-11,95.865,96.684,95.455,16.899538159042237,12576500,0.0,0.0
2023-07-12,97.449,98.041,96.657,16.9823346727735,13238200,0.0,0.0
2023-07-13,96.511,96.748,94.098,16.668469672894968,26826800,0.0,0.0
2023-07-14,94.763,94.763,91.557,16.084288861693018,28181900,0.0,0.0
2023-07-17,91.73,92.595,91.274,16.15429618842946,18051300,0.0,0.0
2023-07-18,91.912,93.078,91.384,16.08082081328026,24617800,0.0,0.0
2023-07-19,92.03,93.26,91.803,16.192058950020655,15556500,0.0,0.0
2023-07-20,93.387,94.407,93.223,16.474752962664855,15740200,0.0,0.0
2023-07-21,94.863,95.063,94.043,16.55101985146167,17121500,0.0,0.0
2023-07-24,95.045,96.684,94.681,16.808596054871014,15090900,0.0,0.0
2023-07-25,95.682,96.621,95.209,16.83411288369488,14116100,0.0,0.0
2023-07-26,95.728,96.284,95.3,16.739925725103802,15159600,0.0,0.0
2023-07-27,96.539,97.44,95.391,16.79231443589432,17677900,0.0,0.0
2023-07-28,95.728,95.774,93.187,16.59049420459747,17566400,0.0,0.0
2023-07-31,95.801,98.233,95.801,17.07394496562478,24197000,0.0,0.0
2023-08-01,97.404,97.741,96.111,16.974887036420053,14177400,0.0,0.0
2023-08-02,96.775,96.885,95.236,16.761857082301617,13484100,0.0,0.0
2023-08-03,96.438,98.251,95.901,17.050743750285854,16280400,0.0,0.0
2023-08-04,98.324,99.489,97.75,17.09839032635991,14279600,0.0,0.0
2023-08-07,98.269,98.743,97.003,17.063224820182125,12410800,0.0,0.0
2023-08-08,96.575,98.132,95.482,17.147431868275408,14065600,0.0,0.0
2023-08-09,99.007,100.564,98.642,17.436326939495085,19919600,0.0,0.0
2023-08-10,100.355,101.666,99.672,17.525220397849072,15837200,0.0,0.0
2023-08-11,100.519,102.067,100.227,17.795205980277743,14047000,0.0,0.0
2023-08-14,101.712,101.985,100.892,17.80952751615642,12973400,0.0,0.0
2023-08-15,101.691,101.792,99.139,17.346304834896227,14909600,0.91,0.0
2023-08-16,99.423,100.388,97.587,17.051959721714145,13695100,0.0,0.0
2023-08-17,98.634,101.141,98.634,17.379213525573945,16709500,0.0,0.0
2023-08-18,98.836,101.186,98.817,17.64020036771927,16224000,0.0,0.0
2023-08-21,101.333,101.903,99.295,17.425555286955284,11092400,0.0,0.0
2023-08-22,100.241,100.746,99.12,17.3275189922757,10518800,0.0,0.0
2023-08-23,98.285,98.524,97.073,17.174620906818454,11435600,0.0,0.0
2023-08-24,97.716,98.955,97.394,17.045834958078036,10818500,0.0,0.0
2023-08-25,98.643,100.02,97.899,17.34775033477393,13579300,0.0,0.0
2023-08-28,99.58,101.039,99.57,17.492875553389233,10382100,0.0,0.0
2023-08-29,100.691,101.021,99.552,17.596758268382143,9665000,0.0,0.0
2023-08-30,101.407,102.05,100.984,17.767483045575872,11922100,0.0,0.0
2023-08-31,102.031,102.307,101.572,17.81697613011302,17479800,0.0,0.0
2023-09-01,103.023,104.51,103.023,18.186575279030375,14843500,0.0,0.0
2023-09-05,104.767,106.356,104.216,18.18814550123609,18304000,0.0,0.0
2023-09-06,104.198,105.217,103.969,18.344500514506453,13325500,0.0,0.0
2023-09-07,105.272,106.374,104.4,18.254602890068053,13248500,0.0,0.0
2023-09-08,105.162,106.558,104.969,18.518574534823895,14283200,0.0,0.0
2023-09-11,106.677,107.136,104.281,18.284913522338808,14383600,0.0,0.0
2023-09-12,105.906,108.045,105.842,14.492693470051833,20145800,0.0,0.0
2023-09-13,107.807,108.312,106.42,14.36260678028973,13472800,0.0,0.0
2023-09-14,107.935,108.954,107.733,14.616922543496027,15210700,0.0,0.0
2023-09-15,108.257,108.817,106.971,14.390741861596414,34568400,0.0,0.0
2023-09-18,107.917,108.569,107.155,14.506177132924098,14045300,0.0,0.0
2023-09-19,108.918,109.12,107.072,14.467852741495225,12562900,0.0,0.0
2023-09-20,107.008,108.367,106.806,14.352709026726282,11879900,0.0,0.0
2023-09-21,107.412,107.77,105.227,14.149030922061915,14400600,0.0,0.0
2023-09-22,106.246,107.136,105.419,14.171303145719609,13197300,0.0,0.0
2023-09-25,105.676,107.109,105.438,14.329400185677487,11316000,0.0,0.0
2023-09-26,106.053,107.182,105.934,14.35153716833165,11805400,0.0,0.0
2023-09-27,108.247,110.644,107.797,14.811341467538584,23976200,0.0,0.0
2023-09-28,110.166,110.828,108.523,14.7211537107311,16808100,0.0,0.0
2023-09-29,109.358,109.432,107.182,14.486460838240655,18813600,0.0,0.0
2023-10-02,107.917,108.156,105.181,14.244129071993598,14395000,0.0,0.0
2023-10-03,105.998,106.916,105.621,14.268793308273882,13297100,0.0,0.0
2023-10-04,104.722,104.758,101.462,13.725144057057781,19622200,0.0,0.0
2023-10-05,100.819,101.829,99.809,13.412602266496219,20128800,0.0,0.0
2023-10-06,97.082,99.414,96.513,13.186754817228545,25367500,0.0,0.0
2023-10-09,101.407,102.903,100.562,13.64037987024592,22369900,0.0,0.0
2023-10-10,101.939,102.334,101.113,13.582399578839118,13892000,0.0,0.0
2023-10-11,98.211,98.404,96.256,13.086495134707198,57939000,0.0,0.0
2023-10-12,98.79,99.019,97.413,13.083952001468216,31183000,0.0,0.0
2023-10-13,99.194,101.186,99.019,13.495255257002219,30276500,0.0,0.0
2023-10-16,101.462,101.627,100.204,13.50515070818893,18452000,0.0,0.0
2023-10-17,100.755,102.656,100.709,13.680848527980988,19775400,0.0,0.0
2023-10-18,102.674,104.115,102.564,13.871064467542032,23380300,0.0,0.0
2023-10-19,103.5,104.648,102.224,13.87975531776287,20972500,0.0,0.0
2023-10-20,103.684,104.051,101.728,13.639347655489752,22445300,0.0,0.0
2023-10-23,101.581,101.884,99.791,13.437810455581772,18185000,0.0,0.0
2023-10-24,100.727,100.838,99.277,13.306939543034591,16786100,0.0,0.0
2023-10-25,99.644,100.544,99.286,13.331518702728333,22047300,0.0,0.0
2023-10-26,98.661,99.479,97.789,13.209422905554804,18768300,0.0,0.0
2023-10-27,99.984,100.874,96.375,12.955372136095336,23092000,0.0,0.0
2023-10-30,97.091,97.716,96.605,12.9958124534451,19379900,0.0,0.0
2023-10-31,96.944,97.477,95.989,12.992069034816497,22185200,0.0,0.0
2023-11-01,97.817,98.404,96.834,12.966244252521514,28984900,0.0,0.0
2023-11-02,97.22,100.259,96.871,13.385414262890299,25212700,0.0,0.0
2023-11-03,99.534,99.883,97.826,13.221144300330549,30555600,0.0,0.0
2023-11-06,99.322,99.414,97.119,12.984852388762949,19097300,0.0,0.0
2023-11-07,95.925,96.283,94.842,12.77953750614474,20272500,0.0,0.0
2023-11-08,95.246,96.32,94.474,12.62163651292749,19184100,0.0,0.0
2023-11-09,95.191,95.466,94.447,12.625375268018166,18380500,0.0,0.0
2023-11-10,95.429,95.87,94.493,12.721827290243505,17825500,0.0,0.0
2023-11-13,95.539,96.54,95.319,12.854806265405857,15308400,0.0,0.0
2023-11-14,96.645,97.127,96.246,12.904119735090871,18260500,0.95,0.0
2023-11-15,96.33,97.432,95.903,12.826033255335568,20137600,0.0,0.0
2023-11-16,95.347,95.69,93.726,12.67667924948803,22469100,0.0,0.0
2023-11-17,95.496,97.692,95.208,12.982207047379077,22984900,0.0,0.0
2023-11-20,97.645,98.109,96.765,12.925217577934323,17458800,0.0,0.0
2023-11-21,96.561,97.015,95.644,12.920277740660806,14989000,0.0,0.0
2023-11-22,95.051,96.478,94.458,12.864494833599341,18072000,0.0,0.0
2023-11-24,96.385,97.729,96.283,12.933586304822848,9480800,0.0,0.0
2023-11-27,96.459,96.737,95.607,12.857949124449311,18013500,0.0,0.0
2023-11-28,96.589,97.21,96.256,12.850472175151697,20629500,0.0,0.0
2023-11-29,96.617,96.904,94.18,12.656134187849943,26802100,0.0,0.0
2023-11-30,95.542,96.812,94.337,12.705419299172224,29254700,0.0,0.0
2023-12-01,94.977,96.571,94.717,12.736344743569196,17845300,0.0,0.0
2023-12-04,94.634,95.774,94.134,12.666889294160333,21523900,0.0,0.0
2023-12-05,94.764,94.829,92.929,12.418368248095312,22250300,0.0,0.0
2023-12-06,92.66,93.327,91.122,12.252880685998177,31154800,0.0,0.0
2023-12-07,92.531,93.439,90.891,12.167192111333826,29990700,0.0,0.0
2023-12-08,91.752,92.466,91.502,12.306085023705506,22074900,0.0,0.0
2023-12-11,92.475,92.531,91.345,12.314753582094422,22252300,0.0,0.0
2023-12-12,91.437,91.437,90.325,12.119096827901675,26084000,0.0,0.0
2023-12-13,90.844,91.762,90.492,12.226269192351905,19915400,0.0,0.0
2023-12-14,92.521,94.643,92.401,12.550595225080338,26165700,0.0,0.0
2023-12-15,93.207,93.587,92.948,12.46630795296639,55527000,0.0,0.0
2023-12-18,94.634,95.542,94.069,12.558635160332042,21610400,0.0,0.0
2023-12-19,94.514,95.616,94.319,12.72315417660476,18904700,0.0,0.0
2023-12-20,95.903,96.311,93.707,12.508842330197188,20988900,0.0,0.0
2023-12-21,94.022,94.523,93.411,12.565501298227963,19250900,0.0,0.0
2023-12-22,94.801,95.385,94.347,12.58774313300401,12927800,0.0,0.0
2023-12-26,95.199,95.468,94.625,12.616104564002342,16835100,0.0,0.0
2023-12-27,94.551,95.023,93.902,12.556779194134853,14558800,0.0,0.0
2023-12-28,93.948,94.152,92.781,12.373763255720274,16329300,0.0,0.0
2023-12-29,93.003,93.207,92.308,12.34787866620563,17746400,0.0,0.0
2024-01-02,93.513,95.533,93.448,12.638331203226045,23483000,0.0,0.0
2024-01-03,94.764,96.015,94.198,12.74408747249696,23490800,0.0,0.0
2024-01-04,96.441,96.895,94.56,12.632473782160192,19395200,0.0,0.0
2024-01-05,95.598,95.811,94.634,12.670655868503738,15827400,0.0,0.0
2024-01-08,93.337,93.624,91.641,12.457827378216633,23370100,0.0,0.0
2024-01-09,93.856,93.856,91.91,12.302595162209577,19496600,0.0,0.0
2024-01-10,92.475,92.475,90.955,12.180907574243603,18206100,0.0,0.0
2024-01-11,91.771,92.197,91.326,12.178509679113143,15833400,0.0,0.0
2024-01-12,92.79,93.263,91.891,12.335472898610467,18041700,0.0,0.0
2024-01-16,92.494,92.67,90.372,12.053366833671687,20235700,0.0,0.0
2024-01-17,89.51,90.77,89.491,11.965429561045536,18384000,0.0,0.0
2024-01-18,89.881,89.964,88.787,11.943172257650335,20940300,0.0,0.0
2024-01-19,89.621,89.899,89.334,11.961666219913088,20088400,0.0,0.0
2024-01-22,89.603,89.973,88.741,11.945677178986834,19955900,0.0,0.0
2024-01-23,89.704,91.27,89.63,12.079410205965685,15863400,0.0,0.0
2024-01-24,91.104,92.336,90.566,12.28613557202794,17330600,0.0,0.0
2024-01-25,92.948,94.68,92.308,12.594284460729831,22089500,0.0,0.0
2024-01-26,94.486,95.514,93.763,12.701096061676722,20817200,0.0,0.0
2024-01-29,95.422,95.625,94.384,12.717188467779875,18317500,0.0,0.0
2024-01-30,94.893,97.182,94.606,12.927436166788015,19610900,0.0,0.0
2024-01-31,97.052,97.182,95.227,12.673471983061697,22415300,0.0,0.0
2024-02-01,95.968,96.376,94.161,12.62161531525844,19240700,0.0,0.0
2024-02-02,96.135,96.367,94.152,12.569758647156695,21973400,0.0,0.0
2024-02-05,94.004,94.866,93.124,12.517901978752766,17190900,0.0,0.0
2024-02-06,94.578,95.477,94.115,12.60381117607006,13347900,0.0,0.0
2024-02-07,94.745,95.19,93.754,12.600085819898375,13826800,0.0,0.0
2024-02-08,94.829,96.756,94.615,12.814031785723138,19636900,0.0,0.0
2024-02-09,96.459,97.145,94.236,12.539913612784613,20410500,0.0,0.0
2024-02-12,94.662,95.811,94.514,12.71134313141064,18173100,0.0,0.0
2024-02-13,96.103,96.411,94.083,12.601437834235382,18917400,0.95,0.0
2024-02-14,95.27,95.972,93.914,12.539057650510825,17651300,0.0,0.0
2024-02-15,94.083,97.206,94.083,12.893394465800911,23196300,0.0,0.0
2024-02-16,97.272,97.852,96.813,12.893394465800911,20151400,0.0,0.0
2024-02-20,97.113,97.375,96.0,12.77093824709278,17650000,0.0,0.0
2024-02-21,96.346,98.179,96.318,13.02932586832668,20991300,0.0,0.0
2024-02-22,97.412,98.581,96.748,13.018159583166979,20470700,0.0,0.0
2024-02-23,97.15,97.347,96.215,12.903382615422961,15975900,0.0,0.0
2024-02-26,97.0,98.141,96.374,12.954171653157019,13360800,0.0,0.0
2024-02-27,97.898,98.338,97.122,12.926771733702445,16360000,0.0,0.0
2024-02-28,97.702,98.6,97.262,12.962861526934335,14810500,0.0,0.0
2024-02-29,97.898,98.263,97.468,12.987684049436924,17566100,0.0,0.0
2024-03-01,98.871,99.498,98.553,13.150616488582603,18460100,0.0,0.0
2024-03-04,98.815,98.992,97.29,12.965444357486255,18138000,0.0,0.0
2024-03-05,97.758,99.385,97.562,13.123491446985993,19952700,0.0,0.0
2024-03-06,99.713,100.601,99.273,13.263151464141382,20472800,0.0,0.0
2024-03-07,99.694,100.985,99.694,13.337458738268682,15195400,0.0,0.0
2024-03-08,100.283,101.377,99.853,13.462391119353908,16281500,0.0,0.0
2024-03-11,101.237,102.051,100.386,13.541583441690609,17577300,0.0,0.0
2024-03-12,101.995,102.2,101.031,13.454307917783549,14957200,0.0,0.0
2024-03-13,102.069,103.201,102.041,13.60381937666013,17122200,0.0,0.0
2024-03-14,102.715,104.323,102.584,13.842620646473028,22121000,0.0,0.0
2024-03-15,103.669,105.025,103.669,13.817767464361408,38264400,0.0,0.0
2024-03-18,104.548,105.548,103.902,13.945183190146265,16770500,0.0,0.0
2024-03-19,104.95,106.138,104.8,14.042831891647502,14878800,0.0,0.0
2024-03-20,105.417,106.053,104.866,14.030478252904757,16119700,0.0,0.0
2024-03-21,105.604,106.53,105.277,14.092480391710813,14878000,0.0,0.0
2024-03-22,106.128,106.325,105.511,14.092480391710813,14701900,0.0,0.0
2024-03-25,106.456,108.279,106.456,14.235678556191443,14011700,0.0,0.0
2024-03-26,107.232,107.531,106.063,14.128530647628057,13152300,0.0,0.0
2024-03-27,106.128,107.606,106.063,14.274347570962748,12415700,0.0,0.0
2024-03-28,108.045,108.906,107.606,14.431067197348957,18482100,0.0,0.0
2024-04-01,108.868,109.645,107.905,14.523957754390624,13817000,0.0,0.0
2024-04-02,110.281,111.852,109.729,14.805423581206595,19919600,0.0,0.0
2024-04-03,111.739,111.992,111.038,14.80794508771845,16504300,0.0,0.0
2024-04-04,111.337,112.114,110.954,14.860013250784322,18467400,0.0,0.0
2024-04-05,112.207,114.237,111.889,15.063404005244111,21720600,0.0,0.0
2024-04-08,113.236,113.853,112.422,14.96127071610933,17513900,0.0,0.0
2024-04-09,113.161,113.769,112.544,15.039231059112788,14132300,0.0,0.0
2024-04-10,113.367,114.536,112.909,15.165300953905117,17409200,0.0,0.0
2024-04-11,114.742,114.742,112.544,11.810157714664731,17555900,0.0,0.0
2024-04-12,114.985,115.733,111.917,11.671649914923414,21556200,0.0,0.0
2024-04-15,113.245,113.806,111.711,11.604582935479403,15029500,0.0,0.0
2024-04-16,111.814,112.432,110.281,11.508175973570248,18082200,0.0,0.0
2024-04-17,110.87,111.618,109.532,11.502368634233695,14538600,0.0,0.0
2024-04-18,111.291,111.964,110.327,11.491685013872726,13821400,0.0,0.0
2024-04-19,111.44,113.096,111.244,11.62281027566673,21572400,0.0,0.0
2024-04-22,111.534,113.694,110.757,11.688454727124379,16340700,0.0,0.0
2024-04-23,112.226,113.217,111.711,11.733979840929722,13929800,0.0,0.0
2024-04-24,112.506,113.404,111.655,11.735949351281024,12101200,0.0,0.0
2024-04-25,113.189,113.872,111.665,11.763078760392487,16041000,0.0,0.0
2024-04-26,111.291,111.384,108.691,11.431696592061778,27289500,0.0,0.0
2024-04-29,110.131,112.273,110.131,11.593343116098382,17309900,0.0,0.0
2024-04-30,111.393,112.413,110.337,11.45984705433896,21083300,0.0,0.0
2024-05-01,110.617,110.795,108.167,11.240706842629663,27777700,0.0,0.0
2024-05-02,108.728,109.663,108.391,11.260991888702907,25513600,0.0,0.0
2024-05-03,108.485,108.55,106.736,11.237764146892252,28023300,0.0,0.0
2024-05-06,109.112,110.673,108.859,11.310145859671156,31401300,0.0,0.0
2024-05-07,109.682,109.963,108.419,11.253862411968466,30122000,0.0,0.0
2024-05-08,108.214,109.373,107.933,11.251894129458094,18957200,0.0,0.0
2024-05-09,108.672,110.851,108.663,11.471613381567646,17564000,0.0,0.0
2024-05-10,110.86,110.973,109.963,11.425018076686579,13648100,0.0,0.0
2024-05-13,110.748,111.328,109.532,11.420149512454184,15060600,0.0,0.0
2024-05-14,110.111,111.007,109.819,11.489327708667162,15079100,0.95,0.0
2024-05-15,110.884,112.044,109.442,11.577842496596354,18244300,0.0,0.0
2024-05-16,111.761,112.477,110.818,11.50824892531763,15745200,0.0,0.0
2024-05-17,111.535,112.977,111.214,11.679801468205497,15104500,0.0,0.0
2024-05-20,112.883,113.034,111.77,11.584670349645563,11551300,0.0,0.0
2024-05-21,111.629,112.619,111.044,11.504354052277787,14495000,0.0,0.0
2024-05-22,110.743,110.743,108.386,11.270688178131712,17879300,0.0,0.0
2024-05-23,108.989,110.79,106.877,11.076690608476783,15979800,0.0,0.0
2024-05-24,108.272,108.499,106.575,11.067992937420478,12212900,0.0,0.0
2024-05-28,107.028,108.527,106.604,11.207562833511746,13978300,0.0,0.0
2024-05-29,107.98,107.999,106.359,11.086965769535082,13902000,0.0,0.0
2024-05-30,106.792,107.603,106.5,11.121993094615283,14683700,0.0,0.0
2024-05-31,107.594,110.771,107.471,11.436556932913065,29037400,0.0,0.0
2024-06-03,109.649,109.706,107.254,11.159187501691829,19589300,0.0,0.0
2024-06-04,106.538,106.623,104.577,10.984290709723137,19412200,0.0,0.0
2024-06-05,106.434,106.717,105.105,11.028046714755172,14863500,0.0,0.0
2024-06-06,106.302,107.518,105.699,11.110563135649832,13154100,0.0,0.0
2024-06-07,107.282,108.329,106.227,10.99101196107993,13289200,0.0,0.0
2024-06-10,106.594,107.688,106.255,11.023120616185484,15239700,0.0,0.0
2024-06-11,106.057,106.227,104.944,10.93404986212778,12462400,0.0,0.0
2024-06-12,106.821,106.821,104.218,10.81251353881339,13606800,0.0,0.0
2024-06-13,104.501,104.52,103.445,10.72542461960875,14466900,0.0,0.0
2024-06-14,103.728,103.907,102.38,10.634374474843396,13313400,0.0,0.0
2024-06-17,102.927,103.2,101.993,10.56103474364981,21147900,0.0,0.0
2024-06-18,102.795,104.388,102.578,10.660015588042981,17762900,0.0,0.0
2024-06-20,103.624,106.179,103.323,10.887567431836409,17433200,0.0,0.0
2024-06-21,105.501,106.255,104.426,10.791653911054695,52212500,0.0,0.0
2024-06-24,105.255,107.98,105.255,11.107553594946767,16266700,0.0,0.0
2024-06-25,107.584,107.999,106.971,11.138603208464625,14188900,0.0,0.0
2024-06-26,107.848,108.254,106.67,11.142527870269207,15771800,0.0,0.0
2024-06-27,108.414,108.414,107.584,11.190149988273818,16812700,0.0,0.0
2024-06-28,109.234,109.875,108.122,11.21151223438126,24565900,0.0,0.0
2024-07-01,109.093,110.064,107.98,11.196006872055602,11972900,0.0,0.0
2024-07-02,109.272,109.31,107.0,11.119720577749034,13326700,0.0,0.0
2024-07-03,107.735,109.046,107.735,11.176079945051121,7732900,0.0,0.0
2024-07-05,108.056,108.074,106.245,11.039834660533,12631000,0.0,0.0
2024-07-08,105.963,107.056,105.048,10.923439540895956,13350500,0.0,0.0
2024-07-09,104.756,106.104,104.294,10.801928264499908,11727000,0.0,0.0
2024-07-10,104.577,105.557,104.105,10.89693427131403,10004100,0.0,0.0
2024-07-11,105.057,106.839,104.586,11.02567124218893,13082700,0.0,0.0
2024-07-12,107.471,107.622,106.189,11.027633059473176,11684900,0.0,0.0
2024-07-15,107.735,109.517,107.084,11.21490147475332,13032500,0.0,0.0
2024-07-16,107.81,109.696,107.207,11.295454673768353,13614100,0.0,0.0
2024-07-17,110.064,111.421,109.885,11.450085401117668,13602800,0.0,0.0
2024-07-18,111.205,113.062,110.724,11.562471964749214,13033600,0.0,0.0
2024-07-19,111.808,112.081,109.244,11.293655019180724,16157700,0.0,0.0
2024-07-22,108.593,109.31,108.027,11.215571026642191,12065900,0.0,0.0
2024-07-23,108.244,108.584,106.698,11.033081573004724,11251700,0.0,0.0
2024-07-24,107.264,108.612,106.604,11.18770104277671,14925200,0.0,0.0
2024-07-25,108.584,111.28,108.008,11.420604689188776,17021700,0.0,0.0
2024-07-26,110.092,111.28,109.809,11.410904083720773,11252500,0.0,0.0
2024-07-29,110.611,110.677,108.782,11.290613541037198,8861800,0.0,0.0
2024-07-30,109.705,111.817,109.583,11.490184799058847,12483900,0.0,0.0
2024-07-31,112.798,112.911,111.78,11.530952812263807,15137700,0.0,0.0
2024-08-01,111.582,112.657,109.706,11.370398563097114,15051500,0.0,0.0
2024-08-02,109.338,112.072,108.819,11.363590496911405,20403800,0.0,0.0
2024-08-05,108.932,109.394,106.773,11.156502915965257,18025900,0.0,0.0
2024-08-06,107.905,109.017,107.132,11.097059870029769,13647800,0.0,0.0
2024-08-07,108.848,110.422,108.668,11.243831310139834,13660700,0.0,0.0
2024-08-08,109.442,111.355,109.112,11.45665208298188,13851000,0.0,0.0
2024-08-09,111.148,112.487,110.648,11.54955782224095,12151900,0.0,0.0
2024-08-12,112.713,113.298,111.271,11.564184819404478,13228900,0.0,0.0
2024-08-13,111.516,111.733,110.78,11.452847966018142,11585100,0.0,0.0
2024-08-14,111.346,113.043,110.903,11.558212017305902,12194500,0.0,0.0
2024-08-15,112.385,113.697,112.261,11.629517372088003,11579400,0.95,0.0
2024-08-16,112.138,112.604,111.824,11.574559213028467,10056000,0.0,0.0
2024-08-19,112.528,114.523,112.309,11.609752156667485,12417500,0.0,0.0
2024-08-20,112.765,112.765,108.83,11.21627371048146,15632000,0.0,0.0
2024-08-21,109.306,109.838,108.118,11.144563710758755,11752400,0.0,0.0
2024-08-22,108.137,109.306,108.004,11.230440318816553,10609500,0.0,0.0
2024-08-23,109.325,110.931,109.325,11.384995497739133,10381400,0.0,0.0
2024-08-26,111.919,113.041,111.121,11.626085102887922,13671000,0.0,0.0
2024-08-27,113.06,113.487,111.577,11.514975381962836,9991600,0.0,0.0
2024-08-28,111.197,111.748,110.494,11.400954548899161,10742900,0.0,0.0
2024-08-29,111.387,112.898,110.579,11.557392176867342,10753900,0.0,0.0
2024-08-30,110.997,112.166,110.522,11.53874465401062,13284700,0.0,0.0
2024-09-03,110.095,110.332,108.384,11.294574992663513,15725100,0.0,0.0
2024-09-04,109.572,110.389,108.327,11.155815438499467,12620600,0.0,0.0
2024-09-05,109.363,109.562,107.462,11.06841158464794,17200800,0.0,0.0
2024-09-06,107.956,108.517,106.188,11.016424354843451,13467700,0.0,0.0
2024-09-09,107.272,110.389,107.072,11.245866173811143,21645300,0.0,0.0
2024-09-10,109.391,109.676,104.706,10.828532360540931,20913400,0.0,0.0
2024-09-11,105.285,105.447,102.425,10.72045382238266,19571900,0.0,0.0
2024-09-12,104.449,105.808,104.316,10.866975251483423,15919500,0.0,0.0
2024-09-13,105.941,106.892,105.428,10.859159872683229,10035400,0.0,0.0
2024-09-16,106.492,107.481,106.15,11.010547558283971,11729000,0.0,0.0
2024-09-17,106.749,108.697,106.559,11.153212779358483,12202600,0.0,0.0
2024-09-18,108.45,109.895,108.165,11.192200380634361,12569900,0.0,0.0
2024-09-19,110.399,111.748,109.477,11.330097486204295,12660600,0.0,0.0
2024-09-20,109.733,109.781,108.583,11.258549590068327,36206200,0.0,0.0
2024-09-23,109.61,111.948,109.41,11.460819060699306,16066300,0.0,0.0
2024-09-24,111.995,112.299,111.035,11.43057018501842,11984900,0.0,0.0
2024-09-25,110.712,111.245,108.384,11.205710825132138,13816000,0.0,0.0
2024-09-26,105.628,107.852,105.628,11.011624178750601,16887900,0.0,0.0
2024-09-27,108.118,110.332,107.633,11.302641000985233,15964000,0.0,0.0
2024-09-30,109.733,111.568,109.258,11.438387411314787,13247600,0.0,0.0
2024-10-01,110.285,114.618,110.18,11.699861571883222,23235900,0.0,0.0
2024-10-02,115.882,116.728,114.238,11.853941505092369,17129700,0.0,0.0
2024-10-03,115.854,117.061,114.932,11.956849731333751,16524300,0.0,0.0
2024-10-04,117.089,118.981,116.358,12.174392606657118,19752300,0.0,0.0
2024-10-07,119.038,120.074,118.667,12.226921702345585,15714400,0.0,0.0
2024-10-08,117.736,117.869,115.246,11.897750067778018,14818500,0.0,0.0
2024-10-09,114.904,116.5,114.809,11.902672807961276,11144900,0.0,0.0
2024-10-10,117.051,117.565,116.225,12.004506505353811,10243300,0.0,0.0
2024-10-11,116.994,117.878,116.842,12.050269995394771,8294800,0.0,0.0
2024-10-14,117.127,118.097,116.538,12.096033485226053,9808100,0.0,0.0
2024-10-15,114.828,115.901,113.839,11.726834385332458,15771300,0.0,0.0
2024-10-16,114.894,115.417,114.618,11.756937863980333,8426800,0.0,0.0
2024-10-17,114.77,115.55,113.773,11.726757107919225,11204900,0.0,0.0
2024-10-18,114.466,114.656,113.24,11.693595125332536,12898600,0.0,0.0
2024-10-21,114.98,115.455,113.782,11.700359701852989,10177800,0.0,0.0
2024-10-22,114.295,115.179,113.991,11.760590583073546,9201400,0.0,0.0
2024-10-23,114.02,114.761,113.478,11.71868709920568,8320300,0.0,0.0
2024-10-24,114.048,114.466,113.221,11.652270541064304,9905600,0.0,0.0
2024-10-25,114.238,114.457,113.402,11.642424504690185,10714600,0.0,0.0
2024-10-28,110.997,113.107,110.978,11.584871553236054,11844500,0.0,0.0
2024-10-29,112.699,113.259,111.264,11.425907771478474,14731000,0.0,0.0
2024-10-30,111.824,112.404,110.703,11.368255282467878,12303700,0.0,0.0
2024-10-31,111.34,112.784,110.893,11.377067486742485,20512000,0.0,0.0
2024-11-01,113.982,114.001,109.144,11.197396209433428,20939300,0.0,0.0
2024-11-04,110.313,112.813,110.18,11.548314609761459,14965400,0.0,0.0
2024-11-05,113.174,113.297,112.157,11.582378497879974,10436700,0.0,0.0
2024-11-06,115.141,115.863,113.383,11.77933431263106,20807700,0.0,0.0
2024-11-07,115.284,115.474,113.678,11.793870383584908,12184400,0.0,0.0
2024-11-08,114.98,115.398,113.725,11.789977408492005,12836000,0.0,0.0
2024-11-11,114.999,115.588,114.115,11.727535026413106,11969700,0.0,0.0
2024-11-12,115.122,115.293,113.896,11.71585237638801,11972800,0.0,0.0
2024-11-13,114.59,115.997,112.908,11.824332321989523,15127900,0.0,0.0
2024-11-14,116.576,116.787,115.302,11.832216336784063,13041800,0.99,0.0
2024-11-15,115.369,116.174,114.152,11.708871805776202,19051700,0.0,0.0
2024-11-18,114.784,115.579,114.286,11.806579742694666,14239700,0.0,0.0
2024-11-19,114.746,114.746,113.261,11.640633600036871,11584400,0.0,0.0
2024-11-20,114.19,115.436,113.682,11.805257013226543,11360900,0.0,0.0
2024-11-21,116.02,117.429,115.244,11.962203683507504,14675400,0.0,0.0
2024-11-22,116.729,118.061,116.557,11.948476159960785,13323400,0.0,0.0
2024-11-25,116.356,116.787,114.612,11.768568398434851,26580300,0.0,0.0
2024-11-26,114.535,114.679,112.925,11.570663362197148,14827300,0.0,0.0
2024-11-27,113.155,113.768,112.523,11.540222726713804,11079100,0.0,0.0
2024-11-29,112.532,113.548,112.063,11.569664433447024,9426500,0.0,0.0
2024-12-02,113.117,113.261,111.938,11.558809359716651,12687300,0.0,0.0
2024-12-03,113.759,113.759,112.36,11.541190313156358,11756600,0.0,0.0
2024-12-04,112.59,112.638,109.102,11.203743135958826,19520600,0.0,0.0
2024-12-05,109.916,110.788,109.294,11.252644451134454,15751200,0.0,0.0
2024-12-06,109.754,109.974,108.757,11.13343494784414,16171100,0.0,0.0
2024-12-09,109.849,110.137,108.038,11.067559478136651,17412600,0.0,0.0
2024-12-10,108.843,109.121,107.08,11.045029461795421,20990900,0.0,0.0
2024-12-11,107.32,107.693,106.467,10.971226290575473,32392200,0.0,0.0
2024-12-12,106.927,107.684,106.151,10.961400852875123,14543300,0.0,0.0
2024-12-13,107.224,107.224,105.643,10.864915447256436,13106100,0.0,0.0
2024-12-16,105.595,105.787,103.64,10.63007584988801,20256100,0.0,0.0
2024-12-17,102.759,103.65,102.327,10.58487696145086,17554000,0.0,0.0
2024-12-18,103.075,104.282,101.867,10.427957300970546,17114500,0.0,0.0
2024-12-19,102.902,103.171,100.813,10.338401428184332,20565600,0.0,0.0
2024-12-20,101.043,101.705,100.459,10.373620433571563,40141200,0.0,0.0
2024-12-23,100.909,102.145,100.536,10.415665228256959,12285100,0.0,0.0
2024-12-24,102.069,102.711,101.283,10.425477250472133,7807000,0.0,0.0
2024-12-26,102.069,102.557,101.513,10.434267617803105,9652400,0.0,0.0
2024-12-27,101.858,103.477,101.35,10.433245001286604,11943900,0.0,0.0
2024-12-30,101.858,102.107,101.101,10.36244825964203,11080800,0.0,0.0
2024-12-31,101.733,103.391,101.36,10.53835785023898,12387800,0.0,0.0
2025-01-02,103.755,104.445,102.414,10.512869364181162,12685400,0.0,0.0
2025-01-03,103.487,103.956,102.969,10.566611929819826,14237900,0.0,0.0
2025-01-06,103.717,105.192,103.027,10.554848004988234,15623700,0.0,0.0
2025-01-07,104.388,105.461,103.755,10.65325201910686,12625900,0.0,0.0
2025-01-08,102.826,103.209,101.58,10.47355174233578,17858100,0.0,0.0
2025-01-10,104.158,105.499,101.36,10.435251935768335,19304500,0.0,0.0
2025-01-13,102.653,105.049,102.653,10.701179540241576,17073400,0.0,0.0
2025-01-14,104.244,105.173,103.324,10.743197396458202,11191200,0.0,0.0
2025-01-15,105.451,107.061,104.895,10.91703031408373,14521100,0.0,0.0
2025-01-16,106.543,107.023,105.93,10.898419236812808,10366600,0.0,0.0
2025-01-17,106.39,108.153,106.189,10.995862517382152,19298500,0.0,0.0
2025-01-21,107.368,107.492,106.486,10.912382209968895,20416300,0.0,0.0
2025-01-22,106.553,106.908,104.828,10.720786434832476,15718000,0.0,0.0
2025-01-23,105.7,106.496,105.03,10.781291556402486,13726800,0.0,0.0
2025-01-24,105.633,106.084,103.88,10.634430144398399,14235900,0.0,0.0
2025-01-27,104.455,105.834,103.861,10.78120520882725,15926700,0.0,0.0
2025-01-28,105.796,106.237,103.286,10.57072136443377,15862000,0.0,0.0
2025-01-29,103.209,104.234,102.979,10.632215327565303,12345500,0.0,0.0
2025-01-30,104.675,105.259,104.158,10.719868555575584,14346300,0.0,0.0
2025-01-31,105.93,105.93,101.666,10.448441419672509,20376500,0.0,0.0
2025-02-03,102.184,102.816,100.919,10.473825852309472,14623200,0.0,0.0
2025-02-04,102.251,105.672,102.078,10.750820754110565,14835700,0.0,0.0
2025-02-05,105.154,105.413,104.541,10.742961257830563,13364400,0.0,0.0
2025-02-06,106.141,106.409,103.477,10.600292808130789,13411400,0.0,0.0
2025-02-07,104.234,105.145,103.793,10.64519060457596,10051600,0.0,0.0
2025-02-10,105.413,106.39,105.288,10.846606996906225,12142200,0.0,0.0
2025-02-11,106.936,107.808,106.189,10.914736619482465,12713100,0.0,0.0
2025-02-12,106.394,106.568,103.62,10.58134538712884,18244100,0.99,0.0
2025-02-13,103.591,104.809,102.982,10.657941898884545,15460000,0.0,0.0
2025-02-14,104.915,106.568,104.509,10.668743420411067,15733500,0.0,0.0
2025-02-18,105.022,107.303,104.722,10.854405717816606,20060300,0.0,0.0
2025-02-19,107.081,108.405,106.404,10.870194539758659,10964700,0.0,0.0
2025-02-20,106.897,108.686,106.298,11.036500895737587,16325800,0.0,0.0
2025-02-21,107.622,108.135,106.887,10.906599709291756,14710000,0.0,0.0
2025-02-24,107.245,108.144,106.655,10.963626615642623,13153500,0.0,0.0
2025-02-25,107.603,108.405,105.273,10.810812043593526,14497000,0.0,0.0
2025-02-26,106.095,106.22,104.915,10.784181524170865,10446400,0.0,0.0
2025-02-27,106.356,107.593,105.65,10.851940022067211,15293200,0.0,0.0
2025-02-28,106.452,107.874,105.708,10.967594863108634,18821700,0.0,0.0
2025-03-03,107.99,108.434,102.972,10.6100750815904,18706900,0.0,0.0
2025-03-04,102.827,105.341,102.421,10.58846222251816,19394900,0.0,0.0
2025-03-05,102.324,102.798,100.226,10.379674962728615,24822200,0.0,0.0
2025-03-06,101.928,104.519,100.893,10.592029748938248,17150200,0.0,0.0
2025-03-07,104.809,106.733,104.703,10.72898099201102,19625000,0.0,0.0
2025-03-10,105.65,108.831,105.457,10.999072983379211,22749100,0.0,0.0
2025-03-11,108.202,108.376,105.176,10.73626079621035,19904700,0.0,0.0
2025-03-12,105.428,106.472,104.819,10.733310141923232,14051500,0.0,0.0
2025-03-13,104.732,107.139,104.055,10.687943341894725,17767800,0.0,0.0
2025-03-14,105.321,108.454,104.712,11.00102122714385,15890100,0.0,0.0
2025-03-17,108.086,110.697,108.019,11.182355306241705,19908800,0.0,0.0
2025-03-18,110.3,110.735,108.831,11.170554742793636,15998700,0.0,0.0
2025-03-19,110.407,111.973,110.049,11.34318040409458,17315000,0.0,0.0
2025-03-20,110.909,112.601,110.416,11.391266722890842,16230800,0.0,0.0
2025-03-21,111.663,112.137,110.552,11.351855292895992,41102800,0.0,0.0
2025-03-24,111.837,113.026,111.741,11.381298981008877,14207500,0.0,0.0
2025-03-25,112.562,113.732,112.108,11.458704472960308,12081800,0.0,0.0
2025-03-26,113.771,115.221,113.771,11.622620770952548,14110800,0.0,0.0
2025-03-27,114.177,115.115,113.365,11.585255678893631,12740800,0.0,0.0
2025-03-28,114.177,114.525,113.346,11.569489479691995,10233400,0.0,0.0
2025-03-31,113.877,115.927,113.877,11.68680451556511,21652300,0.0,0.0
2025-04-01,115.26,115.318,114.013,11.697675253602863,12425400,0.0,0.0
2025-04-02,114.457,114.892,113.752,11.661230379676503,12614600,0.0,0.0
2025-04-03,110.571,111.615,108.502,11.031310369362972,21204600,0.0,0.0
2025-04-04,106.22,107.148,100.381,8.619352336201969,30841300,0.0,0.0
2025-04-07,97.055,102.286,95.189,8.502960600684432,35068500,0.0,0.0
2025-04-08,101.957,102.092,95.721,8.321793505534384,27147800,0.0,0.0
2025-04-09,96.069,103.04,94.87,8.727152134841807,30063300,0.0,0.0
2025-04-10,100.265,100.333,94.551,8.229004503434584,33999300,0.0,0.0
2025-04-11,96.968,100.478,95.508,8.489151989200273,22884600,0.0,0.0
2025-04-14,101.541,101.599,99.308,8.509729700296658,18020000,0.0,0.0
2025-04-15,100.197,101.908,99.579,8.485773144200065,13164900,0.0,0.0
2025-04-16,100.497,102.083,100.255,8.575033711475877,13607000,0.0,0.0
2025-04-17,101.212,104.944,100.99,8.796798609736014,17916500,0.0,0.0
2025-04-21,102.102,102.121,100.661,8.66665618706946,16926500,0.0,0.0
2025-04-22,102.614,105.321,102.614,8.906003900209479,13147000,0.0,0.0
2025-04-23,105.196,105.669,102.933,8.829204330690832,14235700,0.0,0.0
2025-04-24,104.383,105.263,103.407,8.932285114418168,9849600,0.0,0.0
2025-04-25,104.548,105.147,103.852,8.927350761177372,11245800,0.0,0.0
2025-04-28,105.138,105.621,104.103,8.932282388593633,13890900,0.0,0.0
2025-04-29,104.161,105.215,103.948,8.910056308250578,9483100,0.0,0.0
2025-04-30,103.852,103.852,100.69,8.682643332868961,20379300,0.0,0.0
2025-05-01,101.609,103.368,101.493,8.694962937290798,18610300,0.0,0.0
2025-05-02,104.142,105.379,101.077,8.73026076453907,16581900,0.0,0.0
2025-05-05,101.174,101.183,99.646,8.485220423659596,19624000,0.0,0.0
2025-05-06,100.439,102.46,100.043,8.602706851689547,16303400,0.0,0.0
2025-05-07,101.502,101.792,100.613,8.594459828918827,12332200,0.0,0.0
2025-05-08,101.841,103.823,101.841,8.713621774343316,19196500,0.0,0.0
2025-05-09,103.581,104.171,102.846,8.814828183104185,10992100,0.0,0.0
2025-05-12,106.607,106.771,104.722,8.965537157833499,14244600,0.0,0.0
2025-05-13,105.689,106.839,105.399,8.990140034539047,13350800,0.0,0.0
2025-05-14,105.244,105.244,104.345,8.9093267499247,15494900,0.0,0.0
2025-05-15,103.901,106.008,103.393,8.999174291620099,15004300,0.99,0.0
2025-05-16,106.008,106.242,104.837,8.966836798376463,14042500,0.0,0.0
2025-05-19,104.955,104.955,103.15,8.823067034963225,16802700,0.0,0.0
2025-05-20,103.803,104.125,102.232,8.696201635675287,12429300,0.0,0.0
2025-05-21,101.988,102.418,101.12,8.58870366513922,16716100,0.0,0.0
2025-05-22,100.554,100.954,99.413,8.531276725098522,13417400,0.0,0.0
2025-05-23,100.105,100.954,99.588,8.536285360721395,12061600,0.0,0.0
2025-05-27,100.974,101.335,100.398,8.576779505993482,13043600,0.0,0.0
2025-05-28,101.754,101.891,99.315,8.459131759934927,14292400,0.0,0.0
2025-05-29,99.793,100.349,99.276,8.5070537034949,13825300,0.0,0.0
2025-05-30,99.676,99.901,98.73,8.474727830300145,28645800,0.0,0.0
2025-06-02,101.227,101.325,99.735,8.536567980955738,17290500,0.0,0.0
2025-06-03,100.398,102.115,99.725,8.598492420191747,19194300,0.0,0.0
2025-06-04,101.393,102.369,99.813,8.473375518034551,15648500,0.0,0.0
2025-06-05,100.476,100.544,99.257,8.434319989273785,13924800,0.0,0.0
2025-06-06,100.262,101.959,100.183,8.634062933591823,15487800,0.0,0.0
2025-06-09,101.793,103.276,101.306,8.691834183437747,17087300,0.0,0.0
2025-06-10,103.501,105.033,103.354,8.87614755625774,17634800,0.0,0.0
2025-06-11,105.14,106.73,103.872,9.047487123639025,22648200,0.0,0.0
2025-06-12,106.272,107.511,105.589,9.082201501466868,17469400,0.0,0.0
2025-06-13,109.618,109.794,107.989,9.277904216076712,28540200,0.0,0.0
2025-06-16,109.101,110.409,108.428,9.307625508633066,22986100,0.0,0.0
2025-06-17,111.179,112.136,110.36,9.432558562623358,19451700,0.0,0.0
2025-06-18,111.823,112.438,110.194,9.36532450043853,17968900,0.0,0.0
2025-06-20,110.692,112.243,110.428,9.489411631956637,36273300,0.0,0.0
2025-06-23,113.863,114.107,108.457,9.241310553019504,26631100,0.0,0.0
2025-06-24,106.594,108.243,105.286,8.95577980829243,24828300,0.0,0.0
2025-06-25,105.481,106.584,105.081,8.95823645214172,17483200,0.0,0.0
2025-06-26,106.291,107.755,105.911,9.0911927096886,18304800,0.0,0.0
2025-06-27,107.267,107.423,105.735,9.040647489972077,22002100,0.0,0.0
2025-06-30,105.999,106.194,105.101,8.909067268042051,19199000,0.0,0.0
2025-07-01,105.501,106.974,104.545,9.027288328256672,15536900,0.0,0.0
2025-07-02,107.325,108.652,106.184,9.175636658043434,11892200,0.0,0.0
2025-07-03,108.165,109.735,107.93,9.270164808403726,11223600,0.0,0.0
2025-07-07,108.828,109.326,107.54,9.17970934530103,15415900,0.0,0.0
2025-07-08,108.194,111.677,108.155,9.430699870031454,17913400,0.0,0.0
2025-07-09,111.15,111.492,110.516,9.398394645290058,10652100,0.0,0.0
2025-07-10,110.945,112.467,110.321,9.491297456204407,14901700,0.0,0.0
2025-07-11,112.058,112.945,111.726,9.532428348358525,11683900,0.0,0.0
2025-07-14,112.428,112.428,110.467,9.406930904379367,13220300,0.0,0.0
2025-07-15,110.897,111.287,109.862,9.323196063793468,10959300,0.0,0.0
2025-07-16,110.135,110.74,109.374,9.266832119976296,11158900,0.0,0.0
2025-07-17,108.779,109.501,108.389,9.219659182179923,13151400,0.0,0.0
2025-07-18,108.409,109.013,104.73,8.892773717341399,32366600,0.0,0.0
2025-07-21,104.984,106.125,104.828,8.915832025719231,17010400,0.0,0.0
2025-07-22,105.355,106.779,104.994,8.956166062331377,13970900,0.0,0.0
2025-07-23,106.282,107.325,106.203,9.07011651230913,12002700,0.0,0.0
2025-07-24,106.994,108.252,106.477,9.140789929958302,15647200,0.0,0.0
2025-07-25,108.038,108.282,107.033,9.108599840777677,10548900,0.0,0.0
2025-07-28,108.301,109.384,108.145,9.193943878626085,12353000,0.0,0.0
2025-07-29,109.179,110.253,108.701,9.311986220673152,15928000,0.0,0.0
2025-07-30,109.677,109.872,108.555,9.230802938143027,12996900,0.0,0.0
2025-07-31,107.677,109.765,107.677,9.209387618083081,17233700,0.0,0.0
2025-08-01,109.277,109.804,106.213,9.042854829916553,19652000,0.0,0.0
2025-08-04,106.564,107.247,104.486,8.853648100892523,19129500,0.0,0.0
2025-08-05,104.613,105.198,103.491,8.842992872465855,21314300,0.0,0.0
2025-08-06,105.677,106.399,103.784,8.782527873323499,15321800,0.0,0.0
2025-08-07,104.535,105.433,103.315,8.736262459870668,13468300,0.0,0.0
2025-08-08,103.911,104.896,103.374,8.806042831336958,14417700,0.0,0.0
2025-08-11,104.506,104.916,102.964,8.725732658219325,13570700,0.0,0.0
2025-08-12,103.754,104.672,103.208,8.750457559982593,14109400,0.0,0.0
2025-08-13,103.423,104.984,103.169,8.870805838307644,17958700,0.0,0.0
2025-08-14,104.935,104.974,103.852,8.852620411418096,13683500,0.0,0.0
2025-08-15,104.572,105.921,104.336,8.860981621375133,19271900,0.99,0.0
2025-08-18,104.484,105.596,104.06,8.880057288589498,13040000,0.0,0.0
2025-08-19,104.582,105.823,104.533,8.938169195908095,16113600,0.0,0.0
2025-08-20,106.236,107.664,106.04,9.030047866233154,18959700,0.0,0.0
2025-08-21,106.768,107.901,106.315,9.088074702168857,12194900,0.0,0.0
2025-08-22,107.93,109.713,107.93,9.257075550274585,13586700,0.0,0.0
2025-08-25,109.21,110.215,108.856,9.295263364585495,9744900,0.0,0.0
2025-08-26,109.673,110.107,108.679,9.274375028494788,18143900,0.0,0.0
2025-08-27,109.723,111.259,109.723,9.378617979467018,15262600,0.0,0.0
2025-08-28,111.15,111.919,110.363,9.428406003477674,14189800,0.0,0.0
2025-08-29,111.988,113.041,111.85,9.506299349814443,14597900,0.0,0.0
2025-09-02,112.441,113.484,111.603,9.539519914229283,15206700,0.0,0.0
2025-09-03,112.234,112.687,109.762,9.30541056623815,14920100,0.0,0.0
2025-09-04,110.402,111.407,109.683,9.346104662171122,12864400,0.0,0.0
2025-09-05,109.9,110.077,107.359,9.07870494313003,16826700,0.0,0.0
2025-09-08,108.058,108.373,106.699,9.130044272265927,15440500,0.0,0.0
2025-09-09,108.846,110.796,108.846,9.196310335355129,14899500,0.0,0.0
2025-09-10,109.467,110.845,109.151,9.348811463012122,15837600,0.0,0.0
2025-09-11,109.703,111.052,109.181,9.318890913302639,11534500,0.0,0.0
2025-09-12,111.141,111.495,110.176,9.320494105289251,11105700,0.0,0.0
2025-09-15,110.471,110.747,109.624,9.336260903396084,12880500,0.0,0.0
2025-09-16,111.239,113.563,111.062,9.527944721323484,17208000,0.0,0.0
2025-09-17,112.785,113.731,112.312,9.578515517248974,13302000,0.0,0.0
2025-09-18,113.415,113.593,111.672,9.46479137519989,14628700,0.0,0.0
2025-09-19,112.165,112.244,110.924,9.372132788168125,38746500,0.0,0.0
2025-09-22,110.737,111.082,109.86,9.305422717278299,15611500,0.0,0.0
2025-09-23,111.003,113.002,110.766,9.464415009706594,25369100,0.0,0.0
2025-09-24,112.825,113.996,112.726,9.51496962218162,14756100,0.0,0.0
2025-09-25,112.894,114.134,112.667,9.600109697116975,15012600,0.0,0.0
2025-09-26,114.193,116.557,114.154,9.734526744682615,18568900,0.0,0.0
2025-09-29,114.292,114.725,111.938,9.482173643266352,19189300,0.0,0.0
2025-09-30,111.623,111.761,110.235,9.359313308930425,18076200,0.0,0.0
2025-10-01,110.845,111.298,109.595,9.296048176615663,16614000,0.0,0.0
2025-10-02,110.264,111.367,109.339,9.237788878024347,13062600,0.0,0.0
2025-10-03,110.195,112.017,110.195,9.399881495322282,12950100,0.0,0.0
2025-10-06,111.564,113.022,111.456,9.477516619401118,12036800,0.0,0.0
2025-10-07,112.332,112.765,110.038,9.482487514403443,11945000,0.0,0.0
2025-10-08,112.637,113.258,111.682,9.462577834992024,12301000,0.0,0.0
2025-10-09,112.687,113.75,111.022,9.370014706154802,10976200,0.0,0.0
2025-10-10,110.55,110.904,109.023,9.187316755167322,13811600,0.0,0.0
2025-10-13,109.841,110.589,109.624,9.31175599746509,10296500,0.0,0.0
2025-10-14,109.073,111.239,109.023,9.315883156932552,11167200,0.0,0.0
2025-10-15,111.082,111.84,109.279,9.259351130778404,12182900,0.0,0.0
2025-10-16,110.176,110.481,108.708,9.178460751560744,11782200,0.0,0.0
2025-10-17,109.929,111.19,109.486,9.310274485209618,13460100,0.0,0.0
2025-10-20,110.294,111.426,110.274,9.348354058158147,9523600,0.0,0.0
2025-10-21,111.17,111.633,110.284,9.349196343275864,9202300,0.0,0.0
2025-10-22,111.722,113.425,111.357,9.513595815838327,12938800,0.0,0.0
2025-10-23,114.853,115.07,113.603,9.618375203272727,15001100,0.0,0.0
2025-10-24,114.577,114.696,113.425,9.56932178445257,9919400,0.0,0.0
2025-10-27,113.937,114.223,113.346,9.614856864245972,10975400,0.0,0.0
2025-10-28,113.731,114.41,113.238,9.539105001761376,9535200,0.0,0.0
2025-10-29,113.169,115.267,113.061,9.65610962539115,12570600,0.0,0.0
2025-10-30,114.656,114.745,112.785,9.509071273301275,16172900,0.0,0.0
2025-10-31,112.244,113.475,110.904,9.481668927129096,20213400,0.0,0.0
2025-11-03,112.756,113.238,111.909,9.431779730716793,12290300,0.0,0.0
2025-11-04,111.653,112.608,110.796,9.463215103171827,16860700,0.0,0.0
2025-11-05,112.352,113.425,111.938,9.424999267418947,12400900,0.0,0.0
2025-11-06,111.909,113.189,111.909,9.492781169217729,14219700,0.0,0.0
2025-11-07,113.455,115.72,113.15,9.715602810610738,17181100,0.0,0.0
2025-11-10,115.651,116.645,113.701,9.79815448209037,13048000,0.0,0.0
2025-11-11,117.02,118.97,117.02,9.92658323916733,16077100,0.0,0.0
2025-11-12,117.286,117.463,115.996,9.788026183542021,13790900,0.0,0.0
2025-11-13,116.823,117.936,116.478,9.843406505143635,17291900,0.0,0.0
2025-11-14,117.666,118.689,115.888,9.970484691772231,17064300,1.03,0.0
2025-11-17,118.182,118.709,116.335,9.835030294970046,16034900,0.0,0.0
2025-11-18,116.484,118.689,115.709,9.947208149371832,15808500,0.0,0.0
2025-11-19,116.076,117.398,115.162,9.805801765758316,15919200,0.0,0.0
2025-11-20,117.199,118.222,115.967,9.778172414874222,14401000,0.0,0.0
2025-11-21,116.215,116.603,114.884,9.783218128552228,15667600,0.0,0.0
2025-11-24,116.424,116.424,113.98,9.689994413957086,18034900,0.0,0.0
2025-11-25,114.417,115.133,113.434,9.567256398860986,14434600,0.0,0.0
2025-11-26,113.652,114.974,113.553,9.588931245469817,11650600,0.0,0.0
2025-11-28,114.189,117.954,114.06,9.684502501895198,7240800,0.0,0.0
2025-12-01,115.331,116.633,115.331,9.743697169253064,12658100,0.0,0.0
2025-12-02,115.669,115.828,113.931,9.638680646511531,14607700,0.0,0.0
2025-12-03,115.182,117.199,115.113,9.83875507587111,16819100,0.0,0.0
2025-12-04,116.722,117.556,115.888,9.78344502610353,13686900,0.0,0.0
2025-12-05,115.977,117.994,115.639,9.73320683362453,12516900,0.0,0.0
2025-12-08,115.063,116.225,114.278,9.686348461022618,14904200,0.0,0.0
2025-12-09,116.126,119.672,116.116,9.874104121595812,23790800,0.0,0.0
2025-12-10,117.944,119.076,117.586,9.981200210991496,19845200,0.0,0.0
2025-12-11,118.321,119.563,118.282,9.981200210991496,14781800,0.0,0.0
2025-12-12,118.649,119.126,117.527,9.920920206748795,14459500,0.0,0.0
2025-12-15,118.222,118.242,116.076,9.832016198141774,16358700,0.0,0.0
2025-12-16,115.997,116.066,113.851,9.57148984865123,17638700,0.0,0.0
2025-12-17,114.447,116.841,114.407,9.796678549009155,18502200,0.0,0.0
2025-12-18,116.215,116.215,114.864,9.723751443901795,13705600,0.0,0.0
2025-12-19,115.977,116.792,115.192,9.736258418154648,45412800,0.0,0.0
2025-12-22,116.563,117.676,116.563,9.85737630527509,11768600,0.0,0.0
2025-12-23,117.686,119.235,117.537,9.962718914033752,12567600,0.0,0.0
2025-12-24,118.54,119.255,118.331,9.94607655510617,6137400,0.0,0.0
2025-12-26,118.103,118.758,117.745,9.936834238253198,8066100,0.0,0.0
2025-12-29,119.354,120.497,118.609,10.054631848943739,14782500,0.0,0.0
2025-12-30,120.298,120.994,119.831,10.092935893293262,11150500,0.0,0.0
