t,ret,sigma2_true
1,0.012729479303864328,0.00010994227111311137
2,-0.018529821928701947,0.00011631262713592801
3,0.0077154393442265936,0.00016836206546046748
4,0.021651096905812597,0.0001501985892660677
5,-0.003913672594368546,0.00017620497848137013
6,-0.004157253086853676,0.00014099726321613226
7,0.00525633343147449,0.00010958947057502862
8,0.008034248098313096,9.441418334932958e-05
9,0.01658883356953302,8.715903008865577e-05
10,-0.012581477684854634,0.00011354308639120106
11,-0.005339251402660152,0.00013281810477613337
12,0.0024686537968250746,0.00010411730832607778
13,-0.015421888700002028,8.677154850264006e-05
14,0.008199711173203877,0.00011770258806708212
15,0.0036548877997626718,0.00011613769727239767
16,0.01474234041664906,9.317795521251686e-05
17,-0.0006364517221589505,0.00011380020757815986
18,0.009067308596927203,9.362914987648333e-05
19,-0.0013348463108053897,9.498552586038518e-05
20,-0.016800004368242007,8.151323051513751e-05
21,0.007109616503414057,0.00011490100647390662
22,0.008246787292144482,0.00011042362068451108
23,-0.02139946434535207,9.558837427722025e-05
24,-0.015985971583104896,0.0001664797419943445
25,-0.004227109202223681,0.00014611875921610243
26,0.0036312566553823567,0.00011232214711237801
27,0.007262617378084205,9.322697426032353e-05
28,0.004835785153582489,8.549562985808585e-05
29,0.014599274080495843,7.574251655824417e-05
30,-0.007684206459983334,9.999135398963436e-05
31,-0.006335179577368739,0.00010147246748869974
32,-0.002601959446130966,8.661995196114088e-05
33,0.0021504141303885192,7.488222456448416e-05
34,0.006027276399343611,6.80626178639701e-05
35,-0.004469375429103414,6.78396236218553e-05
36,0.0038343003419682594,6.787039510172759e-05
37,0.009867812703876254,6.679001309348244e-05
38,0.011458922729023484,7.509820691262876e-05
39,0.006401334422462204,8.279913525216685e-05
40,0.00301177596968363,7.526165499564265e-05
41,0.008511208890988983,6.798523869220034e-05
42,-0.002764571674949683,7.367046123304e-05
43,-0.0029048590407320224,6.95414894776173e-05
44,-0.005022159683013548,6.432007861761332e-05
45,-0.0045698010117617574,6.395631302973807e-05
46,-0.00246649829389551,6.235384899512921e-05
47,-0.006128732152383554,5.963756883020546e-05
48,-0.0017731018768615476,6.305221276689546e-05
49,-0.001873572576585791,5.963413586139005e-05
50,-0.0020172615986231678,5.7948767532047096e-05
51,0.0011880687848774903,5.6835556834721474e-05
52,-0.011657970692124176,5.606806628416127e-05
53,0.002932611789389158,7.934538412110171e-05
54,0.005972421203545979,7.470617681762753e-05
55,0.011377460243999955,7.087673408858688e-05
56,-0.004403535444856622,8.26344581765782e-05
57,0.003287467599389461,7.906872244743901e-05
58,0.004535983046664986,7.324414788575008e-05
59,0.02572558922732452,6.813764942817587e-05
60,0.01498774282506782,0.000167989610257332
61,-0.02109270860900301,0.00014179144831994407
62,-0.013023525873016676,0.00019905470907280703
63,0.012560915205888536,0.0001564672721867428
64,-0.00017887755295418196,0.0001524823152882005
65,0.0041050696945549425,0.00011734032475512183
66,0.0030742333962289364,9.744509126378842e-05
67,0.019672578378327473,8.19060542512607e-05
68,0.001222283764583641,0.00013379437003784993
69,0.005036241259219611,0.00010523876265547203
70,-0.016205362940889607,9.133694142134479e-05
71,0.002992169415129421,0.00012809140467077125
72,-0.006659269490802585,0.00010765286228222761
73,0.0060966743024599744,9.837750795542558e-05
74,0.0011837185738472163,9.18522579403961e-05
75,0.025178259791369468,7.768148432406523e-05
76,0.004357239350991208,0.00017629555420028409
77,0.012417448079650568,0.0001307743547166838
78,0.005469709409142567,0.00012879121734221864
79,0.012440817641758342,0.00010223790999285489
80,0.013301094458182599,0.00010782786792184138
81,0.01378022476710693,0.00010757263311981103
82,-4.779796001511738e-05,0.00010998542050477534
83,0.004040582239720923,9.002342159013857e-05
84,0.006603352349159236,7.997637325897745e-05
85,0.004083403777935177,7.561685448517866e-05
86,0.01754221368324766,6.889718962493018e-05
87,-0.00606866535705677,0.00011161340667598875
88,-0.003993385313260675,0.00010543189543225715
89,-0.008478252176300698,8.687098608640345e-05
90,-0.011690997054936423,8.547619314894147e-05
91,0.0015241201354878578,9.061530859731284e-05
92,0.004898347228188667,7.904518263845549e-05
93,0.005565550855298873,7.253194568256057e-05
94,0.001319206041545873,6.92647498265041e-05
95,-0.0002457648129935638,6.34965042533524e-05
96,0.0006792962454929774,5.987221217232043e-05
97,0.004021421827174864,5.767374414472562e-05
98,0.005853565645978442,5.872187734470054e-05
99,-0.001801276220359443,6.116957894207997e-05
100,-0.016294158488721285,5.975495013520579e-05
101,-0.0001435498734310009,9.909444354516412e-05
102,0.004013615403210977,8.380440842588159e-05
103,0.0014008938760799174,7.452590086446272e-05
104,0.014909225210458977,6.686208818738622e-05
105,-0.004548444693206387,9.86979825803048e-05
106,-0.005515839179652996,9.164226922346806e-05
107,0.0038364991860750566,8.015938029981843e-05
108,0.002930253579807037,7.395754434174081e-05
109,0.008004169731217734,6.707805801169898e-05
110,-0.011732296590691376,7.183167531791686e-05
111,0.013787908617074601,9.486946845252818e-05
112,-0.002167889891965228,0.00012554163012082616
113,-0.018926825443900626,0.00010401743915206013
114,0.01402005945878144,0.0001385746038042611
115,-0.005424523650506607,0.0001596295747007723
116,-0.016231500177999236,0.00013402362931257255
117,-0.018262479255092924,0.00013891407910699463
118,0.008896410466695114,0.0001466803870250931
119,0.0050203438039388695,0.00013651012661103695
120,-0.0041823899188545115,0.00010677463392790392
121,-0.011789883949155202,9.07507412831212e-05
122,-0.006920176926930155,9.669814810289987e-05
123,0.006810185144282783,8.440944726956103e-05
124,-0.004156678730626076,8.316932462107418e-05
125,-0.003308210643911037,7.778495138330852e-05
126,-0.011923772332583151,6.958450585442647e-05
127,-0.012139898377489354,8.591053950660532e-05
128,-0.008186682876229864,9.003503752009944e-05
129,-0.01453107409557721,8.294057417104876e-05
130,0.004459441714497052,0.00010169305187004803
131,0.00857908612879656,9.253165782900398e-05
132,1.5290286184804768e-06,8.657802166351083e-05
133,0.013424442521034466,7.470137973883661e-05
134,0.003907738311957191,9.862749643448647e-05
135,-0.006693926117561557,8.210474894160774e-05
136,-0.009305262939203125,7.959771700378794e-05
137,-0.00818010954167942,8.043286083588582e-05
138,0.00033060750096265554,7.773559064251686e-05
139,-0.0026701795403718527,6.926786602706453e-05
140,0.0016969436368441846,6.500992688562366e-05
141,0.001715593291068413,6.170969237062451e-05
142,0.0039033201790652696,5.899241386564182e-05
143,0.0023551549711248528,5.9271185526785e-05
144,-0.002186677057293093,5.7637128490100054e-05
145,0.005324719338715007,5.724465366698679e-05
146,-0.004585013816763118,6.168229247465827e-05
147,-0.0045899472583973006,6.435802702337599e-05
148,-0.004527496505577072,6.234417617901877e-05
149,-0.00687881953674142,6.160159831928829e-05
150,-0.004625393637885899,6.491880322175695e-05
151,-0.018318830378535624,6.266493134982518e-05
152,-0.002161609351651027,0.00011167993033780278
153,0.005223497695145445,9.045902923277857e-05
154,0.003266630454924828,8.086253037903512e-05
155,0.01180146224060548,7.161185680107962e-05
156,0.009038270586320087,8.661016120647967e-05
157,-0.003309498882682023,8.194336820539444e-05
158,-0.002990839967564638,7.51379557291297e-05
159,-3.8301544347904004e-05,6.785447784821701e-05
160,0.000873460202915836,6.261470794310935e-05
161,0.006538414077163544,5.940837701093001e-05
162,-0.007571971152851137,6.413696035580406e-05
163,0.011142562152896758,7.35525871265029e-05
164,0.004141696002350119,9.450845423352151e-05
165,-0.009702967086193013,7.968732987692552e-05
166,0.004510566858435869,8.688949443842029e-05
167,-0.01253418855155837,8.180729935683466e-05
168,-0.00209544987240706,0.00010383323625915653
169,-0.0007268814101473496,8.527070278228575e-05
170,0.016250992018224854,7.365369107761273e-05
171,0.01233217584426351,0.00011173189663198375
172,0.020120702256957543,0.00010363977194830599
173,0.005403762723560681,0.00014135844517879136
174,0.001575264539687714,0.00010918335988924253
175,0.004759184742813573,8.878952426299708e-05
176,-0.0007653664116699906,7.915059219994297e-05
177,0.003805415437792987,7.016304301012943e-05
178,0.006404446191803431,6.694619312490786e-05
179,0.008592768695553102,6.721183546486473e-05
180,0.0017514111212059535,7.154357677157321e-05
181,-0.0038985587673886412,6.491423832218516e-05
182,0.004444464210706529,6.336572820688779e-05
183,-0.002647226597583347,6.442692095039157e-05
184,0.009249286766874972,6.278075433828944e-05
185,-8.996501593646512e-05,7.630954922393523e-05
186,0.00301363373720594,6.867599505751654e-05
187,-0.003947417632986865,6.511829925067961e-05
188,-0.004301012095005456,6.452904035731418e-05
189,0.004616581274000274,6.238680296381471e-05
190,0.007959297427138528,6.389909931022197e-05
191,0.003179739878940019,6.805796871961788e-05
192,0.007792766172800416,6.324471221991444e-05
193,0.008218194393952175,6.899787611114415e-05
194,0.0036270731510007624,7.085143193905878e-05
195,-0.011206017465762828,6.532583541890128e-05
196,0.001857369251083677,8.394777218674055e-05
197,0.0083665396659571,7.574498610909051e-05
198,-0.008558326989583661,7.699987722984337e-05
199,-0.009789717865479806,8.551539069880073e-05
200,-0.006091207688592966,8.370136112017264e-05
201,0.0031031250900392347,7.595753812909056e-05
202,0.0008034692467609109,7.041258718895499e-05
203,-0.008037297163862431,6.419634353039449e-05
204,0.001019634729490542,7.116568182914512e-05
205,-0.0013530893410055279,6.587118007571442e-05
206,0.0025478748954021638,6.195547634558544e-05
207,-0.0056299405651381645,6.034341840280098e-05
208,0.006764280401988132,6.442511356229232e-05
209,0.004645185140599454,7.134697706885896e-05
210,-0.0043474345732183,6.629006089394359e-05
211,-0.002131978140631188,6.575810680900339e-05
212,-0.019367144862099034,6.148298257195341e-05
213,-0.006468416406680875,0.00012031242923951283
214,0.007147490532436647,9.659863358161419e-05
215,-0.004156117582148256,9.054136983604331e-05
216,0.0038010890195900784,8.236847415201432e-05
217,-0.0018657618827771266,7.587929279919436e-05
218,0.020320717287740164,6.903457320834707e-05
219,-0.005964875125290437,0.00013704080134645252
220,0.015454563846483702,0.00012377289868058456
221,0.019051854658423448,0.0001496788292665228
222,0.0029794631387315114,0.000154122233009787
223,-0.0024675260945966806,0.00011674512920101552
224,0.007007719340315944,9.427090761188668e-05
225,-0.002691646017197153,8.866716691301634e-05
226,-0.006262973838596575,7.867649914821716e-05
227,0.0024573579093688427,7.42827560493723e-05
228,-0.0026894423766983355,6.876825894111367e-05
229,-0.0068135431907436084,6.513808526208292e-05
230,-0.012473626455898904,6.717587835824139e-05
231,-0.00878335479702734,8.33677420652768e-05
232,-0.010040218169587072,7.939691269565675e-05
233,0.012487673863322564,8.261463164765464e-05
234,-0.009151774441520375,0.00010620786103939729
235,-0.015888198126875357,0.0001112838172225918
236,-0.016773153932595344,0.00012012026924941764
237,0.01435191386229054,0.00012850590171428714
238,-0.019803068620674154,0.00015070782495870804
239,-0.012085548767638406,0.00020644087483084024
240,-0.013639708885395466,0.0001585215505420264
241,-0.00344763531161325,0.00014434167470076206
242,0.00850413377261226,0.00011075216100859643
243,0.004688065672630897,0.00010226972309242022
244,0.007746467094235763,8.560867525832869e-05
245,0.0016660846366485724,8.234969930646234e-05
246,0.008134804429197905,7.16953368120828e-05
247,-0.0018645025212301013,7.604208443491632e-05
248,-0.0055870677296390855,6.982801800951274e-05
249,0.002304655449084559,6.781185824528748e-05
250,0.00923777028116208,6.440354065077793e-05
251,0.011717907497705586,7.276691688473014e-05
252,-0.003657847306627979,8.238414093243658e-05
253,0.003328689507081273,7.719545998198755e-05
254,0.009519916080189077,7.186855234568767e-05
255,0.002219080579820981,7.755636418398093e-05
256,-0.0015082168096817012,6.871464193488222e-05
257,-0.0011087369505190447,6.356247886128428e-05
258,0.004134322108369981,5.999898986776218e-05
259,-0.007068118467926367,6.0767725649898564e-05
260,0.000467340033468803,6.87953534578218e-05
261,-0.00047239890379847184,6.39257621936332e-05
262,0.0037809138597817687,6.026251009569487e-05
263,-0.014284721835870635,6.047694905420591e-05
264,0.0030141971402316424,9.638257820957725e-05
265,-0.009064048332676735,8.6805997807931e-05
266,-0.005684078430869225,9.243964514559005e-05
267,-0.0037217321002142026,8.015979472309521e-05
268,0.009000079093811732,7.182017912643642e-05
269,0.0017066542630064182,8.065687980687835e-05
270,-0.005773251303883995,7.06386282515555e-05
271,0.000632138694222262,6.984691697833871e-05
272,0.007958725025229792,6.439183893864239e-05
273,-0.0017900366007946075,7.011689277385197e-05
274,-0.010247962754340874,6.590166649758162e-05
275,-0.015437109467866228,7.676256026283551e-05
276,0.009284037996493898,9.876341160556998e-05
277,0.01808244881584786,0.00010647460155848141
278,-0.00753935083144639,0.00012786053597590522
279,-0.009259399390736374,0.00011971928757993417
280,0.007579639232334087,0.00010351908155695015
281,-0.012238093832921682,9.871367021808398e-05
282,0.0010821135431328677,0.00011543471601526086
283,-0.008114740837259616,9.512475080607319e-05
284,-0.002088765077996974,9.315411835905004e-05
285,0.007710196327830087,7.848124162030166e-05
286,0.0012408652849398042,7.941303024665287e-05
287,-0.006230442290691488,6.986683566885894e-05
288,-0.00721591878294926,7.024241851980491e-05
289,0.014461964333932726,7.005477163575302e-05
290,0.00987845992452373,0.0001054288516247671
291,-0.00021565621763275865,9.363459823063398e-05
292,0.010683781178939207,7.919472209222952e-05
293,0.0043452709462924,9.013256209580539e-05
294,0.0033380082413476393,7.73041763856388e-05
295,0.014241732994512224,6.994884361652808e-05
296,0.0015257512564105242,9.527127418607455e-05
297,0.006012330891252034,8.007524816648005e-05
298,0.008912895265523035,7.689708072977542e-05
299,0.014168622739464936,7.805734854338362e-05
300,-0.005629365252045636,9.575240267330059e-05
301,0.004746338302379468,9.148783953302892e-05
302,-0.005283881026494345,8.440553891059863e-05
303,-0.013449079514201443,8.033552369079847e-05
304,0.0011680757637268138,9.505715929045098e-05
305,-0.005728783871684651,8.191482964991469e-05
306,0.010074994431675961,7.84916628371553e-05
307,0.004277940129391288,9.119444170384404e-05
308,-0.0011434233185130167,7.786980421615586e-05
309,0.00313275655931476,6.927697207916444e-05
310,-0.002700392590622124,6.548855080467495e-05
311,-0.0006706018421658908,6.30645278684547e-05
312,0.0038771082507848497,5.958419933200593e-05
313,0.0084141387911403,5.992432662387255e-05
314,0.0028811164257985336,6.739274873996034e-05
315,0.0016694807953479807,6.259203611115768e-05
316,0.00518110572217936,5.961734624338904e-05
317,0.0013591090308800037,6.145531019763501e-05
318,-0.008001725064889456,5.8594973352612806e-05
319,-0.012801161925400172,6.776422726159021e-05
320,3.9922354830024266e-08,8.344930172794122e-05
321,0.009946361486555672,7.326326357987388e-05
322,-0.0038620225556070466,8.111444366354297e-05
323,0.010501866329615632,7.660204290080436e-05
324,-0.00024248659430022913,9.113406118310559e-05
325,0.0008729128634088315,7.838356074160191e-05
326,0.007585943116971266,6.953786834872755e-05
327,0.01514851048434263,7.261346729840699e-05
328,0.013423101171269894,9.696811291665463e-05
329,0.014123371236975353,9.985800282046546e-05
330,0.01278465162949637,0.00010670311272606763
331,0.012640721893293462,0.00010495461857376923
332,-0.01596464527075836,0.00010451497950102434
333,-0.008327176225924207,0.00014097027679452158
334,4.59649803895025e-05,0.00011204938468955739
335,0.007299469748704497,9.049637392351571e-05
336,-0.005371745111602384,8.528606281600692e-05
337,-0.009689871574203188,8.139400622887308e-05
338,0.00644637580183873,8.265669948791445e-05
339,0.008952019151646997,8.307388901736193e-05
340,0.0040123742337841595,8.106499572207857e-05
341,-9.030488050245138e-05,7.19494413151722e-05
342,0.005601948905760359,6.522310707965543e-05
343,0.012112758837839202,6.646545330498352e-05
344,0.024889315900252337,8.18686644099143e-05
345,-0.0074442538850019654,0.0001577650920816075
346,-0.013468308686130524,0.00014369356657723304
347,-0.01723101893129151,0.00013051024565679275
348,-0.019260203388414266,0.0001396971650795021
349,-0.01770502491173824,0.00015180664161115807
350,-0.014763515841648384,0.00015011987684695655
351,0.007256438789299411,0.000137718352203263
352,0.008041890098997868,0.00012224513074075307
353,-0.0029911711590207796,0.00010289956739748348
354,0.028072217119800513,8.761005071998971e-05
355,0.001669361835188609,0.0002161474109044867
356,0.005588335476329214,0.00015875928208609078
357,0.0056605240470658826,0.00012670009089970648
358,-0.006494970976922875,0.00010268658599121254
359,-0.007211428339257435,9.364470559052743e-05
360,-0.010298572046186467,8.423968799392411e-05
361,0.001446199288711754,8.691532302025969e-05
362,-0.0011580467256439373,7.641527227754836e-05
363,0.005872293807041559,6.853525624882162e-05
364,0.0016355656038759226,6.960196599471643e-05
365,-0.015352702827904033,6.370811455680033e-05
366,0.003287492481245086,0.00010007927783265014
367,0.015194610952351629,8.984691726624918e-05
368,0.02033914657644954,0.0001087954781470286
369,0.0020247120121545665,0.00013982283519149764
370,0.006388430006119899,0.00010817918034563884
371,0.007130325902846409,9.54914282398462e-05
372,-0.005236672340882225,8.550963137467002e-05
373,-0.008299886374256363,8.061529161121022e-05
374,0.007637798811204617,7.881012759381691e-05
375,-0.00786299767300414,8.333827720145409e-05
376,-0.007677488593106845,8.825720080788903e-05
377,0.01102578189252068,8.082801626307866e-05
378,0.001090482985106983,9.578559155388668e-05
379,0.013660604828958874,8.046033791844926e-05
380,-0.0032834628461864694,0.00010330322957846137
381,0.008530658260191904,9.121841796530284e-05
382,0.0025895192577475284,9.342413990659936e-05
383,0.003163357471156098,7.869582854518646e-05
384,-0.011425036845896592,7.095784468814086e-05
385,-0.001712814315190871,8.901043602880217e-05
386,0.0017835799873754696,7.596825221045894e-05
387,-0.018416802489586024,6.812906314827524e-05
388,-0.01344774060705758,0.00012201062152383857
389,0.014685869312245801,0.00011208790629267306
390,-0.001672769617787443,0.00013711392087649318
391,-0.002421101525992574,0.00011044202391625997
392,0.011354708288266409,8.96393651507711e-05
393,-0.01578087578992776,9.90833930577355e-05
394,0.012064615508666617,0.00013784562689456333
395,-0.02258615647486617,0.00014859438860318744
396,0.004601392013129223,0.0002257373839396558
397,0.004107316565887231,0.0001782491171217212
398,0.03361430156893698,0.00013260396201632794
399,-0.007080943241559652,0.0002888414457520591
400,-0.0053499665564137235,0.00023387794565561117
401,0.0177294412997688,0.00016784504237896014
402,-0.005377730591849546,0.00018142353276444473
403,-0.00976685925791925,0.00014791597708075423
404,-0.021070188270133385,0.00012333308935615856
405,-0.02069437813081409,0.00016114579489670804
406,-0.02445413993872449,0.00016811791888315914
407,-0.01943750065403468,0.0001999858995358596
408,0.02567776257123573,0.00018402546084378876
409,0.013803139716115256,0.0002751335059499223
410,-0.01902977676323239,0.00020317011752238342
411,0.017196239682793924,0.0002193857489917237
412,0.005284062229337871,0.00023517637757748615
413,0.0010175945429934357,0.0001677435281250112
414,0.0005532976339906771,0.0001254066804656667
415,-0.005118790447985068,9.873914024251598e-05
416,0.003530430769018377,8.652750010735762e-05
417,7.549939951511723e-05,7.787518855157031e-05
418,-0.0014056423840342665,6.900789383175492e-05
419,-0.0012928577726848507,6.356813305251917e-05
420,0.0075146140189134535,6.008262059461256e-05
421,0.0016091501409769456,6.777735622660128e-05
422,0.007832861026330266,6.254223705347577e-05
423,-0.013904271708052578,6.958374532907332e-05
424,-0.0164017778773872,0.00010423212171731838
425,-0.008301898054543996,0.00011483787008004255
426,0.006519180290623427,9.733775784244907e-05
427,0.003484296501233566,9.100323705492857e-05
428,0.009093548111666672,7.773378796936961e-05
429,0.01038845899954941,8.154955581560013e-05
430,0.0015584059097559187,8.364763597338906e-05
431,-0.004526219244877608,7.251095954832781e-05
432,-0.013095601827946435,6.890000113417742e-05
433,-0.0025372625292032804,8.821979050043863e-05
434,0.0034527563363956344,7.537357656246749e-05
435,-0.010054848536153672,6.93271742292178e-05
436,0.015662291262563605,8.304662430255479e-05
437,-0.01492624936689676,0.00012597181265312007
438,-0.0008581482133927465,0.00015737583608131666
439,0.008162466465890597,0.00012026374365572417
440,0.0046394000266291174,0.000105098292916886
441,-0.009762736059493146,8.75729171822178e-05
442,-0.02712925701213585,9.31836272574782e-05
443,0.01833137924560161,0.00018373345413133437
444,-0.009369831533568329,0.00022814295337398406
445,0.013021552520385456,0.00019715492621524217
446,0.0015511709995483078,0.00018656485001697593
447,-0.01995535081308817,0.00013760426181936888
448,0.006616909276275918,0.0001711067240803398
449,0.019059951188896803,0.00014650055471411016
450,-0.0006376190056378179,0.00015991601092663142
451,-0.00826883058994382,0.00012321671353976888
452,4.7988117507462015e-05,0.00010662873913820956
453,-0.0057238225042289224,8.734596272642763e-05
454,-0.0025165154951717395,8.098763473003737e-05
455,0.0025097125763005883,7.110704629524807e-05
456,-0.006428383919121621,6.592643215929882e-05
457,-0.0024611673133560453,6.963295141816453e-05
458,0.007061051739606129,6.388298257773579e-05
459,-0.010919600220470688,6.900681720955688e-05
460,-0.01862790073219567,8.928437978871535e-05
461,-0.007328502496761643,0.00011958646833141602
462,-0.020356105102719343,9.778906935625634e-05
463,0.011564048066304008,0.00014564401884871754
464,-0.01291122489342523,0.00015231591901738702
465,0.0037480720072635906,0.0001593615434577868
466,-0.006043897138691022,0.00012842929343201935
467,-0.010636893510405768,0.00011007956299430477
468,0.010533409429483997,0.00010303505874468921
469,0.012186289877846264,0.00011059678613191309
470,0.009237343327642531,0.00010506518765256562
471,-0.0010228908861449624,9.481884070528318e-05
472,0.00198264046058509,8.058109767722324e-05
473,-0.005278945294100458,7.163166439031913e-05
474,0.012737673565184253,7.061607595860098e-05
475,-0.000895692242261491,9.701563707290903e-05
476,-0.0064176831781280344,8.327597042392911e-05
477,-0.0028091678021781997,7.763930527687314e-05
478,-0.00709050595556259,6.9190239447604e-05
479,0.009335960477700219,7.111005714801604e-05
480,0.009079352920501509,8.401329557299095e-05
481,0.0025927834314552855,8.069622454944053e-05
482,-0.004398926936231646,7.088539720487093e-05
483,0.009293991918323585,6.812307407399674e-05
484,0.00180899827059068,8.04568899195993e-05
485,-0.0044066920149827505,7.051577345913005e-05
486,0.005850541940906644,6.744281062351931e-05
487,0.0015806200169358126,6.999603326215551e-05
488,-0.0023669028293150617,6.394112062099745e-05
489,-0.012450874974329531,6.111035394049982e-05
490,-0.00844801776564494,8.244474195127325e-05
491,0.001584237752121074,7.77940958159459e-05
492,0.008635456349701302,7.016543844959555e-05
493,0.023237201248646956,7.49783791627576e-05
494,-0.0052215529246558015,0.00014553985709615542
495,-0.029357106264636782,0.0001270716623698578
496,0.018199076615025726,0.00022600142332824662
497,-0.016058316981690957,0.0002575185668069765
498,0.010673833730688493,0.0002556466664550687
499,0.0018014682261140438,0.00021828976281630387
500,0.014532759723752698,0.0001572907620947433
501,0.007683237946231985,0.0001556157623642584
502,0.013997743917950216,0.00012130581275506379
503,0.0025064557724838615,0.00012480898592431123
504,-0.003536904532765595,9.834469318834093e-05
505,-0.002507872070309353,8.379372441926949e-05
506,0.006210881595321641,7.31339961642357e-05
507,0.009921466010303009,7.319680436752118e-05
508,0.014363902503256696,7.831647427031424e-05
509,0.009738555051101477,9.59181342659845e-05
510,0.008759189311191828,8.881382244380549e-05
511,-0.006749234894253775,8.470039007239773e-05
512,0.006359484363821113,8.462775656077868e-05
513,-0.0066562481642196605,8.405278605346383e-05
514,0.0023001960660274444,8.440111126413105e-05
515,-0.0016776055823817455,7.568511377575452e-05
516,-0.004635733792443047,6.85604665801412e-05
517,-0.018187809831435243,6.589582295373862e-05
518,0.01683848670716438,0.00011202927906624463
519,-0.007939296860642124,0.0001604693003029775
520,0.016122912082142046,0.000145534126271397
521,0.010396586580376793,0.00016975613397829124
522,0.0005083754758276013,0.00013382226896855567
523,-0.0009084509873338681,0.00010411644084575689
524,0.003628973875041332,8.544241670358932e-05
525,-0.004079395291089904,7.603796236397026e-05
526,0.006076872453809018,7.170164273296429e-05
527,0.00283579943930687,7.344100341983786e-05
528,-0.009942164049842769,6.641849128783524e-05
529,0.0005769150418877484,7.931045410299197e-05
530,0.0034095551497285814,7.099099973714699e-05
531,-0.006263539890773201,6.593629270340295e-05
532,-0.001506442290974358,6.92962681334526e-05
533,-0.010656857476011876,6.349716326389679e-05
534,0.004123145516090989,7.892041013656395e-05
535,0.010841255099215848,7.624588766617273e-05
536,0.0027879274027715712,8.320602127205251e-05
537,0.0014085591575468692,7.234123128049612e-05
538,-0.012858839150167927,6.56653931580592e-05
539,0.004693098168012104,9.019360920379277e-05
540,-0.006494580165091288,8.581304493657245e-05
541,-0.010439212611230913,8.468450195433433e-05
542,-0.02090205320597182,8.617828529446439e-05
543,-0.005129078511605441,0.0001355288847538549
544,-0.014454928671649022,0.00010531204782494122
545,0.010136620637163455,0.00012011539687019624
546,-0.0026073694732515152,0.00012412459741169426
547,-0.008205736838043072,0.00010262920342503982
548,-0.008391439056506219,9.295445042552443e-05
549,-0.010768498848521156,8.643302376874429e-05
550,0.0007828620216537533,8.896433643412451e-05
551,-0.006708005012055925,7.707281049180308e-05
552,0.003396285520897281,7.726794771130508e-05
553,-0.0007006597312840516,7.252817299095192e-05
554,0.009877472927067527,6.601458179445134e-05
555,0.007578951330975198,7.906426002903352e-05
556,0.0009403359421356523,7.467951956670209e-05
557,0.0038326101197981755,6.688028771833266e-05
558,0.0051174868241005405,6.450378536976993e-05
559,-0.007086867012607761,6.36345299599102e-05
560,-0.008707370903794047,7.066001028700872e-05
561,-0.0008320764443884341,7.276850399592731e-05
562,-0.0054865526361350305,6.57399838064681e-05
563,0.0008444987088585187,6.657461588069412e-05
564,-0.005850457362616446,6.246046612704284e-05
565,-0.006056800937600624,6.581122794254171e-05
566,0.003109902208709583,6.514112925643632e-05
567,0.00040853193915677574,6.370697207045808e-05
568,0.005891432794535456,6.001881001861872e-05
569,-0.006428893053701264,6.36988700863762e-05
570,-0.0028303567546021503,6.986547170961974e-05
571,0.00826447986136114,6.411853518605582e-05
572,0.0070979361629328695,7.248515735871174e-05
573,-0.011577476227014265,7.031230799925306e-05
574,-0.012464862623010803,9.121136491469475e-05
575,0.0055429661446759135,9.362813134648284e-05
576,0.013511583639793536,8.842407390598515e-05
577,0.003600655769748772,9.958541491964189e-05
578,0.0022796310530930433,8.272729169828624e-05
579,-0.014954327325720926,7.263036455406871e-05
580,-0.00672178164781174,0.000105420026652753
581,-0.008076127581094059,8.830589028372413e-05
582,0.0056998334052017355,8.451575176263943e-05
583,0.005821147415672805,8.180759617317272e-05
584,-0.013169173047843463,7.452070566356999e-05
585,0.0022037937801745945,0.00010009151225249213
586,0.023210257809736005,8.719898024945936e-05
587,0.0019163261360726025,0.00015750027453356383
588,-0.00016816382189564335,0.00012003384913208036
589,0.006388710603468373,9.536593806587642e-05
590,-0.011053903199709806,8.657161291623874e-05
591,-0.025404095574607412,0.00010004648718520954
592,-0.020622128151675124,0.00017088919259752354
593,-0.006205346999462025,0.00016997566757690554
594,0.03142418645556278,0.00012813798653098574
595,0.055065331106797226,0.0002732700560162392
596,0.004129496429452457,0.0005875716949631224
597,0.015293377961209036,0.00039454795802202
598,0.007174763683865155,0.00031348904109757263
599,0.006129638763720416,0.00021918150693702563
600,-0.006985271951795213,0.00016240095865260266
601,0.02132418755405679,0.00013295148510772978
602,-0.009975675681429187,0.00019248626556423343
603,-0.01720766302391803,0.00017724046516777144
604,-0.034238736691220135,0.00016515457164038928
605,0.0011781972630250915,0.0002889813921596028
606,-0.020050776910865875,0.0002111661073491925
607,0.0016521172612741254,0.00023128645279456956
608,-0.0009884585482847577,0.000171436144982698
609,-0.013110830871178479,0.00012845321462598232
610,-0.010338484910260508,0.00012759101903749468
611,-0.013605188265077221,0.00011017422621330521
612,0.0036533210312703654,0.00011347627536646857
613,0.007355889380941687,9.754480738147721e-05
614,-0.0047016097296299535,8.749009199917868e-05
615,0.015543390939745706,8.089123344932536e-05
616,0.00720635229615956,0.0001181503427092236
617,-0.011260336191960882,9.654078137110933e-05
618,-0.02293550998412771,0.00010499537644201383
619,-0.00691256980742662,0.0001564511876457027
620,0.023094482200824322,0.00011943402833951885
621,0.032867745019294584,0.0001892208510911056
622,0.013056355915774453,0.00027092489662091003
623,0.0028026706258539942,0.00019902848571701548
624,-0.010647867018734967,0.00014521094271027852
625,-0.000540698062399145,0.00013122274775806178
626,0.010270876742564423,0.00010285432218022046
627,0.01989172322204626,0.00010114316161392751
628,0.0025386869458873863,0.0001371866949076984
629,0.009379921627359412,0.00010632453840516066
630,0.01718609045572164,0.00010230762352554029
631,0.011260746370624878,0.0001231970896601272
632,-0.002346998975336208,0.00010847518246524384
633,-0.01487976960083217,9.080936174847048e-05
634,0.00839665286146389,0.00011027820541770664
635,0.012483070083318068,0.00011068251195398616
636,-0.009516979184203953,0.00010687559840393163
637,0.004295037484980866,0.0001097825602735698
638,0.00769051960601042,9.643005918482769e-05
639,-0.012092723418541649,8.725043463864961e-05
640,0.00200647983211515,0.0001049833892852941
641,0.018702934361140178,8.971316450222923e-05
642,-0.01651472956270761,0.00012924678896595427
643,0.010052270983794694,0.00016960282932122064
644,-0.0017037386018523282,0.00016041893443699795
645,0.008396063950745786,0.00012429191066291054
646,0.028143279744729514,0.00011273519085953728
647,-0.007632901526098827,0.00020662067970514278
648,0.01412088246192052,0.00017827430329695487
649,0.008606230313955465,0.000179450230369031
650,0.0018337482195198633,0.00013710967069640987
651,-0.005645972216292646,0.00010616139935612219
652,-0.0031989013588677316,9.23135675589959e-05
653,0.006911271333024791,7.862055404576118e-05
654,-0.000557985942981769,7.838593514897212e-05
655,0.0050491093830289805,6.991859166741061e-05
656,0.008980246558785815,6.893433262263472e-05
657,0.010543495056263223,7.36650171092462e-05
658,0.011432130113243994,7.967061389638009e-05
659,0.006730452011243032,8.552504105371588e-05
660,-0.0032385623709356294,7.749568165723888e-05
661,-0.0012858136130407035,7.163825536403296e-05
662,0.004327356861908006,6.499511929041581e-05
663,-0.004205733294553913,6.40781026331535e-05
664,0.006614682233369458,6.462573251545143e-05
665,-0.0013752517070422488,7.046658148849632e-05
666,0.012725960775604317,6.569796289979393e-05
667,-0.0029309005747817293,9.119109383595629e-05
668,0.003205361379411361,8.26598667890574e-05
669,-0.0032183216931821836,7.510384192245734e-05
670,0.0052391476631185345,6.999714521943283e-05
671,0.00884952087556758,7.017611783298903e-05
672,-0.0015899777077891428,7.377627483913498e-05
673,-0.0017849220108634935,6.798190359781303e-05
674,0.00023645565393504828,6.288832255930195e-05
675,0.010622033084942107,5.951069639714797e-05
676,0.013260728389005653,7.602097728485369e-05
677,0.015442840370913199,8.846554008437016e-05
678,0.01551507551024137,0.00010471615262704344
679,0.0018544380400612747,0.00011337467847385243
680,0.0013865386306547644,9.12647813497937e-05
681,-0.01646421584223782,7.768777859200892e-05
682,-0.002403898606174362,0.00011622118296786426
683,0.023613946083351055,9.313374564333141e-05
684,-0.015735778178170255,0.000170714834640498
685,0.006913280963833526,0.00019829094415745795
686,-0.014146160663788961,0.00016536554339299748
687,0.009564561040249822,0.00016931718516229708
688,0.0016091225334774776,0.00015450853424041453
689,0.005587555549343683,0.00011716774833721031
690,-0.02100638458098252,9.921944768020125e-05
691,0.0008195044496561016,0.0001653216407051725
692,0.006957442884694797,0.00012865265524409617
693,0.00819835713127164,0.00010651972215915247
694,-0.012694076477214019,9.510586845768213e-05
695,-0.0012538873088683655,0.00011335025902130823
696,0.004377351697340219,9.160691748826343e-05
697,0.008950931617808564,8.024658450378419e-05
698,0.0046647643665822525,8.148116441258264e-05
699,0.0013019688888544056,7.265530077068793e-05
700,0.0003978976731430026,6.568326918688199e-05
701,0.002836084593815596,6.123887625848161e-05
702,0.009631033934320918,5.9743481278539124e-05
703,-0.004300603229309019,7.132730958112761e-05
704,0.005637843423099777,7.117095324870249e-05
705,0.002533580166861532,7.270647686029248e-05
706,-0.0090875626762503,6.584512092299283e-05
707,-0.010522475047179484,7.595541311124859e-05
708,0.002331503437590096,8.015810391722433e-05
709,-0.0068766177764588154,7.31474105626237e-05
710,0.002208754328712728,7.595505541513106e-05
711,0.0015990721350542891,7.010320613367109e-05
712,0.008080711647680929,6.411496193740682e-05
713,-0.005643802771208865,7.07928588561019e-05
714,-0.0029916358368698402,7.33425005470073e-05
715,-0.0031713441877046582,6.641276860644645e-05
716,-0.013053209485838225,6.306743489557505e-05
717,0.006999704974593274,8.576525953297198e-05
718,0.005965790558408039,8.924100814721188e-05
719,0.005104973293210959,7.871004568386729e-05
720,0.000723238869962749,7.249487077233609e-05
721,-0.016657615325610064,6.550740495102338e-05
722,0.009165998977510867,0.00010769228283396226
723,0.010747700292842567,0.0001142809006696759
724,0.0026875550006334272,0.0001029521751356858
725,-0.010180165413897916,8.479233912876715e-05
726,-0.004110578584195894,9.140479641038617e-05
727,-0.0010436830413299248,7.802966640428391e-05
728,-0.00462042328328788,6.904580514930026e-05
729,-0.0033542841369689626,6.673440012570431e-05
730,-0.01376160493930041,6.288356713697573e-05
731,0.011665416910219025,8.910609967461932e-05
732,0.0052558508530769115,0.0001108327079971475
733,0.0062905814470146084,9.045582461426125e-05
734,0.008225351642772199,8.24813471170244e-05
735,0.01723868108094009,8.009697927826024e-05
736,0.008164624779413612,0.0001123058326514991
737,0.01337818338526085,9.456618868023829e-05
738,0.025414227688261563,0.00010512912828426762
739,0.018372103822880986,0.0001741329345069718
740,0.015761744346245055,0.0001607855226470616
741,0.003507212856982124,0.00014918511879842002
742,0.0020106111326843455,0.00011375994473756641
743,0.024048786237385142,9.1972937431692e-05
744,0.009327261967846058,0.00017214625072818683
745,0.007081066951160251,0.00013140430941080476
746,0.01016733525829728,0.0001088815708563157
747,0.007121039682109238,0.00010168954096276397
748,0.021137298119547645,8.85455377759627e-05
749,0.009646861227279743,0.00014331349819519972
750,0.0036351948521311894,0.00011509730309611547
751,-0.00032894331857815853,9.329630498355914e-05
752,0.0005222595311315688,7.867947734582594e-05
753,0.001538568253210872,6.946668114905062e-05
754,-0.0068044743712493685,6.393069558963043e-05
755,-0.004070558287944629,6.860153923874281e-05
756,0.009751291135501904,6.420958538971517e-05
757,0.0017645879984740953,7.813942414310412e-05
758,0.023175596388496245,6.906691598687642e-05
759,0.008852151311416605,0.00015442151319966692
760,0.021406004486583367,0.00011972097431804574
761,0.024015441530074982,0.00016643592059843555
762,0.009719966810165766,0.00019043786894818555
763,-0.019034100937101738,0.0001449156247387172
764,-0.012046006484076966,0.00017969067847827647
765,-0.0051252265667445975,0.00014328669265337916
766,0.009283856200679163,0.00011200437511474568
767,0.00426309119658923,0.00010716622051514312
768,0.0015829341883552156,8.808577093013732e-05
769,-0.0029928498875399063,7.550416481291271e-05
770,0.01097619236722649,6.914470781120436e-05
771,0.0035051152292646295,8.622835348636567e-05
772,-0.010405070678962415,7.433177192823359e-05
773,-0.0022825978288880623,8.571010326090734e-05
774,0.007513662514537111,7.379967125869406e-05
775,0.0021837071450696082,7.588540529355015e-05
776,-0.00654753458163465,6.769929039619062e-05
777,0.0029189243722133242,7.000790369148382e-05
778,0.014391889974571099,6.704627158009944e-05
779,0.016785616959397686,9.28363722523148e-05
780,0.0023216577164303863,0.00011133593410147734
781,0.004335234304563178,8.993536482001544e-05
782,0.006087958632591992,7.978712233451475e-05
783,0.0072456316510192235,7.458960025737328e-05
784,-0.008711268386504016,7.325791238587516e-05
785,-0.006207814726507419,8.277324091971827e-05
786,-0.014222400419775722,7.48643442386979e-05
787,-0.0034538152948489433,9.710314735975627e-05
788,0.00094264352157112,8.103305792496414e-05
789,-0.0090131261960098,7.106178439077163e-05
790,-0.0067927177510120965,7.898021827285944e-05
791,0.0011943947845648442,7.360916432246844e-05
792,0.004282759309345252,6.701862159962843e-05
793,0.011464543046862515,6.45381273678696e-05
794,-0.009385958157383408,7.97183690046398e-05
795,-0.0021926308045853585,9.263797507940905e-05
796,-0.0016366159388904614,7.815255358804809e-05
797,-0.0023346968563322627,6.952740133690247e-05
798,-0.009301514391527922,6.430808145409857e-05
799,0.01569978598864647,7.368886794693847e-05
800,0.003857158758449653,0.00011802335582612137
801,0.00017869970326895153,9.40911489041753e-05
802,-0.02418392619412375,7.906138701807157e-05
803,-0.003722360687854336,0.00016838974009210817
804,0.007423075216561319,0.00012595961999705327
805,-0.0016467427021992207,0.00010771226799919268
806,0.0018064015205687158,8.92485223414653e-05
807,-0.0022741355200354934,7.702878661193856e-05
808,0.0010395459757537781,6.964893672761061e-05
809,0.002014292792815916,6.415402384005254e-05
810,-0.002484497051565802,6.0745264487096756e-05
811,0.010261403185322225,5.9478378650316955e-05
812,0.009737026787405336,7.714581703625965e-05
813,-0.00140852332107146,7.792008683127038e-05
814,0.012942961452563032,7.037704045644422e-05
815,0.005533580885013179,9.51116763900018e-05
816,0.0012467829791687594,8.097137770827203e-05
817,0.004306723253727931,7.090207186192896e-05
818,0.0010368904494930501,6.742872820027955e-05
819,-0.002527215456382199,6.23288171119418e-05
820,0.007140599403091126,6.023026207538755e-05
821,-0.0003568329277752241,6.771243080404594e-05
822,5.0840249052884064e-05,6.313128581905381e-05
823,-0.004733976307003234,5.965981889811581e-05
824,-0.01429199657336053,6.137179466635845e-05
825,0.00986783402618244,8.832720814172407e-05
826,0.0064479230358686435,0.00010220265270087896
827,0.006702760009291429,8.665659302936734e-05
828,-0.007359087864173046,8.02773350081487e-05
829,-0.005482343661695648,8.277602628179855e-05
830,0.001812430814277224,7.428761309031472e-05
831,-0.008095766127133499,6.774767741868156e-05
832,0.0007233899651231274,7.506065782515102e-05
833,-0.005493824523149195,6.81642444305715e-05
834,-0.020902103132809952,6.886577024759558e-05
835,0.002246966281531567,0.00012840168769641066
836,-0.005143864253250065,0.00010726263482793783
837,-0.0016775900435243981,9.430866977001098e-05
838,0.00935662904957895,7.921634055989687e-05
839,-0.002932991979020595,8.470464968168771e-05
840,0.017675355256741593,7.716629313399233e-05
841,-0.004909809530330882,0.00012721531138598584
842,-0.011944204244366327,0.00011275085314689478
843,0.015958943045842205,0.00010811427209796452
844,0.01711804155511445,0.00014272886716899363
845,-0.012306962825878648,0.00013987999415777895
846,0.0014519110751466053,0.0001460357078385615
847,-0.008852959233227374,0.00011515010248572648
848,-0.0029189341109095925,0.00010842146189427138
849,0.016845655350889416,8.819190760934617e-05
850,-0.0020584933470794574,0.000124237600313185
851,0.006521535312241676,0.0001031906850439639
852,-0.011488939986989575,9.466975138417806e-05
853,-0.005659084283738325,0.00010818419012462888
854,0.026450787751418466,8.939378526639588e-05
855,0.0029056740994836913,0.00019951589353767703
856,-0.0001503355389316971,0.00014642206540750832
857,-0.008542623223514845,0.00011193196464573121
858,0.005005694881420657,0.00010278953045406043
859,0.001623043433343786,9.226177004637651e-05
860,-0.0062323820149955515,7.791928690912925e-05
861,-0.005850341057461092,7.555258538247787e-05
862,0.005943477483247885,7.092514961578393e-05
863,-0.012249429996696138,7.249611867584299e-05
864,-0.000494344314827733,9.696566456733488e-05
865,0.016861757484031594,8.176607787606186e-05
866,-0.011790982546214286,0.00011656514208764977
867,0.011435718126318082,0.00013189190486535062
868,0.01105487357524609,0.0001384715826697131
869,-0.013823990353125665,0.00011786939423421775
870,-0.0007926377603326434,0.00013437183752380526
871,0.0002692603308072473,0.00010530479873270069
872,-0.002767832669889039,8.61055383077829e-05
873,0.006219657085626805,7.529494821095396e-05
874,0.006205386078321343,7.500521027219589e-05
875,0.0087436361417437,7.097992930340509e-05
876,0.004440857174699369,7.468460459736075e-05
877,0.016710457920597967,6.824301934748153e-05
878,0.01762329585380054,0.00010664961359082453
879,0.010060728502933351,0.00012143692389603216
880,0.0004913172209637852,0.00010476271831523542
881,-0.002022613164842769,8.591629120553155e-05
882,0.010680647839228872,7.448733608764103e-05
883,-0.003973828653702549,8.734893495246791e-05
884,0.013253428425193869,8.140245238411688e-05
885,0.00046775323333382747,0.00010670767938214587
886,0.006439968997474875,8.804895853453212e-05
887,-0.0014912029991295634,8.342499686150314e-05
888,0.008866172569969081,7.380240571821911e-05
889,-0.0016553912763430003,8.142587598153492e-05
890,0.0030006652690861848,7.329508098806782e-05
891,0.012205055744594342,6.83640425525574e-05
892,0.001904826358791103,8.494730572044296e-05
893,0.015377708460501007,7.335290716139864e-05
894,0.009188624048302412,0.0001063661104736309
895,0.004680063545969392,9.284577170584175e-05
896,-0.005375574660756752,8.02765690928843e-05
897,-0.00471668088239996,7.6624535413061e-05
898,0.002723534848832918,7.011938317184488e-05
899,0.01032316163063962,6.600173923054083e-05
900,-0.010422368396395924,7.701112580007393e-05
901,-0.022140559916298867,9.424577828755057e-05
902,-0.01751755871654658,0.00014383025114139713
903,-0.004473112017880155,0.0001409411170856291
904,-0.0013573800829372474,0.00010895199707063482
905,0.010312212096677936,8.855766200053375e-05
906,-0.0015892887904580093,9.423208055654252e-05
907,0.010958385383148597,8.151947110785729e-05
908,0.010937302079688386,9.435233005377405e-05
909,0.027908526938872986,9.147052725530364e-05
910,-0.010029918980965226,0.0001926912167559038
911,-0.029606077219856274,0.00018095009357086385
912,-0.013828391460477879,0.00025135940168846807
913,-0.009453042285172464,0.00018964074522855655
914,-0.021053321041388386,0.000149094948842948
915,-0.008654512458288173,0.00017742440615713684
916,0.003789568469602274,0.00013501233344753158
917,-0.008010534062691086,0.00010853964489566599
918,0.0005007133207798039,0.00010173529115733038
919,0.000888001327863,8.478600065286078e-05
920,0.0006302087980821747,7.324573554685114e-05
921,-0.004732308358890659,6.602493607568378e-05
922,0.01460751906719308,6.539732268963063e-05
923,0.0007085657942137802,0.00010207488130488618
924,-0.008738893840814945,8.512272599020325e-05
925,0.0033835052611308524,8.482881148384913e-05
926,0.022665316190450032,7.75842348562105e-05
927,0.012558759376150015,0.00014747551912674305
928,0.0070473950531743015,0.00012365833900899816
929,0.006043070428505445,0.00010249326964670927
930,0.010696210988423906,8.84397359364499e-05
931,-0.014605916209681394,9.130447420887205e-05
932,-0.010802714552391466,0.00012372288505924314
933,0.0019385585205484385,0.0001068612209207088
934,-0.014372488877069168,8.908917147874115e-05
935,-0.001247047559369591,0.00011425604300970306
936,0.0055581462874010135,9.229502564790163e-05
937,0.018420004238291977,8.244732105556727e-05
938,0.028955494889784567,0.0001225068708535942
939,-0.0026261403745572853,0.00020549704094680765
940,0.007142241198183879,0.00015935822587574493
941,-0.006327640959850338,0.00013294234715289976
942,-0.00898474938799469,0.00011457629628235617
943,0.011651458920734018,0.00010092992095396234
944,-0.001853436043729167,0.00011251259474746049
945,0.0016029924213698955,9.412247152318384e-05
946,0.0005471691804636232,8.016563795855331e-05
947,0.010002514923349427,7.031809112408186e-05
948,-0.001753612439295555,8.097871278076485e-05
949,-0.012698560166667448,7.327326796750558e-05
950,-0.005386793619701719,8.991561115753499e-05
951,-0.006698343513331462,7.789125022716443e-05
952,0.0012099099923513342,7.514919114096384e-05
953,-0.0065463303816746575,6.819148255447495e-05
954,-0.00480159282228369,7.11837473385303e-05
955,0.006318080875880844,6.65730351981672e-05
956,-0.0020560193494389726,7.005994541042681e-05
957,0.0039870971577042015,6.603523724135924e-05
958,0.0001908909288519217,6.51805554266702e-05
959,-0.00020915017534355786,6.1013874405023485e-05
960,0.016802491991047254,5.829731092416639e-05
961,0.007759080428171819,0.00010422250316983108
962,0.010012101097166026,8.85368865083979e-05
963,0.015071166604211289,8.96108956469371e-05
964,-0.0010202743838100025,0.00010558246767628173
965,0.010292853125558941,8.861985125713766e-05
966,0.008732853748006204,9.623821932425618e-05
967,0.004098052753261542,8.743567635340651e-05
968,-0.008421124586399127,7.61742223193286e-05
969,0.004127711802321243,8.143334727833553e-05
970,-0.0008643127256254084,7.713196136885161e-05
971,0.004134099973746378,6.91520319349139e-05
972,0.005739817205310808,6.691569259971501e-05
973,0.0011736915057491309,6.588586122908408e-05
974,0.004038785089726008,6.136078581096455e-05
975,0.0006478948593671188,6.121132628388955e-05
976,-0.00954885663444892,5.842597244419842e-05
977,-0.005552806395580094,7.192166775262542e-05
978,-0.0006180622686440687,6.732350838298898e-05
979,-0.008712794332662322,6.225978650284884e-05
980,0.0015445702221422077,7.194409976609189e-05
981,-0.002832417063400835,6.703855790427796e-05
982,0.011243168526495536,6.41655456618939e-05
983,-0.0015927405325472605,8.440573332937683e-05
984,-0.00378316925295779,7.574764271979934e-05
985,0.004289931586838577,6.901115343323772e-05
986,0.006144301320711414,6.735651907377665e-05
987,-0.006411028592675425,6.672565583413123e-05
988,-0.0014639729439186288,7.127811645036749e-05
989,0.008305181701944019,6.474036743317454e-05
990,0.024921669701449833,7.221774694094599e-05
991,0.017702573114467594,0.0001561594260042741
992,0.012267289059366613,0.0001461846523535462
993,-0.010536068586081769,0.00012731512777168112
994,0.0010755068016076335,0.0001262910202735022
995,-0.005334343234022936,0.00010151219523289246
996,-0.012748713910296437,8.995473967942712e-05
997,0.004758242705062085,9.8738420048072e-05
998,-0.005621439895368139,9.052333401078522e-05
999,0.0006221213109790303,8.527971411915668e-05
1000,0.003152738667090769,7.42562918528066e-05
1001,-0.004026835825041595,6.786035546946276e-05
1002,-0.017982492768343863,6.613998151488904e-05
1003,-0.002119283403735252,0.00011043821225674782
1004,0.0008734820654739334,8.96421464648169e-05
1005,-0.0011477513801799813,7.632459521008415e-05
1006,-0.006875424004359505,6.817834268957992e-05
1007,-0.00951725617908812,7.016634805801334e-05
1008,-0.004601091647351828,7.52542112971347e-05
1009,-0.008313133254088504,6.867580191640892e-05
1010,-0.013865716947954874,7.312785804114995e-05
1011,-0.014479812004544543,9.131130313191929e-05
1012,0.007531496570382351,0.00010139681536703737
1013,0.008597325844433963,0.00010045947837558351
1014,-0.024921999433466704,9.027073290527201e-05
1015,0.026672352339827336,0.00019292526315912198
1016,0.03095895973289255,0.0003144331122188393
1017,-0.003074850524428634,0.0003173920516869378
1018,-0.018028281737105835,0.00023023208994168117
1019,-0.007755893847320115,0.00020964503846949585
1020,-0.013654889218527791,0.0001548378332033745
1021,-0.0194213335680613,0.00014458953914834653
1022,0.004006893813740053,0.00015831106175738144
1023,-0.009699718531264438,0.0001287479409242615
1024,0.01887439280515597,0.00012207675960821705
1025,-0.0014809543809971893,0.00017224425515248632
1026,-0.0010350695970237497,0.00013385361646041407
1027,-0.00040215759919351484,0.00010402118705555797
1028,0.008113116911997491,8.532356745254015e-05
1029,0.011078488011346166,8.489348007877569e-05
1030,-0.00024052303047985502,8.814919662964693e-05
1031,0.012795088024678864,7.61236880838258e-05
1032,0.015400965710396631,9.732660307946508e-05
1033,-0.0062281428289651,0.00010817548353514342
1034,-0.0028131643297178324,0.00010105185479935866
1035,-0.007590649097590094,8.359512896590926e-05
1036,-0.0070514629194511,8.166240712846422e-05
1037,0.00011007396101738301,7.641595541430224e-05
1038,0.0030270726686511314,6.822671454444742e-05
1039,0.0044797413429628445,6.411765413879227e-05
1040,0.006738364127676683,6.28213282702663e-05
1041,0.002614824411319926,6.536572026881637e-05
1042,-0.002648091130020706,6.135620662781582e-05
1043,0.007879188005518246,5.9963162814933195e-05
1044,0.011556385706187736,6.97621545600007e-05
1045,-0.006703339150478827,8.001194149672747e-05
1046,-0.00596265409686273,8.303678431398871e-05
1047,0.009093544440272675,7.504970593449132e-05
1048,0.0035563580857984702,8.379213249395686e-05
1049,-0.003181533267450555,7.297866445094048e-05
1050,-0.0017535330592347226,6.786176552816947e-05
1051,0.0054906329013245095,6.277584655071589e-05
1052,0.011222402455748693,6.488440557730626e-05
1053,0.0014584977992497322,7.774487244699837e-05
1054,-0.0020264195530499437,6.886077819965901e-05
1055,-0.00033016318903980255,6.383144371670205e-05
1056,0.013892369938934094,6.006603993451028e-05
1057,-0.005423196504219074,9.016470879372782e-05
1058,-0.01866324691868419,8.813820161511417e-05
1059,-0.01375971976083,0.00012379968071249645
1060,-0.015619996859204443,0.00011548688919576902
1061,-0.004904928257539528,0.00012323455055550378
1062,0.0027389872684387122,9.811405998991643e-05
1063,-0.004552278338373085,8.328394720409498e-05
1064,0.0011788706342571946,7.684108317155476e-05
1065,-0.006220942346775186,6.908364262091585e-05
1066,-0.01160473757008597,7.088881761510423e-05
1067,0.0030489957367912926,8.213181066308675e-05
1068,-0.005971690385631986,7.602557536858687e-05
1069,0.001787897790877561,7.604959897718696e-05
1070,0.01516975965328561,6.949629357293818e-05
1071,-0.019752602947855497,9.907348666762512e-05
1072,0.007320467493034697,0.0001692824203864148
1073,0.008904160908007155,0.00015049855270493477
1074,-0.00845626939804732,0.00012144827978686098
1075,0.009853049100705278,0.00011234719579928743
1076,-0.010118873415893315,0.00011423492684692198
1077,0.02049522625521495,0.00011827698160858096
1078,-0.01703823141909101,0.00018397882446759094
1079,0.0007892615114126339,0.00021543506892905806
1080,0.004208955135763309,0.00015989956929016904
1081,0.017896061036949223,0.00012201143512325169
1082,-0.013970746426707351,0.00014674411011386153
1083,0.0008942607084427124,0.000163819525013099
1084,-0.0006087575018404687,0.00012623177634869218
1085,0.0018956987648089507,9.962865794734148e-05
1086,0.011042613160328547,8.335813328479203e-05
1087,0.008850307087102995,9.121239904158442e-05
1088,-0.012260854523022523,8.475591561500252e-05
1089,0.003182152890650815,0.00010451711136244699
1090,-0.005912240737932386,9.163904197786167e-05
1091,0.003925964790920194,8.611670569127335e-05
1092,-0.002924213044960649,7.895707324516168e-05
1093,0.005346553217134741,7.230065973272358e-05
1094,-0.011785193491409439,7.180830050335495e-05
1095,-0.013585468649830314,9.379112908747972e-05
1096,-0.0035357534667173817,9.889525065327036e-05
1097,0.009296895918516474,8.235642071656378e-05
1098,-0.002943611876997658,8.710317934503436e-05
1099,0.011364641093586916,7.873457221405501e-05
1100,-5.080080075256899e-05,9.522116504881954e-05
1101,0.021050539455381184,8.090268426260657e-05
1102,0.018612807848597104,0.00014928277160327537
1103,-0.00021990157932456455,0.0001475590029872317
1104,0.012036766396530271,0.00011427457187726527
1105,-0.010991361430657128,0.00011882522259871309
1106,-0.009640955343707121,0.00012574445066629693
1107,3.123989877014954e-05,0.00010682180888186868
1108,0.008474040048199624,8.73981437751941e-05
1109,0.006789165438156874,8.61279509994244e-05
1110,0.022808703615213654,7.845640377708164e-05
1111,0.017067636475139727,0.00014902140474507935
1112,-0.0017068592499214592,0.00014026332678270087
1113,0.006881826668238728,0.00011115005455910064
1114,0.011211422877106627,9.99266409085039e-05
1115,0.010186077712326935,9.829906907607352e-05
1116,-0.0046652634918237625,9.305566362228695e-05
1117,-3.1958188253794483e-06,8.520999088033943e-05
1118,-0.0002674341396549881,7.377031167131784e-05
1119,-0.011360489286665219,6.635209189681854e-05
1120,-0.0005266849975890536,8.297564128367339e-05
1121,-0.004511323398998446,7.261953573743174e-05
1122,0.012197666115380243,6.95920940707355e-05
1123,-0.003986630249105143,9.304494559091876e-05
1124,-0.009174674965726073,8.596798596394391e-05
1125,-0.0022827610868155694,8.42038551114191e-05
1126,0.0025050245828247436,7.293051509389188e-05
1127,-0.00615281988498124,6.695534073210225e-05
1128,-0.009091755682661297,6.958274936630578e-05
1129,0.01132332934205069,7.37047570833036e-05
1130,0.0061181115156209095,9.434522993422374e-05
1131,-0.0023377021288961443,8.123991687447273e-05
1132,-0.014053295477925082,7.255969108841292e-05
1133,0.007372013807675174,9.59193137705564e-05
1134,-0.00383556201716752,9.750631542642543e-05
1135,-0.004641482371785783,8.71055567464004e-05
1136,-0.0026487941275347994,7.665013358597493e-05
1137,0.010779142087752458,6.874864998022206e-05
1138,0.00036718708891501917,8.420990769793189e-05
1139,0.0004143946765011436,7.348497203195948e-05
1140,0.0004977420103152799,6.623565801266632e-05
1141,0.009833847061112963,6.159293332716374e-05
1142,0.0010004592923975944,7.47309218215339e-05
1143,0.011795763536188206,6.707777520396066e-05
1144,0.011133801610971099,8.637959647228382e-05
1145,-0.008019130573384391,8.68728394368814e-05
1146,0.002659827569916522,9.071417164361464e-05
1147,0.006160202466073626,8.062175535195922e-05
1148,0.0018653512227598432,7.515892873639816e-05
1149,0.0001432423698742367,6.728227585034685e-05
1150,0.006454444848583275,6.223149004513466e-05
1151,-0.0043344083566870814,6.609025755395379e-05
1152,0.0007061284492920109,6.688587355086964e-05
1153,7.754221752962074e-05,6.257206878890863e-05
1154,-0.005177645687966723,5.929082140361575e-05
1155,-0.0004789788032131432,6.16232075040569e-05
1156,4.263948855457913e-06,5.873460953934433e-05
1157,0.0011999042286714805,5.686843003830893e-05
1158,0.006808380685008236,5.594704083397551e-05
1159,0.0030983365750788146,6.23610714640359e-05
1160,0.00354798834576409,5.9658669918920275e-05
1161,0.0048110402495716775,5.9158996902106e-05
1162,-0.007191607119973534,6.004248006151385e-05
1163,-0.019109895806999053,6.859594142984806e-05
1164,-0.007136065142525274,0.00011439921951423471
1165,-0.004802936483920311,9.392567486103678e-05
1166,-0.002472651362489255,8.175108513556733e-05
1167,0.00014022635871379385,7.176363480846534e-05
1168,-0.00861122336814137,6.508250244659541e-05
1169,0.005945547972003524,7.363178199138319e-05
1170,0.0015382071485612386,7.630171678109657e-05
1171,0.0009100544056468326,6.789316174524064e-05
1172,0.002502127917363366,6.275773729845696e-05
1173,0.0067518069815798625,6.029282225079237e-05
1174,0.022983973778586127,6.448203572120975e-05
1175,0.0058525085790926195,0.00013977408947770653
1176,0.0021141338886654245,0.00010805933326412999
1177,0.0011335869035343157,8.838917740795729e-05
1178,0.013845990266754751,7.55764552847918e-05
1179,-0.006485387588399825,9.90190064805343e-05
1180,-0.0005781549140896561,9.67263624878517e-05
1181,0.009156315148676788,8.101261527032475e-05
1182,-0.013987514288724719,8.414310780857759e-05
1183,-0.00806589536252909,0.00011495332733962827
1184,-0.002585413311194593,9.605922426772907e-05
1185,-0.011845420436073796,8.07229611658856e-05
1186,0.010164947659839312,9.302004470810874e-05
1187,-0.015137177444851196,0.00010485452118172943
1188,0.004428969997844877,0.00013868944214978486
1189,0.0077413677843097255,0.00011802877330282229
1190,-0.0010532813500075883,0.00010031669217126106
1191,-0.014989962134165414,8.386061370708344e-05
1192,-0.005741963846968106,0.00010814520961557791
1193,-0.002271657466284429,8.916119572806277e-05
1194,-0.0029341688956829415,7.645397314317793e-05
1195,-0.003578361084069696,6.911309652627001e-05
1196,0.004631077422414027,6.494516933056339e-05
1197,0.006826875605217278,6.542234588684244e-05
1198,-0.004097757663719447,6.662723135509248e-05
1199,0.004122902536986757,6.651640908500965e-05
1200,0.011792773379496711,6.632169662678632e-05
1201,0.011243799993838104,8.099978479419572e-05
1202,0.007699906222603013,8.461001117054179e-05
1203,-0.014586931477044502,7.88572919934561e-05
1204,0.005611061980330785,0.00011149837309262408
1205,0.006924011068341156,0.00010320390271055088
1206,0.004578448544390542,8.916639911612847e-05
1207,0.0033800799592481603,7.806638884788595e-05
1208,0.003482909307912656,7.018764277503267e-05
1209,-0.0029101241563695324,6.55087087113491e-05
1210,0.018424433465013275,6.319895551810644e-05
1211,-0.007687946112154608,0.00012144343636287263
1212,-0.01072479697935855,0.00011899768876563686
1213,-0.00756393620726735,0.00010639751134292439
1214,-0.008603451995240633,9.255030638689284e-05
1215,-0.003514214883881818,8.732040252251011e-05
1216,0.004435938988868331,7.547790448013114e-05
1217,-0.006846170666481353,7.133214684804688e-05
1218,-0.011791368567936396,7.51372224342003e-05
1219,-0.02107142678906091,8.462068313888552e-05
1220,-0.0028824806166503503,0.00013380776274827313
1221,0.007055237062709536,0.0001041630057261994
1222,0.003937819514874337,9.327707982961649e-05
1223,0.007976415172306775,7.962657877092527e-05
1224,0.00032089367179801055,7.934760029116873e-05
1225,0.00454682201938503,7.005210618190405e-05
1226,-0.007580736157227729,6.784594596586414e-05
1227,-0.006238026100498504,7.495194571656864e-05
1228,-0.005745806385652931,7.042237788273996e-05
1229,0.0012497734658186274,6.812592319498941e-05
1230,0.0016168981783612451,6.360788477854667e-05
1231,0.007778877010141764,6.0150255598132054e-05
1232,-0.0037009118109734463,6.733770568651444e-05
1233,-0.006639618656757788,6.691317329070343e-05
1234,-0.002519619992593531,6.720865894021356e-05
1235,-0.003443882191856121,6.25044756027747e-05
1236,0.010286235560729709,6.091606958815155e-05
1237,0.004701842385011439,7.838859523104629e-05
1238,-0.0031556604542472082,7.02167708325616e-05
1239,-0.005331567767186929,6.633065547755725e-05
1240,-0.0003324182392668494,6.516726166020592e-05
1241,0.003964750821747757,6.0966384596124e-05
1242,0.010522477644243413,6.075119176233781e-05
1243,-0.01995165494310157,7.409493091062595e-05
1244,-0.03971902676378874,0.0001477148775439805
1245,-0.0011698696331260726,0.0003215661631261644
1246,-0.027645699133920693,0.00022804475933906014
1247,-0.008001835632366307,0.00030381163520218894
1248,-8.12313381552826e-05,0.00021141093134812754
1249,0.00908753103882225,0.00015271718239010716
1250,0.0006632864535602649,0.0001295576598668315
1251,-0.010499184175247303,0.00010155903061370113
1252,-0.01212588620482771,0.00010146481700762254
1253,-0.002245711479979346,0.00010059663290452852
1254,-0.014708757998642527,8.314784926004817e-05
1255,-0.009801412907817499,0.00010845624598390953
1256,0.00797028982642436,9.583282511526909e-05
1257,-0.012778789641962494,9.493144906428136e-05
1258,-0.014565963901638668,0.00011602008726860183
1259,0.012590681240055362,0.00011527344883942898
1260,0.010270197390643108,0.00013008587605825903
1261,-0.010260393641333852,0.00011037131682544051
1262,-0.012250745409860913,0.00011249978923634801
1263,-0.004256818380319032,0.00010691920944543482
1264,-0.01234210383145589,8.795170976498169e-05
1265,-0.01855046062637549,9.899796218223607e-05
1266,-0.0022508959187355036,0.0001258565352519942
1267,-0.00420764977700904,9.918667213171654e-05
1268,-0.014861875649266052,8.555761021391786e-05
1269,-0.015145501266270397,0.00010650299045097418
1270,0.0040593164514909465,0.0001122468632860193
1271,-0.003917913057942537,9.775807131052726e-05
1272,-0.010697639845741583,8.60429163028995e-05
1273,0.0055793717619291895,8.958111047652696e-05
1274,0.0003283147566796112,8.584841385269572e-05
1275,-0.018337033781571515,7.413789038322166e-05
1276,0.012019173911365156,0.00012164787799767112
1277,-0.0031050497447981914,0.0001380893771629419
1278,0.014635644689891017,0.00011345015115764011
1279,-0.006342664007747256,0.00013402085376341142
1280,-0.007216846175585785,0.00011971545487441025
1281,-0.007075996330259146,9.976731712716891e-05
1282,0.02383273139100053,8.868533002010573e-05
1283,0.011404488727487401,0.00018153945923105974
1284,0.018805945428700895,0.00014053164658719598
1285,-0.016655261280558466,0.00015993555330256944
1286,-0.0008548849312204393,0.00018953749700144956
1287,0.012377177465152128,0.00014081438538605094
1288,0.012888161896186008,0.00013143895251397261
1289,-0.004743924979139099,0.0001210195871387425
1290,-0.0032391139643260227,0.00010398203406173945
1291,-0.020779983283390768,8.58254552127997e-05
1292,-0.0070393667660105025,0.00014403474296440644
1293,0.0038109343421190113,0.00011176982234451477
1294,-0.0051073772101585015,9.34109646289874e-05
1295,0.0016518211761794772,8.472051347708155e-05
1296,-0.003971475899413843,7.458215257365493e-05
1297,-0.0012520726354527873,7.032522589819661e-05
1298,0.011344381252792322,6.415795819196332e-05
1299,-0.010493901507817632,8.220326982405084e-05
1300,-0.015789952971298857,9.937609997906532e-05
1301,-0.001621327719615264,0.00011151455318414514
1302,0.004818738627009922,9.019234419480923e-05
1303,-2.449600836000515e-05,8.017117761528883e-05
1304,0.00862811512132995,7.04798472340215e-05
1305,0.014706250763280575,7.736906327154475e-05
1306,0.009783460824722822,9.656574363313376e-05
1307,0.013791460077658264,8.918529275431497e-05
1308,0.00788679455307139,0.00010157587368056789
1309,-0.008779524735965018,8.858462894695684e-05
1310,0.0003384329995745716,9.205120515487549e-05
1311,-0.015821683676203607,7.872460988740681e-05
1312,0.024198178593903878,0.0001142328364836525
1313,0.0022991295325049815,0.0002196101999294979
1314,-0.007765265797842623,0.00015975259115451107
1315,0.012102152232232275,0.00012870329733701862
1316,0.023008015752025907,0.0001317514264244434
1317,0.0110389433128702,0.00017159531128504963
1318,0.006841146655255151,0.0001356855873090019
1319,0.0016896210324075917,0.00011012805292537087
1320,0.00250986674119676,8.918016103858886e-05
1321,-0.018199201448628667,7.694019931983945e-05
1322,0.02168011680621212,0.0001271613570427774
1323,0.0004281879160373858,0.000209585329813275
1324,0.012695851324060578,0.00015546551557779297
1325,0.007089738060979225,0.00014914761769242363
1326,0.014743670747575457,0.00011669676094731239
1327,-0.0069652110542036075,0.00012563887581677044
1328,0.010713649436320095,0.00011509607192050727
1329,-0.0024924872221798932,0.00011955769063253927
1330,-0.008509251016614346,9.94438322473694e-05
1331,-0.0034923160895363233,9.179241263923901e-05
1332,-0.012046472040284353,7.826235939580835e-05
1333,-0.0070366448764294124,9.196874535710234e-05
1334,-0.008066282842518077,8.135846941750318e-05
1335,-0.0028459619421049853,7.95891591212943e-05
1336,-0.010168261154803845,7.027879285748124e-05
1337,0.0030164787477841926,8.057333363767183e-05
1338,-0.015611602801964608,7.486888053897998e-05
1339,0.010573839824144178,0.00011370481749912221
1340,0.013327004496301474,0.00012438311995883292
1341,-0.004741267642321258,0.00011647033282522524
1342,0.013174846368450186,0.00010110408703310834
1343,0.004094810489142131,0.00011933689192571533
1344,0.0036317076553508223,9.51067571266518e-05
1345,-0.0056282061179317965,8.165167958930549e-05
1346,-0.0018094963657481983,7.799964506486257e-05
1347,0.0012222321951000615,6.900198207227935e-05
1348,-0.006999841745201815,6.360744647931988e-05
1349,-0.006012075402459483,6.883726682830251e-05
1350,0.015762870314418122,6.664518287891254e-05
1351,0.0017518764077191888,0.00010877849106146769
1352,0.00504100233393739,8.875315837808018e-05
1353,-0.0015521281125607973,8.059710242824266e-05
1354,0.01659902983877895,7.178073277201289e-05
1355,0.016254126500119113,0.00011459235204449318
1356,-0.014296456851483565,0.00011922861367962394
1357,-0.0017663207460346005,0.0001430411067326552
1358,0.0011885737459508704,0.00011027678707240901
1359,-0.0025582931127661294,8.933598587489638e-05
1360,-0.0021353600031758747,7.733014743292994e-05
1361,-0.00687510261894578,6.895568161147685e-05
1362,-0.005155503430353792,7.051435610798549e-05
1363,0.0013088770750175854,6.670420927004643e-05
1364,-0.00185153706640643,6.260598541840821e-05
1365,0.0018810318294517458,6.01734541390327e-05
1366,-0.002906782946802125,5.870008035390645e-05
1367,0.004585108469964121,5.878105679604209e-05
1368,0.014401609944414733,6.15968355072497e-05
1369,0.01267809436537354,8.853962400716362e-05
1370,-0.006666233673909691,9.222420715401466e-05
1371,0.00682319900372679,9.067044833983719e-05
1372,-0.003350693290814106,8.941496822772287e-05
1373,0.012912662870940301,8.054392163311954e-05
1374,-0.0013402673177120518,0.00010342103908067953
1375,-0.012055293506070484,8.790385377405379e-05
1376,-0.006616910471499722,9.627220638426207e-05
1377,0.007884275656705565,8.356703877462618e-05
1378,-0.002997567389358996,8.541834493140713e-05
1379,0.007784335567978751,7.749910892641948e-05
1380,0.00620270620408738,8.160886249164825e-05
1381,0.010668737253109066,7.44850061516503e-05
1382,0.011961830311943214,8.281774062439726e-05
1383,-0.009879815966454153,8.867936788723048e-05
1384,-0.0011393863637915126,9.963018450616908e-05
1385,0.009727098547932383,8.2825795278773e-05
1386,0.025211550069163924,8.705856711203811e-05
1387,0.01651829139552542,0.00016586632272563975
1388,0.0009554415097717453,0.00014731291327737292
1389,-0.02027923607691863,0.00011282249330764659
1390,-0.03154089005342977,0.00015808083449789714
1391,-0.039031373491051284,0.0002460352471632449
1392,-0.05455068137071823,0.000362306986571958
1393,-0.019420280178427278,0.0006305738846514997
1394,-0.013777275615149938,0.00043137659208287727
1395,-0.03569860266692584,0.00031422788070465594
1396,0.023995731049295366,0.0004037777737828842
1397,-0.01850685238941644,0.00043367397677814224
1398,-0.013765917643223822,0.00039623783414383134
1399,-0.023835236539389168,0.00028133773386938946
1400,-0.004508208118577759,0.00027855567819888593
1401,0.0022530717536697097,0.00019484262269080417
1402,-0.009263508814502401,0.00014314915248700023
1403,-0.009091529696412413,0.00012578977881607054
1404,-0.0038512328332583456,0.00010743008485247016
1405,0.005847742234179228,8.839622474897782e-05
1406,-0.004938620661111466,8.225683033019316e-05
1407,0.0012330621640759048,7.819623007817244e-05
1408,-0.008654824389894481,7.014892672571958e-05
1409,0.00597745847839887,7.820707713971271e-05
1410,-0.010013053429868928,7.950765559795987e-05
1411,-0.001180145410186349,9.269574030068536e-05
1412,0.0029470668225804655,7.842994252662637e-05
1413,0.007951225620023048,7.045518952778038e-05
1414,0.015278580678441489,7.344158138857937e-05
1415,0.015461831310743029,9.799179753079652e-05
1416,0.0167606481231043,0.00010839989432557272
1417,0.01195299181457298,0.00012184151650866131
1418,0.01055438422145604,0.00011025035999088722
1419,-0.004513518795268403,0.00010194245143808787
1420,-0.0015839130462228495,9.067764221840343e-05
1421,-0.01139135925494345,7.693011874356478e-05
1422,0.013238161097557858,8.992595063294857e-05
1423,0.005505517418920596,0.0001172842893580236
1424,0.0007872292991823837,9.45114281136649e-05
1425,-0.015014283908287908,7.933903308423194e-05
1426,-0.011505298688163546,0.0001081118791273384
1427,-0.003261246372246404,9.97631374351372e-05
1428,0.014738352244175636,8.30149191818984e-05
1429,0.0010865766253470182,0.00011029146287509557
1430,0.01839297634855754,8.990700244344393e-05
1431,0.01268331888900629,0.0001360266606679149
1432,0.0019274938057915801,0.00011847923685315647
1433,0.012421597752653753,9.43687023503598e-05
1434,0.010050947633686367,0.00010513399846145708
1435,-0.013496750558861934,9.547311033393154e-05
1436,0.003459167505411147,0.00011803815264200442
1437,0.0056018981364700975,0.00010132182860065745
1438,0.005490151138064135,8.664787355056958e-05
1439,0.0011233137217611592,7.797608790120346e-05
1440,-0.004099107775153359,6.894878418768434e-05
1441,0.0049138892254694715,6.615853706401139e-05
1442,0.0022368521647250284,6.712457367050387e-05
1443,-0.019121322829414433,6.231882264224552e-05
1444,-0.007858675916383099,0.0001221271944365291
1445,0.0023158266972190694,9.919657741497577e-05
1446,0.0045386776302933285,8.389738629919578e-05
1447,0.002854927446693314,7.52211687189778e-05
1448,-0.004455426754077195,6.792495822166853e-05
1449,-0.011210473970683003,6.664375601948185e-05
1450,-0.02148144467878737,7.938811751053947e-05
1451,0.006961677498016358,0.00013313566684061158
1452,0.006378830041590676,0.00012375866991971626
1453,0.0025153156601447207,0.00010055177717716993
1454,-0.0033698453506839053,8.358187090062555e-05
1455,0.004619876283025647,7.478472501045977e-05
1456,0.006864259260117478,7.182359547205428e-05
1457,-0.00515089267160006,7.066754416848931e-05
1458,-0.01600890566532582,7.111803987393483e-05
1459,-0.019537081963937105,0.00010108343109103876
1460,0.004572418866027816,0.00012939746241062423
1461,0.008908909143723302,0.00011191692536346965
1462,-0.002559303102725926,9.91552366553224e-05
1463,0.01802963713508925,8.500694157327754e-05
1464,0.0014161245414151347,0.00013331449603684213
1465,0.00412666035645555,0.00010469981292260534
1466,-0.003857890301341855,8.933426920486484e-05
1467,-0.007623376673566731,7.997219277490032e-05
1468,-0.02132787314335742,7.761320721795904e-05
1469,-0.0002313746527103816,0.00013587446831726818
1470,-0.009133337583302273,0.00010781304170810887
1471,-0.005248666883621142,0.00010428608802182935
1472,-0.0067614171411176874,8.71909157391254e-05
1473,-0.0016535400592207886,8.100183985324816e-05
1474,-0.0030356745629714493,7.086966648451839e-05
1475,-0.006771234310335417,6.595318906647326e-05
1476,-0.014824196975455003,6.779942440745697e-05
1477,0.022465301017608456,9.352537215167449e-05
1478,0.02153871488250819,0.00018615911928827707
1479,-0.004061906019873556,0.00018187417449146978
1480,0.011065052278563348,0.00014344239752659278
1481,-0.004360547726962803,0.00013674999132254738
1482,0.013293701901224461,0.00011397237287346141
1483,0.0167293384233074,0.00012806173455843562
1484,0.02525015904404328,0.00013201861039748402
1485,0.012905171277677515,0.00018766261813993698
1486,-0.01364596774159444,0.00014937950731786794
1487,-0.0008188631084352277,0.00015347082319038755
1488,-0.002193216849048254,0.00011725045476604412
1489,-0.008693468582297404,9.479988896268242e-05
1490,-0.003539160962657386,9.067886322667641e-05
1491,0.005026355576195799,7.750283036720619e-05
1492,-0.006920096638371718,7.357801281147815e-05
1493,0.0019749744932491833,7.705491832748645e-05
1494,0.01183829968182666,7.058153947608755e-05
1495,-0.008359078269024099,8.503646453593492e-05
1496,0.009216630281096405,9.245100600502952e-05
1497,0.007264465584811931,9.994446656039915e-05
1498,-0.00045450445225519293,8.681106455006589e-05
1499,0.0002712588506014039,7.485131172840803e-05
1500,0.0044718895565469905,6.703757943960811e-05
1501,0.01033450510285555,6.527245265648985e-05
1502,-0.011539041071993892,7.598371306151681e-05
1503,-0.01169200343552191,9.831144875385001e-05
1504,-0.011524677151845056,9.511647594470032e-05
1505,-0.010364393658804594,9.552615327506256e-05
1506,0.002083933716897676,9.176989542014304e-05
1507,0.0052985551659505085,8.004164897326612e-05
1508,-0.007804267206758848,7.367696996688001e-05
1509,-0.00037716818343009717,7.909580367125715e-05
1510,0.012787241870956595,6.99854639014695e-05
1511,-0.001811647155194776,9.02386959971849e-05
1512,-0.009911074764741888,7.987448474069554e-05
1513,-0.0013164303030468926,8.381560790865714e-05
1514,0.009463728201885444,7.265742075233222e-05
1515,0.0047934496400261215,8.034745102560591e-05
1516,-0.011998054709067353,7.182037646706894e-05
1517,-0.0032068205917190964,9.17817725488945e-05
1518,0.007184872953295977,7.767363059113123e-05
1519,0.007004312132212689,7.776317979086844e-05
1520,0.0078038600894592075,7.39090025534148e-05
1521,0.00854085700996161,7.389386716036717e-05
1522,0.0005528336393230517,7.504133660616997e-05
1523,-0.011748357583966107,6.724456341560881e-05
1524,0.008060509005142666,8.472173476078178e-05
1525,0.00381899737853898,9.153356552261969e-05
1526,0.0006137712982062324,7.792502728032701e-05
1527,0.0007441051572119493,6.89238747781938e-05
1528,-0.002970051581566338,6.334171911800775e-05
1529,0.001550044288771032,6.1389550855504e-05
1530,0.0042293811060625346,5.934073508156346e-05
1531,-0.008871225423725584,5.9653293232641496e-05
1532,-0.013479181306579687,7.312883093025857e-05
1533,0.00408419186329327,8.816837813327271e-05
1534,-0.0016324035773415042,8.23464134451263e-05
1535,-0.00036647189176169893,7.316128243751227e-05
1536,0.007846947250061338,6.593137242834914e-05
1537,-0.02095179961393661,7.162813294166046e-05
1538,-0.0014746190977771446,0.000150682407933116
1539,0.017593429893964264,0.00011626524355367493
1540,0.004349243698974531,0.0001413496965016194
1541,0.022165561284911036,0.00010884797132141078
1542,-0.00043434789630707296,0.0001697858327568347
1543,-0.0002607128470579001,0.00013070772382738072
1544,0.006418485929903188,0.00010213884311921458
1545,0.009520539164066985,9.071887813662993e-05
1546,-0.0063104957070950415,8.836343395619417e-05
1547,-0.00583852015018004,8.62566072756158e-05
1548,-0.0035735709077191996,7.710368920407787e-05
1549,-0.009619249745059606,6.963493627565608e-05
1550,-0.012701938946293252,7.754503599996895e-05
1551,-0.002789385833705538,8.846902479082129e-05
1552,0.00040041670999922105,7.558282431101027e-05
1553,0.006859575102900073,6.748628746386098e-05
1554,0.004608268880820623,7.004505634573573e-05
1555,0.008046876475854479,6.571235825765054e-05
1556,-0.0013427049814861156,7.043573475240705e-05
1557,0.012493258615230346,6.559011761229088e-05
1558,0.00024361129205029974,9.000497957577755e-05
1559,-0.0008258011653525103,7.750207276905122e-05
1560,0.006266485259240704,6.86637001998467e-05
1561,0.007371305027070513,6.985646698271941e-05
1562,-0.004545269964322898,7.005417057060535e-05
1563,-0.018252999251854012,6.962639381344449e-05
1564,0.001948812834820748,0.00011275613741899696
1565,0.008832019853489961,9.579184173913453e-05
1566,0.003539457238513891,9.01429919022977e-05
1567,0.0026503982859288375,7.722404583798378e-05
1568,-0.001555259420472949,6.932361930400528e-05
1569,0.005603597965957836,6.419864670395715e-05
1570,-0.0009243140064138776,6.639941658874554e-05
1571,0.0069627989369404905,6.246471519407507e-05
1572,-0.0010563549644080643,6.845304784382301e-05
1573,0.007392563029644741,6.408734356178576e-05
1574,0.005665699147549068,7.080349983472169e-05
1575,0.006387211544404517,6.718740328200765e-05
1576,0.013767565611684827,6.737581580811565e-05
1577,-0.002347615005812356,8.91481907479046e-05
1578,-0.004767617064463475,8.007388720862306e-05
1579,-0.019484670543710492,7.263156019011026e-05
1580,-0.01146837356987771,0.00012459820334394828
1581,0.0016164625228023645,0.00010799341262282037
1582,0.0077665721404355775,8.949237091181075e-05
1583,0.006402736489249998,8.469539052902675e-05
1584,0.002198099118187064,7.727410183252933e-05
1585,0.006145382774223451,6.873858877857284e-05
1586,0.009105935174914646,6.901574920149231e-05
1587,0.015551402069652814,7.381565830180418e-05
1588,0.014851303621123897,9.902371758414384e-05
1589,0.009114448504205269,0.00010636895652263137
1590,0.007613510419760517,9.421634231189342e-05
1591,0.0066051719851316975,8.571168786086745e-05
1592,0.006519452934975546,7.856983072605254e-05
1593,-0.002870382275534901,7.427637600724385e-05
1594,0.01528678660901333,6.929853864407059e-05
1595,0.004093938681989154,0.00010720954294757253
1596,-0.011212385748937912,8.739592388554447e-05
1597,0.0027001174703534508,9.665258999417181e-05
1598,0.008213875419524199,8.494424322052095e-05
1599,-0.004235706488833911,8.199924705264199e-05
1600,-0.011614532439794703,7.696581516524201e-05
1601,-0.01177662037298158,8.667630099646016e-05
1602,0.014307943828050411,9.003142457168218e-05
1603,0.001301228467622364,0.00012121451509712776
1604,0.0017980802312706713,9.678988470596493e-05
1605,-0.013356365069039724,8.158239905753348e-05
1606,-0.006680999590604448,0.00010335619159637069
1607,0.005042120917552595,8.736018971673455e-05
1608,0.004807191745278167,8.056480705471601e-05
1609,-0.008924328381896727,7.276223859519714e-05
1610,0.007872386364638164,8.14153826561208e-05
1611,0.008963557791657117,8.748383323517868e-05
1612,0.017518571839828495,8.301867532643023e-05
1613,-0.0052817897933161604,0.00011574599915234299
1614,0.006569646556856533,0.00010508601292434558
1615,0.008558475613408544,9.766887739652279e-05
1616,-0.017544148246389956,8.919849989297372e-05
1617,0.005089403755496213,0.00013650760624297695
1618,0.008251224267880162,0.00011928875188605995
1619,0.004198188650894953,0.00010178449242938652
1620,-0.003399057927547669,8.528677162284783e-05
1621,0.003980278614881594,7.621706971009537e-05
1622,7.657264772847464e-05,7.17234884587533e-05
1623,-0.008202553982095037,6.515876129891918e-05
1624,0.0036639108971116656,7.172430527095541e-05
1625,0.00520972184470375,6.977419419152661e-05
1626,-0.0025727900932008894,6.665243120608993e-05
1627,-0.009448864505588671,6.380628107084689e-05
1628,-0.010052429445472027,7.293850591926705e-05
1629,-0.00012274589686327693,7.72623920786312e-05
1630,-0.015040496585854757,6.891335792665936e-05
1631,-0.008043325907395931,0.00010303239299063836
1632,-0.02809978414107938,8.869091132424454e-05
1633,0.0058115025303030685,0.00019938047088330287
1634,0.009219062093860834,0.00016697799894017896
1635,-0.00672896835557339,0.00013278117680420634
1636,-0.010531992471523652,0.00011451757106298613
1637,-0.01144116233068564,0.00010510055867388498
1638,-0.003928148633995723,0.00010156317090033082
1639,-0.000983932246643975,8.438957987792208e-05
1640,0.007886630568954795,7.302651472433445e-05
1641,-0.007284306021191605,7.663879620726064e-05
1642,0.0012806915026161686,8.154320224065731e-05
1643,0.004637555358801583,7.281964195575245e-05
1644,-0.014571824818078186,6.839874618836754e-05
1645,0.000572186997462516,0.00010286163154654786
1646,-0.013479691103066396,8.691715525823397e-05
1647,-0.02735539766881604,0.00010876369387390972
1648,0.007142087211627655,0.00018880292842567479
1649,0.004420952932521957,0.00016344030652393747
1650,-0.007132333083387458,0.0001232085641156695
1651,0.013234886003099758,0.00010688197692318511
1652,-0.017263141489138246,0.00012390938915078252
1653,-0.01233098057130451,0.0001672314919585491
1654,-0.013910382553088364,0.0001361779468398272
1655,-0.016859412964545517,0.00013069309919939805
1656,0.011497518563861222,0.00013670372570650908
1657,-0.0025682279685134476,0.00014097417422300246
1658,-0.015223409153373214,0.00011365503081407709
1659,0.011438639671899021,0.0001247661312138673
1660,0.00894963110534788,0.0001329369076744058
1661,0.0029535530479143837,0.00010951219850904302
1662,-0.008946355598786863,8.923627350646366e-05
1663,-0.0127673972730361,9.058507406889505e-05
1664,-0.010398048776326812,9.671424614268651e-05
1665,-0.003462053261772321,9.194207041864873e-05
1666,0.0016449852323586443,7.824548468359592e-05
1667,-0.0036256490719344787,6.979461107938383e-05
1668,0.0072522696751424155,6.655760108181053e-05
1669,0.003901042455725106,7.278520361990833e-05
1670,0.001181611754817494,6.653034500016278e-05
1671,-0.00862712218452598,6.1847101224349e-05
1672,0.0052417831258578995,7.179614224267015e-05
1673,-0.007001042596019759,7.343044862833987e-05
1674,-0.004105501802062875,7.812149301093151e-05
1675,0.007011073416992322,6.997995590861966e-05
1676,0.012844095543687874,7.33980347194374e-05
1677,0.001798313385838351,8.759599927353445e-05
1678,0.007266149331362768,7.50283804898542e-05
1679,0.0021264776329067074,7.625660150915308e-05
1680,0.00530204223103659,6.792714356398905e-05
1681,0.0038469042196446613,6.715159500060777e-05
1682,0.008418499160658139,6.345408431711344e-05
1683,-0.007528254764175627,7.020273446283897e-05
1684,0.0019271309112571808,7.814608287211325e-05
1685,0.0025919380254969056,7.149214530611946e-05
1686,-0.001751888907050552,6.54254413029753e-05
1687,-0.0003450839579489227,6.18260390048286e-05
1688,-0.008936675450486363,5.8808088215473124e-05
1689,-0.004747131488742637,7.042672079011594e-05
1690,0.00933863149743914,6.562794161338096e-05
1691,0.007085378907672656,7.782888543800293e-05
1692,0.00881912779986473,7.313575833394564e-05
1693,-0.005070522030976189,7.6111089055673e-05
1694,0.0006614448368633569,7.527107405637164e-05
1695,-0.0013256451139870451,6.794221388998796e-05
1696,-0.004650985370045817,6.315794690082455e-05
1697,-0.002028277793986465,6.274746591892904e-05
1698,0.004050488781055732,5.960622343817283e-05
1699,-0.006561816066418123,6.050884390296756e-05
1700,0.003745014379087496,6.731495353942572e-05
1701,0.001022542647891009,6.694132527506099e-05
1702,-0.0022674932286734814,6.201806280045248e-05
1703,-0.0030164408895909773,5.978384917004857e-05
1704,0.009892407372734615,5.862300589956905e-05
1705,0.0019091211196285212,7.508242255905525e-05
1706,0.011364649582609708,6.713650539622582e-05
1707,0.011376611875205247,8.408696333545606e-05
1708,-0.011897782489507125,8.651981318228512e-05
1709,-0.011506991809798752,0.00010618496852911044
1710,-0.010230103695479904,9.93423676548621e-05
1711,-0.0021547920741426634,9.437408214427602e-05
1712,-0.01630553601322103,7.926576209089173e-05
1713,0.003934297022583213,0.00011408243926285986
1714,0.028351562533451755,0.00010051059275129354
1715,0.006399429380604146,0.00020463071555317926
1716,0.003021919827778567,0.00014857137838990286
1717,0.003423622791438329,0.00011461511697673823
1718,-0.005453225917003018,9.329958938315684e-05
1719,0.0014976832546209227,8.470313516970063e-05
1720,-0.003682472693915154,7.443014626236205e-05
1721,0.004885238704822213,6.975531206881916e-05
1722,0.001001567018809191,6.937072543008487e-05
1723,-0.005132972782172254,6.354789005586319e-05
1724,-0.013384627861120104,6.426250543227939e-05
1725,0.0013601682545792326,8.598266136677229e-05
1726,0.004811535854310101,7.652785009782709e-05
1727,-0.012242844985317693,7.074469330090108e-05
1728,-0.00048767107052932165,9.317817302001397e-05
1729,0.0017310970406916287,7.930050455244278e-05
1730,-0.0005629991372671098,7.005059372766063e-05
1731,-0.0037774345685494576,6.408398005289869e-05
1732,0.0037482728386332475,6.241700581733053e-05
1733,0.002030127543491496,6.25747278525613e-05
1734,0.003478565580403972,5.948308545757872e-05
1735,0.012988291930189614,5.911696270805009e-05
1736,-0.014007397135809105,8.268191144569719e-05
1737,-0.002826896330201133,0.00011799815742076008
1738,-0.00722464536441806,9.412002465308667e-05
1739,0.0037155487641352203,8.816169434075427e-05
1740,0.0037781518431917356,7.993764306477294e-05
1741,0.0051249275393547445,7.140675681262017e-05
1742,-0.019872486139603966,6.833794841213768e-05
1743,0.0010684677719455925,0.00013587974192161783
1744,-0.0008209848821563954,0.00011010692471141797
1745,-0.003316153275315043,8.973287154582368e-05
1746,-0.01387367827294846,7.776112246267671e-05
1747,-0.0010455989840973143,9.849497950815413e-05
1748,0.007197223805088564,8.230038708045397e-05
1749,0.0074930131757316755,7.956716703315768e-05
1750,0.017415040303961002,7.618037690920676e-05
1751,-0.0015858787040516488,0.00011184311524238626
1752,-0.005402693548009491,9.426235119687612e-05
1753,0.009721445764959117,8.241850331132439e-05
1754,2.827501275138228e-05,9.075381152717549e-05
1755,0.011604819806966378,7.774736101424485e-05
1756,0.00529016542856575,9.326002985630979e-05
1757,0.02175535443811631,7.987038670350584e-05
1758,0.014612010964838587,0.0001457014794939177
1759,0.0038316909887960537,0.00012918412603337294
1760,-0.004405673665531486,0.00010158569765430366
1761,-0.00067604323372247,8.758052231286876e-05
1762,-0.007236284038950629,7.498755664101546e-05
1763,-0.016202354199271893,7.604381196395074e-05
1764,-0.010829988422533887,0.00010415180803854241
1765,0.007690131965380959,9.564439238663425e-05
1766,-0.0009569482955577516,9.45930735353205e-05
1767,-0.0072852131897115716,8.075988179341126e-05
1768,-0.0061844215003881335,7.824505938533243e-05
1769,0.013474216790503075,7.300746024446957e-05
1770,0.0010674055702091835,0.00010107136161189423
1771,0.012088519391777741,8.40522835106152e-05
1772,0.004186750638271554,9.900423613959631e-05
1773,0.0003040501632588893,8.258511544394922e-05
1774,0.01147396265159137,7.183677627773729e-05
1775,0.011240218137550726,8.729743443791412e-05
1776,-0.00491842568208413,8.808145957926616e-05
1777,-0.007040557869550231,8.295085184121907e-05
1778,0.0005850848139611532,7.745277366162392e-05
1779,0.0021390005706154462,6.912980093868493e-05
1780,-0.0010526387755472567,6.392477298427215e-05
1781,-0.011324529488744245,6.0463080659327945e-05
1782,0.006911062272956394,7.846237723567019e-05
1783,0.010179874447358253,8.344766622949418e-05
1784,-0.0015382554782411757,8.396546752729855e-05
1785,-0.004487488792085754,7.447549586611016e-05
1786,-0.008379099638788105,6.92061740565993e-05
1787,-0.03122956607054352,7.315537155831156e-05
1788,-0.02308011649449161,0.00021423766180741393
1789,-0.040202706896481866,0.00020305609377917284
1790,-0.012781287701918305,0.00037455390741613644
1791,0.016363229429449292,0.0002597129587911687
1792,-0.002367240874029428,0.00023426229786082653
1793,-0.020103349440986233,0.0001730118675137514
1794,-0.02537194838189544,0.0001886560704451376
1795,-0.011027232126218207,0.00021623568683493586
1796,-0.0032766275232427593,0.00016308528889530957
1797,-0.01037626052045876,0.00012298437946333215
1798,-0.007116281074367701,0.00011398400684865249
1799,0.003647023453784111,9.586600301771952e-05
1800,-0.001168737074025762,8.387633557714872e-05
1801,0.021464352354282883,7.341350197065296e-05
1802,0.011729600816627293,0.00014691775847882398
1803,0.020514974499130038,0.00012101577882848019
1804,0.003817010719840068,0.00015697634161389922
1805,0.013652637735551917,0.00011853170126402842
1806,0.013030241357813797,0.00012589834797922423
1807,0.007108109660041226,0.00011662045968493495
1808,0.013880676831159603,9.742420975465614e-05
1809,-0.0007921879847176711,0.00010898006659352493
1810,-0.0011240311327634898,9.039171425684987e-05
1811,-0.009138375511939528,7.676606728300122e-05
1812,-0.0033770300022707635,8.199268125668249e-05
1813,-0.011026296828244643,7.185193932785252e-05
1814,-0.01964752949162115,8.444472049105354e-05
1815,0.009480484200613055,0.00012428210846345932
1816,-0.0042091085310058595,0.0001267813457700943
1817,0.011903103206125164,0.00010759029470703721
1818,-0.02292146950281792,0.0001174325580969827
1819,0.002219324457288335,0.0002046624259439371
1820,0.0016636440008691768,0.00015792794565980505
1821,0.012739215871690286,0.00011912999443360846
1822,0.008743150345823014,0.00012201322328766697
1823,0.0036769948699696647,0.0001029146868743051
1824,-0.0087457705627778,8.55812469509569e-05
1825,-0.006249262778417887,8.811218927931028e-05
1826,-0.00948915078680054,7.849279400344382e-05
1827,-0.019577591553519586,8.17161373764857e-05
1828,-0.004958750127755044,0.0001247429815539879
1829,-0.00657669509728083,9.858146722131484e-05
1830,0.013300312413526687,8.858651018549274e-05
1831,-0.0004879608347558345,0.00011151088283924016
1832,-0.005854359023434962,9.204425132083852e-05
1833,-0.017766449122765992,8.222043517691703e-05
1834,0.007838695445655406,0.00011866004972010223
1835,0.0060319569699282365,0.0001158991645878046
1836,-0.009891202709495096,9.507120526357035e-05
1837,-0.0006805063750023843,9.880338454553846e-05
1838,-0.003416003877046707,8.240074113260475e-05
1839,-0.012946118052778809,7.406091707579962e-05
1840,0.001201570752298492,9.148411112611151e-05
1841,-0.0011377851419486927,7.973643510953202e-05
1842,-0.008271702451559225,7.065671673306238e-05
1843,-0.013700458091100811,7.481566695220591e-05
1844,-0.0011274820718488426,9.154958483642266e-05
1845,0.004211731902774516,7.777335909104893e-05
1846,0.00456142576280661,7.142277936286645e-05
1847,0.007127097863683401,6.72034640058644e-05
1848,-0.006043845576248207,6.898829190387521e-05
1849,-0.021244108393184486,7.240675674422875e-05
1850,-0.0068685839194166775,0.00013106112267037814
1851,0.002812792316827983,0.00010359569285502937
1852,0.013804460545444661,8.696188835072494e-05
1853,-0.0018361110843339006,0.00010353324031026492
1854,0.0017391782655919636,8.844473497645025e-05
1855,-0.003929843354526139,7.671653937211224e-05
1856,-0.0032905996557302196,7.153349687998881e-05
1857,0.009239240883194512,6.584604215504658e-05
1858,0.0074172581478941235,7.727125155442586e-05
1859,0.002945556333604356,7.344666485237468e-05
1860,-0.0004994644661774199,6.66660102411092e-05
1861,0.010810647552770074,6.197393307904571e-05
1862,0.02306532522552475,7.925448893500899e-05
1863,-0.00922977535823063,0.00014268730294969477
1864,0.0014318094460721558,0.0001403056527341002
1865,-0.017904468790393934,0.00011105162551496562
1866,0.022029946210584184,0.00014907023101878365
1867,0.01350633741782533,0.00022650816501906907
1868,0.015371622611244529,0.00017345799765270257
1869,0.02912545886740606,0.00016045167047656068
1870,-0.03248861903664605,0.0002373618505224677
1871,0.011085612792733431,0.0004110074887429792
1872,0.023279332535033805,0.0003380293027188812
1873,-0.012818008284886556,0.0002955780654914766
1874,0.012044311686209001,0.0002531219697074723
1875,0.0037695899771594335,0.00021936078584234713
1876,0.00040010930696128896,0.00015774455820415182
1877,-0.004633620552055396,0.00011902559337175972
1878,-0.00026297236991036714,9.841786163855376e-05
1879,0.003853411293068116,8.185739574497118e-05
1880,0.010299978400155271,7.369814268748288e-05
1881,-0.00045175803073497334,8.158595299354268e-05
1882,-0.0023494735877109497,7.219036949026324e-05
1883,0.005441892589692622,6.589094626890858e-05
1884,-0.009780866449059303,6.70716206109551e-05
1885,0.0013870369023631882,8.240727401889255e-05
1886,0.012789587913962017,7.396279157511314e-05
1887,0.0028349443910894298,9.085274841271387e-05
1888,-0.0025942094133627786,7.704778512311266e-05
1889,0.003289577628541693,6.956053891998239e-05
1890,0.0007522751212198274,6.614375712482683e-05
1891,0.005664863284795716,6.15170282746847e-05
1892,-0.0009555329370003431,6.403465702985738e-05
1893,0.0022660016293379096,6.0951602114032834e-05
1894,-0.0011695893141390734,5.948827534240168e-05
1895,0.0013231035280205719,5.7840837803742975e-05
1896,0.010242322396409449,5.6779614771622836e-05
1897,0.0008709265917164397,7.214556519822014e-05
1898,0.003996133285745785,6.551230381719809e-05
1899,0.0028069015634226892,6.414329957436347e-05
1900,0.01507511121537369,6.089277925978856e-05
1901,0.008163819504289753,9.45196296139885e-05
1902,-0.003957994267928312,8.379011275939212e-05
1903,-0.01438125844605075,7.683274072609655e-05
1904,0.009835709664589899,9.825715988096993e-05
1905,0.00664833553929222,0.00010834293140332931
1906,0.010616529656848095,9.078408778130836e-05
1907,-0.0020577645090589193,9.310489321983251e-05
1908,0.008670795472529972,8.122938122336698e-05
1909,-0.005986571525956587,8.621694224633004e-05
1910,-0.0009546021232493008,8.474303787057482e-05
1911,-0.008517166405431665,7.326860889447442e-05
1912,-0.0030644408900372734,7.861616374396146e-05
1913,0.0029921561963102018,6.962348419272496e-05
1914,0.011899670275211546,6.548765848861207e-05
1915,0.0016975067211040308,8.235631924705784e-05
1916,-0.004790551851339366,7.175602869722896e-05
1917,-0.0014178551361366688,6.870626914891594e-05
1918,0.00993951543453907,6.316068515428363e-05
1919,0.0028693620438777307,7.660917749221301e-05
1920,-0.0050803354723232665,6.819524606314804e-05
1921,-0.003765406438179664,6.744204984599709e-05
1922,-0.0026747372391525233,6.354810443150588e-05
1923,-0.013124972301767707,6.0646562995488935e-05
1924,-0.002135523751499548,8.519588726437815e-05
1925,0.007292230579718071,7.351310171765651e-05
1926,0.0004933739738085538,7.486534088790739e-05
1927,0.015912092056806902,6.715492258192945e-05
1928,-0.00507297758851049,0.00010591019576113122
1929,-0.015245480906680015,9.832814364572236e-05
1930,0.0021950089634245806,0.00011252487453054077
1931,-0.017155583998082015,9.479978011219191e-05
1932,-0.00549623873933213,0.00013518736820838643
1933,-0.01154665849415368,0.00010537491926975056
1934,-0.018011000462466193,0.00010722226280153795
1935,0.008935389457548014,0.0001288954286599416
1936,0.03145123466398059,0.00012584410141201064
1937,0.013973475417849301,0.0002402131179858517
1938,-0.0053475756264048015,0.0001816174417791741
1939,-0.03872137494566198,0.00014224595910111113
1940,-0.02599509689392495,0.0003435081821367132
1941,0.02005366559304722,0.00029222472429902305
1942,0.0032501164109016135,0.00029904968264489007
1943,0.003921093298031065,0.00020816366939120062
1944,-0.008548189392967793,0.00015371702523968834
1945,0.017129126267399417,0.00013144981654424363
1946,0.007836443923506811,0.00016376658283610105
1947,0.003597761597734287,0.00012537654405559548
1948,-0.008490178041371149,0.00010000983241909257
1949,-0.008883866344387382,9.661851468788594e-05
1950,-0.015229454819645851,8.894950762301229e-05
1951,0.002284132191085402,0.00010785682755992379
1952,0.008748166198278833,9.211396598009237e-05
1953,0.01577984434994485,8.779731772151335e-05
1954,0.005741077433136923,0.00010907396424603358
1955,-0.011345512253863512,8.980493128720266e-05
1956,-0.005591814844653989,0.0001003336974907729
1957,-0.0170114853386621,8.463818101618374e-05
1958,0.009334969730320096,0.00011825839435282206
1959,0.026176688979481395,0.00012140569941597856
1960,0.0038842396858595604,0.00018978015237894176
1961,-0.02091080392476861,0.0001392759123995853
1962,-0.0022902731351661086,0.0001797152775018712
1963,0.0035061313150809644,0.00013345578044050447
1964,0.015766778486294982,0.00010538769066532605
1965,-0.01748287075294666,0.00012471849690267808
1966,-0.020447065787289227,0.00016974465785563728
1967,0.004675585663875856,0.00017083769616776159
1968,-0.01532143290254591,0.00013803938300865537
1969,-0.01601583744309536,0.00015515966750326193
1970,-0.016645983231304354,0.00014383311720055612
1971,0.0010562132808711328,0.00014364029399758713
1972,0.001491914191922452,0.00011278744429324865
1973,0.015720335585612435,9.087179133433734e-05
1974,0.015397454284651986,0.00011794322260389363
1975,-0.0006271955224105852,0.00011908577088588173
1976,-0.011549506229007802,9.640261946999478e-05
1977,-0.008279124036083912,0.00010054829557848226
1978,-0.006661185735214867,8.92528818513694e-05
1979,-0.00629953208807962,8.0971816453197e-05
1980,0.004454450909419073,7.535442521153648e-05
1981,0.018953371015093104,7.243356325219758e-05
1982,0.02244428574249652,0.00011896398070913954
1983,0.006236307219187377,0.000154105371147205
1984,-0.010387765039697381,0.0001176785063137591
1985,-0.0021852515390982613,0.00011379616648348958
1986,-0.014236609470732338,9.14274741252244e-05
1987,-0.007413516821470309,0.00011158990959896405
1988,0.004836379368176188,9.34305938597714e-05
1989,-0.014294424834563328,8.42315068407185e-05
1990,0.0013539609298971573,0.00011324063192944754
1991,-0.005630989539896416,9.454601468469103e-05
1992,0.0030530618820734314,8.660377991383082e-05
1993,-0.006266424349575781,7.762516959216819e-05
1994,-0.011539589412347718,7.739000915923074e-05
1995,0.003659610394196035,8.564632972116697e-05
1996,-0.0009383735423794645,7.92887660013924e-05
1997,-0.001042295869057812,7.052228538372269e-05
1998,-0.008996525925541917,6.43272139931372e-05
1999,-0.002986531737722927,7.363914260331524e-05
2000,-0.010652974465738043,6.644917129830027e-05
2001,-0.00881050158256498,7.998304563515513e-05
2002,-0.012709596150734137,7.769849867039233e-05
2003,0.0011140871039417807,9.043216925345628e-05
2004,-0.01945104804147031,7.87622305242916e-05
2005,-0.00041383498903571457,0.00013791818134774908
2006,-0.002270937906678421,0.00010891356364887613
2007,-0.008754887337251825,8.991762834771276e-05
2008,0.0023357578095033085,8.757743295338487e-05
2009,-0.006103687535411985,7.767623861346112e-05
2010,0.007971100304919803,7.684237967525838e-05
2011,-0.013547489196630045,8.310683857628e-05
2012,0.005418105673020323,0.00011253925863600248
2013,0.014523124244837269,0.00010310289649513152
2014,0.008772833102557146,0.00011212829875693635
2015,0.004434316715537103,9.675424597017344e-05
2016,-0.008511051426595419,8.242328776295198e-05
2017,-0.0002151935236479957,8.588218199441548e-05
2018,0.0008477430538419029,7.437534851886776e-05
2019,0.001308651369980939,6.672647778972072e-05
2020,0.003151369633444371,6.212718971011797e-05
2021,-0.0032026200462234007,6.041638742675931e-05
2022,-0.014054107474371712,6.035461098853432e-05
2023,0.0009287244568967601,8.756862448688501e-05
2024,-0.0029327399891022664,7.721906370622928e-05
2025,-0.010422159804791957,7.075640431967369e-05
2026,-0.002715439991962167,8.015104742014183e-05
2027,0.0009954428266512258,7.039822043533969e-05
2028,-0.007624622254081614,6.4408211332323e-05
2029,0.0054197609404037506,7.08378630952253e-05
2030,0.008057354397320925,7.280471185211117e-05
2031,-0.004960848669581796,7.306173732244034e-05
2032,0.0026502936580107862,7.258968174272884e-05
2033,-0.001442019306181474,6.819150109234627e-05
2034,0.0005226180443691019,6.365829455843265e-05
2035,-0.005315452495875934,6.01205814870321e-05
2036,-0.007099376251519257,6.286727700386198e-05
2037,0.001419798386422425,6.545547282042005e-05
2038,0.011922981086209015,6.226471646906268e-05
2039,0.01070820951685589,8.090004648161462e-05
2040,-0.003947238625794835,8.258009855418258e-05
2041,0.015755984839954378,7.724670252722136e-05
2042,0.014579071126214774,0.00011673430784852109
2043,0.0007555414544951988,0.00011403260639157832
2044,0.02298600247212256,9.196818529144805e-05
2045,0.010580568355174194,0.00016920532756805443
2046,-0.005746306846969038,0.00013185494270595322
2047,0.011308715345769778,0.00011087034168435959
2048,-0.002368187828364204,0.00011691864376151249
2049,-0.01566481447951047,9.757697636376038e-05
2050,-0.008752656524093474,0.0001173601513611212
2051,-0.0159965092445376,9.922110249310061e-05
2052,0.00997889191194354,0.00011926684545330511
2053,0.002024190539753581,0.00012344837683167027
2054,-0.002132060961776886,9.755752936595237e-05
2055,0.018216645462256344,8.19068697983068e-05
2056,0.0034322063259704396,0.00012987879371287845
2057,-0.01129776477886768,0.00010154835445744554
2058,0.0016759721743456212,0.00010493715505378665
2059,0.007380693336004357,8.853839684975085e-05
2060,0.011388213308364441,8.282909867159305e-05
2061,0.0019225604343888502,8.89721450151009e-05
2062,-0.0033028021925655088,7.584898823022188e-05
2063,-0.004447020222559432,6.941443014486502e-05
2064,-0.018848880901620978,6.596966536337894e-05
2065,-0.0009351950235186235,0.00011644669660250162
2066,-0.005506426613156275,9.439365021239128e-05
2067,-0.0012829045793750138,8.547382530536428e-05
2068,4.1658420182359663e-05,7.364999026671619e-05
2069,0.003239228085608398,6.622867205153511e-05
2070,0.007198962475899935,6.332729398392965e-05
2071,0.002331512054651108,6.694522971389162e-05
2072,0.010314250128731932,6.218430819743239e-05
2073,-0.000496584032412328,7.62587349276058e-05
2074,0.006463071260534179,6.898344552470521e-05
2075,0.0014230710470500222,7.153854504743891e-05
2076,-0.005214375248021813,6.490301019902127e-05
2077,-0.006287757487841312,6.531433921646124e-05
2078,0.004110415366474839,6.558114353091523e-05
2079,-0.005967936435932397,6.569015324393293e-05
2080,0.011236090797797416,6.956824878763375e-05
2081,-0.0016197291627164446,9.07685500087158e-05
2082,-0.005236264037416597,7.998433628601703e-05
2083,-0.005913398450111227,7.341787125348986e-05
2084,0.01770043747153682,7.032136990323863e-05
2085,-0.01756535327172951,0.0001232633473638488
2086,-0.022404862005273772,0.0001746585893739804
2087,0.001384361852459232,0.00018423357149387757
2088,0.014619758128044407,0.00013999691359696428
2089,0.025283692470873524,0.00013892095723277726
2090,-0.0161806502863288,0.00019244839035606977
2091,0.011519597815503591,0.0002137344723980113
2092,-0.0013494356509939926,0.00019620713368865796
2093,-0.0019483136124015114,0.00014671598822137944
2094,0.005431553411933938,0.00011225952969987376
2095,-0.012556055696794313,9.581841704657164e-05
2096,-0.00938089206722492,0.00011183996122278721
2097,-0.007967813292089536,9.745270683897865e-05
2098,-0.007935086285763721,8.85507223888697e-05
2099,-0.0031507219941930066,8.28639566238427e-05
2100,0.00882451591048203,7.255702146731381e-05
2101,0.007512915747677238,7.97872202184075e-05
2102,0.006969133901931095,7.540733217601829e-05
2103,0.015430231937800671,7.302551146187841e-05
2104,0.012295309772999547,9.998157461261681e-05
2105,-0.01134965425986138,9.754551087556099e-05
2106,0.016110779584750153,0.00011092581453717818
2107,-0.002940824280169698,0.0001494380968961849
2108,0.02314306804779403,0.00012162359410092266
2109,0.00314210150670521,0.00019785064667513216
2110,0.0005070765768661632,0.00014479703075108438
2111,0.005938627070046971,0.0001110215825207614
2112,0.027642944741476737,9.526420981790738e-05
2113,0.0029048211976724914,0.0001977703237789711
2114,0.008800965776730826,0.00014521881250803795
2115,0.006034470320454545,0.0001257942090471832
2116,-0.004399476595762993,0.0001018150769966071
2117,-0.005441399199287311,8.854436098005006e-05
2118,0.000574638759329869,7.8784396130796e-05
2119,0.016254858652659313,6.981595670232935e-05
2120,-0.0034630572983763708,0.00010670224081390787
2121,0.007190750048246259,9.463583731667992e-05
2122,-0.006973864962369111,9.179707223548166e-05
2123,-0.007880057186551319,9.0482755496212e-05
2124,0.013066692716730817,8.303021340677253e-05
2125,0.002674179042725823,0.00010665818664917272
2126,0.015160466482131938,8.695895022706766e-05
2127,0.008766233025354165,0.0001135949765567458
2128,-0.010886207014433552,9.665658606327077e-05
2129,0.028284044951149744,0.00010511755009406301
2130,0.026945512171287836,0.00024542254844433766
2131,0.026997463785054358,0.0002456981674560596
2132,-0.007979304965960417,0.00026148969986518686
2133,-0.040391622761556695,0.00021113118996944277
2134,0.026683152524014746,0.00039314895663049055
2135,0.01236216021892198,0.00046678508106044254
2136,0.024106717792866657,0.00031768437802969976
2137,-0.016135350002843458,0.00030870829589930076
2138,-0.0043628207007116926,0.000287153123415081
2139,-0.004747526101463816,0.0002002397839304668
2140,-0.011303601427118486,0.00014945982437634004
2141,-0.0005502832644210284,0.00013179512331605288
2142,-0.012536796657404033,0.00010314186428012275
2143,0.004057379010497453,0.0001126085659209551
2144,0.0008385153461436381,9.82493150708294e-05
2145,0.0051656995087738826,8.171768335417955e-05
2146,-0.0017901416825084776,7.598377702650603e-05
2147,-0.0005744394172544694,6.908597937810233e-05
2148,0.008956708788437647,6.33636061825485e-05
2149,0.009144812811994736,7.327937522361326e-05
2150,0.0016366698117309924,7.498507357314423e-05
2151,-0.003101945467323437,6.70693425856804e-05
2152,-0.00294709883928926,6.374826973706625e-05
2153,-0.011952907136577652,6.090741114665612e-05
2154,0.0008950772214676898,8.04346689281281e-05
2155,0.008766279467052692,7.227248133056293e-05
2156,-0.01043256630244321,7.641104135940113e-05
2157,-0.006571632208253956,9.262142333981095e-05
2158,-0.006872852908573541,8.094716521580105e-05
2159,-0.006877536018585005,7.694182267911334e-05
2160,0.007090553957643487,7.364905828447078e-05
2161,0.004400934467620018,7.76954186091355e-05
2162,-0.005611202884232303,7.000024452361371e-05
2163,0.0037339651907647917,7.034667202623556e-05
2164,-0.004186046882529202,6.83708790763683e-05
2165,-0.001877461115391828,6.749652413443848e-05
2166,-0.0034229782218344906,6.247518345609886e-05
2167,0.0007133060137683785,6.100207787702327e-05
2168,-0.0018381708460339912,5.8611814573890136e-05
2169,0.00025470832116574046,5.7548327715487185e-05
2170,-0.002957404458394918,5.620214555529015e-05
2171,0.00626233312304038,5.689551352387964e-05
2172,-0.008370904372635287,6.373354666207163e-05
2173,0.0029992824733648723,7.61526002741403e-05
2174,0.007627463016227394,7.203209120330678e-05
2175,-0.005591027433952648,7.254609000094114e-05
2176,0.002029840992358432,7.366853671538989e-05
2177,-0.006074864456089378,6.825517825305312e-05
2178,0.0016089695596039895,7.060151504929486e-05
2179,0.000531858777947429,6.583561413211292e-05
2180,-0.00794892349803792,6.132462652512332e-05
2181,0.003297170137178205,6.90918235538577e-05
2182,-0.009953804863177807,6.745922951131286e-05
2183,-0.009799970054411833,8.260953981889679e-05
2184,-0.0008688236754027063,8.144471194294007e-05
2185,0.0067957318897862344,7.11993186355859e-05
2186,-0.005653517774706926,7.215391268661385e-05
2187,0.002294024108801417,7.359776351814589e-05
2188,0.019186919337667793,6.854967275022502e-05
2189,-0.02853125951353703,0.00012019041397168496
2190,-0.023939663990475417,0.0002714388310157543
2191,-0.004585882173277791,0.0002407774774293288
2192,0.0205605490050663,0.00017130881628383573
2193,0.0067197977652069165,0.00020023461891699928
2194,-0.009719501856526645,0.0001466928513594246
2195,-0.0020584939066562195,0.00012968597119470058
2196,-0.006567295086049691,0.00010140099181374359
2197,0.01289735935447605,9.093420184942064e-05
2198,0.0010327842293415268,0.00011129176288327188
2199,0.005004454153744622,9.04614641731603e-05
2200,-0.0014628240352621876,8.168401592338586e-05
2201,-0.012042976835614807,7.238569747014753e-05
2202,-0.008198816423621672,8.77745117687504e-05
2203,-0.0009390062390690921,8.082403066591997e-05
2204,-0.006436289860759129,7.074263198018094e-05
2205,-0.01345278534533087,7.150030569800828e-05
2206,-0.003745908508707929,8.962519496261267e-05
2207,0.006115717420074991,7.65206138483632e-05
2208,0.008956792741392045,7.487527154053455e-05
2209,0.014723884684570806,7.684929473382132e-05
2210,0.0025660202234279324,9.738257202263618e-05
2211,-0.00012635999292289596,8.112784175226851e-05
2212,-0.009899961010981296,7.092355571726829e-05
2213,-0.008777189990533672,8.096492212374518e-05
2214,-0.0066657868649336715,7.848775722602788e-05
2215,0.012877239047910181,7.396035769089168e-05
2216,-0.01602900720506728,9.927391789081115e-05
2217,-0.04227348106765855,0.00014250237224956236
2218,-0.019860582232680137,0.00035775600105330006
2219,0.019161017852476005,0.00026868963886386173
2220,0.004335185773614864,0.0002674257170265682
2221,-0.0019461037884015717,0.00018785855559941064
2222,-0.01163331052210256,0.0001385375551974226
2223,0.003948543040652498,0.00012823702493466266
2224,-0.013023758285453746,0.0001070926579536954
2225,0.003252513185479391,0.00012172854795631297
2226,0.012808570362641507,0.00010287263704125991
2227,-0.016118063064232274,0.0001069908150890743
2228,-0.016073380344844936,0.00014476232022143462
2229,-0.005041915372832364,0.00013624013220669417
2230,-0.0035388062779644664,0.00010658358691087039
2231,-0.005505093726226226,8.843766822331575e-05
2232,0.0031483914111307305,7.952952996686564e-05
2233,0.010407428587752478,7.282439289110217e-05
2234,0.0016116539331958695,8.108990729136852e-05
2235,0.01037378915944812,7.091908098534319e-05
2236,0.015847362313011207,8.290232606438479e-05
2237,-0.013041461682890566,0.00010366044418369565
2238,-0.0020057838657027284,0.00012744113060945638
2239,-0.006288752196504685,0.0001002569373255208
2240,-0.001731608880612492,9.015090510992724e-05
2241,-0.0072564592632978365,7.661054143782213e-05
2242,-0.0073664754394665004,7.676659893589805e-05
2243,0.018559271716216033,7.403190295755136e-05
2244,-0.011647631986933858,0.000132331924236127
2245,-0.0004902971200647088,0.00014466286153179774
2246,0.0022227624644414914,0.00011206664312945034
2247,-0.0016321297761969955,9.08054238207277e-05
2248,-0.003975684557863725,7.765246310194729e-05
2249,0.003994409027338055,7.088807079294729e-05
2250,0.007273212493440451,6.826211858178552e-05
2251,0.005000816843681708,6.953660083176653e-05
2252,0.0052098364862183215,6.595984531030137e-05
2253,-0.00953652483703248,6.473520628572434e-05
2254,0.009187811154200672,7.903765503161194e-05
2255,0.002401749366409238,9.126610446867787e-05
2256,-0.0055643932122860194,7.728632126626014e-05
2257,-0.000697161364172022,7.375542338925931e-05
2258,0.004730989721376586,6.632856191683169e-05
2259,0.008142600805053371,6.525828776245604e-05
2260,-0.00988785971906635,6.966943049923529e-05
2261,-0.01030615583271847,8.549810142306516e-05
2262,-0.014221447721663514,8.436665984938636e-05
2263,-0.0007660940907833144,9.96343446526196e-05
2264,0.017889038744350234,8.309680089932004e-05
2265,0.017285766159387542,0.00012384892817696064
2266,-0.0019347792816185633,0.00012929291980469628
2267,0.010973753375350346,0.000104953351565916
2268,-0.002052715298208604,0.00010993987036696476
2269,-0.0036251887757839246,9.243352566430463e-05
2270,0.014625848010678927,7.92447905265475e-05
2271,-0.0010174481863927426,0.0001085720318848752
2272,0.004851254598001657,9.103422772706878e-05
2273,-0.006265975771332073,8.261888091488093e-05
2274,0.007923366470988902,8.118115299120523e-05
2275,-0.012974572522510162,8.601209990469524e-05
2276,-5.601401192488198e-05,0.00011148859136552621
2277,0.0023476764642853783,9.150656168379388e-05
2278,0.02178537181449834,7.793987832073587e-05
2279,0.0010175700497499884,0.0001463060614443451
2280,-0.01834964586496748,0.00011376752884145412
2281,-0.027071391710448155,0.0001439198240033617
2282,-0.04037836081097058,0.00020293211101167388
2283,-0.00018135331446072933,0.00036043605604864386
2284,0.03362628485387954,0.0002548023686951828
2285,-0.007033881794565169,0.0003542167566799732
2286,-0.0009462756368937306,0.00027371219354746724
2287,0.01549390681324015,0.00019238499993694307
2288,-0.005147308229828692,0.00017923525614006334
2289,-0.0057523626070084145,0.00014398251285456997
2290,0.0193985515646837,0.00011314530473913544
2291,7.445705414915293e-05,0.000159995785504943
2292,0.004511407714605713,0.00012323787436337318
2293,-0.016788918409417666,0.0001021789311247224
2294,0.012522824514164524,0.00013806090864805127
2295,0.023041588487205028,0.00015088519617355604
2296,0.027709248952950266,0.00018017248851823393
2297,0.015716493014479315,0.00022739169617264532
2298,0.013162496198190323,0.00018257436262620634
2299,0.0031140666341281952,0.00015473214201199617
2300,-0.001334945494194033,0.00011724807052784923
2301,0.01280312635186291,9.397950819921015e-05
2302,0.0035344426862430377,0.00010796871914844038
2303,-0.0071552375391416645,8.788764723921476e-05
2304,-0.02280277892428333,8.421247346510962e-05
2305,-0.020403726587400188,0.00014928004723987145
2306,0.01105318803992284,0.00015697229781878156
2307,7.547774538821383e-05,0.00015321725527382997
2308,0.01004814934671268,0.00011756306018257195
2309,0.0044447468087063,0.00011286491995685147
2310,0.004810001762744436,9.170109769950689e-05
2311,-0.00862360000690146,8.07410394598008e-05
2312,-0.015302137192217638,8.594170986007912e-05
2313,0.006805024051834505,0.00010395408636296454
2314,0.004392479003185046,0.00010061402171515232
2315,-0.007453461852784626,8.414725828456223e-05
2316,-0.003411875913657896,8.347493137006361e-05
2317,0.00038625419604188037,7.292706990483233e-05
2318,-0.0036406766763581694,6.586969487731911e-05
2319,0.00908830752663505,6.377185586142106e-05
2320,0.020020120243714447,7.643872730472861e-05
2321,-0.003432337945136149,0.00012252037088393566
2322,0.0009882744382684145,0.00010547268907230938
2323,-0.0017477867453845348,8.721779783202182e-05
2324,-0.004893078189132722,7.559937365813706e-05
2325,0.007562084803815891,7.075870212493143e-05
2326,0.0024160759291736466,7.651053793986958e-05
2327,0.0048074522250965476,6.810031803549632e-05
2328,-0.023804500810936016,6.641803466992744e-05
2329,0.013635317629931433,0.00016502971104743485
2330,-0.0014524727301939366,0.00018268027124570665
2331,0.016736867435372237,0.0001394023166876667
2332,-0.02507039821877316,0.00016105178385552896
2333,0.03153623641142567,0.0002602307536640103
2334,0.005710783779663437,0.00041960022166446533
2335,-0.017458590942773126,0.00028403864502139927
2336,-0.006958998862221815,0.00024726811634958283
2337,0.01320255925516356,0.00017721372918887523
2338,-0.005103143283495446,0.00016384872896722696
2339,0.000513857271066529,0.0001335303877922864
2340,0.002488006219943754,0.00010459352912148334
2341,0.01660506644062273,8.635594673134201e-05
2342,-0.009253098232662897,0.00011834128639838656
2343,-0.002888125293649542,0.00012095002558983496
2344,-0.009712702590757348,9.59326504466644e-05
2345,-0.0025365140754569117,9.590855777804327e-05
2346,0.013404803777610335,8.025082226931388e-05
2347,-0.007951862978035186,0.0001011651567073702
2348,-0.02196952682015332,0.0001029041588145042
2349,-0.02471369624342678,0.0001504053624736487
2350,0.009747672687611156,0.00018626228748161441
2351,0.0038904533688779116,0.0001699086247146398
2352,0.011435000470561672,0.00012682045912615765
2353,-0.013407244899951412,0.00012084014512693525
2354,-0.015870196337922023,0.000137465422375323
2355,-0.005678738253129276,0.00013320143330520072
2356,-0.008338041575589343,0.00010520584434377519
2357,-0.0012232357151124613,9.603815055346945e-05
2358,-0.011769607880554867,8.030271857189298e-05
2359,-0.0016626610267456313,9.404130071937158e-05
2360,-0.008887942244763896,7.912795253171647e-05
2361,0.0018891512114051342,8.345784227084554e-05
2362,-0.0005908288451225578,7.475304653362749e-05
2363,-0.015844319442161067,6.72330802713061e-05
2364,0.00744826421829322,0.00010302083723214377
2365,0.002915160038725534,0.00010377015871374105
2366,0.024927176983872732,8.522272397524673e-05
2367,-0.017162588334077595,0.00017694566282424178
2368,0.004734978371903408,0.00021453830502535373
2369,-0.0010581340647317378,0.00016926944347986708
2370,0.004447351684777387,0.00012773517821253048
2371,0.015026584833647952,0.00010448804981978608
2372,0.015843312818180903,0.00011854809582845177
2373,0.00102674182966644,0.00012274538645166633
2374,0.0017189254544376351,9.74971623212035e-05
2375,0.0004830605293755996,8.190885900641715e-05
2376,-0.00242476953562855,7.141277679085752e-05
2377,0.005149916420280506,6.582492500670025e-05
2378,0.018066372245716035,6.669772605515585e-05
2379,-0.005296513950017209,0.00011001697237836523
2380,0.00035523740941083184,0.00010202161605296953
2381,-0.00048540206372090655,8.482178455958487e-05
2382,-0.0013706215653736438,7.338604767479732e-05
2383,-0.012010987423309302,6.629705691431966e-05
2384,-0.0013394099329785516,8.49504947082106e-05
2385,0.014966159423775244,7.351796059628156e-05
2386,-0.004243783958678698,0.00010277634276219685
2387,-0.007928501080552864,9.342903640325251e-05
2388,0.009281968603562188,8.561572218840925e-05
2389,0.0023750767252188505,9.268846004109261e-05
2390,0.014416045935337475,7.818464099826584e-05
2391,-0.0060343432576552315,0.00010389956151506549
2392,-0.010516639578131353,9.883423083300012e-05
2393,0.011917359511404164,9.469696543862938e-05
2394,-0.00416141722386977,0.00011106388567943754
2395,0.0016437193334779146,9.79173228702114e-05
2396,-0.004848410401504262,8.305719789252356e-05
2397,-0.009816837537895558,7.719575070726122e-05
2398,-0.008359250039355537,8.117827134460443e-05
2399,-0.014699920438356174,7.823280673778421e-05
2400,-0.004725729675232024,9.9129813155756e-05
2401,0.0062123470926734245,8.288273189563496e-05
2402,0.0064452020148420735,7.940740562068414e-05
2403,0.006084767523247015,7.41977017084045e-05
2404,0.0072233664737985405,7.085141362661271e-05
2405,-0.008304694583444534,7.092237631220183e-05
2406,-0.010618208303091852,7.997080725602222e-05
2407,-0.010068719420738718,8.280124828932208e-05
2408,-0.0005794561266186391,8.355381230761816e-05
2409,0.008879351535351002,7.26579623232338e-05
2410,-0.006094700370053053,7.820785571142837e-05
2411,-0.004576455596218482,7.953323613344056e-05
2412,-0.0007512598983787325,7.139519360187957e-05
2413,0.008659295443810215,6.481644773123135e-05
2414,-0.0065599086511138075,7.340482494477843e-05
2415,-0.006658083604678621,7.78127839923812e-05
2416,0.005378472639077658,7.295667006410164e-05
2417,-0.017604134077973056,7.268340260370673e-05
2418,0.01349914160774965,0.0001259338800564351
2419,0.0011581632515518317,0.00014999771493779228
2420,0.009797708573640668,0.00011513433529540066
2421,0.00014121205516093194,0.00011012527123860637
2422,-0.0013609739118698174,8.978047333801041e-05
2423,-0.006664406760959359,7.650660203856215e-05
2424,0.006861205961926978,7.507093532593572e-05
2425,0.00716541657198577,7.842585596702565e-05
2426,0.016956678278690025,7.428862650594344e-05
2427,-0.004585129823144854,0.00010885313224150188
2428,-0.016348874141327904,9.868120531256507e-05
2429,0.0036440553145544565,0.00011853547338691688
2430,0.009779300321544534,0.00010190754270777141
2431,-0.0002612851253954887,9.587463127399025e-05
2432,0.0013694285143749463,8.084531712629444e-05
2433,-0.00017165522204166256,7.127762749753984e-05
2434,0.0028903109760142856,6.478785502969337e-05
2435,0.0039045761372523543,6.218308233620763e-05
2436,-0.00831760098434522,6.0852038577716664e-05
2437,-0.012289239249505722,7.182471418217672e-05
2438,0.004228886383864239,8.34490224443994e-05
2439,-0.005896851518588169,7.922799193485731e-05
2440,0.010224697860951919,7.848341982910914e-05
2441,0.0026843981170318267,9.235501323241846e-05
2442,0.004212479393988198,7.79819266919543e-05
2443,-0.011049272865452063,7.185701916262568e-05
2444,-0.015467786605225688,8.897960703351475e-05
2445,-0.0029242100468204347,0.00010441685982384926
2446,0.010287722991390661,8.555017169059745e-05
2447,-0.008284055764943956,9.170851189045236e-05
2448,-0.00028821151384854804,9.582281045690792e-05
2449,-0.005367091039947623,8.072361911483171e-05
2450,0.004943760627719615,7.62353476838895e-05
2451,0.0055793617957920014,7.417379044583067e-05
2452,-0.0030632403868362935,6.97016409735531e-05
2453,-0.002975527936523662,6.638101951252292e-05
2454,-0.004347549331123123,6.245415273426962e-05
2455,-0.015765274333515933,6.176758462426181e-05
2456,-0.003554097230056252,9.649609636974239e-05
2457,0.009670974774534212,8.060665587987264e-05
2458,0.002134483447035189,8.6676458196006e-05
2459,-0.0015992670531089692,7.440733763293319e-05
2460,0.013727351999695343,6.714868590831336e-05
2461,0.004700381844215929,9.54654295380353e-05
2462,-0.0015333631913874728,8.047287511926603e-05
2463,0.00668275109146655,7.112257206210541e-05
2464,-0.004434491507867453,7.307534694074278e-05
2465,-0.007529902720912496,7.171151515268748e-05
2466,0.002472593919567152,7.174009998192447e-05
2467,-0.009388080980140965,6.742676830996197e-05
2468,-0.002391342848307646,7.972850497616648e-05
2469,0.0001567264766505555,7.005894183765932e-05
2470,0.0032245520183477195,6.398232677500217e-05
2471,0.011182859954314166,6.186366468165047e-05
2472,-0.006382482513317145,7.751122089589405e-05
2473,-0.010491543099441804,8.096236563697607e-05
2474,0.010048176012615399,8.36726196709859e-05
2475,0.011862694539959194,9.615713557942787e-05
2476,0.0004794495442196761,9.533186781520789e-05
2477,-0.004875547140583893,8.01960995674313e-05
2478,-0.0007460351025419353,7.386494157240008e-05
2479,0.01309262200835315,6.636958541987583e-05
2480,-0.005800959187104644,9.036683311460749e-05
2481,0.004208135559128221,8.885161173545832e-05
2482,0.018106025542051603,8.174074836446342e-05
2483,0.003667307940151375,0.00011933180171346165
2484,-0.006001239611993748,9.490810767250582e-05
2485,0.000595855731394451,8.572205701818837e-05
2486,0.0009710476930319775,7.437489219585985e-05
2487,-0.0015602502649679384,6.67425608555997e-05
2488,0.00983303538737609,6.23694914016266e-05
2489,-0.009114875721462674,7.660667120256416e-05
2490,-0.010699235269883478,8.925059489752321e-05
2491,-0.004815175551486748,8.78956051050503e-05
2492,0.006120009999472667,7.677791126750869e-05
2493,-0.009299965368806068,7.588086322562286e-05
2494,-0.01895695975618466,8.688061152063325e-05
2495,-0.007807052398942545,0.0001218614815269389
2496,0.008180633460265888,9.969449523708281e-05
2497,-0.0023647763175129646,9.6460282201628e-05
2498,0.01797498925560499,8.356239455592561e-05
2499,0.00466151242530417,0.00013229169451056994
2500,-0.010398091438680646,0.00010314055853410585
2501,-0.0006008668733690903,0.00010352901066459942
2502,-0.0053477510261684714,8.539810885654238e-05
2503,0.009783208323901603,7.902072386666633e-05
2504,-0.010223414399804516,8.980034582195369e-05
2505,0.0026544023837978825,0.0001025876330753856
2506,-0.009986655834785854,8.898191807038742e-05
2507,-0.005199794909224272,9.646308326178683e-05
2508,-0.012768840559949654,8.198999091815652e-05
2509,-0.009117077609680493,9.640907003817859e-05
2510,-0.0063838048216879875,8.788801904884296e-05
2511,-0.0012740675254938206,7.941769705906736e-05
2512,0.004360581987217792,6.985832420252088e-05
2513,-0.004232581933879,6.712570665212003e-05
2514,0.004052098350544966,6.658384911854057e-05
2515,0.00019471685147007256,6.619096179114587e-05
2516,0.00898266643096595,6.166980546043273e-05
2517,0.006901089929835127,7.28428471665146e-05
2518,0.011939247937569269,6.996472557851875e-05
2519,0.0095272532754503,8.396287903567866e-05
2520,0.006261610105890167,8.164324911319801e-05
2521,-0.0018846096462568568,7.506956172679263e-05
2522,-0.0040374517288031785,6.850155482663375e-05
2523,0.0008179005194007489,6.500071629918993e-05
2524,-0.0052778527690957346,6.119222361636519e-05
2525,0.019987426831730746,6.367771942217315e-05
2526,0.00710046984731909,0.00013525359001329994
2527,0.005773768547005101,0.0001061738759278256
2528,-0.01379661629719865,9.121211159514058e-05
2529,-0.018170288625904404,0.00011449744577852093
2530,-0.011267527019377797,0.00013035683295618502
2531,0.005886198387793036,0.0001130420939685079
2532,-0.0021187120292664573,0.00010059452695458972
2533,0.0014373562058675115,8.54151147056994e-05
2534,-0.008508820573920928,7.442314134387267e-05
2535,-0.003274131041267292,8.024043289520202e-05
2536,-0.0027115244412012425,7.071046207427196e-05
2537,-0.007248985128722149,6.536768124639548e-05
2538,-0.005518183925714971,6.871179509161489e-05
2539,-0.012728280637329626,6.600277883624872e-05
2540,-0.01673183774393461,8.520681346796997e-05
2541,-0.00468748410473241,0.00010788892912865973
2542,0.00046774298595650627,8.823496185236658e-05
2543,-0.0023700376619862178,7.549827282473875e-05
2544,0.0038676777794119754,6.847567001613891e-05
2545,0.013122189721594362,6.622786686084756e-05
2546,-0.00370664597294869,8.673057434417245e-05
2547,-0.015833803700768253,8.0955886765321e-05
2548,0.03520528189853322,0.00010651220723570041
2549,0.004448825342593699,0.0003327181465602949
2550,-0.02554783775442673,0.00023079247298156216
2551,0.01675467415480354,0.0002689000644716699
2552,0.026776447396760678,0.0002693298718530609
2553,0.030613459382584467,0.00027270645359458854
2554,0.009979722456076848,0.0003053642270712781
2555,-0.01081405476125011,0.00021527763254723529
2556,-0.004217908071265548,0.00017845000357346645
2557,0.011014016510521352,0.00013255391752437388
2558,0.014217382376994039,0.00012503788312620938
2559,-0.0012804373942540315,0.00012225227509465506
2560,0.003323149363878801,9.906955348937121e-05
2561,-0.0005716993815537871,8.500020591799708e-05
2562,0.008229635110616822,7.368863328942119e-05
2563,0.0127485992903979,7.848446426181866e-05
2564,-0.0005009429725897993,8.964019712980422e-05
2565,-0.01389610722189086,7.755036151950048e-05
2566,-0.03737186803162383,9.861007618832318e-05
2567,-0.010471099530436243,0.00028399078863758153
2568,0.004590262286436537,0.00020014578741170137
2569,0.00031498797402274904,0.0001503227594199156
2570,-0.016189337104123114,0.00011445389699694025
2571,-0.010087418331624614,0.0001351442478908766
2572,-0.0008494588771457843,0.00011259862255354838
2573,0.0032621159151622102,9.072576567674467e-05
2574,-0.0015244249809434546,7.861796709874853e-05
2575,0.0016970125677967358,7.014150311690288e-05
2576,-0.0025861370133591893,6.480036615596205e-05
2577,-0.017512080026888192,6.221742637411514e-05
2578,-0.018007677519171032,0.000107120785995058
2579,0.0012551103733109714,0.00012283684349621642
2580,-0.008239767562177449,0.00010013612054246195
2581,-0.022994719900669695,9.684458773934322e-05
2582,-0.001698094128620384,0.00015595802500129212
2583,-0.0033900339283120394,0.00011906945535507908
2584,0.003353300218904909,9.734449445350236e-05
2585,-0.0059180428251531915,8.401977307832458e-05
2586,-0.0075403973542330595,8.046889507553102e-05
2587,-0.007489857143198155,7.687679808241428e-05
2588,0.005622604683062903,7.478516692372024e-05
2589,0.006194652350471772,7.496957801865942e-05
2590,0.014820062011643917,7.089925925182059e-05
2591,0.011830947915786238,9.676985314709474e-05
2592,0.013239738481088415,9.434575063517841e-05
2593,-0.01667249426904708,0.00010108759644951917
2594,-0.02465834268207954,0.00014437551040384573
2595,-0.025966595932928584,0.00018316464748260235
2596,-0.019828001166411112,0.00021431934044316973
2597,-0.022787720728091695,0.00019431074250599042
2598,-0.00781771075307936,0.00020688441951579751
2599,-0.009836873636455381,0.00015226646739413066
2600,0.01567345377915648,0.0001294032089532607
2601,-0.018865377311348814,0.00015304110958315752
2602,-0.012135621948104363,0.00020114555691648435
2603,0.016359864274517882,0.000155771677267546
2604,-0.012252950743763319,0.00017179560761649057
2605,0.001960448903341242,0.0001706159661876611
2606,-0.01085579682151035,0.00013171225109098798
2607,0.005381223484214246,0.00012666503713109253
2608,0.0026214666716454877,0.0001098475727529505
2609,-0.0009149716199624475,8.912070778708103e-05
2610,-0.009888836967723965,7.615127960648068e-05
2611,-0.0012516185457374768,8.35159318870392e-05
2612,-0.014166955006933053,7.251169656680158e-05
2613,-0.00032431337461237054,0.0001000577964634084
2614,-0.005575887608735948,8.396007654197954e-05
2615,-0.004308455298189177,7.899955379810256e-05
2616,-0.003899930100420457,7.115490663832929e-05
2617,0.007223852701961926,6.646681874180294e-05
2618,0.00857849976695596,7.222725816805719e-05
2619,-0.0029015266896311375,7.348595985479723e-05
2620,0.012687086737529909,6.928679100969764e-05
2621,0.001349128719235822,9.455412048451482e-05
2622,-0.007880466924228783,7.969991776836689e-05
2623,-0.003337344714002728,7.971729539098207e-05
2624,-0.005550625453501944,7.056930036129475e-05
2625,0.018154012444281404,6.882482709637619e-05
2626,0.01800899721610402,0.0001254475913614109
2627,0.021183919847122947,0.0001320380367376695
2628,-0.01002726270955645,0.00015926881170664112
2629,0.0006530892907673958,0.00015200605732292445
2630,-0.011009007021036623,0.00011746061517308138
2631,0.0054187016944145724,0.00011689719364187135
2632,-0.0027628817954341712,0.00010370350375567542
2633,-0.0052538958569159026,8.831404663864861e-05
2634,-0.008395317859039913,7.862818961352703e-05
2635,-0.010697793244444585,7.883124831843545e-05
2636,0.0030947359419733434,8.360590684228289e-05
2637,0.004070791971312462,7.665169011642338e-05
2638,0.017369540708557486,6.967726939207014e-05
2639,-0.01051264560061683,0.00011097135661650704
2640,0.009253032281966743,0.00012246955176744626
2641,-0.002847849811988365,0.00012163295470744432
2642,-0.009271707440631492,0.00010115150415843345
2643,0.008441803780629795,9.474809835698808e-05
2644,0.007108977276865006,9.673651186534589e-05
2645,0.0036823900930242756,8.497865941115109e-05
2646,0.002492001148753607,7.452112930923609e-05
2647,-0.009341103360538859,6.741411811117235e-05
2648,0.00015717637031430033,7.830483364080886e-05
2649,-0.008330598279973516,6.99362486872837e-05
2650,0.0006490202049814401,7.687147357199824e-05
2651,-0.014769530860164715,6.926438265834501e-05
2652,0.00710556676747413,0.00010278661827526344
2653,0.01228288921634311,0.00010220632528540586
2654,0.002946920255626113,0.0001016021807946862
2655,-0.010152830188578333,8.389624704406859e-05
2656,-0.010094702174900405,9.063558010501558e-05
2657,0.000853325370458623,8.75962721545781e-05
2658,-0.019485719540850505,7.602863439308643e-05
2659,-0.008188922209801965,0.00013511096474603948
2660,0.004573547593496058,0.0001076069551728105
2661,0.009436870692574425,9.247741844419378e-05
2662,0.0029514743319250343,8.972182736450624e-05
2663,0.005423836361970322,7.657525504288847e-05
2664,0.0024553630441452165,7.256642691105412e-05
2665,-0.0065012724461577485,6.587494304227232e-05
2666,-0.006711487146954931,6.911138091754463e-05
2667,-0.0004634288634871812,6.8141297491032e-05
2668,0.0002867765865837402,6.283739118282295e-05
2669,0.005394933437703412,5.944564643626509e-05
2670,-0.0042165703573530935,6.215832799870081e-05
2671,0.005665250269748758,6.378283080199035e-05
2672,-0.0009770310610633715,6.773269551849155e-05
2673,0.007622164332342514,6.345798164457384e-05
2674,0.003874031198531852,7.091061367672337e-05
2675,0.009607033764854202,6.532946868015377e-05
2676,0.010217105163348323,7.512357285426492e-05
2677,-0.01356580140309345,7.886004000640299e-05
2678,0.0036812494064105655,0.00010883861059047933
2679,-0.00822670396321825,9.615937235503702e-05
2680,0.004830152664123342,9.598196820186291e-05
2681,-0.0065359945143820646,8.806022286845883e-05
2682,0.006277210929828849,8.588619614113526e-05
2683,0.016667681419947226,8.44488762998108e-05
2684,0.0007974731570137564,0.00011113059976865983
2685,-0.024735556508465175,9.064157301380729e-05
2686,-0.004032303644171777,0.00017609694189597703
2687,-0.011902954895589419,0.0001306858389181692
2688,-0.019593956463028875,0.0001266975618224187
2689,0.007811681037140583,0.00014883341688962286
2690,-0.009329289872575133,0.00013504541218492303
2691,-0.012670504439536006,0.0001276682858665366
2692,-0.0008916132570106221,0.00011791889057841661
2693,-0.004917468011769819,9.426584625570209e-05
2694,0.006163101253208248,8.366959657455869e-05
2695,-0.013035069664458077,8.131529089100703e-05
2696,-0.016608665642012143,0.00010656926204176023
2697,-0.013278563286170228,0.00011816373297257225
2698,0.009329705962318344,0.00011266690611747624
2699,-0.005576966938642381,0.00011294095343129051
2700,0.0009309307990435952,0.00010150845074636958
2701,-0.0015157093612658127,8.482129996114573e-05
2702,-0.006406887630350827,7.394333330432123e-05
2703,-0.004924149015930809,7.245213860146377e-05
2704,-0.0034510132036556507,6.777479361542711e-05
2705,-0.006022453806023175,6.376139640325102e-05
2706,0.01570392429911646,6.506150311112689e-05
2707,-0.007660688493044317,0.00010855737996109794
2708,-0.030374939184250854,0.00010897787451868429
2709,-0.02470091287007474,0.00022134712371772356
2710,0.01744198836816059,0.0002192901925180615
2711,-0.0029403256007799615,0.00023433108746820076
2712,0.010960154866693881,0.000176128956249487
2713,0.004528357215557096,0.00015674001419137618
2714,0.008284888405785378,0.00011903257384714566
2715,0.0025516736015540466,0.00010517928232228929
2716,0.012840022753288521,8.616458883978929e-05
2717,0.019147153964379916,0.00010104182568835852
2718,-0.013977197443635419,0.0001295562627217763
2719,-0.005442818470778896,0.0001522144809146592
2720,0.001536390224703611,0.00011613021968368776
2721,-0.014201929735432337,9.351374741777007e-05
2722,-0.014335705664600277,0.00011459943258845225
2723,0.011021079593728913,0.00011357931778084465
2724,0.012192319149577547,0.00012132925460659921
2725,0.001703384877395552,0.00011119432356871083
2726,-0.002283847997738949,8.980355053587457e-05
2727,0.010167146509345295,7.72089681560619e-05
2728,0.0003617116327093245,8.749064318982863e-05
2729,0.010102967949224603,7.547582287646523e-05
2730,0.01596013481099724,8.587366039728546e-05
2731,-0.011946012823203636,0.00010601810700590826
2732,-0.007655418751210359,0.000123377497474621
2733,0.005276932084302161,0.00010103084204549185
2734,-0.017006644300573012,8.99462097081695e-05
2735,-0.01797628874389822,0.0001328060477684335
2736,-0.0024281771899883494,0.000137415205801044
2737,-0.0023284715814775514,0.00010629337880651103
2738,0.0018997786396968519,8.771290040431295e-05
2739,-0.005629644774720044,7.602535844076657e-05
2740,0.005251151110533456,7.403666801679877e-05
2741,0.006890003296062949,7.361242654229484e-05
2742,-0.004009449625058863,7.139788677243911e-05
2743,-0.0015347391985135997,6.928538459920798e-05
2744,0.0017644397421589012,6.352685065460744e-05
2745,0.021280983287088683,6.0458601453449216e-05
2746,0.01352671925983466,0.00013153987426912323
2747,-0.012241198452196662,0.0001169196432722165
2748,-0.0169395637297769,0.00012707340599573294
2749,0.0031246291839947616,0.00013294152507583887
2750,0.005176580815144755,0.00010953013164936776
2751,0.016933552348423284,9.136640285628507e-05
2752,-0.007228724703017574,0.0001211531342531075
2753,-0.006255563177128089,0.00011477775132257443
2754,-0.014412504228209643,9.485876748523818e-05
2755,-0.009736294972569705,0.0001105793132526671
2756,-0.012599188848742199,9.753731028163033e-05
2757,-0.007961321861365098,0.00010225012000837271
2758,0.011218884095570042,8.958659624198384e-05
2759,0.008616291031049246,0.00010207194441643803
2760,-0.005344055615433567,9.027693990699514e-05
2761,-0.006242595594603973,8.398718005555568e-05
2762,-0.010105887945398365,7.674141283152213e-05
2763,0.01069426380547811,8.21258451167277e-05
2764,-0.0070043398375560974,9.815397626418089e-05
2765,0.015983889035090352,9.709910417788007e-05
2766,-0.00013410975520958547,0.0001352711642443707
2767,0.003337554406458443,0.00010737274338842204
2768,-0.008690352616218712,9.026127719241992e-05
2769,0.008936737805954652,9.198528192131519e-05
2770,-0.00022604406469161427,9.774920582998218e-05
2771,0.0029927194671851005,8.238005564578852e-05
2772,0.006223002647078835,7.377198483655628e-05
2773,-0.0018342780996088096,7.140845603055597e-05
2774,0.003531661058965791,6.630350070609035e-05
2775,0.0047610854347904545,6.450720663121379e-05
2776,-0.00250286511852449,6.306515284898144e-05
2777,0.0031197424625579295,6.142691736999311e-05
2778,0.007770529320793065,6.098888809928833e-05
2779,0.000673443435547343,6.651277919259752e-05
2780,-0.009597313291953739,6.184667792324967e-05
2781,0.0021610920620717257,7.383676380365352e-05
2782,0.01643036577872492,6.918095661096336e-05
2783,0.017786419878502144,0.00010436213966024555
2784,0.0017035043862251038,0.00012133395427332788
2785,0.016792547633441738,9.644071957870304e-05
2786,0.003902130295851393,0.0001295685565838539
2787,-0.0007279068247448814,0.00010135323482637277
2788,0.016674590855430185,8.372722001516625e-05
2789,-0.004643629960491443,0.00012034459955090145
2790,0.003621082963046981,0.00010660997953430345
2791,-0.022482813575324036,9.162794841835501e-05
2792,-0.00441139903897393,0.00017112509342069268
2793,0.016979937653138502,0.00012744283183844138
2794,0.007957648045293347,0.00014806580678028446
2795,0.0010805988576124805,0.00011632654516800743
2796,-0.012470138541295287,9.301952569118492e-05
2797,-0.014880352046553153,0.00010472652977541939
2798,0.003871926676782568,0.00011126776313205792
2799,0.00829091215443279,9.674821595530601e-05
2800,-0.0028324842167862197,8.892305379220804e-05
2801,0.0012004559805676369,7.888206839941183e-05
2802,0.00404759923677871,7.023971014714916e-05
2803,-0.0081580709066745,6.629640293144917e-05
2804,-0.008243572908675494,7.496728853701851e-05
2805,-0.0050913563073776156,7.398555078030642e-05
2806,-0.011601881337847671,6.883737214353806e-05
2807,-0.006193433094471528,8.295740156503456e-05
2808,-0.0006099773318644839,7.472277372407825e-05
2809,-0.005675580559646735,6.690876998734814e-05
2810,0.001968186785685335,6.750613971252994e-05
2811,0.003977444389051842,6.403737319487028e-05
2812,0.005860101585645386,6.20644021817696e-05
2813,0.014517144865344113,6.346935199953015e-05
2814,0.027927209215213678,9.03352309083417e-05
2815,0.01722823024040686,0.0001833795025971739
2816,-0.011195392780667788,0.00015959029470541112
2817,-0.015800401962373447,0.00015167757747370085
2818,-0.00883167369870786,0.000143633339328317
2819,0.004889278459618852,0.00011655135570986693
2820,0.011531100362375216,9.954220794827378e-05
2821,-0.011888173131946742,0.00010023698186722379
2822,0.008514907861313556,0.00011593768764976411
2823,-0.01308964726478178,0.00011464386343535802
2824,-0.01075813567296206,0.00013208889997968026
2825,-0.007345658747540117,0.00011260393701947078
2826,0.025206617646154967,9.632009075429598e-05
2827,0.00515120979813107,0.00019786623381450516
2828,0.01035388808204805,0.000144208575246769
2829,0.0008936816458117512,0.0001287790253858786
2830,0.0031714108863746273,0.00010109335318432075
2831,0.011612136791122394,8.543366031059703e-05
2832,-0.005468268426519409,9.367182090234006e-05
2833,0.0024872248247827136,8.881445180463284e-05
2834,-0.003246489173505727,7.85415175249665e-05
2835,-0.0037857620375824864,7.210886777861723e-05
2836,-0.003706614983106246,6.672349615075449e-05
2837,0.004358633243140041,6.350094486154134e-05
2838,0.02388317212287605,6.406419710121137e-05
2839,-0.00874363419549081,0.00014823770650561214
2840,-0.0008953456854709388,0.00014349625550561242
2841,0.009459277576570193,0.00011065741469773758
2842,-0.004771005484814262,0.00010333455361280924
2843,-0.015847776917503303,9.228293969745618e-05
2844,0.0021258488989350046,0.00011326993087722746
2845,-0.0017777294563766604,9.548588601266859e-05
2846,0.010768632195998835,8.128088380250352e-05
2847,-0.0017580834905677933,9.272490964653116e-05
2848,-0.017736863090097213,8.102223662643267e-05
2849,-0.010295981579602192,0.00011895740749931983
2850,0.01773159080360121,0.00010250916158619412
2851,-0.0005336354286265266,0.00014603574251602236
2852,-0.008185043267603876,0.00011502652875160322
2853,0.008786076094554065,0.0001010966115967324
2854,-0.012664131818351559,0.00010126358830396328
2855,-0.021403527927686416,0.00012035936875510294
2856,-0.0007772013111203024,0.00015237982228209708
2857,-0.00013331903597206047,0.00011716035657973576
2858,0.007786861526506918,9.363341126486617e-05
2859,-0.010121865481979344,8.939736252914528e-05
2860,0.007245504099433514,9.939499419143766e-05
2861,-0.0008631112594469373,9.811951994353457e-05
2862,-0.0027980793915309,8.295563098641218e-05
2863,-0.006482455049846728,7.289380110586006e-05
2864,0.003274192036607858,7.187581949469202e-05
2865,0.017816814057549892,6.854742500701128e-05
2866,-0.0004905055605001501,0.00011108869470976002
2867,0.0005770221602229814,9.237399135434095e-05
2868,0.010956948967212896,7.830729382216578e-05
2869,0.002744958751438138,8.833853507258931e-05
2870,-0.007181813168934113,7.549906738961651e-05
2871,0.0253628973027907,7.635650429977746e-05
2872,0.007732082818798938,0.00018952251737139786
2873,0.0060724311031129545,0.00013978079572721263
2874,0.011971821405722814,0.00011305580192626053
2875,0.0025955765215181503,0.00011067755518690663
2876,0.0010045093098566575,8.949283094430352e-05
2877,-0.005931302586230249,7.631758208674558e-05
2878,0.010035214696886435,7.421831938957916e-05
2879,0.004818148364661053,8.807848339167205e-05
2880,0.00926860891555426,7.633451363023137e-05
2881,-0.008187350246943718,8.083044481884389e-05
2882,-0.010481916378692583,8.754377248708035e-05
2883,0.010258496425213896,8.691941823461006e-05
2884,0.009001231554373377,9.878732548129719e-05
2885,0.00490496805142073,8.920418985825863e-05
2886,0.0018380832930474662,7.812825647420783e-05
2887,-0.0013063629418265943,6.924525121183484e-05
2888,0.00027708953225699505,6.385991521989234e-05
2889,-0.00539662859198072,6.0142430153657846e-05
2890,0.011521447769451812,6.288143961792778e-05
2891,0.001278653842745671,8.645969456880783e-05
2892,0.0030292495696812643,7.456377714237629e-05
2893,0.0009231010863611912,6.863838777589892e-05
2894,-0.010203828548600751,6.309267557676128e-05
2895,-0.006372881430712013,7.731936376455862e-05
2896,-0.0002773592569284718,7.15960107469296e-05
2897,-0.0009912754015206512,6.499959763237e-05
2898,-0.008555282442845875,6.100795193394833e-05
2899,-0.007026500662280766,6.997473342370097e-05
2900,0.01703390672244606,6.868084371914006e-05
2901,-0.0019692125448618858,0.00011847587611662778
2902,-0.010040938233905845,9.983173107643168e-05
2903,-0.005894932112780287,9.591873457371572e-05
2904,0.014571654456874663,8.299881437618645e-05
2905,0.0032311670401613925,0.00011210439746423322
2906,-0.0011205649950785813,9.036582522725141e-05
2907,0.004451464797176909,7.693690179456883e-05
2908,0.0036376831327860747,7.198920528914058e-05
2909,0.015637900783101285,6.639117014573944e-05
2910,0.004152049279555107,0.00010003203247609359
2911,-0.007837093401400815,8.297336131225019e-05
2912,0.0029614145696386647,8.30079191122669e-05
2913,-0.0006252978334566701,7.569422866984907e-05
2914,0.001496053982475597,6.792918627797058e-05
2915,0.013089575077512152,6.319550602113006e-05
2916,-0.019975841170713507,8.691052860639731e-05
2917,0.0018494532223209336,0.00016054290844014067
2918,-0.015455141934005835,0.00012787532091937612
2919,0.017320081485646496,0.00014776870127178944
2920,-0.004428961828019234,0.00018545883207030073
2921,0.011030582333870272,0.0001491617077933316
2922,-0.011272217201277086,0.00014131649409066576
2923,-0.009024939458913143,0.00014129506012177366
2924,-0.008814776149697825,0.00011509264065201049
2925,-0.001892834163558354,0.00010183875814790106
2926,-0.014920567157942962,8.394127315708563e-05
2927,-0.0026648358493930545,0.00010984931065704707
2928,0.004419240347608291,8.897512634334728e-05
2929,0.02177615933934626,7.902045578418333e-05
2930,0.008230932606127983,0.00014309118111416935
2931,-0.009615194486899204,0.00011242671436066493
2932,-0.006717985987661284,0.0001088796293097663
2933,0.006516714431824233,9.18673759771788e-05
2934,-0.0034986976163870506,8.703364936962504e-05
2935,0.0015247578960995455,7.889553060857929e-05
2936,0.0005062859437614937,7.062453609516326e-05
2937,0.007368903816536564,6.432934018936138e-05
2938,0.014466227338776158,6.953809376324489e-05
2939,-0.009311775077166868,9.190743548054404e-05
2940,0.0024377487214416005,0.00010184953403654916
2941,0.0005908211990783465,8.797385737392809e-05
2942,0.00021319145849193807,7.524825764919466e-05
2943,-0.0024832867798589273,6.724651792124108e-05
2944,0.014632711498042256,6.33001593396108e-05
2945,-0.003527427847342737,9.84380140774607e-05
2946,-0.008593975561775618,8.922444921406208e-05
2947,-0.019699608762682407,8.480742487043998e-05
2948,0.0026921458700157235,0.00012913005988490105
2949,-0.004694155806971146,0.00010803364695322007
2950,-0.005167343446258954,9.391194732623103e-05
2951,-0.001372111108823861,8.154886758604656e-05
2952,0.018710463183197773,7.12398186344707e-05
2953,0.014330671253374411,0.00012443970739728743
2954,0.020232256382249535,0.00011654364546638516
2955,0.01879378719752205,0.000148243805639481
2956,-0.002642481966731955,0.00015134836785278107
2957,0.005661173591711372,0.00012055376468976359
2958,0.011533059118485043,0.00010355641406262408
2959,0.017321410137198505,0.00010227883850475417
2960,-0.013580586324898924,0.00012333138634015034
2961,-0.0019569121196425644,0.00014448479244830634
2962,0.0029099228799016425,0.000111058403972733
2963,0.015643906046033277,9.085272341160538e-05
2964,0.006793187996955086,0.00011548847764786823
2965,-0.009920442646136222,9.477974822454278e-05
2966,0.007449312504180036,9.870559442888461e-05
2967,-0.013614745062471574,9.763004418037058e-05
2968,-0.020516695019843278,0.00012227584723644442
2969,0.00972239772886594,0.00014723812203147705
2970,-0.0011432806930883133,0.00014214124532041603
2971,0.009308985950188925,0.00011174746365573971
2972,-0.004688140285668096,0.00010734911400739485
2973,0.00800316229984616,9.509410963568673e-05
2974,-0.0036820427987131633,9.455922284449397e-05
2975,-0.00020872807601093,8.466244003059888e-05
2976,-0.0039163771803037975,7.32911419430113e-05
2977,-0.004427520485437348,6.885051243826294e-05
2978,-6.957463605119896e-05,6.537820059794381e-05
2979,-0.0007509513773147217,6.111123825136119e-05
2980,-0.016594042276374746,5.849091106295022e-05
2981,-0.01693410716884413,0.00010209784787264505
2982,0.008056847645793277,0.00011506718756458564
2983,-0.004954056380300479,0.00011204280760937632
2984,0.00146147889465781,9.90226003253252e-05
2985,-0.0075089600637565845,8.360905760102519e-05
2986,-0.004154941720728471,8.357087392615424e-05
2987,-0.0044254955514681175,7.349746511129636e-05
2988,-0.0024016005943197434,6.871419146743047e-05
2989,-0.011806145104273516,6.355985883753218e-05
2990,-0.007510390853844846,8.209397170840469e-05
2991,-0.0014165217930641294,7.599838007671156e-05
2992,-0.0020624177963665495,6.772384449600506e-05
2993,-0.0002227934608736437,6.317514431018658e-05
2994,0.017949790182447502,5.965931258386397e-05
2995,0.01725125538834746,0.00011150706134645624
2996,0.004828725269534277,0.00012101300026694096
2997,0.008542480597848503,9.665739865924676e-05
2998,-0.013995063365262555,9.178869367334906e-05
2999,0.014525559460334967,0.00011896478745395185
3000,0.008820701690796937,0.00014773967234125488
3001,0.006576337171787299,0.00011723987221882906
3002,0.004534887645954234,9.870990585940396e-05
3003,0.01299373786866283,8.390728380303504e-05
3004,-0.01939063937883105,9.813649357035361e-05
3005,-0.005671901030863318,0.0001625509528557279
3006,-0.0117044061680486,0.0001222580439941115
3007,0.005005592050607334,0.00011888701782631569
3008,0.007019979095146444,0.00010375732206480373
3009,0.012277402249164033,9.02345833829183e-05
3010,0.016485724785597317,9.756942181298284e-05
3011,-0.0018412417355854855,0.00011519155169081494
3012,0.009529246154085442,9.612025494906642e-05
3013,-0.016589539958377454,9.893786181260075e-05
3014,0.004016654773386816,0.000141341198693656
3015,0.006353612393600653,0.00011915777497827254
3016,-0.0028983054782561533,9.857052800417853e-05
3017,-0.0002974870550995251,8.439641937055882e-05
3018,0.004528737468471584,7.301543318717758e-05
3019,-0.012172543810143622,6.913125005304438e-05
3020,-0.02079054595538137,9.223245629717579e-05
3021,0.007818293422599265,0.00013310033295752297
3022,0.0034946183474833664,0.00012598355557458124
3023,0.009447281029659436,9.928886861888593e-05
3024,-0.0048039874115977784,9.663499922672503e-05
3025,-0.005267254236155119,8.821729787777407e-05
3026,0.007424280287066488,7.792153431995894e-05
3027,-0.007536423521863408,8.030634233979562e-05
3028,-0.01575481806054664,8.475350949002743e-05
3029,-0.030344367835225,0.00010555643365370227
3030,-0.0065053533423507105,0.0002136426522751252
3031,-0.002528575754030957,0.00015422057764477432
3032,0.020659490912431206,0.00011773367517934877
3033,0.0071929048535264405,0.00016922750129023148
3034,-0.0020263315104591486,0.00012758448057460846
3035,0.0018957148121247086,0.00010123075170388241
3036,0.0038122219803715857,8.453720834270556e-05
3037,0.007980648065668002,7.491037275107854e-05
3038,0.009345997472888879,7.599823697077693e-05
3039,0.015984234686914144,7.807310143589344e-05
3040,-0.006521912661584056,0.0001038063789227865
3041,-0.007228629402345616,0.00010028988497118841
3042,-0.013143996931469648,8.764742952224661e-05
3043,0.0023573218270296716,9.951553669536053e-05
3044,-0.008808975269867198,8.640522701085118e-05
3045,-0.010319833664955749,9.04289526245566e-05
3046,-0.021317031305450842,8.838010469293428e-05
3047,-0.010186115473068112,0.0001402708019081867
3048,-0.0024766285708434327,0.00011442664287555024
3049,-0.008282755237695916,9.207000152298606e-05
3050,-0.0002919241402325229,8.866549408054807e-05
3051,0.010186187738189035,7.596473682095666e-05
3052,0.013240725519791526,8.421842467958974e-05
3053,-0.0034152188134911805,9.401377823072582e-05
3054,-0.0021659037624592124,8.45210424472662e-05
3055,-0.008975146160954928,7.32169469883966e-05
3056,0.000689378578308518,7.892138555996752e-05
3057,-0.014693494906597118,7.058415857788387e-05
3058,-0.0016334025017265147,0.00010326642047005504
3059,-8.953990890020348e-05,8.519340788414921e-05
3060,0.0010234429208627609,7.350028720139046e-05
3061,0.008564926138902109,6.63400492543072e-05
3062,-0.003742110986626167,7.33541568192892e-05
3063,-0.01672140291244266,7.105938509446833e-05
3064,0.0023586683103280306,0.00010560729393682234
3065,0.019285229548544114,9.150749247311446e-05
3066,-0.006089124679487805,0.0001328903964798519
3067,-0.0035825185955909765,0.000119658047788753
3068,-0.004995197979045169,9.551840606141126e-05
3069,0.003927635366348556,8.36352808881988e-05
3070,0.015960231987511148,7.652276958934949e-05
3071,-0.005860055045590881,0.0001057186303173296
3072,-0.00607571070344147,9.980922012158333e-05
3073,0.0027790474078763527,8.56751603264741e-05
3074,0.007494790161701442,7.602175332995301e-05
3075,0.012334336213305415,7.538136230291898e-05
3076,-0.010143303389918803,8.751071577240754e-05
3077,0.013003089068271079,0.00010081354489663186
3078,0.0010874383775491064,0.00012403063533935767
3079,0.0019802812351710935,9.860117972553156e-05
3080,0.006433302888025024,8.287156169307286e-05
3081,0.006367596394400076,7.795580141490505e-05
3082,-0.00156906709006326,7.339478168322834e-05
3083,-0.004954895862192799,6.723123668149714e-05
3084,-0.006337780139901225,6.5483495391053e-05
3085,0.0034882475195934194,6.607090544138876e-05
3086,0.0022555186773476933,6.504394922090565e-05
3087,-0.0023348771394909157,6.111510409888485e-05
3088,0.005129175703622891,5.9503014300529825e-05
3089,-0.011083311538678147,6.275546078955605e-05
3090,0.0019287460232384856,8.466807809401067e-05
3091,0.006651909334954798,7.647639453397913e-05
3092,0.007928408881051743,7.354951354134315e-05
3093,0.002224237011011577,7.383985373865156e-05
3094,-0.0015079475835432891,6.646540212471987e-05
3095,-0.003321602635971016,6.219426070627847e-05
3096,-0.015515951416523927,6.0530372199136554e-05
3097,-0.010401739945620048,9.542357608726997e-05
3098,-0.004813661706938008,8.896688738054974e-05
3099,-0.0020781277843457714,7.768296240525407e-05
3100,0.0024959160995986006,6.9089278582144e-05
3101,-0.003949710883935947,6.467116573880158e-05
3102,0.004899769188659706,6.403818820814636e-05
3103,0.005545009689076266,6.592156361964978e-05
3104,-0.00019735566761791418,6.456064361402101e-05
3105,-0.009908271705603667,6.072368932761667e-05
3106,0.009436646527714738,7.391703751472023e-05
3107,-0.0037655374134142085,8.840152442788217e-05
3108,0.0004675814708710022,8.17887134530225e-05
3109,-0.01717205474947048,7.183809703837445e-05
3110,0.0010503265251707917,0.00011685343341964219
3111,0.004601361862306573,9.69956639249257e-05
3112,0.00683328979645339,8.311991906846077e-05
3113,-0.005406135930038629,7.84094806981501e-05
3114,0.008370559228014513,7.668320088596328e-05
3115,-0.0009246984655902754,8.411551848358978e-05
3116,-0.0038196690633416366,7.424102194474167e-05
3117,0.0016645845810175214,6.83440305518118e-05
3118,0.007569660984460214,6.380966633479711e-05
3119,-9.738076651170963e-05,6.852550837227587e-05
3120,-0.01585122725833591,6.341943138476761e-05
3121,-0.010220257671677639,0.00010045459829454672
3122,0.005742608072018448,9.137323328444528e-05
3123,0.0014143568070505595,8.605745340945849e-05
3124,-0.007429876231586728,7.401681099481074e-05
3125,0.014371556311493448,7.57279273324802e-05
3126,-0.007489723914807298,0.00011011369886324566
3127,0.008344147443636677,0.00010861806252356888
3128,-0.00441879147851965,0.00010695359787304453
3129,-0.010891181892513214,9.44481912264626e-05
3130,-0.00223988582828605,9.46072055861689e-05
3131,0.00468048890834335,7.939573152666617e-05
3132,-0.0030059786934741686,7.361727009471563e-05
3133,0.002182670288997962,6.887708851043968e-05
3134,0.00431190433888381,6.475001038113954e-05
3135,-0.014773293511324209,6.294244052951355e-05
3136,0.009976967760747342,0.0001001633515854934
3137,-0.0036336461591131865,0.0001121000045000403
3138,-0.006979801416673563,9.713901463026299e-05
3139,-0.005128973846887812,8.640036161396386e-05
3140,-0.021713819409431543,7.687643462832756e-05
3141,-0.00982548123529614,0.00014185283276435754
3142,0.011776270227932234,0.00011418773278033523
3143,0.004114825149055961,0.00011977019082228414
3144,-0.008891399022154564,9.553589474805252e-05
3145,-0.010772764948702216,9.420164744684206e-05
3146,-0.0070267050841123415,9.242421365835022e-05
3147,-0.0041453073729453655,8.256934854169248e-05
3148,-0.0036339589542570406,7.342119230712044e-05
3149,0.0043103062848188056,6.760272902797049e-05
3150,0.0026181813577070634,6.65238048638693e-05
3151,-0.004250081910012565,6.218945962262433e-05
3152,0.0008859675134027557,6.25695704971623e-05
3153,-0.006604521960636618,5.983623785505603e-05
3154,-0.004292527392664894,6.57680903798887e-05
3155,0.005181389944912725,6.26567451314545e-05
3156,-0.010821794168784413,6.493594046483691e-05
3157,0.0033575679409506617,8.505548078696344e-05
3158,-0.0015571172592095414,7.910759446378744e-05
3159,1.193797251949208e-06,7.09329077850664e-05
3160,0.001015209357165807,6.457712801548245e-05
3161,-0.004249645767280831,6.06694987851713e-05
3162,-0.00778254668838797,6.139419323993636e-05
3163,0.010281689367165838,6.649043644479434e-05
3164,0.004174610223065982,8.477893064172455e-05
3165,0.008237957397652854,7.374165469355772e-05
3166,-0.0004776635418487646,7.67331317329364e-05
3167,-0.010613807493259981,6.89041953725566e-05
3168,0.00726240278128896,8.072147548441366e-05
3169,-0.0008808577003663154,8.541706596543902e-05
3170,0.012384329367747334,7.493952358799659e-05
3171,0.012300966303666203,9.534431665924303e-05
3172,0.00338565317924154,9.549181648844939e-05
3173,-0.0027966525669480234,8.027020498373637e-05
3174,0.014746103013379174,7.198775027347784e-05
3175,0.011173486603353586,0.00010504647388240769
3176,-0.01040221535100259,9.674956483522863e-05
3177,-0.00897146061884143,0.00010519213503575445
3178,0.0026317453711841832,9.313281503188251e-05
3179,-0.008443238859939747,8.110889454593828e-05
3180,-0.005387697587281372,8.53554647120276e-05
3181,0.004441566783274858,7.56208999812601e-05
3182,-0.004582808115203128,7.194828127225144e-05
3183,0.0036696010892899797,7.052653027694876e-05
3184,0.0016866209118276783,6.81986399267681e-05
3185,-0.012897734693923794,6.288765509658596e-05
3186,-0.0011639509489152113,8.812745981286822e-05
3187,-0.009081920351657004,7.570331691645477e-05
3188,-0.003198312794011127,8.238683659677262e-05
3189,-4.5400715753383875e-05,7.198262634340575e-05
3190,0.0059617896604754585,6.518950761386123e-05
3191,0.002370784376815692,6.681850458891367e-05
3192,0.00425777041777111,6.216476103848316e-05
3193,0.014413240253744049,6.174305141969665e-05
3194,0.01121431481035669,8.986001800450291e-05
3195,-0.00458420288801806,8.835170157893825e-05
3196,0.00595529591995592,8.217727130378232e-05
3197,0.0009632334863130971,8.044703768178183e-05
3198,-0.006642092781164248,7.054162542183283e-05
3199,-0.015790183633103593,7.14701514158554e-05
3200,0.007504216367069751,0.00010002913910264615
3201,0.00821700627010703,0.0001012736953244444
3202,-0.0012717623774866477,8.976201286109123e-05
3203,0.009962693429245103,7.741013626455924e-05
3204,-0.005828471502483379,8.709721687104384e-05
3205,0.009026568796842832,8.540820859623945e-05
3206,-0.009273505050469772,9.278555488546258e-05
3207,-0.0003287012739273063,0.00010039598224251503
3208,0.001797169000368823,8.370975749045168e-05
3209,-0.0015112635924555973,7.286344609361471e-05
3210,-0.01377053677313844,6.627751095694338e-05
3211,-0.013127358477239098,9.186427383902947e-05
3212,-0.002582720056498106,9.578826923317225e-05
3213,-0.007382634748035546,8.015807676109223e-05
3214,-0.00265469138063952,7.926849827100227e-05
3215,-0.0012279838573903343,6.997998029232914e-05
3216,0.007812766655641845,6.408996817099776e-05
3217,-0.006236905417793227,7.105626986317298e-05
3218,0.006125723135619466,7.507712013597125e-05
3219,-0.0027634296501361957,7.723695269105547e-05
3220,-0.016710299071805747,7.167743638585822e-05
3221,-0.017038671631460504,0.00010713381918290518
3222,0.004364397361224132,0.00011927544361451997
3223,0.010270758625481364,0.00010359939912969005
3224,0.0033349667476440265,9.804793136864191e-05
3225,-0.004086522755551929,8.193546342576842e-05
3226,0.015247329683718166,7.469202095550054e-05
3227,0.014591931279652482,0.0001108439138010507
3228,0.006500398799482913,0.00011098001500273534
3229,0.010378120940186857,9.260786591382098e-05
3230,-0.009556046137060523,9.33931923303039e-05
3231,0.003440281241302214,0.00010095593378008476
3232,0.010032523971280596,8.905059078677869e-05
3233,-0.0008687871483906087,8.905830414726116e-05
3234,0.002461165561556316,7.711542098351616e-05
3235,0.003658976321244839,6.993359908856405e-05
3236,-0.009465761328189132,6.545223333518715e-05
3237,0.007414418873202071,7.824029005412503e-05
3238,-0.007484392093781951,8.428231383553584e-05
3239,0.007092740548143553,8.790346555844655e-05
3240,-0.005810455282482677,8.89231938199502e-05
3241,-0.005641769933378259,8.572177248130906e-05
3242,-0.003128619071416636,7.659021446184105e-05
3243,0.007863808912577416,6.895958723240078e-05
3244,0.00012011568874268936,7.49912947909714e-05
3245,-0.02513418010993445,6.74981386607748e-05
3246,-0.0114440465396808,0.00016605904917581064
3247,-0.0008103316556378425,0.00013101220724074167
3248,-0.01649292164181918,0.00010227423556609688
3249,0.004968795958281868,0.00013059755171720324
3250,0.005818554483373419,0.00011380808463646857
3251,0.00032234841062484107,9.426078517030796e-05
3252,0.00030475018858510457,7.921067237691548e-05
3253,0.0024205394783772933,6.974712613533808e-05
3254,0.009865144860887708,6.469799254691946e-05
3255,0.0027858538347029557,7.54505831589001e-05
3256,-0.006869511684697722,6.74820115805994e-05
3257,-0.0174756281533693,7.072140524219617e-05
3258,-0.002711926370877181,0.00010767331748743319
3259,0.0028609117648023745,8.764121285067015e-05
3260,-0.015689115940677817,7.627619516215572e-05
3261,0.010817386086750405,0.00011238734667010566
3262,-0.014712765127014964,0.0001243244473455188
3263,-0.0060596467904501725,0.00015037379080579471
3264,-0.007539388973274487,0.0001153858846506996
3265,0.009378081904301538,0.00010077276070928098
3266,0.01591580460830918,0.00010299904345944136
3267,0.025107590882972233,0.00011623093896764867
3268,0.012730935699208823,0.00017669756547208964
3269,0.021369683297339914,0.0001420941078021117
3270,-0.007187334072961904,0.00017454797848249695
3271,0.01595212804800351,0.0001508353287706514
3272,0.0022253680817818393,0.00017087507994027973
3273,-0.007471779384210134,0.00012764825415776567
3274,-0.018819895009170143,0.00010875368930408018
3275,0.013724404767190723,0.00013897609659886806
3276,0.007435932105469681,0.0001576132920176744
3277,-0.01879551394055457,0.00012146767495996979
3278,0.006288091127934345,0.0001609318750465387
3279,0.0027224732999180947,0.00013894742240444695
3280,0.009366578159499043,0.00010727478659655164
3281,-0.00024800054723715854,0.00010172949897219872
3282,-0.00014156288009182494,8.463084948321053e-05
3283,-0.006482299770113616,7.313587130899762e-05
3284,0.0036299461540925397,7.312168104271587e-05
3285,0.003997728010985235,7.006801526927061e-05
3286,0.013023660898912024,6.547108771015515e-05
3287,-0.0095071471281364,8.705431768436987e-05
3288,0.00742697091481495,9.914638003515034e-05
3289,-0.011327686684675023,9.87683189304087e-05
3290,-0.009742495085767893,0.0001120911894335348
3291,-0.0055550490470666555,9.860108311089433e-05
3292,-0.0067808277231885105,8.474544176973443e-05
3293,-0.00417694956019515,7.912683166295393e-05
3294,-0.006875294625048848,7.113915048929337e-05
3295,0.0034516588527936697,7.12711444897356e-05
3296,0.010100974968910315,6.852147142919649e-05
3297,0.006641472390536063,7.704410299985248e-05
3298,-0.0009693596239203794,7.218470064875592e-05
3299,-0.005705840488150885,6.594868797695539e-05
3300,0.002817183769693508,6.613679161195146e-05
3301,-0.004441889971193817,6.408584748344401e-05
3302,0.010755480048625048,6.486137522428064e-05
3303,-0.00044614992513595657,8.430984972972543e-05
3304,-0.004413998188796922,7.431616151448959e-05
3305,0.0019144095266809874,6.910789280288917e-05
3306,0.013208837892115783,6.460593359537743e-05
3307,0.01321225489208623,8.75318091050538e-05
3308,-0.00825653964662307,9.391268618586527e-05
3309,-0.011412323355077397,9.730615148290512e-05
3310,-0.0038839865212082375,9.554490777646118e-05
3311,-0.01695878816499028,8.06309862152565e-05
3312,0.00031434900439616,0.00011677496371194247
3313,0.007820326074802115,9.562549825566919e-05
3314,0.014613164313692091,8.841112487793626e-05
3315,-0.011253539459448899,0.00010468691946517894
3316,0.001897880203334008,0.00011854712552263227
3317,-0.00520522182869011,9.824003098141921e-05
3318,-0.006197522359503032,8.811007612509953e-05
3319,-0.01583713787487344,7.939293864523629e-05
3320,-0.027857648188641095,0.00010686413959525712
3321,-0.01902085910633365,0.00019079448073976084
3322,-0.03868447323349751,0.00017240697133647607
3323,-0.0014024003019443409,0.00034445028957598683
3324,-0.04087989212758104,0.00024219435400521885
3325,-0.03720129128299983,0.00047076411642588617
3326,0.003558262941082574,0.00045277927394440546
3327,0.02183393833709355,0.000319173442057989
3328,0.03295052762800756,0.00028703815215349405
3329,0.02856353358434624,0.00034051362417462293
3330,0.002222342200902133,0.00032002483395634026
3331,-0.03304955032505596,0.00022186706264166307
3332,0.004584757586350799,0.00033779069775192555
3333,0.030171107925219622,0.00025345257218141324
3334,0.025536159220945015,0.00030980563515284256
3335,0.015536955931677438,0.0002805818818923085
3336,0.0055452978197536975,0.00021825986266626592
3337,-0.004543985323767632,0.0001587091433773422
3338,-0.010606446759117661,0.00012417332375640566
3339,0.008549186827208004,0.00011326812090172098
3340,0.0019393006176325156,0.00010970920598539511
3341,0.0026890036352405088,8.887003112902936e-05
3342,-0.013482845193974684,7.704158677166282e-05
3343,0.0016448604076976675,0.00010159727490546978
3344,-0.003874287537855336,8.723197130039804e-05
3345,-0.0031015202683463993,7.864578505887521e-05
3346,0.0036989512737862574,7.011658868008724e-05
3347,-0.012770008378125124,6.688945491792736e-05
3348,-0.009432455247494333,9.324279938857096e-05
3349,-0.0034906059830330646,8.593793981602802e-05
3350,-0.0032186038005440004,7.47034596795267e-05
3351,0.00010969291842561513,6.819299056498719e-05
3352,-0.0037592197771667032,6.288132266778282e-05
3353,0.008064797114976418,6.203116347993693e-05
3354,0.0032647471751576273,7.218254007018459e-05
3355,-0.002878063407849129,6.565745070928922e-05
3356,0.012746734566999665,6.290965593328146e-05
3357,0.006389556607922297,8.974111767784015e-05
3358,0.011014952073837615,7.855423626374826e-05
3359,0.002367336181977918,8.707124572420107e-05
3360,-0.008388434068708499,7.466353003182876e-05
3361,0.01939532258615274,7.887089316527704e-05
3362,-0.008194099737518392,0.00014474532589370975
3363,0.018184827791785766,0.0001373454614767453
3364,-0.0059015525000666634,0.0001788505169224713
3365,0.00034419531430553764,0.0001496901677170178
3366,-0.012166808039018078,0.00011495617794818356
3367,-0.0336940889546682,0.00011919458686692743
3368,-0.0030567926025407972,0.0002576865025389417
3369,-0.027562051323945062,0.0001836180519781814
3370,-0.028120144380646292,0.0002697098368286073
3371,-0.003562737514667567,0.0002731782338917862
3372,0.004125995524933883,0.00019164417824554418
3373,-0.0014223513983863607,0.00014287341736778233
3374,0.017773200509392625,0.00011051408524554747
3375,0.006501924301310988,0.00014537402294739218
3376,-0.0036973627997682603,0.00011252523738796333
3377,0.006071196803403043,9.369230051598593e-05
3378,0.006227381153331766,8.694241909529488e-05
3379,-8.865570411848059e-05,7.84521511587672e-05
3380,-0.0038087250694929424,6.943732308949215e-05
3381,-0.006966839017524584,6.575293998955445e-05
3382,-0.018473548409232765,6.781000633182035e-05
3383,0.023972867082577835,0.00011237155968763948
3384,0.0013517209544377917,0.00021803753906099167
3385,-0.011006348980251292,0.00015997829865861763
3386,-0.018628358827680328,0.00013767663359179398
3387,-0.02045386305071401,0.00015255546588137739
3388,-0.004342369698908417,0.0001647496726967076
3389,0.016712256393243297,0.00012352718759047133
3390,0.019686488502465363,0.00014557209772529436
3391,0.016424284608525627,0.00015567648961946492
3392,0.005476973976622084,0.00014658910136039184
3393,0.002880025881675823,0.00011331780006032577
3394,-0.011377880621578922,9.202384644117734e-05
3395,-0.005417917512293063,0.00010143215888993611
3396,-0.0016594736337001027,8.516387721817763e-05
3397,-0.011177476034358997,7.363981936381678e-05
3398,-0.0042492003859403065,8.647153933963164e-05
3399,-0.012891882103586747,7.494689497437008e-05
3400,-0.002558174406617678,9.329401802904365e-05
3401,-0.00911789051106412,7.855835706240047e-05
3402,-0.006500583049996969,8.33231372062317e-05
3403,0.010767852484838046,7.590516487631452e-05
3404,0.012732187977741205,9.07850753583424e-05
3405,0.0037686907175988743,9.493923855867079e-05
3406,0.011382220576059041,8.004770042165527e-05
3407,-0.0024997592228106287,9.079559211716877e-05
3408,-0.0018982452224871593,8.082480509553467e-05
3409,0.0020805412042526755,7.087355388289667e-05
3410,0.01922932305908705,6.535323165470724e-05
3411,-0.00259655415639984,0.00012034156365814948
3412,-0.017377751223643927,0.00010255500090777048
3413,0.008857156508394293,0.00012778254487415733
3414,0.0007968213368199415,0.00012511096080739816
3415,-0.014324690268992357,9.901763190225644e-05
3416,-0.0019603413118732993,0.00011505822014985144
3417,-0.0006661658495752396,9.235963197583295e-05
3418,-0.0017724119281181151,7.809471038181227e-05
3419,-0.011937256591722997,6.944779522365253e-05
3420,0.0060350267216667496,8.62997148905528e-05
3421,0.013060695386590023,8.61200023586525e-05
3422,0.008142212755661076,9.568285407001523e-05
3423,0.004144183935201715,8.575149595326557e-05
3424,0.0020095522516200602,7.528953853967452e-05
3425,-0.004866972745592839,6.758916996146198e-05
3426,0.008836192249141875,6.690275843146241e-05
3427,-0.004914109915413027,7.849572701080414e-05
3428,-0.005115232060090997,7.740631251681413e-05
3429,-0.012046444008341015,7.08760812273002e-05
3430,0.004074303013044354,8.595977387973775e-05
3431,0.0015645147086304173,8.084663349963322e-05
3432,0.006649509501088716,7.07559293503182e-05
3433,0.004047953348182477,7.174782044670877e-05
3434,0.013863990004080095,6.625485774814879e-05
3435,0.01656517181501653,9.144118566690441e-05
3436,0.0026598792248479024,0.00010961791532488368
3437,-0.0032878777004184,8.881011545195024e-05
3438,-0.0014204111186045564,7.752395388601085e-05
3439,0.024449338307347676,6.875519666110739e-05
3440,-0.000949845215217583,0.00016516181976096984
3441,0.004514474901537105,0.00012975152574267026
3442,0.00801229510516688,0.00010701278844812124
3443,0.009128471325203306,9.503008097559139e-05
3444,-0.0044044670760162875,8.97015328734965e-05
3445,0.008119164269339035,8.235468016724129e-05
3446,-0.014950090737760302,8.642720109188082e-05
3447,0.010180213273044228,0.0001222201212395915
3448,-0.012772413522530779,0.0001281079507095053
3449,-0.0055275181561075535,0.00014130632985125677
3450,-0.0018977833632115122,0.00010960491377789199
3451,-0.012210136214513492,8.91360029023436e-05
3452,-0.004229909355744451,9.988359666042035e-05
3453,0.009425977401603112,8.322802882805387e-05
3454,-0.0033334775413745928,8.839652493457896e-05
3455,-0.00028714978713646034,8.030148213221772e-05
3456,0.004760344551080553,7.05144026355469e-05
3457,0.011178139776409395,6.781543322785761e-05
3458,-0.015005498014068917,8.021348971588437e-05
3459,-0.0036363147057847122,0.00011967613924672855
3460,0.004033737017174512,9.512011578138484e-05
3461,-0.0025018168173533534,8.24795176820372e-05
3462,-0.0006576522601366682,7.364584118013585e-05
3463,0.003999995976455359,6.622580648754063e-05
3464,0.0023131192785520896,6.42565489997899e-05
3465,0.014692025786511805,6.070729552746435e-05
3466,-0.004761011578549906,9.297440492959731e-05
3467,0.0027895331396239954,8.839704015763522e-05
3468,0.009978169454911194,7.871221481319066e-05
3469,-0.005223986990505456,8.329326635500462e-05
3470,0.011543758466893731,8.075287695215347e-05
3471,0.002013376587829705,9.917110516750816e-05
3472,0.01023724227221713,8.232061165817836e-05
3473,0.01641914852914509,8.980134117001944e-05
3474,0.0012212644866208572,0.00011075836246345386
3475,0.008987184210073341,9.001653530402492e-05
3476,0.0012251625472238252,9.120091800574044e-05
3477,-0.0030852103423470883,7.732599844404635e-05
3478,0.009985130531518123,6.99943630203286e-05
3479,0.014794129071099199,8.283159241204288e-05
3480,0.0013290229505320947,9.881444725509547e-05
3481,0.002937550888173352,8.229305258907533e-05
3482,-0.0034438076790958097,7.337627966278967e-05
3483,-0.0025908322306139662,6.889080011062852e-05
3484,0.008294862279682791,6.375567711284476e-05
3485,0.008817116124141046,7.263804810746889e-05
3486,0.00501964382017552,7.393921371507318e-05
3487,-0.0003996705272982681,6.856057597047217e-05
3488,-0.009379120336976101,6.32505536050109e-05
3489,-0.009898267852856106,7.379592766167784e-05
3490,0.004051315549288342,7.715231588337972e-05
3491,0.02140108002287896,7.390100923019194e-05
3492,-0.007400703434655732,0.0001353415249643928
3493,0.010254041541492454,0.00012746828989037675
3494,0.01790751411771775,0.00012689172169398107
3495,-0.008413381111895981,0.00013914663695829762
3496,0.0009958312896214835,0.00012986204236666447
3497,0.004582005461743711,0.00010342819244082972
3498,0.006639137122067405,8.746721501889544e-05
3499,0.0058884666977570745,8.064727248370125e-05
3500,0.007025093561357596,7.432329155637889e-05
3501,0.0025151237120150305,7.284158295885383e-05
3502,0.02451713064821418,6.599216838464047e-05
3503,0.003340463994249914,0.0001605644569199707
3504,-0.006001987392490363,0.00012123929220056596
3505,-0.006505207118606954,0.00010150357502094032
3506,0.004634590156429832,8.851772006125893e-05
3507,-0.0036059045325732794,8.109809580667835e-05
3508,-0.01863687304948862,7.476072898158438e-05
3509,-0.02114352204712599,0.00011943739426837819
3510,-0.025007752462689777,0.00014665494323782226
3511,-0.012906595727107457,0.00018926943835119754
3512,0.011280192855863685,0.00015098927250702628
3513,0.0008326095773025485,0.00014337651219117832
3514,-0.012782887945935201,0.00011056823919499826
3515,-0.016802629333158077,0.00011532414083453526
3516,0.006238069596641543,0.0001266149889335373
3517,0.010211747513269776,0.00011363776782374722
3518,0.007134575863160837,0.00010301065588813241
3519,0.0045727659368449795,8.961201455103874e-05
3520,0.0008679334190033407,7.826202414889845e-05
3521,0.00899201357853425,6.912728779440375e-05
3522,0.003158414447578084,7.691659411379957e-05
3523,-0.005972624374658119,6.857057615284087e-05
3524,-0.011139311027744974,6.960809494218207e-05
3525,-0.016268161504127597,8.005891250000039e-05
3526,-0.0067238296110997,0.0001044286974162747
3527,-0.01893077230193247,8.797494426647111e-05
3528,-0.011892534170014324,0.00013073147235043904
3529,-0.0061818895565756505,0.00011327891441697902
3530,-0.013576229500229162,9.452067673561649e-05
3531,-0.011155377822072937,0.00010629374536069678
3532,-0.022311589600663564,9.90488910174935e-05
3533,0.012065651266595576,0.00015334990974833634
3534,0.01842631723134298,0.0001609770534531525
3535,-0.01256008742192611,0.00015934382523389134
3536,0.007457143724764548,0.00016133946066456333
3537,0.006674826110549215,0.00014047785423314268
3538,-0.014834185444376577,0.00011155582584866437
3539,-0.003926299883823832,0.00013184843322983975
3540,-0.0077873370909515615,0.00010283751257063537
3541,0.0018429332918382952,9.439987489918327e-05
3542,-0.0006627911892756481,8.121763335348011e-05
3543,0.005372165309731987,7.129223369030401e-05
3544,0.003228332583663299,7.013283167497844e-05
3545,0.002595997976752904,6.473994208892074e-05
3546,-0.008925246092948761,6.14300124526628e-05
3547,-0.004820448472263638,7.335760031658119e-05
3548,0.022394844750260733,6.745561534397912e-05
3549,-0.009984853052764068,0.00015140048880966833
3550,-0.008950693723533935,0.00015150063046020333
3551,0.020414207042835267,0.00012101045689206966
3552,-0.006444513650487132,0.00017481074941288563
3553,0.003431132639189064,0.0001497162662959637
3554,0.0021564154034666074,0.00011939171341577095
3555,0.00921692421234098,9.510454116334417e-05
3556,-0.0028852174755041927,9.338400529987228e-05
3557,-0.009815411753865994,8.23981877266664e-05
3558,-0.0074250066488739065,8.489075648715038e-05
3559,0.004291553237357935,7.858177878930678e-05
3560,0.003120495258733541,7.431864666382782e-05
3561,0.004453986500398534,6.732273150438413e-05
3562,-0.004310939211698007,6.501056720330731e-05
3563,-0.007934783330507227,6.526103210809775e-05
3564,-0.01629701237210641,6.893313127868115e-05
3565,-0.010753755313069824,0.0001005919827426594
3566,-0.012820044219442824,9.311353922404595e-05
3567,-0.012984007111133913,9.972671445709686e-05
3568,0.008701771089259862,0.00010179230074224893
3569,-0.0060451269806885465,0.00010389899046533764
3570,0.0028126232917389123,9.678255470075153e-05
3571,-0.0034551198587552913,8.418480890147524e-05
3572,-0.008914842423694596,7.607881818649617e-05
3573,-0.0012026535666295403,7.85736691931783e-05
3574,0.0012433531685302208,6.93521120411667e-05
3575,-0.0007972136573904732,6.375417560238378e-05
3576,0.006067024349082041,6.019709193467457e-05
3577,0.010447120375276888,6.442903167816723e-05
3578,0.003474390450563425,7.456669988937412e-05
3579,0.0062603670679567715,6.723067079151002e-05
3580,0.00037342087991851697,6.813064755694565e-05
3581,0.005294758830913531,6.288465248157127e-05
3582,-0.004740708640907822,6.451075662886096e-05
3583,0.008150424876770819,6.62883448184978e-05
3584,-0.004036543134686526,7.635868196204046e-05
3585,0.002890953273275074,7.391456295732243e-05
3586,0.00471935958390769,6.924965060223582e-05
3587,-0.004739213792114555,6.599389728397338e-05
3588,0.0005649992370897296,6.658609070861517e-05
3589,-0.006224599909523867,6.228322026353468e-05
3590,0.009221137709938711,6.637773791662119e-05
3591,0.012530975956213622,8.050044195976972e-05
3592,0.009113458949705897,8.860370280439235e-05
3593,0.00619602608160964,8.383336482956018e-05
3594,0.0029695674013246304,7.643818840580376e-05
3595,0.004050990147706836,6.864623953925132e-05
3596,0.005438833374612857,6.53222092329075e-05
3597,0.006340268113098079,6.470773799658538e-05
3598,0.007411517390704993,6.548541392979608e-05
3599,0.0017900053922880169,6.780470654658386e-05
3600,0.00021666893493972868,6.260036030113916e-05
3601,-0.006562462269590055,5.929493371232728e-05
3602,0.012457141051421362,6.452729632960169e-05
3603,-0.0017909503627198636,9.264493006592299e-05
3604,-0.01308442146979355,8.176415437563411e-05
3605,0.0033522285382356883,9.612427676392806e-05
3606,0.0005255128215137521,8.609502288467306e-05
3607,-0.0017831576364815325,7.411685566020775e-05
3608,0.0015801224587737573,6.697676616418345e-05
3609,0.0009618451442224621,6.26596392079389e-05
3610,-0.010689041790777716,5.938416576947626e-05
3611,0.00020302386296333074,7.69492705587597e-05
3612,-0.0011921373721927764,6.928985993886241e-05
3613,-0.009167138370430044,6.397318538440653e-05
3614,0.01057181135753514,7.326142692373073e-05
3615,0.003915361027215183,9.183181321897463e-05
3616,-0.011610400455263068,7.795631676576616e-05
3617,-0.01319982720497841,9.276066992958083e-05
3618,0.009336763739351274,9.771386933826819e-05
3619,-0.00230363453389428,0.00010380390562132794
3620,0.00710620996018897,8.884262312328837e-05
3621,0.00048310863072559425,8.673286401060766e-05
3622,0.002908290431949992,7.467300225499383e-05
3623,0.005018578077808004,6.854241994060774e-05
3624,-0.008331949634878759,6.624166132268348e-05
3625,0.001797595907453561,7.593570642104155e-05
3626,0.005568252429558731,6.996415774150418e-05
3627,-0.005425839529485056,6.781080781989197e-05
3628,0.0060060764431925885,6.94964286089416e-05
3629,-0.00347174734049458,7.266229202678463e-05
3630,0.00028579447445479687,6.978363012555459e-05
3631,-0.0040761878298052855,6.409030252294945e-05
3632,0.006776772817319007,6.3409672732838e-05
3633,0.00355925245278798,6.971421831009426e-05
3634,-0.019066773927462494,6.441997598484417e-05
3635,0.014348852093923128,0.00012434047791477215
3636,0.009452600629590358,0.00015480292255039158
3637,0.00883589409789414,0.00012260071052267582
3638,-0.01603824734695725,0.00010686185438291716
3639,-0.01943506281473777,0.00013935912866083538
3640,0.0003563215518452639,0.00014960907472463922
3641,-0.009182801131751411,0.00011609902062076932
3642,-0.008469282956265471,0.00010946973223938346
3643,0.001787119395512336,9.567555121838303e-05
3644,0.01689283122276864,8.168183108556956e-05
3645,0.030547030660935667,0.00011578550798956826
3646,0.022226769412502925,0.00021739045730221766
3647,0.001608557585428944,0.0002030700569653547
3648,0.014212127712755351,0.00014801490138418428
3649,0.009074794306154637,0.00014874795026587444
3650,-0.010149904968602646,0.00011958651607718032
3651,-0.0111538106876205,0.00011695737777020352
3652,0.0018105956950755426,0.00010649020576860282
3653,0.008612531728402857,8.905186868208694e-05
3654,-0.0017051334255086983,8.632660695148152e-05
3655,-0.008730797328679327,7.604555000152906e-05
3656,0.007168429465996087,7.86450075684011e-05
3657,-0.00823167175176309,8.248109051867663e-05
3658,-0.003768265991164098,8.877641747425843e-05
3659,-0.011146959883067045,7.621134766392595e-05
3660,0.0018223980119984173,8.747901846813028e-05
3661,0.01376984658343805,7.766182000961764e-05
3662,0.009527612605385984,9.695603372852342e-05
3663,-0.0004241111821449975,8.880367394505353e-05
3664,-0.003595609177847025,7.63079295182273e-05
3665,-0.002999807193430336,6.964167216125337e-05
3666,-0.0058408831302704444,6.463356213882467e-05
3667,-0.006128264253414665,6.541024983106913e-05
3668,0.011145578282104407,6.531327618980059e-05
3669,0.01260508007625186,8.598959591710393e-05
3670,0.013135223160570877,9.116622748504323e-05
3671,0.015462844031284673,9.782901903038743e-05
3672,0.01578014226739869,0.00011071712214511487
3673,0.002711741950311396,0.00011827217272297948
3674,0.0036202713432546907,9.42366191029068e-05
3675,0.017169426554259556,8.13522700246113e-05
3676,-0.003651989180174527,0.00011652858317846375
3677,0.01623377429617043,0.00010146813908481246
3678,-0.0037152787532902594,0.0001363551924664012
3679,-0.007312725292811631,0.00011469034906073815
3680,-0.009991261465503148,9.765971983361303e-05
3681,-0.010429487382305149,9.434304327728716e-05
3682,-0.01155270829344127,9.173888266851207e-05
3683,-0.004733275708320949,9.370046477172816e-05
3684,-0.00424791294825369,8.006232722877311e-05
3685,0.007044958142468381,7.254525904744748e-05
3686,0.001974908092814995,7.579533599958227e-05
3687,-0.004082984284042216,6.759798847203328e-05
3688,0.012096429638373696,6.534450170527595e-05
3689,-0.011745672216173135,8.928082118781339e-05
3690,0.008714644347058438,0.00011102239045859546
3691,-0.013753552638433527,0.00011266266736296654
3692,-0.00294912422995525,0.00013468978402982575
3693,-0.013457461976083992,0.0001045648026462064
3694,-0.01452842201970343,0.00011649782698449132
3695,-0.01589552886733277,0.00011637027694816549
3696,0.01664496707446626,0.0001236643858995617
3697,-0.005158900931351607,0.00016114869931523144
3698,0.013450086127842455,0.00013526007808947198
3699,-0.007796899738561245,0.00014450798663808348
3700,0.020777604178995577,0.0001309052516267667
3701,0.0191498189561355,0.00019152894709325
3702,0.005916744889508843,0.0001752319333832333
3703,0.021732872833601955,0.00013145809641908283
3704,0.02012796190155148,0.0001777164411638742
3705,0.012156407198332188,0.0001735308576140857
3706,0.002006112712895757,0.00014230149947625366
3707,0.006259288892068215,0.00010932422776730655
3708,0.015539934271678806,9.514671197018515e-05
3709,-0.014879731146725392,0.00011398808293802499
3710,-0.019976474445831584,0.00014500726103676103
3711,-0.009012068856359716,0.00015586617605995405
3712,-0.0008909207273937805,0.00012322724301130214
3713,-0.014851466574896572,9.73591889557282e-05
3714,-0.013820756894104625,0.00011855736150751371
3715,-0.013091882533603329,0.00011390908704258047
3716,-0.003838415121018209,0.00011144630715676072
3717,-0.007087017877782712,9.038418096363409e-05
3718,0.004772205698396216,8.442714544769131e-05
3719,0.0023294794998047407,7.939028777260152e-05
3720,0.008577722231215999,7.002158482859291e-05
3721,0.0013812460848322532,7.572547226728752e-05
3722,0.01080517232113362,6.755019427650796e-05
3723,-0.0036743823067771535,8.232637871359141e-05
3724,-0.004342168932767974,7.756031752107276e-05
3725,-0.00038802797798323383,7.033034615711842e-05
3726,0.004262262235866766,6.415556586094921e-05
3727,0.00257883372450047,6.325526284007573e-05
3728,-0.007958267908794642,6.0198372345136144e-05
3729,-0.0011143093289573659,6.942283670509728e-05
3730,0.0025485742532177467,6.363452783986728e-05
3731,-0.005572333606263199,6.0933852575241445e-05
3732,-0.0057539154092834145,6.445771500486502e-05
3733,-0.005247367115279912,6.387930820690358e-05
3734,0.002401210734747,6.324160809949318e-05
3735,-0.01054678921404714,6.151870287713802e-05
3736,0.008109782372909172,7.983860210456814e-05
3737,0.009106262728082357,8.839906546828118e-05
3738,-0.00047455556462504435,8.365890702959009e-05
3739,0.0034422972803202475,7.31230846587993e-05
3740,0.00463331425192301,6.837486945519245e-05
3741,-0.0030452959037943423,6.54083571115666e-05
3742,0.005890144504862204,6.353454592645285e-05
3743,-0.00213897561429679,6.739552080819034e-05
3744,-8.008874853743478e-05,6.438108460888051e-05
3745,-0.0017414433736683908,6.0479872966835126e-05
3746,0.002424929205958808,5.855314250896865e-05
3747,-0.001102968890611521,5.808301019963702e-05
3748,-0.004580766241105577,5.693328064105468e-05
3749,-0.009616940169326226,5.875807492838701e-05
3750,0.006243677498921261,6.977087499182578e-05
3751,-0.005634099443158077,7.469117634154366e-05
3752,-0.007498637001841306,7.583090906893766e-05
3753,-0.006360984007779548,7.366393207029843e-05
3754,-0.0018146091019006086,7.066689331916323e-05
3755,0.003142329539822834,6.445329307224105e-05
3756,0.0011797646265138493,6.228928792370837e-05
3757,-0.012174650162771172,5.913983022916768e-05
3758,-0.010087661392231568,8.252174928730765e-05
3759,0.0040746658713198556,8.143591947657324e-05
3760,0.013813402989280974,7.645588535859893e-05
3761,-0.018060051629516027,9.49793084463367e-05
3762,0.002062417602617637,0.00015155551266452224
3763,-0.0012762628655911582,0.00012183833031703175
3764,0.011353084968401459,9.759113968972338e-05
3765,0.014940195472007738,0.00010504656013140328
3766,-0.002189747110687632,0.00011225204124879103
3767,0.0027647435359489723,9.427452559459226e-05
3768,0.0044883268591703355,8.153489727959257e-05
3769,-0.004933255907803651,7.350764109565626e-05
3770,0.014321826085589344,7.160952497133355e-05
3771,-0.0219074826860142,0.00010539618639732678
3772,0.006326152818316706,0.00019225560157299306
3773,0.007735392317298209,0.00016290247883061663
3774,0.024772600858437684,0.00012711613411202062
3775,0.026600262257213313,0.00019417767096071263
3776,0.0021088682423240305,0.0002214772956471622
3777,-0.012681659447971344,0.00015995414935477556
3778,0.012773972040772836,0.00014546514107144587
3779,0.016453459276720588,0.0001506557214515228
3780,0.009113404229686137,0.00014442123147640526
3781,-0.00544553189791323,0.00011750100443745051
3782,-0.004160920523819483,0.00010144497291363238
3783,-0.025648715929847597,8.496903975402148e-05
3784,-0.009115852632295678,0.00017931418401895318
3785,0.008238563770715388,0.00013519284240219535
3786,0.016586198647076892,0.00011866634280740186
3787,-0.0024100455052821898,0.00013101985230397673
3788,-0.00800278523919005,0.00010722016019296726
3789,0.00013501790372423466,9.528665702158206e-05
3790,-0.007165584616903193,8.021420888964716e-05
3791,-0.002033308838354153,7.978750059842484e-05
3792,0.0034513145598004135,7.012183968729989e-05
3793,0.004900319041966096,6.614090314534868e-05
3794,0.007092938021182086,6.444486095768798e-05
3795,-0.002329533504150021,6.70024009534534e-05
3796,-0.009440422555170185,6.425368906115896e-05
3797,-0.005630428467785677,7.307834808321825e-05
3798,-0.010549333179845261,6.835690299190275e-05
3799,-0.003382142327197818,7.895531863955008e-05
3800,-0.004514593062603618,6.987713860782754e-05
3801,-0.0001882639162102233,6.687772817274819e-05
3802,-0.00840184774845097,6.205582761759928e-05
3803,-0.0033940022007811345,7.124613913271024e-05
3804,0.00132229961441723,6.517138611752103e-05
3805,-0.010761999415529242,6.137025323865227e-05
3806,-0.0043924407753531845,7.929377563165649e-05
3807,0.015202273641383377,7.052064373081863e-05
3808,0.0006334325291811127,0.00010546114523712578
3809,-0.010924882883200735,8.731822925325193e-05
3810,-0.009721643035073658,9.301247703505856e-05
3811,-0.009621894306814715,8.807497987693928e-05
3812,0.007796604204401872,8.62359151659353e-05
3813,-0.00014004091532487302,8.918979934781795e-05
3814,-0.0029948356944898423,7.671398781013937e-05
3815,0.014634173295911348,6.926129542928996e-05
3816,0.02242259031400102,0.00010220987239887274
3817,-0.018937004357000433,0.000146955264239145
3818,-0.014129988930579113,0.0002006546081514249
3819,-0.01193505537241208,0.00016089954315104488
3820,0.005624539768280321,0.00013783709078106932
3821,-0.008339409232556654,0.00011645637457293792
3822,-0.007062760686824897,0.0001096738250287598
3823,-0.003919224814706754,9.309180473102541e-05
3824,0.0026021428137970207,7.983526642154155e-05
3825,-0.002263811553757793,7.183137374763973e-05
3826,-0.007008804677259598,6.652435319983996e-05
3827,0.0009392621945619038,6.867550987618663e-05
3828,0.005710455034051991,6.396417043081285e-05
3829,-0.002568831306598348,6.478685785896483e-05
3830,0.0036555804528712243,6.290698446771129e-05
3831,0.012907036393131677,6.275563614074294e-05
3832,0.006167878663112975,8.365994989322439e-05
3833,-0.006989475094539306,7.481856398703062e-05
3834,-0.00020830165396194423,7.708338411696192e-05
3835,-0.006769118839199834,6.870665876343295e-05
3836,-0.015138120251792711,7.150994537015523e-05
3837,-0.0027894207312506455,9.645549640334064e-05
3838,-0.003796384786237275,8.054283188428713e-05
3839,0.00015730857442247656,7.298988152013293e-05
3840,0.008171150829395773,6.59624912336022e-05
3841,0.014572997927049984,7.212842670601495e-05
3842,-0.008064072613869171,9.345637997667025e-05
3843,-0.015476931494844082,9.803585605504999e-05
3844,0.003923751734777978,0.00011121715277516424
3845,0.002771621555869761,9.726580561199988e-05
3846,0.0026807656615252724,8.13834094466157e-05
3847,-0.010067376623172647,7.204659228943915e-05
3848,-0.016581850076255008,8.400972780030201e-05
3849,0.003273435106035636,0.00010772464469373163
3850,0.0002993073798543006,9.416969143357409e-05
3851,0.004128207222002624,7.927078615933394e-05
3852,0.0036895530387420516,7.291604727855298e-05
3853,0.006828954106335296,6.708794346379143e-05
3854,-0.00432712997554017,6.869889370784117e-05
3855,-0.012599425364711732,6.84292461665057e-05
3856,-0.012577211558417973,8.502504896261655e-05
3857,-0.0013003857651984285,9.098194464022172e-05
3858,0.003955501888349791,7.721542328456044e-05
3859,-0.0034535631156134916,7.088748793041164e-05
3860,-0.0029714196328557902,6.751357573081197e-05
3861,0.004021322523790347,6.31204896464191e-05
3862,0.008093480276357555,6.296098356046012e-05
3863,0.0081524088111948,6.820071999996189e-05
3864,0.01064738281641537,7.03193765566093e-05
3865,-0.005477134630744924,7.86323885357895e-05
3866,0.007609452079315427,7.854324458125814e-05
3867,0.016545013887695702,8.333854450640064e-05
3868,0.008488135252195756,0.00010856510957452644
3869,0.02126909585091896,9.318960854903047e-05
3870,0.02402601416858794,0.000146868930335732
3871,-0.005044488539580272,0.00017881061159890935
3872,-0.0010055315907296718,0.0001462897643265373
3873,0.011636337389792637,0.00011195066035838875
3874,0.00985142509484306,0.00011238718955721848
3875,0.011468800106449342,0.0001000104795528361
3876,0.009905731909928607,9.938161551149181e-05
3877,-0.004733649116655532,9.280165753685437e-05
3878,0.0051015783335281294,8.504525591124888e-05
3879,-0.003621216003863259,8.02985636191395e-05
3880,-0.006101452967556085,7.451122684446981e-05
3881,-0.006935772651251906,7.112773702980073e-05
3882,0.005019374175190882,7.049103441822875e-05
3883,0.0023035125937523487,7.078651442750007e-05
3884,-5.8732100661258584e-05,6.460711848840515e-05
3885,0.0005524973124862398,6.056447922145131e-05
3886,-0.0038530947188047115,5.8077073630610926e-05
3887,-0.005833066910177416,5.9120138081566766e-05
3888,0.008671023107759033,6.134646132846233e-05
3889,0.010024284749498721,7.436743422474031e-05
3890,0.0033856001592416137,7.754253430083713e-05
3891,-0.01163354798783304,6.917859133368937e-05
3892,0.010711803444531091,8.7646924125617e-05
3893,-0.000631648422631348,0.00010427226155058755
3894,-0.0003633941793489754,8.73299446543709e-05
3895,0.004697402024383018,7.483248141789751e-05
3896,-0.003998961957912549,7.05841137465937e-05
3897,0.0012237572500835366,6.843454252791059e-05
3898,0.0010712955219991428,6.380147019434385e-05
3899,0.0018168234209057566,6.010938319651035e-05
3900,-0.0021935902333749704,5.821119592216733e-05
3901,0.0030602454107592583,5.7626001926169124e-05
3902,-0.000615323675689983,5.833338015025758e-05
3903,-0.003299013088618654,5.6922412632196466e-05
3904,-0.0005561992482677498,5.726668876049023e-05
3905,0.012697621863772964,5.594559381894749e-05
3906,0.015033490172868338,8.222664194941281e-05
3907,0.011996942648227177,9.762784611568001e-05
3908,0.0035196267326221588,9.63016611023385e-05
3909,-0.0020436633346985877,8.086589992860278e-05
3910,-0.00592634502850576,7.170253588061942e-05
3911,-0.0029752419390574963,6.999156166561502e-05
3912,0.019798061348654732,6.45129673467052e-05
3913,-0.0019899668113041273,0.00012911305871243783
3914,-0.009580009730505696,0.00010739172045637155
3915,-0.02218538194604477,9.90652702810293e-05
3916,-0.002965554911649729,0.000152824037358821
3917,0.010749445122562687,0.0001161847453197902
3918,0.008228080215569372,0.00011148144907005347
3919,-0.004346212477529945,9.618380440984342e-05
3920,-0.006700244172083565,8.564586927319066e-05
3921,0.003496121731823714,7.894821035879639e-05
3922,0.01500693938811706,7.317737593235017e-05
3923,0.015441464250869546,9.921160863391393e-05
3924,-0.011799247858967668,0.0001088211106359436
3925,0.006588085503073089,0.00012314868742812927
3926,0.010935849358931656,0.00011264845860507871
3927,0.013413531486455504,0.00010427505047316176
3928,0.023390800305122625,0.0001080021873540184
3929,0.014317747995679704,0.00016218790847363158
3930,-0.008614951195031605,0.0001386434993973377
3931,-0.005134324154025878,0.00012620905715592657
3932,-0.007269284442260206,0.00010067519995119794
3933,0.012781000747728515,9.067609401723864e-05
3934,-0.016747475942416296,0.00011065997761006968
3935,-0.0033870555642749062,0.00015456913577732416
3936,-0.0032000086367644947,0.00011709141502964969
3937,0.011820343275675927,9.53690774946395e-05
3938,0.006745516695507412,0.00010621489565070053
3939,0.00564006738620567,8.960452045460243e-05
3940,0.017375203632392384,8.009556064641974e-05
3941,0.023213023026944373,0.00011555123886195987
3942,0.02896228686556667,0.00015887498744752241
3943,-0.0037799790976740136,0.00022405029846728618
3944,-0.011902511251029384,0.00017396606301023145
3945,0.001581010550898555,0.0001462931880463505
3946,-0.00561812593814481,0.00011407219938388809
3947,0.003136365847835283,9.843565570235973e-05
3948,-0.00876862633273846,8.511627515166949e-05
3949,0.01367318099555155,8.922364615426744e-05
3950,0.019439484228053874,0.00011734818587484269
3951,-0.018340721799140616,0.00013798225633187641
3952,0.014067987124182245,0.00018577596397908387
3953,0.023478369114101855,0.0001944313588242812
3954,0.003586262131573687,0.0002072334582482487
3955,0.01493187921574456,0.00015011064708030417
3956,0.0014985351583390798,0.00015226619990535905
3957,0.001642831755113094,0.0001160002087301741
3958,0.002050197203826427,9.346436738418537e-05
3959,0.001205776506730512,7.91213434041048e-05
3960,-0.000909584694748368,6.978932476417008e-05
3961,-0.0012828815478491621,6.400448161697889e-05
3962,0.006675320224294223,6.0363073334693466e-05
3963,0.007651160015347924,6.58949123591011e-05
3964,0.0011604238424806957,6.790898492708108e-05
3965,0.0052600366246452115,6.262726841522087e-05
3966,0.0029924022253073456,6.401611282740775e-05
3967,-0.007446512586833843,6.079334139276367e-05
3968,-0.006229182439995707,6.85114189544096e-05
3969,-0.0007077017735525346,6.659579222315192e-05
3970,0.003458639191241777,6.181037416595681e-05
3971,0.009257783951934802,6.075502916079752e-05
3972,-0.008751963639710612,7.047245422817669e-05
3973,0.007526326603520266,8.28515964595979e-05
3974,0.003350930583594395,8.781779376122411e-05
3975,0.012099837413507798,7.54323207997746e-05
3976,0.023034032417247524,9.089089039751935e-05
3977,0.018206348699401926,0.0001485826137753908
3978,-0.0031941234016274658,0.00014614784614760623
3979,-0.021520649618764445,0.0001179347167002673
3980,-0.005605328450304161,0.0001632819676069788
3981,0.010685850808645184,0.00012283601281895475
3982,-0.0027242432815876945,0.00011742106698894439
3983,0.006964900032440503,9.788476883644397e-05
3984,0.013943672836519911,9.219521793560363e-05
3985,-0.008560544829508951,0.00010336616933904311
3986,-0.0006965896150437052,0.00010560348447917268
3987,-0.006826578147294296,8.670722690826907e-05
3988,-0.01876852587333827,8.30436102065555e-05
3989,-0.02138801850666856,0.00012254479604490673
3990,-0.010706648190279713,0.0001504964647928444
3991,-0.006109957428790946,0.00012281525688349667
3992,-0.0001900389667773235,0.00010075108320956796
3993,0.00019050073111303152,8.333849996183506e-05
3994,0.007631095748235752,7.230969138989693e-05
3995,-0.010073732478265198,7.51825291390099e-05
3996,-0.0023194479354362446,9.00262923632762e-05
3997,0.002167841134645056,7.650820023652141e-05
3998,-0.006329876642171398,6.880311235213673e-05
3999,0.013453945478685057,7.091473686655172e-05
4000,-0.0008513552044381013,0.00010165270348919838
