t,ret,sigma2_true
1,-0.0009315537937520333,0.0001
2,0.003871110229998916,0.0001
3,0.01661308676399161,0.0001
4,0.008846161611823534,0.0001
5,0.0019757394354588008,0.0001
6,-0.01342677575404056,0.0001
7,0.01052954967822624,0.0001
8,-0.0023344643857357394,0.0001
9,0.0022285141209307797,0.0001
10,0.009983991004599312,0.0001
11,0.024570735419709427,0.0001
12,-0.016454753659825953,0.0001
13,0.0014451362058297734,0.0001
14,-0.0037182390874949357,0.0001
15,-0.0010617761360687487,0.0001
16,0.01529280486102028,0.0001
17,-0.011619026366891232,0.0001
18,-0.002029310249755984,0.0001
19,0.019598811724730814,0.0001
20,0.012178791073162111,0.0001
21,0.0014146537006920674,0.0001
22,-0.015504689687022675,0.0001
23,-0.008598907943252696,0.0001
24,0.0034638188604286307,0.0001
25,0.010836698155422831,0.0001
26,-0.003359767257378439,0.0001
27,-0.0053251837928835425,0.0001
28,0.0039334375226134045,0.0001
29,-0.0034952818121318464,0.0001
30,-0.007144313545520491,0.0001
31,-0.00748294954453301,0.0001
32,-4.1659794590889754e-06,0.0001
33,0.014397302189634887,0.0001
34,0.011892716027835669,0.0001
35,-0.014642816309229228,0.0001
36,0.004806124105972668,0.0001
37,0.006876029141642464,0.0001
38,0.013210459661424036,0.0001
39,-0.007493147873944046,0.0001
40,-0.003955628665214946,0.0001
41,-0.0038739469616921973,0.0001
42,0.0024836337720550543,0.0001
43,0.003790551239152666,0.0001
44,0.015243503947386999,0.0001
45,-0.015591032204214672,0.0001
46,-0.002101239551768064,0.0001
47,0.015404786259029404,0.0001
48,0.0066859852977436685,0.0001
49,0.0024611569409454842,0.0001
50,-0.009631239004711354,0.0001
51,-0.018573599865603953,0.0001
52,-0.020519046214025595,0.0001
53,-0.010745301179332341,0.0001
54,0.018361565684138003,0.0001
55,0.0065826245636035445,0.0001
56,-0.015199598175637001,0.0001
57,-0.03038538277353355,0.0001
58,0.01374614123379121,0.0001
59,0.0014078541149345576,0.0001
60,-0.008663780163282385,0.0001
61,-0.012797820121330801,0.0001
62,0.006099263029877593,0.0001
63,-0.0028848991247872316,0.0001
64,0.013847710357645213,0.0001
65,0.001784362147951832,0.0001
66,0.025618285719410022,0.0001
67,0.008209782336689085,0.0001
68,0.008327099070549222,0.0001
69,0.007301034290731532,0.0001
70,-0.00017356453184456027,0.0001
71,-0.019084833723658857,0.0001
72,0.005205787299635045,0.0001
73,0.013428314121067786,0.0001
74,0.0026470673492250906,0.0001
75,-0.009848678164192593,0.0001
76,-0.00793819105529938,0.0001
77,-0.003925413387877489,0.0001
78,-0.0023527244133612507,0.0001
79,-0.000986826742936724,0.0001
80,0.0012001247254887141,0.0001
81,-0.012215506627448108,0.0001
82,0.006718397749062481,0.0001
83,-0.001360012668698683,0.0001
84,0.008550198498456379,0.0001
85,-0.007269348547669351,0.0001
86,-0.004720467260025228,0.0001
87,-0.0016292415177683282,0.0001
88,0.006605199645373439,0.0001
89,0.0017310020082553273,0.0001
90,-0.0038605587682300035,0.0001
91,-0.0004912014459177496,0.0001
92,0.0107304434956409,0.0001
93,-0.003330045300714711,0.0001
94,-0.001265288569975463,0.0001
95,0.009131484146481864,0.0001
96,0.005695166034266103,0.0001
97,0.002278094721827514,0.0001
98,-0.007672618808428935,0.0001
99,0.016614326040100637,0.0001
100,0.010604163023844638,0.0001
101,-0.004962054432059993,0.0001
102,-0.008185170275325716,0.0001
103,0.00239519995034609,0.0001
104,0.006110998290460999,0.0001
105,-0.011490782930498154,0.0001
106,0.005761406017045734,0.0001
107,0.004571918680012815,0.0001
108,-0.005826423631861071,0.0001
109,-0.01728128838480362,0.0001
110,-0.004246244016819683,0.0001
111,0.0015928087597939324,0.0001
112,0.004682357638916173,0.0001
113,0.00475148943672588,0.0001
114,0.014542046887806399,0.0001
115,-0.0007952095332378512,0.0001
116,-0.013385888014518104,0.0001
117,-0.00016938278223843528,0.0001
118,-0.0030606421239882417,0.0001
119,-0.01567419002442915,0.0001
120,0.0031449140582930873,0.0001
121,0.0046185131423669866,0.0001
122,0.005995703623383158,0.0001
123,-0.0051180328485956415,0.0001
124,0.003677402902688008,0.0001
125,-0.016332940879308394,0.0001
126,0.0006590972611508001,0.0001
127,-0.013533579368038784,0.0001
128,-0.011738478164140753,0.0001
129,-0.0016486014891644344,0.0001
130,-0.004011654673953165,0.0001
131,-0.0059668520755680726,0.0001
132,0.0004480051748968532,0.0001
133,-0.008686617126157788,0.0001
134,-0.00928306302560134,0.0001
135,-0.006931520904910453,0.0001
136,0.008471107428046408,0.0001
137,0.007883418010372865,0.0001
138,-0.00882702588992451,0.0001
139,0.004301361595455919,0.0001
140,0.01401918925219208,0.0001
141,0.002873263393878007,0.0001
142,-0.006907747484352802,0.0001
143,0.01092725886083463,0.0001
144,0.000698592583409339,0.0001
145,-0.023912277445509878,0.0001
146,-0.00788684506761001,0.0001
147,0.0014096636859928,0.0001
148,0.011401029852191902,0.0001
149,0.009094012918254195,0.0001
150,0.004944742737343121,0.0001
151,0.008501585890460892,0.0001
152,0.005117936105143761,0.0001
153,0.009998630710702132,0.0001
154,0.009949316675881318,0.0001
155,0.004381871767506079,0.0001
156,0.0074975707339354535,0.0001
157,0.00519649466847016,0.0001
158,0.00042810312514554404,0.0001
159,-0.012632976502824703,0.0001
160,0.002764146219911852,0.0001
161,-0.009151762484684738,0.0001
162,0.0038491873053182668,0.0001
163,0.006922601727978139,0.0001
164,-0.0030787090628278664,0.0001
165,-0.01899898198049387,0.0001
166,-0.0191248967321236,0.0001
167,-0.003984671792416696,0.0001
168,0.005740722585313688,0.0001
169,0.002192248292895562,0.0001
170,0.012066674227664435,0.0001
171,-0.017063429196317197,0.0001
172,0.00437289643276799,0.0001
173,0.002751047199147125,0.0001
174,0.005101268827354872,0.0001
175,-0.015914878710568552,0.0001
176,0.02132220737939637,0.0001
177,0.01761361298722127,0.0001
178,-0.0053507762329138495,0.0001
179,-0.010446207640181162,0.0001
180,0.00883252752457502,0.0001
181,-0.0007003881155518218,0.0001
182,-0.002764980078063706,0.0001
183,-0.025689637379192724,0.0001
184,-0.005378439612907661,0.0001
185,-0.00015557300581841546,0.0001
186,-0.012375132614919218,0.0001
187,-0.000371032795968044,0.0001
188,0.010574237857623878,0.0001
189,0.005204013277601417,0.0001
190,0.0002768661520437597,0.0001
191,-0.022458086028397935,0.0001
192,-0.0029327219992925607,0.0001
193,-0.004834683282300739,0.0001
194,-0.014849678249121256,0.0001
195,-0.0134396710154418,0.0001
196,-0.010867667834574619,0.0001
197,-0.0117876882667733,0.0001
198,0.0009816646804354766,0.0001
199,-0.0010629934530849174,0.0001
200,0.01290352588017006,0.0001
201,0.006074154254951712,0.0001
202,0.015314650974561327,0.0001
203,0.020364216727055098,0.0001
204,0.019199352696864794,0.0001
205,-0.0019172856955874513,0.0001
206,0.002920580788916209,0.0001
207,0.010745903095237121,0.0001
208,0.006578225122420959,0.0001
209,0.00048775052650688546,0.0001
210,-0.0038936808725191048,0.0001
211,-0.00825541606377664,0.0001
212,-0.007137912924015046,0.0001
213,-0.013043021646892226,0.0001
214,-0.009923566393552033,0.0001
215,0.00047846318636309725,0.0001
216,0.012452660306403551,0.0001
217,0.011230797420757171,0.0001
218,-0.0203472626910203,0.0001
219,0.002817424062789909,0.0001
220,0.004992607887019956,0.0001
221,0.008048552135884183,0.0001
222,-0.009515638592528469,0.0001
223,-0.002384635996083901,0.0001
224,0.005430578992550157,0.0001
225,-0.002742055865636627,0.0001
226,0.0005869489206247224,0.0001
227,-0.00033439374128176047,0.0001
228,-0.0064071469385331035,0.0001
229,-0.010545494486235847,0.0001
230,-0.0004369358422131123,0.0001
231,-0.002320042026301645,0.0001
232,-0.0002589179761428085,0.0001
233,0.004620926168189823,0.0001
234,-0.0080423276576407,0.0001
235,0.0009738862196782946,0.0001
236,-0.0025162027271341705,0.0001
237,-0.003607927023761041,0.0001
238,-0.002477617517026027,0.0001
239,0.00034068185406508933,0.0001
240,0.02619938484609159,0.0001
241,-0.002283198690174446,0.0001
242,-0.013962143907565486,0.0001
243,0.0011784929795246762,0.0001
244,-0.002099776392691675,0.0001
245,0.005863645917697175,0.0001
246,-0.017229306348825878,0.0001
247,-0.00017033553842316752,0.0001
248,-0.009359392281474232,0.0001
249,0.0022139325923828555,0.0001
250,-0.0151625831117425,0.0001
251,-0.00282945938090155,0.0001
252,0.001361658099990821,0.0001
253,0.0031448770014830475,0.0001
254,-0.00668979675648068,0.0001
255,-0.0014793718943276117,0.0001
256,-0.021842915446607766,0.0001
257,-0.015930292563184484,0.0001
258,-0.005361963734416485,0.0001
259,0.0003342803416525364,0.0001
260,-0.006728492413233943,0.0001
261,-0.012940963873260065,0.0001
262,0.00419029493050966,0.0001
263,0.0010543053650296538,0.0001
264,0.0031879437353555355,0.0001
265,0.005245241974323184,0.0001
266,-0.0024400996461452916,0.0001
267,-0.006463815423067232,0.0001
268,-0.0037456694392791322,0.0001
269,0.027107529775750802,0.0001
270,0.004451427118189315,0.0001
271,-0.0016245766835858706,0.0001
272,0.011553642804782768,0.0001
273,0.013801615812763776,0.0001
274,0.0018717470348209118,0.0001
275,-0.02075323382214732,0.0001
276,0.0063716317916276055,0.0001
277,-0.007959728315520458,0.0001
278,-0.007919477979724391,0.0001
279,0.005181451417594627,0.0001
280,0.023611687439361054,0.0001
281,-0.005438976796561416,0.0001
282,-0.007880278634283007,0.0001
283,-0.0028933366174612447,0.0001
284,-0.0022751206434246138,0.0001
285,-0.0051892234136026736,0.0001
286,0.006893136149482414,0.0001
287,0.005251763490759869,0.0001
288,-0.011874385455352306,0.0001
289,-0.0012665502123153116,0.0001
290,-0.006325619178937243,0.0001
291,-0.00634332660996298,0.0001
292,-0.0012386609798871458,0.0001
293,-0.007949523224208156,0.0001
294,-0.0027626708636257157,0.0001
295,-0.0035156990426329117,0.0001
296,-0.0012654986361113158,0.0001
297,-0.003317666365361852,0.0001
298,0.008306598374609238,0.0001
299,0.0063477571068537965,0.0001
300,0.0051631738145948075,0.0001
301,-0.0008049157570008853,0.0001
302,-0.0035578679526417235,0.0001
303,0.01047486189888006,0.0001
304,0.005097211235780134,0.0001
305,-0.010314911854744303,0.0001
306,-0.0074359646670984995,0.0001
307,-0.011439924514717443,0.0001
308,-0.0009668104705104069,0.0001
309,0.02087235797462395,0.0001
310,0.023711262722171722,0.0001
311,0.017021272564718592,0.0001
312,-0.014646544638537415,0.0001
313,0.007975625646935094,0.0001
314,-0.0013310376293425696,0.0001
315,-0.012614921539631188,0.0001
316,-0.0038677268033662396,0.0001
317,0.008937207603153436,0.0001
318,-0.006148598707439827,0.0001
319,-0.003107040357033317,0.0001
320,-0.0038771389814088566,0.0001
321,0.01871804467355441,0.0001
322,-0.001780998938341885,0.0001
323,0.01250645204083554,0.0001
324,-0.008325000110787729,0.0001
325,-0.004602068728516942,0.0001
326,-0.0076086637470623554,0.0001
327,-0.0004932641138265145,0.0001
328,0.0025139151701082467,0.0001
329,0.005530404688975932,0.0001
330,0.017816660187226434,0.0001
331,0.02598727306105114,0.0001
332,0.0013365017784562028,0.0001
333,0.012558419821567617,0.0001
334,0.010527160163493605,0.0001
335,-0.0002853566091257298,0.0001
336,-0.00874857070034718,0.0001
337,0.002018383260355465,0.0001
338,0.012911487623238493,0.0001
339,-0.004948984923900294,0.0001
340,-0.011036825030186834,0.0001
341,-0.0004465043781119513,0.0001
342,0.01063132100293365,0.0001
343,-0.005540026653306138,0.0001
344,-0.0034584356022910913,0.0001
345,0.008177612588888269,0.0001
346,-0.0012705762393176818,0.0001
347,0.01751300720604046,0.0001
348,0.006829272430729165,0.0001
349,0.01047713416954964,0.0001
350,0.0160915858245656,0.0001
351,0.019220598282177342,0.0001
352,-0.0013392126697554475,0.0001
353,0.0035648402470892645,0.0001
354,0.014683996179796904,0.0001
355,0.015227199648732422,0.0001
356,-0.005184294141641962,0.0001
357,-0.002901507125587272,0.0001
358,-0.004775120527218936,0.0001
359,-0.011291669555179904,0.0001
360,-0.007868334963379357,0.0001
361,0.0016965748886903337,0.0001
362,0.009622180370247247,0.0001
363,2.8873355280800984e-05,0.0001
364,0.005686947262140537,0.0001
365,-0.006064368520861282,0.0001
366,0.012058550940273425,0.0001
367,-0.008721804972833569,0.0001
368,-0.00783048031604529,0.0001
369,0.0010247006269522283,0.0001
370,-0.013428174425796989,0.0001
371,-0.01080888191142926,0.0001
372,-0.009609751148093496,0.0001
373,-0.001086362060651527,0.0001
374,-0.006369086473971615,0.0001
375,0.009257404907975225,0.0001
376,-0.00139105707550538,0.0001
377,-0.001957076733443001,0.0001
378,-0.003618134328702582,0.0001
379,-0.001876105293405841,0.0001
380,0.017371727840123342,0.0001
381,-0.007935401170483884,0.0001
382,-0.006992994292374925,0.0001
383,0.005041383158700687,0.0001
384,0.009756829084123978,0.0001
385,0.009722845025144073,0.0001
386,0.012406936305516508,0.0001
387,-0.005732863087425272,0.0001
388,-0.0077074743826477015,0.0001
389,0.001420844717843955,0.0001
390,0.005890924490903768,0.0001
391,-0.0007667950020534201,0.0001
392,-0.02458008214209912,0.0001
393,-0.011748769200154368,0.0001
394,0.007244144056310278,0.0001
395,-0.010532238011537189,0.0001
396,-0.006123064423829752,0.0001
397,-0.0010548624727483582,0.0001
398,0.0036913807413897497,0.0001
399,0.0090286306382386,0.0001
400,0.01682739631990813,0.0001
401,-0.004881563080359442,0.0001
402,0.009860631639795897,0.0001
403,-0.004806535356879505,0.0001
404,-0.001181370662538705,0.0001
405,-0.017230189470120134,0.0001
406,-0.006963746504590772,0.0001
407,-0.006424600897052981,0.0001
408,-0.007091354659902025,0.0001
409,-0.01577733494111044,0.0001
410,-0.025976184989471417,0.0001
411,-0.014991345660576232,0.0001
412,-0.0033693100258840327,0.0001
413,-0.012262687190799038,0.0001
414,0.007085787339723327,0.0001
415,0.0189033798849612,0.0001
416,0.015553719630663152,0.0001
417,0.006175268446810005,0.0001
418,-0.0034968267306819557,0.0001
419,0.006994286165914787,0.0001
420,-0.01565290149748485,0.0001
421,-0.007695999359525105,0.0001
422,-0.002760467742869399,0.0001
423,-0.001988647201538169,0.0001
424,0.006040561832784751,0.0001
425,0.016046326664254353,0.0001
426,-0.007718177536025775,0.0001
427,-0.007961844555378142,0.0001
428,0.01681350544853316,0.0001
429,-0.014948254372020202,0.0001
430,-0.002664301894028966,0.0001
431,-0.01260151108924358,0.0001
432,-0.007454565939548123,0.0001
433,0.004419876590191278,0.0001
434,0.008294216756623306,0.0001
435,0.018976523538401822,0.0001
436,-0.0007941395716799665,0.0001
437,-0.03016394165306863,0.0001
438,-0.003946727019181735,0.0001
439,-0.01322302396069644,0.0001
440,-0.02427521743026636,0.0001
441,-0.0074048280333512476,0.0001
442,0.01721926544613947,0.0001
443,0.012327261729567707,0.0001
444,0.022998279092814312,0.0001
445,0.005123621059613431,0.0001
446,-0.029004240494895025,0.0001
447,-0.021527773731395354,0.0001
448,0.01105614221643458,0.0001
449,0.014691714749284527,0.0001
450,-0.012708494066934318,0.0001
451,-0.017416807592490587,0.0001
452,0.022264443792158493,0.0001
453,0.011291038432481174,0.0001
454,0.004204410953241532,0.0001
455,0.006112457101356935,0.0001
456,-0.0020087569360810946,0.0001
457,-0.022333066061710358,0.0001
458,-0.011666087318473857,0.0001
459,-0.013843453268842157,0.0001
460,0.0016512409689424402,0.0001
461,0.0035037310291815577,0.0001
462,0.018869977045998163,0.0001
463,0.006246763676530204,0.0001
464,-0.01776499918184649,0.0001
465,0.01271096526582875,0.0001
466,0.00753706863828206,0.0001
467,-0.003194463551652077,0.0001
468,-0.002085402352451217,0.0001
469,-0.006007492773831116,0.0001
470,-0.004484050672482284,0.0001
471,0.014783976265094635,0.0001
472,-0.0003270950048867405,0.0001
473,-0.004649351817803399,0.0001
474,0.006543663939889991,0.0001
475,0.027785854671604472,0.0001
476,0.001775497753505159,0.0001
477,0.0017832212327847392,0.0001
478,0.001312095238034689,0.0001
479,-0.02616621560941832,0.0001
480,-0.0023556655516365093,0.0001
481,-0.001330344283629461,0.0001
482,-0.011809183286876433,0.0001
483,-0.003180571742093332,0.0001
484,0.010387920712873434,0.0001
485,-0.002927557389969235,0.0001
486,-0.013810291776087716,0.0001
487,-0.0076302906710109,0.0001
488,-0.007870444746509045,0.0001
489,0.0106847620094184,0.0001
490,-0.0011544049761833587,0.0001
491,0.0016846499777720683,0.0001
492,-0.00406919880554266,0.0001
493,-0.008942324255941115,0.0001
494,-0.006190323827108713,0.0001
495,-0.009343093082938285,0.0001
496,-0.006477971584456652,0.0001
497,-0.012775560477334299,0.0001
498,0.004034039033873664,0.0001
499,0.012796213794939013,0.0001
500,0.011137467574420879,0.0001
501,0.00838340885056023,0.0001
502,0.002253116811055662,0.0001
503,-0.0013506722515997836,0.0001
504,0.007458848904492065,0.0001
505,0.008600756986460506,0.0001
506,0.0022088049361340123,0.0001
507,-0.011570556459268503,0.0001
508,0.002885023570184891,0.0001
509,-0.004338682823528864,0.0001
510,-0.0050240552401678105,0.0001
511,0.02103970215434541,0.0001
512,-0.00497933378928921,0.0001
513,-0.01386521452958458,0.0001
514,-0.007294874536819089,0.0001
515,-0.009132760485545068,0.0001
516,0.00907030298668505,0.0001
517,-0.0003043674767404381,0.0001
518,-0.002034230581938041,0.0001
519,-0.006337368590367406,0.0001
520,-0.026715409327759957,0.0001
521,-0.0017605662198478629,0.0001
522,0.0018091087371879067,0.0001
523,-0.005442205174860599,0.0001
524,0.003813716778981452,0.0001
525,-0.006981328787471897,0.0001
526,0.010340067657057002,0.0001
527,-0.007667215172968316,0.0001
528,0.005921465023088744,0.0001
529,0.007014658766998906,0.0001
530,-0.014413031099570381,0.0001
531,-0.0018132601913867237,0.0001
532,-0.0042533203250562646,0.0001
533,-0.004744587507072375,0.0001
534,0.008011828087587516,0.0001
535,0.0031116858894472098,0.0001
536,0.0005384137045319359,0.0001
537,-0.00029812849761931835,0.0001
538,0.016182312960174968,0.0001
539,0.00514935241174015,0.0001
540,0.012152072513353943,0.0001
541,0.0010949958686305523,0.0001
542,-0.00605768733346308,0.0001
543,-0.011528008400901086,0.0001
544,-0.006253080322304254,0.0001
545,0.007294894508589001,0.0001
546,0.010177946883262243,0.0001
547,-0.0010453612663486318,0.0001
548,0.010147506635577739,0.0001
549,0.010405563392220471,0.0001
550,0.022557082618165688,0.0001
551,0.008983083641883185,0.0001
552,0.020521368121443364,0.0001
553,0.009487150278919634,0.0001
554,0.004485198305161518,0.0001
555,0.016411699645464267,0.0001
556,0.003999819430009737,0.0001
557,0.006619265393284604,0.0001
558,0.008417182344918733,0.0001
559,0.00906336588596967,0.0001
560,-0.016572715180794693,0.0001
561,-0.0017187239968940275,0.0001
562,0.0010704521562622071,0.0001
563,0.016866232247894346,0.0001
564,0.021993894536993713,0.0001
565,0.0006927202226651925,0.0001
566,-0.003480086189197635,0.0001
567,-0.021517876275547087,0.0001
568,-0.017473770327732684,0.0001
569,0.0005845734766636479,0.0001
570,-0.004389983348888657,0.0001
571,-0.0007871967902169705,0.0001
572,0.003433516883565129,0.0001
573,-0.011017949563184163,0.0001
574,-0.0037099619395766837,0.0001
575,-0.017079508891856634,0.0001
576,-0.002623951948377384,0.0001
577,0.0033959045199714135,0.0001
578,-0.01779365321357713,0.0001
579,0.004065608861836071,0.0001
580,0.008711395039582959,0.0001
581,-0.006460022013421116,0.0001
582,0.010760349523461405,0.0001
583,0.004986898510853449,0.0001
584,0.011933414795410569,0.0001
585,-0.007536839685084411,0.0001
586,-0.017484276707498865,0.0001
587,-0.025928799668163652,0.0001
588,-0.009418253648418914,0.0001
589,-0.012664719416923494,0.0001
590,-0.007957796221217055,0.0001
591,-0.000919092020218523,0.0001
592,-0.0010831933151816719,0.0001
593,-0.011091411710930936,0.0001
594,-0.007353008857204813,0.0001
595,-0.00896527224327713,0.0001
596,0.0025398805163026274,0.0001
597,-0.006061053342214858,0.0001
598,-0.013818552188934104,0.0001
599,0.004307528726853846,0.0001
600,0.014064399344590318,0.0001
601,0.02011312013618852,0.0001
602,0.006438978956503237,0.0001
603,-0.005055766595240981,0.0001
604,-0.011436239666537765,0.0001
605,-0.021132321525786157,0.0001
606,-0.004140531046562963,0.0001
607,-0.008596681851640912,0.0001
608,0.006031603855535337,0.0001
609,-0.013258153500868253,0.0001
610,-0.008859839524878864,0.0001
611,-0.013590991717974725,0.0001
612,-0.011874246035726113,0.0001
613,-0.006546250551799158,0.0001
614,-0.00213674074229217,0.0001
615,-0.01105783795616063,0.0001
616,-0.007806321154664522,0.0001
617,-3.662555412265359e-05,0.0001
618,0.003579213347914718,0.0001
619,0.0013075226206242518,0.0001
620,0.008707217993583602,0.0001
621,-0.004132268207646374,0.0001
622,-0.0016710171404888399,0.0001
623,0.01588874782976801,0.0001
624,0.002936024872877376,0.0001
625,0.009028643315861121,0.0001
626,-0.017115231718210097,0.0001
627,-0.013019698971057272,0.0001
628,-0.0007592978617183831,0.0001
629,0.00643730166962948,0.0001
630,0.017847863293058656,0.0001
631,-0.002799537559856247,0.0001
632,-0.012633234756813454,0.0001
633,-0.004321183324946469,0.0001
634,-0.009714324373940278,0.0001
635,-0.00020631983715273583,0.0001
636,0.008501380174306739,0.0001
637,0.0108082517641504,0.0001
638,-0.0010364674442361304,0.0001
639,-0.017094219382550194,0.0001
640,0.018500637492919542,0.0001
641,0.012287475050891854,0.0001
642,0.000302944914465608,0.0001
643,0.003015916080999179,0.0001
644,0.011132608490057648,0.0001
645,0.001834134039431466,0.0001
646,0.005416476076610622,0.0001
647,0.012982983200567013,0.0001
648,-0.01914597846233379,0.0001
649,-0.009180274108620226,0.0001
650,0.00871162523375354,0.0001
651,0.009532099431816427,0.0001
652,-0.0005414721845135717,0.0001
653,-0.010946953425374996,0.0001
654,-0.00554822777561649,0.0001
655,0.0031674057695983593,0.0001
656,9.392725223993759e-05,0.0001
657,0.001956720738726533,0.0001
658,-0.00448801871103807,0.0001
659,-0.011572017675908406,0.0001
660,-0.010491819868237882,0.0001
661,0.0059195057660045335,0.0001
662,0.004483391022599382,0.0001
663,0.019744449190713113,0.0001
664,-0.00338233678489128,0.0001
665,-0.008599850188211824,0.0001
666,-0.015691010543641987,0.0001
667,-0.009644601292823808,0.0001
668,0.008849466082795533,0.0001
669,0.0028219901243430067,0.0001
670,0.0018635972816916468,0.0001
671,-0.0020338282875964698,0.0001
672,0.02499210320304305,0.0001
673,0.03010911299174165,0.0001
674,0.018130169640878657,0.0001
675,0.00885447774765388,0.0001
676,-0.0020546185074379244,0.0001
677,-0.002583723166055421,0.0001
678,-0.007055230884277688,0.0001
679,0.010642592447162941,0.0001
680,0.0020843840501059887,0.0001
681,0.02097860820495773,0.0001
682,0.001418210980849683,0.0001
683,-0.012515674316800895,0.0001
684,0.006591872586265821,0.0001
685,0.007062999095644374,0.0001
686,0.002728933739818736,0.0001
687,0.013650963863930726,0.0001
688,0.013413631319472291,0.0001
689,0.0007583292365139858,0.0001
690,-0.01216759865521251,0.0001
691,-0.012347011785369429,0.0001
692,-0.007607855228260043,0.0001
693,0.003587841163311808,0.0001
694,0.013660941799601319,0.0001
695,0.003143026270997153,0.0001
696,0.00336396118758327,0.0001
697,-0.012348893487085151,0.0001
698,-0.005282537073701706,0.0001
699,0.002930554157118453,0.0001
700,0.0048143255598338585,0.0001
701,-0.0029040056455585384,0.0001
702,-0.011137557779590506,0.0001
703,-0.006054043414972977,0.0001
704,0.01202383333012444,0.0001
705,-0.006035818153126514,0.0001
706,-0.016817926189299098,0.0001
707,0.0031028573768046752,0.0001
708,0.007078991683880033,0.0001
709,0.0004872973599895802,0.0001
710,0.013001210815250836,0.0001
711,-0.012015978906295084,0.0001
712,0.001910761949162091,0.0001
713,-0.011369128917292044,0.0001
714,0.011045282189969837,0.0001
715,-0.002264865022034095,0.0001
716,0.003748484941090043,0.0001
717,0.0016224291571114169,0.0001
718,-0.011942005363384179,0.0001
719,0.0014953131425890684,0.0001
720,-0.02166022197187372,0.0001
721,-0.03146233737973429,0.0001
722,-0.006892510758144481,0.0001
723,-0.006895287032133482,0.0001
724,0.009054822290348851,0.0001
725,0.017971473759934447,0.0001
726,0.016315721430954243,0.0001
727,0.008688744650084382,0.0001
728,0.007233137891377812,0.0001
729,-0.012857776456223036,0.0001
730,0.006831931467933157,0.0001
731,0.004088917442099137,0.0001
732,-0.013885678697323352,0.0001
733,-0.0007452007333428238,0.0001
734,0.003161810771372015,0.0001
735,0.012316128230794627,0.0001
736,0.014877953363999708,0.0001
737,-0.0024480062406291633,0.0001
738,-0.00957127548222451,0.0001
739,-0.009881882645993146,0.0001
740,0.009670627357957283,0.0001
741,0.015741534794508124,0.0001
742,0.015251489236078037,0.0001
743,-0.0009211204933333861,0.0001
744,0.011561359037446164,0.0001
745,-0.005109000588983974,0.0001
746,-0.006272554660897513,0.0001
747,-0.01176598286308999,0.0001
748,-0.0020030428434751097,0.0001
749,0.002426292980508002,0.0001
750,0.005139078601359086,0.0001
751,0.008637529106446001,0.0001
752,0.002829947206318327,0.0001
753,0.014297025051691897,0.0001
754,-0.011954861640582704,0.0001
755,0.011223164509849733,0.0001
756,0.000886365583012147,0.0001
757,0.013720154387868054,0.0001
758,0.010638734260880746,0.0001
759,-0.0050066617345350985,0.0001
760,-0.006596141440501662,0.0001
761,0.01623181765235491,0.0001
762,-0.003325973383747119,0.0001
763,-0.010056357700753733,0.0001
764,-0.01177678748161344,0.0001
765,-0.002391124205239437,0.0001
766,-0.004855087942745698,0.0001
767,-0.004020401487316051,0.0001
768,0.016474079223492227,0.0001
769,-0.00460802883537817,0.0001
770,-0.0007366574601466784,0.0001
771,-0.006127385826901123,0.0001
772,-0.001173490152460614,0.0001
773,-0.01100484152531427,0.0001
774,0.008284074329403493,0.0001
775,-0.0035378604276336875,0.0001
776,-0.018956441737697356,0.0001
777,0.0003174315723764931,0.0001
778,-0.0031699982265126366,0.0001
779,0.006152474711359507,0.0001
780,-0.0060709856282923115,0.0001
781,0.008783100871506314,0.0001
782,-0.0017337730671735916,0.0001
783,0.02773690328433585,0.0001
784,0.01061060726940688,0.0001
785,-0.010046952304948778,0.0001
786,0.0013510494533725964,0.0001
787,-0.01525812759279589,0.0001
788,0.0028056165421351522,0.0001
789,-0.0025252635337523156,0.0001
790,-0.0004703732444248238,0.0001
791,0.009606799887949817,0.0001
792,0.01381526091421684,0.0001
793,-0.002136576229894988,0.0001
794,-0.003793303632727874,0.0001
795,0.011299846212832323,0.0001
796,0.014483848613737048,0.0001
797,0.016024568646925495,0.0001
798,0.007048067395851045,0.0001
799,-0.011469622041566197,0.0001
800,-0.00509396370209146,0.0001
801,-0.030497232013088404,0.0001
802,-0.009024101181678089,0.0001
803,-0.003204712584824536,0.0001
804,0.008315131724894459,0.0001
805,-0.0309612761612318,0.0001
806,-0.02472514570014704,0.0001
807,0.004868465481768244,0.0001
808,-0.0009792918050575267,0.0001
809,-0.012206004695784324,0.0001
810,-0.006289450555625542,0.0001
811,0.01547136502968684,0.0001
812,0.007458760334237404,0.0001
813,0.014583282294059774,0.0001
814,0.009785186979535943,0.0001
815,0.020856272056288972,0.0001
816,-0.0043733152756082186,0.0001
817,-0.008929458893566965,0.0001
818,-0.008097661044467888,0.0001
819,-0.01356320645971854,0.0001
820,0.010808036529650794,0.0001
821,0.001892442522023973,0.0001
822,-0.01354204461649671,0.0001
823,-0.01061366813195387,0.0001
824,0.003741837800800616,0.0001
825,-0.010532718886065762,0.0001
826,0.005239629022951379,0.0001
827,0.011934887501783063,0.0001
828,-0.023321343710081273,0.0001
829,-0.01529028035985895,0.0001
830,-0.004913105533830544,0.0001
831,0.013798251407844485,0.0001
832,0.01975279635234594,0.0001
833,0.003366416541975193,0.0001
834,-0.0042198268751967435,0.0001
835,-0.007031861001540019,0.0001
836,0.013968315580003663,0.0001
837,0.00531319728363193,0.0001
838,-0.020382135142917854,0.0001
839,0.0082404901393468,0.0001
840,-0.00018245194369458762,0.0001
841,-0.0024776045714845043,0.0001
842,0.0035082637116239258,0.0001
843,0.004063084837886915,0.0001
844,-0.020456871371441015,0.0001
845,-0.00820654344162319,0.0001
846,0.004062935141744083,0.0001
847,0.010518875196983355,0.0001
848,-0.014539131012887514,0.0001
849,-0.008797001922762405,0.0001
850,-0.019452456398852302,0.0001
851,0.005784376508314788,0.0001
852,-0.013260735675755694,0.0001
853,0.0040164052881895545,0.0001
854,0.0059506130089378075,0.0001
855,0.01502841023507473,0.0001
856,0.004915926545993047,0.0001
857,0.011099491508660466,0.0001
858,0.0038861468154036726,0.0001
859,-0.00959839007368858,0.0001
860,0.0003150893629391544,0.0001
861,0.011377110072310275,0.0001
862,0.0024343128103859074,0.0001
863,-0.009511847628968608,0.0001
864,0.007340818144360093,0.0001
865,0.016240727238498693,0.0001
866,0.006384589318367271,0.0001
867,0.003936058391420375,0.0001
868,0.016177803138765413,0.0001
869,0.01920892739661454,0.0001
870,0.01770819878348868,0.0001
871,0.006414740815101905,0.0001
872,0.014281655619920338,0.0001
873,0.004875350217380091,0.0001
874,0.006918026883674112,0.0001
875,0.0024648509239933508,0.0001
876,0.01919015499987531,0.0001
877,-0.006201825520449773,0.0001
878,0.006174185768228733,0.0001
879,0.0141276886403067,0.0001
880,0.007578353813253038,0.0001
881,0.009046164898653996,0.0001
882,0.006598177480085921,0.0001
883,0.008525010572645675,0.0001
884,0.027435844869015638,0.0001
885,0.011663581298211741,0.0001
886,0.004330952606776487,0.0001
887,-0.014924587197945307,0.0001
888,0.012998814879714016,0.0001
889,-0.011299290471531408,0.0001
890,0.00128821065225453,0.0001
891,-0.010424886230015442,0.0001
892,0.007514730069359224,0.0001
893,0.0046393622652762465,0.0001
894,-0.005000580142035997,0.0001
895,0.0015350450916378888,0.0001
896,0.0010923118555750098,0.0001
897,0.00849171058862214,0.0001
898,0.0004111218289248927,0.0001
899,-0.003252919476767686,0.0001
900,0.00039418627146713744,0.0001
901,-0.006497000115045072,0.0001
902,-0.004125802996185758,0.0001
903,0.01198258550168338,0.0001
904,-0.011060219046904605,0.0001
905,-0.0023276609836549644,0.0001
906,-0.020728828575863653,0.0001
907,-0.0030221038162019888,0.0001
908,0.012424183668960833,0.0001
909,0.0028893484561895427,0.0001
910,0.013188802112142056,0.0001
911,0.004820436609773345,0.0001
912,-0.01203079171282583,0.0001
913,0.005219201884218032,0.0001
914,0.0019041837338920095,0.0001
915,-0.0009748047962684047,0.0001
916,-0.014223787089238975,0.0001
917,-0.006334747050169634,0.0001
918,-0.005505804406391567,0.0001
919,-0.006073826644098093,0.0001
920,0.012489943314426058,0.0001
921,-0.012779586389093364,0.0001
922,0.006686628473599916,0.0001
923,0.01276949641043401,0.0001
924,0.0027336052785439835,0.0001
925,0.002358458872698386,0.0001
926,-0.013685934545278639,0.0001
927,-0.011443134553786592,0.0001
928,-0.009134762229787622,0.0001
929,-0.011012701036317282,0.0001
930,0.00706791308769973,0.0001
931,0.01713631647344437,0.0001
932,-0.0015226274170016551,0.0001
933,-0.02619101993002451,0.0001
934,-0.0003467480750209212,0.0001
935,-0.009441301187855519,0.0001
936,-0.021433800557297704,0.0001
937,-0.018840637071588145,0.0001
938,-0.016701097862023513,0.0001
939,-0.005328942274237069,0.0001
940,-0.011254852563098836,0.0001
941,-0.016098532659040245,0.0001
942,-0.008481098098010533,0.0001
943,-0.013657031569585157,0.0001
944,0.00808369476750059,0.0001
945,0.012000615585367486,0.0001
946,0.008087649541650256,0.0001
947,0.02267485313039602,0.0001
948,0.00029321381143850635,0.0001
949,-0.017898014596795866,0.0001
950,-0.025100825973796273,0.0001
951,0.011766650156742805,0.0001
952,0.020266584871518042,0.0001
953,0.023196656828067132,0.0001
954,0.0001914320229592975,0.0001
955,-0.00014295694818083863,0.0001
956,-0.007899048841652543,0.0001
957,0.003169222538168326,0.0001
958,-0.005651764706539843,0.0001
959,0.009945549036984946,0.0001
960,-0.0014450721083026812,0.0001
961,-0.00461201024210384,0.0001
962,-0.0089753467769602,0.0001
963,-0.010917744510753424,0.0001
964,-0.0033262687835174777,0.0001
965,0.0035908737848768498,0.0001
966,0.001178334874955444,0.0001
967,0.0018747718538065067,0.0001
968,-0.0037955336764001917,0.0001
969,-0.024177558517273177,0.0001
970,-0.017718893020014167,0.0001
971,0.002117533966164752,0.0001
972,0.008211215968092463,0.0001
973,-0.0006062398473964303,0.0001
974,-0.0039422017073747154,0.0001
975,-0.015346157082748668,0.0001
976,0.019282586151047817,0.0001
977,-0.010751463882785126,0.0001
978,-0.0055397987475181215,0.0001
979,-0.0031524772673379615,0.0001
980,-0.017685233592225645,0.0001
981,0.00022775847169361762,0.0001
982,-0.0027981556429959665,0.0001
983,-0.004343227054674937,0.0001
984,-0.003109396906464447,0.0001
985,-0.0030991132018138314,0.0001
986,0.0032009651155986293,0.0001
987,-0.0023583190982871555,0.0001
988,0.007168000422171591,0.0001
989,0.0018345778934509727,0.0001
990,0.0027558892010155845,0.0001
991,-0.01640115094087564,0.0001
992,0.007132875587919957,0.0001
993,-0.00967679579459028,0.0001
994,0.0027723158020448013,0.0001
995,0.009215085158193926,0.0001
996,0.018419788568306793,0.0001
997,0.030062409554838725,0.0001
998,0.010649219795267709,0.0001
999,0.01768075180087867,0.0001
1000,-0.007309509232482976,0.0001
1001,-0.014053739861626693,0.0001
1002,-0.007835699911824392,0.0001
1003,0.0004176560798663291,0.0001
1004,0.0011452932304497731,0.0001
1005,-0.001078548782864405,0.0001
1006,0.021009926472730762,0.0001
1007,0.01764765218569948,0.0001
1008,0.005350108861497291,0.0001
1009,0.011744652534941348,0.0001
1010,-0.00224263483492614,0.0001
1011,0.008272005444698203,0.0001
1012,-0.014743457184639189,0.0001
1013,0.006210492348395051,0.0001
1014,-0.007941702673426742,0.0001
1015,0.005548550905362441,0.0001
1016,0.0017875115693464917,0.0001
1017,0.0029807761164867136,0.0001
1018,0.009357626500116805,0.0001
1019,-0.01865281854522937,0.0001
1020,-0.007214581390721235,0.0001
1021,-0.003474387491039894,0.0001
1022,0.0018928982079006165,0.0001
1023,-0.0043955793036839245,0.0001
1024,-0.00812473228261693,0.0001
1025,2.1644219889213335e-05,0.0001
1026,0.0015181921464452533,0.0001
1027,-0.0022557712050041596,0.0001
1028,-0.0009068226155181433,0.0001
1029,-0.009941019762222338,0.0001
1030,0.00786705825014084,0.0001
1031,0.01440851108172663,0.0001
1032,0.0036543215012873323,0.0001
1033,0.007178100231305776,0.0001
1034,0.015060858008389447,0.0001
1035,0.0018755323031974841,0.0001
1036,-0.0008338345256631583,0.0001
1037,0.014215925703734327,0.0001
1038,0.007240433391573334,0.0001
1039,0.005211405338760395,0.0001
1040,0.00783917043107741,0.0001
1041,0.001517090755312018,0.0001
1042,-0.006566191166845482,0.0001
1043,-0.004663034107574038,0.0001
1044,0.0021713014534005515,0.0001
1045,0.00821011599847548,0.0001
1046,0.006830701884327748,0.0001
1047,0.006633834936846167,0.0001
1048,-0.005301371660244979,0.0001
1049,0.010792402485569768,0.0001
1050,0.0022017956096873517,0.0001
1051,-0.0027020466578140095,0.0001
1052,0.006663231366155887,0.0001
1053,-0.025274602109059786,0.0001
1054,0.0013370754830965327,0.0001
1055,0.004683499664371602,0.0001
1056,0.00014844786689348653,0.0001
1057,0.009233622502818698,0.0001
1058,-0.0015582095631051208,0.0001
1059,0.007346970845787921,0.0001
1060,0.002854420696076378,0.0001
1061,-0.004350256837551002,0.0001
1062,-0.011770335114897994,0.0001
1063,-0.012753608754934937,0.0001
1064,0.006812810833286243,0.0001
1065,0.015206933501922449,0.0001
1066,0.011793789106403019,0.0001
1067,0.006792055504897456,0.0001
1068,0.00977782070589024,0.0001
1069,-0.004345763168053439,0.0001
1070,0.010591418883678342,0.0001
1071,-0.012935994423017657,0.0001
1072,-0.027888783722470122,0.0001
1073,-0.000973844457511494,0.0001
1074,0.006934709576466115,0.0001
1075,0.008512939275797968,0.0001
1076,-0.021247204162031293,0.0001
1077,-0.017782764700001796,0.0001
1078,-0.005840879640289421,0.0001
1079,-0.012168150923761185,0.0001
1080,-0.008120119067731841,0.0001
1081,0.008023281866996908,0.0001
1082,0.0009857101635715381,0.0001
1083,0.01773798430677964,0.0001
1084,0.005019443615929068,0.0001
1085,-0.01460505514254753,0.0001
1086,0.006607772306766739,0.0001
1087,0.029327237836545735,0.0001
1088,0.012587510016834873,0.0001
1089,0.002742643640111724,0.0001
1090,-0.00299158038620436,0.0001
1091,0.0029770955494156453,0.0001
1092,0.00011583324995991476,0.0001
1093,-0.005375266556275869,0.0001
1094,0.005951477770301028,0.0001
1095,0.012024441155441531,0.0001
1096,-0.000532232970327525,0.0001
1097,-0.0033917817928739956,0.0001
1098,0.012497523461439347,0.0001
1099,0.009545042428030682,0.0001
1100,-0.009523326392565826,0.0001
1101,0.002459957315075248,0.0001
1102,0.009765966180626846,0.0001
1103,0.008986313665397285,0.0001
1104,0.02465665894588301,0.0001
1105,0.008365645576618334,0.0001
1106,-0.010491828610062695,0.0001
1107,-0.0013047253791353874,0.0001
1108,0.002191609237610874,0.0001
1109,0.013551514824097582,0.0001
1110,0.006985689661054482,0.0001
1111,0.009182415385572672,0.0001
1112,0.018491166820013616,0.0001
1113,0.006497779074998866,0.0001
1114,-0.013072689642007081,0.0001
1115,0.005680875832717457,0.0001
1116,0.006227428792974378,0.0001
1117,0.0242550302644442,0.0001
1118,0.02378757496352816,0.0001
1119,-0.00579207491040767,0.0001
1120,-0.002456321772590471,0.0001
1121,0.011948352304361008,0.0001
1122,0.0031980354772211477,0.0001
1123,0.018994214219437672,0.0001
1124,0.008455622280277601,0.0001
1125,-0.005530503028850361,0.0001
1126,0.00030224326162441365,0.0001
1127,0.003925399382823046,0.0001
1128,-0.006748088276612306,0.0001
1129,0.003649553447416647,0.0001
1130,0.011316286494312629,0.0001
1131,0.0008555874819629208,0.0001
1132,0.007892684684146063,0.0001
1133,0.02088831842685691,0.0001
1134,0.026645022040187764,0.0001
1135,0.0032815367815197116,0.0001
1136,0.005208577855176878,0.0001
1137,0.001213508016980789,0.0001
1138,0.005989422306736625,0.0001
1139,-0.011443157005464841,0.0001
1140,-0.001895633293893736,0.0001
1141,-0.0054294171813940965,0.0001
1142,-0.009515939326158471,0.0001
1143,0.0074965470338558575,0.0001
1144,-0.012322430425917075,0.0001
1145,-0.010182821794420364,0.0001
1146,0.0068198478523275865,0.0001
1147,-0.017457633078600748,0.0001
1148,0.005237014528361403,0.0001
1149,-0.016315854033520604,0.0001
1150,-0.02089393991725573,0.0001
1151,0.006986918363602053,0.0001
1152,0.0018650547458179895,0.0001
1153,0.0045756915938715784,0.0001
1154,-0.015337270217989576,0.0001
1155,0.004720907577690471,0.0001
1156,-0.006406894419306368,0.0001
1157,-0.0022969249155838397,0.0001
1158,0.018747122686341832,0.0001
1159,0.004105742862858819,0.0001
1160,-0.015696266960593314,0.0001
1161,0.004660003079203137,0.0001
1162,0.005932680056019982,0.0001
1163,0.005353132822573572,0.0001
1164,0.0032753861956444454,0.0001
1165,-0.00214457803022633,0.0001
1166,-0.0006861988719234227,0.0001
1167,-0.010360010781458973,0.0001
1168,0.008029477829411092,0.0001
1169,0.009127183234544508,0.0001
1170,-0.004509593341275737,0.0001
1171,0.0034134155260564635,0.0001
1172,0.006585429606872098,0.0001
1173,0.002897389276147472,0.0001
1174,-0.009467213818659862,0.0001
1175,-0.007749877022899333,0.0001
1176,-0.0077556008449964995,0.0001
1177,-0.006086782524085392,0.0001
1178,-0.004532538606859088,0.0001
1179,-0.0025948704349580743,0.0001
1180,0.00905256664788411,0.0001
1181,-0.00266267773936128,0.0001
1182,-0.008708574997001518,0.0001
1183,0.0015551376839472114,0.0001
1184,0.005888200021983644,0.0001
1185,0.005714821366410278,0.0001
1186,0.01540673301316611,0.0001
1187,0.012914002795181635,0.0001
1188,0.0001895437448394255,0.0001
1189,0.0006328238953938181,0.0001
1190,-0.0037243703671614716,0.0001
1191,-0.014554422781545466,0.0001
1192,-0.001844588449745742,0.0001
1193,0.011989769240212542,0.0001
1194,-0.005775546726799612,0.0001
1195,-0.011869455192661105,0.0001
1196,-0.00616130740087075,0.0001
1197,-0.012185761144679758,0.0001
1198,0.019494813654286094,0.0001
1199,-0.0013566547315855915,0.0001
1200,-0.013042051450602695,0.0001
1201,0.013745503038154359,0.0001
1202,-0.0008598176734886315,0.0001
1203,-0.0034782555049411522,0.0001
1204,0.00709511095199831,0.0001
1205,-0.002814771367010671,0.0001
1206,-0.0035475351117912743,0.0001
1207,0.009749508487468072,0.0001
1208,0.00874477472891983,0.0001
1209,-0.004073711706052371,0.0001
1210,0.0015286923562461507,0.0001
1211,-0.011365069089805105,0.0001
1212,-0.0018273789154541105,0.0001
1213,0.0017840289332116167,0.0001
1214,-0.001743608385152798,0.0001
1215,-0.002475453872096401,0.0001
1216,-0.0026552097866369144,0.0001
1217,-0.00427484255266159,0.0001
1218,0.010139543823315597,0.0001
1219,-0.0014631175335449893,0.0001
1220,0.002072320291855708,0.0001
1221,0.014680389411758105,0.0001
1222,0.00539018956812791,0.0001
1223,0.00236173058880079,0.0001
1224,0.008212670419244976,0.0001
1225,0.011439447094928739,0.0001
1226,-0.010518195725854473,0.0001
1227,0.0015582753691690365,0.0001
1228,0.003155534745619407,0.0001
1229,-0.005479859246634748,0.0001
1230,-0.006764118364350494,0.0001
1231,-0.00792427929714955,0.0001
1232,0.012246156663975657,0.0001
1233,0.01662967316874026,0.0001
1234,-0.004756283897403602,0.0001
1235,-0.01356130316155458,0.0001
1236,0.0006773384574433294,0.0001
1237,-0.007271348598637323,0.0001
1238,-0.00498470269082818,0.0001
1239,0.0013870093660915284,0.0001
1240,-0.004263668064149203,0.0001
1241,0.0040388579019242496,0.0001
1242,0.013740589089884028,0.0001
1243,-0.003435134399683642,0.0001
1244,-0.012060145061319338,0.0001
1245,-0.002599136687220265,0.0001
1246,-0.00809708467126913,0.0001
1247,-0.00142015985835903,0.0001
1248,0.017061019375865547,0.0001
1249,0.01080644537112306,0.0001
1250,-0.017454543507657683,0.0001
1251,-0.014949919599427913,0.0001
1252,-0.012990144867220159,0.0001
1253,-0.009268097885627342,0.0001
1254,-0.012164880554965377,0.0001
1255,0.006608240052753449,0.0001
1256,-0.001559965581430451,0.0001
1257,-0.016579428967050776,0.0001
1258,0.00171995672599693,0.0001
1259,0.009467350578851686,0.0001
1260,0.022737535288467822,0.0001
1261,0.014624037315691561,0.0001
1262,-0.011761946987657857,0.0001
1263,0.000895610562614747,0.0001
1264,-0.011199432955520163,0.0001
1265,0.01316888759856441,0.0001
1266,0.006778194895058937,0.0001
1267,0.010018022233371894,0.0001
1268,0.007159171359290994,0.0001
1269,0.006333597712296786,0.0001
1270,0.0040564647635870765,0.0001
1271,-0.011996731688427454,0.0001
1272,0.009178836676596872,0.0001
1273,0.007259863769875371,0.0001
1274,0.009006091048172599,0.0001
1275,0.0018998472135753372,0.0001
1276,-0.00764751594185035,0.0001
1277,0.014662834623964845,0.0001
1278,-0.010201256660666402,0.0001
1279,-0.030177062841103334,0.0001
1280,-0.025056486856465953,0.0001
1281,-0.01127415291357211,0.0001
1282,0.0025485464180696866,0.0001
1283,-0.006336463637386158,0.0001
1284,-0.007504184462964904,0.0001
1285,-0.012032525291032443,0.0001
1286,-0.011100782919026131,0.0001
1287,0.014717176406590886,0.0001
1288,0.003420745081441869,0.0001
1289,-0.006201524735431047,0.0001
1290,0.004209991173764702,0.0001
1291,0.02121989341132031,0.0001
1292,0.015797967024837423,0.0001
1293,-0.004203495442802365,0.0001
1294,-0.001702317133622549,0.0001
1295,0.012759298686975142,0.0001
1296,0.0035364910636082837,0.0001
1297,0.011011893913476565,0.0001
1298,0.006848470847608725,0.0001
1299,-0.016018128575733065,0.0001
1300,0.0001596961505107708,0.0001
1301,0.005219585583419585,0.0001
1302,0.009355737482849668,0.0001
1303,-0.0061275757981920755,0.0001
1304,0.005635733902588849,0.0001
1305,-0.0005318277993429965,0.0001
1306,0.0036368709054686067,0.0001
1307,-0.0011385789809096852,0.0001
1308,-0.008294020273100102,0.0001
1309,-0.006571044627947422,0.0001
1310,0.005005084244651172,0.0001
1311,0.002846938933812195,0.0001
1312,0.0068186784650390506,0.0001
1313,0.009582404922142141,0.0001
1314,0.007357480161465653,0.0001
1315,0.022506692776452526,0.0001
1316,0.003499637022986034,0.0001
1317,-0.014617919102502581,0.0001
1318,0.02084733733530434,0.0001
1319,0.002241246081334951,0.0001
1320,-0.01731401346467179,0.0001
1321,-0.020907661662857336,0.0001
1322,-0.007176747578397345,0.0001
1323,0.0005413661252757882,0.0001
1324,-0.01323892856063319,0.0001
1325,-0.0008251063988466622,0.0001
1326,-0.016817149426703433,0.0001
1327,0.0010595475764251096,0.0001
1328,-1.3243843618930552e-05,0.0001
1329,-0.016827219532222094,0.0001
1330,-0.002067300602904576,0.0001
1331,-0.001256793480227798,0.0001
1332,-0.00962640003054752,0.0001
1333,-0.003508280185166261,0.0001
1334,0.004628503023549514,0.0001
1335,0.0057189838939989855,0.0001
1336,-0.002286781644623878,0.0001
1337,-0.01781452062622927,0.0001
1338,-0.007633443699663587,0.0001
1339,0.005437064261311011,0.0001
1340,0.002354845358598225,0.0001
1341,-8.617472119737784e-05,0.0001
1342,0.0005099961344255794,0.0001
1343,-0.014213888923727047,0.0001
1344,-0.008500997625001694,0.0001
1345,-0.006205777066971274,0.0001
1346,-0.01456523036419326,0.0001
1347,0.007487113816808986,0.0001
1348,-0.010970027044995705,0.0001
1349,-0.004442380464331528,0.0001
1350,0.005861811567841153,0.0001
1351,0.0126023892908332,0.0001
1352,-0.006323921274968616,0.0001
1353,0.026194079715228497,0.0001
1354,0.012763492334998933,0.0001
1355,0.005305089425349327,0.0001
1356,0.014315021629065004,0.0001
1357,0.0069685823285631126,0.0001
1358,-0.008551049824506114,0.0001
1359,-0.009021471763282626,0.0001
1360,0.006137565453815095,0.0001
1361,0.008742400711621948,0.0001
1362,-0.005086311444487959,0.0001
1363,0.006731341891462208,0.0001
1364,0.005171878374844493,0.0001
1365,-0.0035059611394467954,0.0001
1366,0.004290715812317978,0.0001
1367,-0.004681382099633922,0.0001
1368,0.015076307872358165,0.0001
1369,0.010075079603800304,0.0001
1370,-0.001287642801055854,0.0001
1371,0.0004086728755872915,0.0001
1372,-0.012319177664480855,0.0001
1373,-0.01800254569487821,0.0001
1374,0.00809112522796949,0.0001
1375,0.0021827320055418883,0.0001
1376,0.0037467267111670017,0.0001
1377,-0.006162537038196303,0.0001
1378,-0.0043524993318669915,0.0001
1379,0.008608472375144947,0.0001
1380,-0.028469812330429833,0.0001
1381,-0.005401077555501701,0.0001
1382,-0.0028634789743518935,0.0001
1383,-0.007056692110167988,0.0001
1384,-0.004661751697349131,0.0001
1385,-0.005368890326074199,0.0001
1386,-0.004160148142157683,0.0001
1387,-0.011266425391101016,0.0001
1388,-0.002633316387243908,0.0001
1389,-0.0057091934048643786,0.0001
1390,-0.010138933621993028,0.0001
1391,-0.018719087918250797,0.0001
1392,0.0026849015503393435,0.0001
1393,-0.004032148155952851,0.0001
1394,-0.002309058429841448,0.0001
1395,0.00820062123321669,0.0001
1396,-0.011632632179179099,0.0001
1397,-0.02244422071476265,0.0001
1398,-0.006197115331050131,0.0001
1399,-0.0010645620969008036,0.0001
1400,-0.013833017603560682,0.0001
1401,0.002811678395909135,0.0001
1402,0.015379929163598035,0.0001
1403,0.013128651555151036,0.0001
1404,-0.007349389087297637,0.0001
1405,-0.004611086322819741,0.0001
1406,0.00629946701400468,0.0001
1407,0.0005286408313207298,0.0001
1408,0.0007302708872284931,0.0001
1409,-0.014562394665594827,0.0001
1410,-0.0004047265596735511,0.0001
1411,-0.0012538985764876107,0.0001
1412,-0.00871360423203562,0.0001
1413,-0.003556091502289458,0.0001
1414,0.023334208999477968,0.0001
1415,0.0294073930033306,0.0001
1416,0.011200089331085605,0.0001
1417,0.018768523860065597,0.0001
1418,0.002762245918100321,0.0001
1419,-0.011388879053415322,0.0001
1420,0.003354245301677083,0.0001
1421,0.013181514937759,0.0001
1422,-0.008634242808815045,0.0001
1423,0.0030374813441679596,0.0001
1424,0.004850103092089537,0.0001
1425,0.010597769426319284,0.0001
1426,0.010849716667583238,0.0001
1427,0.0018800807036794818,0.0001
1428,0.0027388228937044175,0.0001
1429,0.004276490580348329,0.0001
1430,-0.02120217885889407,0.0001
1431,-0.017824612917564542,0.0001
1432,-0.006261944419144295,0.0001
1433,-0.009864635926130173,0.0001
1434,-0.006211787294420935,0.0001
1435,0.0032191858906618267,0.0001
1436,-0.008893129080988006,0.0001
1437,-0.02339884173895031,0.0001
1438,0.0018017732535657166,0.0001
1439,0.005695205866664699,0.0001
1440,0.012971509914112389,0.0001
1441,-0.01662026804807633,0.0001
1442,-0.006393823560563165,0.0001
1443,-0.013346601107469361,0.0001
1444,-0.00908623140518512,0.0001
1445,0.007282383657243468,0.0001
1446,-0.0009164216375520881,0.0001
1447,0.0030463666896091636,0.0001
1448,0.004966968127902714,0.0001
1449,0.011180489488495876,0.0001
1450,0.005909594143227996,0.0001
1451,0.01298106473638617,0.0001
1452,0.00576286847290238,0.0001
1453,-0.007229747095610162,0.0001
1454,0.012599197696932471,0.0001
1455,0.012987178979620803,0.0001
1456,-0.0028476224545139106,0.0001
1457,-0.0026232984102260706,0.0001
1458,-0.006519119569194567,0.0001
1459,0.008387337260546869,0.0001
1460,0.009725445295103136,0.0001
1461,0.008771910839723271,0.0001
1462,0.008732384105073264,0.0001
1463,0.004489969020473306,0.0001
1464,0.005083912279968462,0.0001
1465,0.009231218003353824,0.0001
1466,0.0033666996916642093,0.0001
1467,0.00647291486305625,0.0001
1468,-0.02090613408799351,0.0001
1469,-0.013072906675858139,0.0001
1470,-0.005736895342808599,0.0001
1471,-0.0064187786296022575,0.0001
1472,-0.006931720893862894,0.0001
1473,-0.0005604435409072914,0.0001
1474,-0.003951661335888535,0.0001
1475,-0.01522529409703665,0.0001
1476,-0.013246060608641369,0.0001
1477,-0.019603777436327227,0.0001
1478,0.010528307458736402,0.0001
1479,0.003310675321689508,0.0001
1480,0.009926479943213763,0.0001
1481,-0.017525399198450756,0.0001
1482,-0.0036199470095713893,0.0001
1483,0.008341492474898378,0.0001
1484,0.004475298242577127,0.0001
1485,0.009650529684068179,0.0001
1486,-0.0036861300368549437,0.0001
1487,0.01167807609492975,0.0001
1488,-0.01474191036772929,0.0001
1489,-0.005377251455709006,0.0001
1490,0.02466089296160456,0.0001
1491,-0.0021125485685008793,0.0001
1492,-0.014126748154830173,0.0001
1493,-0.006957576934386331,0.0001
1494,0.0017415682643998351,0.0001
1495,0.003374465563836705,0.0001
1496,0.015424693193219612,0.0001
1497,0.018791969374998777,0.0001
1498,-0.014473252241536314,0.0001
1499,0.0034440564476797674,0.0001
1500,0.000468082529216788,0.0001
1501,-0.006099898852040538,0.0001
1502,-0.02766098099420122,0.0001
1503,-0.008845023462624514,0.0001
1504,-0.009982070096791064,0.0001
1505,-0.01309382314140409,0.0001
1506,-0.004041272676498253,0.0001
1507,0.007380467367943003,0.0001
1508,-0.02210166580855256,0.0001
1509,-0.019767815525140817,0.0001
1510,-0.0017530709896155254,0.0001
1511,0.0035850348291626027,0.0001
1512,0.0050899326027009865,0.0001
1513,-0.0022710721025739145,0.0001
1514,-0.022756144679421424,0.0001
1515,-0.0038410430199196876,0.0001
1516,-0.012053091171694251,0.0001
1517,-0.004707631286903944,0.0001
1518,-0.011587367085311575,0.0001
1519,-0.005664140560023863,0.0001
1520,-0.013040119590582667,0.0001
1521,-0.005106962581808923,0.0001
1522,-0.013827347266853845,0.0001
1523,0.006728677595052375,0.0001
1524,-0.005030145769032354,0.0001
1525,-0.0031246615991916676,0.0001
1526,-0.0011608110486748002,0.0001
1527,-0.023424123283890787,0.0001
1528,1.4993535273960524e-05,0.0001
1529,0.0019491084172076523,0.0001
1530,0.01436990144138939,0.0001
1531,-0.0035643349526433793,0.0001
1532,-0.019087237452528622,0.0001
1533,0.0029329327768153487,0.0001
1534,0.0037970276605531483,0.0001
1535,0.016525320856356034,0.0001
1536,0.013770201552500042,0.0001
1537,0.008367321789965089,0.0001
1538,0.011292662443628906,0.0001
1539,-0.010265744738286403,0.0001
1540,-0.01060470355464663,0.0001
1541,-0.001803511849523144,0.0001
1542,-0.0007379285545216391,0.0001
1543,-0.0037959609035695856,0.0001
1544,-0.009415046213688404,0.0001
1545,-0.02072026110326619,0.0001
1546,0.007923894884694518,0.0001
1547,0.0040408445182807465,0.0001
1548,0.012008552601099034,0.0001
1549,0.007979353824210536,0.0001
1550,-0.01070825745350507,0.0001
1551,-0.003075714353391268,0.0001
1552,0.007876938438862828,0.0001
1553,0.007015333322739042,0.0001
1554,-0.012565613132179366,0.0001
1555,-0.004085760334284932,0.0001
1556,0.020984624984003122,0.0001
1557,0.028577509318280462,0.0001
1558,0.005616243567444469,0.0001
1559,-0.007599293870366842,0.0001
1560,-0.005846538223833524,0.0001
1561,0.008486178658394168,0.0001
1562,-0.010876614919002806,0.0001
1563,0.00511926257946001,0.0001
1564,0.008594188563096856,0.0001
1565,-0.0024900655888608642,0.0001
1566,0.0030970837938945005,0.0001
1567,0.01460728763698019,0.0001
1568,-0.01508296375623005,0.0001
1569,-0.0001878556883912802,0.0001
1570,0.008253540065375322,0.0001
1571,0.015324012772579958,0.0001
1572,0.004279143778021581,0.0001
1573,0.006329793147327182,0.0001
1574,-0.0022078809438028156,0.0001
1575,0.005625956488347953,0.0001
1576,-0.003516269680728098,0.0001
1577,-0.006862053843037571,0.0001
1578,0.004694048326095122,0.0001
1579,0.007762616130105288,0.0001
1580,0.01272911206351246,0.0001
1581,0.001844623083928898,0.0001
1582,0.004196266036847879,0.0001
1583,0.0034330466310838713,0.0001
1584,-0.0013454924637184707,0.0001
1585,0.009308889675690987,0.0001
1586,0.013807799364154352,0.0001
1587,-0.0037062022447883537,0.0001
1588,-0.0020039769834728914,0.0001
1589,-0.0037347190101155664,0.0001
1590,0.023969472887555823,0.0001
1591,-0.0013734559356294884,0.0001
1592,-0.007586563314482848,0.0001
1593,-0.00970882355878168,0.0001
1594,0.0040134696982586995,0.0001
1595,0.010093940086424375,0.0001
1596,-0.005678634034058951,0.0001
1597,-0.016142923310701277,0.0001
1598,0.014485586970225737,0.0001
1599,-0.0004935584869803744,0.0001
1600,-0.023810382634332706,0.0001
1601,-0.017463939064492142,0.0001
1602,-0.026801103694337587,0.0001
1603,0.0028567057535474633,0.0001
1604,-0.004057879469394927,0.0001
1605,-0.02169844921970671,0.0001
1606,0.005453158998448806,0.0001
1607,0.011845087212699121,0.0001
1608,-0.007616122397523706,0.0001
1609,-0.005958798571094999,0.0001
1610,0.0004352661203347832,0.0001
1611,-0.012753794750693504,0.0001
1612,0.0027026230387257356,0.0001
1613,0.02519250443724766,0.0001
1614,0.019897011783984477,0.0001
1615,0.0023248244791297524,0.0001
1616,0.013587705032278238,0.0001
1617,-0.006918085736699096,0.0001
1618,0.002303812301696433,0.0001
1619,0.006225205749991878,0.0001
1620,0.005509563478209886,0.0001
1621,-0.015051125061296198,0.0001
1622,0.005556124205603536,0.0001
1623,-0.0022253258945971904,0.0001
1624,-0.01344799057658987,0.0001
1625,0.0027271590165737747,0.0001
1626,0.0033859628891601858,0.0001
1627,0.008281680400164967,0.0001
1628,0.006333922213933072,0.0001
1629,0.02175858320690117,0.0001
1630,0.0024115765393727248,0.0001
1631,0.0020793696507935533,0.0001
1632,-0.002375114900176106,0.0001
1633,0.011194848147296833,0.0001
1634,0.014293616395486881,0.0001
1635,0.018713054769314764,0.0001
1636,0.007913409234504462,0.0001
1637,0.006467778318668669,0.0001
1638,0.00291459785624451,0.0001
1639,0.004347725907377475,0.0001
1640,-0.021364328318737802,0.0001
1641,0.000246587706202962,0.0001
1642,-0.008069633516727421,0.0001
1643,-0.0003389666810944411,0.0001
1644,0.0030721039584220328,0.0001
1645,0.0030840887446223694,0.0001
1646,0.004448510153306433,0.0001
1647,-0.01554654763633636,0.0001
1648,0.0030128835856685575,0.0001
1649,-0.013732119522120466,0.0001
1650,0.006491608193823788,0.0001
1651,-0.00039018952402965906,0.0001
1652,0.002271340066390861,0.0001
1653,0.0014767645448990842,0.0001
1654,-0.010686558313954486,0.0001
1655,0.00021790583948271659,0.0001
1656,-0.01596858628390285,0.0001
1657,-0.004814305290894764,0.0001
1658,0.011911003729286242,0.0001
1659,0.019476621990335726,0.0001
1660,-0.01558790251365543,0.0001
1661,0.01112811083084367,0.0001
1662,0.00622323552649964,0.0001
1663,-0.005465232915678495,0.0001
1664,0.016572203352384775,0.0001
1665,0.007795947142687614,0.0001
1666,-0.005900564936978613,0.0001
1667,0.013839925110283861,0.0001
1668,-0.008162120679783872,0.0001
1669,0.00027036351603016594,0.0001
1670,0.014982706758230567,0.0001
1671,0.010601400224012706,0.0001
1672,-0.007643948281126507,0.0001
1673,-0.014766832473333767,0.0001
1674,0.003536600279169654,0.0001
1675,0.015165141418184003,0.0001
1676,0.006472894558000517,0.0001
1677,0.008452459428866046,0.0001
1678,0.018916265595940413,0.0001
1679,0.0005481972707826927,0.0001
1680,-0.0007706197321525811,0.0001
1681,-0.006236432439013596,0.0001
1682,0.010235612060500686,0.0001
1683,0.010107555121372716,0.0001
1684,-0.017655492516312373,0.0001
1685,0.007790206012475758,0.0001
1686,0.02390049687677184,0.0001
1687,-0.009274690226418886,0.0001
1688,-0.01149427321582151,0.0001
1689,0.01785128767078238,0.0001
1690,0.025436721682533126,0.0001
1691,-0.005204937065591453,0.0001
1692,0.0003683525143318656,0.0001
1693,-0.01204889414564186,0.0001
1694,-0.0031268492952869114,0.0001
1695,0.0023875661557563885,0.0001
1696,0.009086711840589193,0.0001
1697,0.0015224436140279865,0.0001
1698,-0.005583725513270982,0.0001
1699,-0.004974944914364691,0.0001
1700,0.005292165017987941,0.0001
1701,0.013152610478595839,0.0001
1702,0.012808728080074081,0.0001
1703,0.010431371586404144,0.0001
1704,-0.005722722366185562,0.0001
1705,0.0029662934420703196,0.0001
1706,0.01263209445234938,0.0001
1707,-0.0022514216587261617,0.0001
1708,-0.01606402752900698,0.0001
1709,0.003962567408374916,0.0001
1710,-0.0034858569532236383,0.0001
1711,0.002821888033353185,0.0001
1712,0.006692919820491089,0.0001
1713,-0.005287553893120601,0.0001
1714,0.003850592682529967,0.0001
1715,0.007294926101115911,0.0001
1716,-0.0059374890482008485,0.0001
1717,0.0018306780070068934,0.0001
1718,-0.0049843339506918825,0.0001
1719,-0.003472768065556642,0.0001
1720,-0.0030760394096258203,0.0001
1721,-0.002326545128946092,0.0001
1722,0.005004408826714025,0.0001
1723,-0.0110475672284745,0.0001
1724,-0.0018829883136961534,0.0001
1725,-0.004800490329449078,0.0001
1726,-0.005341691801552477,0.0001
1727,-0.001595928680585765,0.0001
1728,0.010774527808744952,0.0001
1729,-0.017195267608262264,0.0001
1730,-0.022199453380442425,0.0001
1731,0.01956817083293966,0.0001
1732,-0.008100528998867864,0.0001
1733,-0.008191346654747102,0.0001
1734,-0.008758081188565,0.0001
1735,-0.004008512020977543,0.0001
1736,-0.0022273107269616243,0.0001
1737,-0.009233406754988153,0.0001
1738,-0.012910596314422748,0.0001
1739,-0.021488838950370792,0.0001
1740,0.029561075342245415,0.0001
1741,-0.011992013988619305,0.0001
1742,-0.0007795056170684794,0.0001
1743,0.006050605661461113,0.0001
1744,0.00908434247275067,0.0001
1745,0.005755801544312917,0.0001
1746,-0.005636221973546209,0.0001
1747,-0.003423426048616307,0.0001
1748,0.003600710216028793,0.0001
1749,0.0010257651343599415,0.0001
1750,-0.007110467596392321,0.0001
1751,0.005195929461262595,0.0001
1752,0.002341132131085453,0.0001
1753,-0.009935143851237577,0.0001
1754,-0.006020841088500046,0.0001
1755,-0.0019001390946800647,0.0001
1756,-0.013653116752953333,0.0001
1757,0.005976597666573046,0.0001
1758,-0.0022881444696114823,0.0001
1759,0.0007512078172927771,0.0001
1760,0.0059122801674793835,0.0001
1761,-0.01937192829691345,0.0001
1762,-0.01511669251151657,0.0001
1763,-0.006299556641592686,0.0001
1764,0.0020158367911315652,0.0001
1765,-0.01693313098742823,0.0001
1766,0.007392549131761885,0.0001
1767,0.004865868111214942,0.0001
1768,0.005698178970025165,0.0001
1769,-0.0024066119374224018,0.0001
1770,0.011173764539754215,0.0001
1771,0.002799071226174754,0.0001
1772,-0.003458474740683549,0.0001
1773,-0.007154194432735647,0.0001
1774,0.002267046875520691,0.0001
1775,0.01832085696895494,0.0001
1776,0.010892543931903389,0.0001
1777,-0.011023265877014939,0.0001
1778,-0.0026282825070049775,0.0001
1779,-0.009868354277401853,0.0001
1780,-0.016985227733021836,0.0001
1781,0.016737479979849056,0.0001
1782,-0.006072386687866773,0.0001
1783,-0.007117753422001375,0.0001
1784,-0.00438227721449023,0.0001
1785,0.0007258067199363425,0.0001
1786,-0.008062186427137904,0.0001
1787,0.0123050149231074,0.0001
1788,0.0008004587455471557,0.0001
1789,-0.013150381398162925,0.0001
1790,-0.007572039468251958,0.0001
1791,0.0012966708481985034,0.0001
1792,0.0034525177780072277,0.0001
1793,0.018134024206436478,0.0001
1794,0.01512239947331435,0.0001
1795,0.006828328855778838,0.0001
1796,0.0040552099825623715,0.0001
1797,-0.002882777794308877,0.0001
1798,0.010811407310185069,0.0001
1799,0.01848217251430668,0.0001
1800,0.010183258099780948,0.0001
1801,0.0023669381972472275,0.0001
1802,0.016906193298961467,0.0001
1803,-0.0033060087215047475,0.0001
1804,-0.0026713680514167605,0.0001
1805,0.019627158638359093,0.0001
1806,0.007250351865462352,0.0001
1807,-0.00674351170115577,0.0001
1808,-0.006872323079509237,0.0001
1809,0.0028355402668418395,0.0001
1810,0.005163289765260553,0.0001
1811,-0.01780925419285217,0.0001
1812,-0.004224330484116685,0.0001
1813,-0.004262362253488829,0.0001
1814,0.0211384822426121,0.0001
1815,0.0034908049702232274,0.0001
1816,-0.00512743075449403,0.0001
1817,0.006323234754273837,0.0001
1818,0.0026555677138622993,0.0001
1819,-0.012319745693782854,0.0001
1820,-0.010292884541252012,0.0001
1821,0.02734818313675206,0.0001
1822,0.011297455898449967,0.0001
1823,0.00035357290119973644,0.0001
1824,-0.009665380145268066,0.0001
1825,0.0213006439141248,0.0001
1826,-0.00017386715067516657,0.0001
1827,-0.0013156812242877643,0.0001
1828,0.0007530272815676575,0.0001
1829,-0.008171183753107426,0.0001
1830,-0.013185668702896027,0.0001
1831,-0.0074839677011313555,0.0001
1832,0.0006271479628029047,0.0001
1833,0.007666192103894062,0.0001
1834,0.011602461025987498,0.0001
1835,0.0031253947088689354,0.0001
1836,0.020232257120123772,0.0001
1837,0.017078500951872255,0.0001
1838,-0.010946890785191819,0.0001
1839,0.0035670847624460203,0.0001
1840,-0.006967703338085614,0.0001
1841,-0.012221159118763985,0.0001
1842,-0.020055133702190905,0.0001
1843,0.0015285812196379467,0.0001
1844,0.016161536515339116,0.0001
1845,-0.006377894379594577,0.0001
1846,-0.013813458761016664,0.0001
1847,0.003499309565280705,0.0001
1848,0.015237215695469054,0.0001
1849,0.002603824845902731,0.0001
1850,0.018261139924467363,0.0001
1851,0.004280345950499043,0.0001
1852,-0.001425667660309008,0.0001
1853,-0.010309096110646924,0.0001
1854,0.00028635787534265936,0.0001
1855,-0.01060260252528844,0.0001
1856,0.010924944488501507,0.0001
1857,0.013723201688503753,0.0001
1858,-0.01239754558908923,0.0001
1859,0.010254652823773079,0.0001
1860,-0.010440415945063546,0.0001
1861,-0.000537468567934345,0.0001
1862,-0.009100178204412284,0.0001
1863,0.009602039519165174,0.0001
1864,0.010841922403451162,0.0001
1865,-0.020160840438811247,0.0001
1866,-0.013100323679479433,0.0001
1867,0.00782294375489829,0.0001
1868,0.0027995837932209737,0.0001
1869,-0.0077801848984774035,0.0001
1870,-0.009158850900931256,0.0001
1871,0.008712664066776388,0.0001
1872,0.0034625158172414626,0.0001
1873,0.011419350107631622,0.0001
1874,-0.0013739298816082893,0.0001
1875,-0.012925399276707697,0.0001
1876,-0.030261032104605765,0.0001
1877,0.0003758862663770313,0.0001
1878,0.0024582096345239506,0.0001
1879,0.009418914238164978,0.0001
1880,-0.012679998430024028,0.0001
1881,-0.015311947518772398,0.0001
1882,-0.002362990872108181,0.0001
1883,-0.009199730990598608,0.0001
1884,0.005510558539482464,0.0001
1885,-0.009066281197666875,0.0001
1886,0.012354987463047105,0.0001
1887,0.014327426159769207,0.0001
1888,0.0025619062769744743,0.0001
1889,0.00402569971035395,0.0001
1890,0.012282988743282201,0.0001
1891,0.004222102726222215,0.0001
1892,0.005695239380806161,0.0001
1893,-0.016278149942963158,0.0001
1894,-0.0038186808636945973,0.0001
1895,-0.013403922193150997,0.0001
1896,-0.02451199958153363,0.0001
1897,0.0060022102948553945,0.0001
1898,-0.002722513809124804,0.0001
1899,0.005033655821923746,0.0001
1900,0.020354480661930855,0.0001
1901,0.003721921063216252,0.0001
1902,0.002267572188304971,0.0001
1903,0.002546295577737752,0.0001
1904,-1.0129635484873168e-05,0.0001
1905,-0.021108281826928366,0.0001
1906,-0.007538989885226106,0.0001
1907,0.014904049279557375,0.0001
1908,0.004533932592641216,0.0001
1909,0.002119741958423439,0.0001
1910,-0.0023045753120441966,0.0001
1911,0.010434577954166909,0.0001
1912,0.010322817346995137,0.0001
1913,-0.012320213028571168,0.0001
1914,-0.004064477783078136,0.0001
1915,0.0015404982043922416,0.0001
1916,0.014217627004821634,0.0001
1917,-0.006938295281104786,0.0001
1918,-0.007442121962794102,0.0001
1919,0.012957075343631691,0.0001
1920,0.00296839010621325,0.0001
1921,-0.007442848656831091,0.0001
1922,-0.0019035688633317915,0.0001
1923,-0.0028135239843938937,0.0001
1924,0.004866073079921757,0.0001
1925,0.012857278342966055,0.0001
1926,-0.0053913690228691415,0.0001
1927,0.005507286643816001,0.0001
1928,-0.0024619362072825306,0.0001
1929,-0.011531194265422871,0.0001
1930,-0.00793134891758156,0.0001
1931,0.020544254401461348,0.0001
1932,0.004359941206343093,0.0001
1933,-0.0021629952255276504,0.0001
1934,0.003061200595976783,0.0001
1935,-0.0036884486634022797,0.0001
1936,-0.0029731791362839523,0.0001
1937,-0.02487340786365897,0.0001
1938,-0.015813269339067876,0.0001
1939,-0.007287769239131129,0.0001
1940,-0.010034252781183941,0.0001
1941,-0.0055707845881844235,0.0001
1942,0.028079298745421106,0.0001
1943,-0.003665818683571841,0.0001
1944,0.013954284138864804,0.0001
1945,0.007349885990241305,0.0001
1946,0.008556030391616556,0.0001
1947,0.015219616789200245,0.0001
1948,0.002544742520452402,0.0001
1949,0.0005028506259869116,0.0001
1950,0.023815734389623013,0.0001
1951,0.01349933233920099,0.0001
1952,-0.013884111293759228,0.0001
1953,-0.020502981754256494,0.0001
1954,-0.010725693968173855,0.0001
1955,-0.008216395232295079,0.0001
1956,-0.002842193496447729,0.0001
1957,-0.013808360359667949,0.0001
1958,-0.01146086707269709,0.0001
1959,-0.008342376193140235,0.0001
1960,-0.004289350938484305,0.0001
1961,0.0018345205016055011,0.0001
1962,0.01450088814737933,0.0001
1963,0.0027554163861933886,0.0001
1964,-0.004834172753749296,0.0001
1965,0.002580566010732586,0.0001
1966,0.006183120923377685,0.0001
1967,-0.0015803712031774715,0.0001
1968,0.0017505422099443827,0.0001
1969,-0.018910861146424266,0.0001
1970,0.008389906476656626,0.0001
1971,-0.0003072507845381678,0.0001
1972,-0.004919230518900768,0.0001
1973,-0.0015688015198790507,0.0001
1974,-0.028599573765348416,0.0001
1975,-0.011915941908662606,0.0001
1976,0.015646650194511502,0.0001
1977,0.0022439439417464165,0.0001
1978,0.01844020681340767,0.0001
1979,0.001849505174414403,0.0001
1980,-0.004966157826952143,0.0001
1981,0.0020331516203779022,0.0001
1982,-0.004372436719376367,0.0001
1983,0.00040043575654090933,0.0001
1984,0.000862022451400403,0.0001
1985,-4.5036619146001985e-05,0.0001
1986,0.021983700593303252,0.0001
1987,-0.006656630165318308,0.0001
1988,-0.004091704226738002,0.0001
1989,0.014361831079027759,0.0001
1990,-0.006602941815609849,0.0001
1991,0.012460580511417546,0.0001
1992,0.0054211002546717315,0.0001
1993,0.001834822121562361,0.0001
1994,0.0061816255831098725,0.0001
1995,0.013700632502104572,0.0001
1996,-0.006784706490633052,0.0001
1997,-0.000597675445476919,0.0001
1998,0.009279798066292713,0.0001
1999,-0.0030485141741643696,0.0001
2000,0.010955811685070966,0.0001
2001,0.012798803701050831,0.0001
2002,0.015029689552776327,0.0001
2003,-0.005063925178699187,0.0001
2004,-0.012400612747661719,0.0001
2005,-0.010013228311289053,0.0001
2006,-0.012007298911248637,0.0001
2007,-0.017226596196573695,0.0001
2008,0.0038444131340209875,0.0001
2009,-0.0005095483069889858,0.0001
2010,-0.005086602287478592,0.0001
2011,0.009870329996102533,0.0001
2012,-0.0013221606790288153,0.0001
2013,-0.02125069679836927,0.0001
2014,-0.01197818192468778,0.0001
2015,-0.0013121091991887407,0.0001
2016,-0.0041191445701974265,0.0001
2017,-0.00530039794170182,0.0001
2018,-0.010818984715973147,0.0001
2019,-0.018725226581853407,0.0001
2020,-0.002104398833927347,0.0001
2021,0.005990592304970089,0.0001
2022,0.0005875668409897709,0.0001
2023,-0.0033410347215743147,0.0001
2024,0.004649899020240392,0.0001
2025,0.009635917992562032,0.0001
2026,0.0040891564691766195,0.0001
2027,-0.016098884387081444,0.0001
2028,0.001450430639067749,0.0001
2029,0.00804840189130112,0.0001
2030,-0.0038592276386700264,0.0001
2031,-0.005563604973250979,0.0001
2032,-0.007564598442785443,0.0001
2033,-0.007095756130629326,0.0001
2034,0.00029246484183616836,0.0001
2035,0.00914131667836023,0.0001
2036,-0.013340862371393659,0.0001
2037,-0.015340830077122261,0.0001
2038,-0.0042519191354464005,0.0001
2039,0.008102244368557457,0.0001
2040,0.01135591222993374,0.0001
2041,0.001379713790315361,0.0001
2042,-0.00630889596597448,0.0001
2043,0.004256362141279729,0.0001
2044,0.011484479523183192,0.0001
2045,5.0973920776019865e-05,0.0001
2046,-0.004616445189198673,0.0001
2047,-0.0020268787506823593,0.0001
2048,-0.005694014482916465,0.0001
2049,0.0003833308447174036,0.0001
2050,0.014414745812503639,0.0001
2051,0.016735045553139885,0.0001
2052,0.006275463292973381,0.0001
2053,-0.014232836730218445,0.0001
2054,-0.017852953591708538,0.0001
2055,-0.01086152245351768,0.0001
2056,-0.013688489436397076,0.0001
2057,0.004183538417249032,0.0001
2058,0.008766920934761899,0.0001
2059,0.0022136659841143543,0.0001
2060,0.0032303731145933603,0.0001
2061,-0.021648226415221225,0.0001
2062,0.0037077751285009065,0.0001
2063,-0.002249361873334774,0.0001
2064,-0.011990752482132203,0.0001
2065,0.00525842001540212,0.0001
2066,-0.00032407578158221264,0.0001
2067,-0.004122081832562504,0.0001
2068,-0.01106913067855288,0.0001
2069,-0.009195940026452333,0.0001
2070,-0.009804808766986422,0.0001
2071,0.004207845097117249,0.0001
2072,-0.014632258624162635,0.0001
2073,-0.012422837615102319,0.0001
2074,0.004662380258942443,0.0001
2075,-0.01165941682983288,0.0001
2076,0.001664493372951401,0.0001
2077,-0.008034501928809827,0.0001
2078,0.015415719031128467,0.0001
2079,-0.015530984795265504,0.0001
2080,-0.015445393404650516,0.0001
2081,0.0001967320627396349,0.0001
2082,-0.005491665055806432,0.0001
2083,0.011008547432126477,0.0001
2084,0.009920993362484306,0.0001
2085,0.0008695631142725664,0.0001
2086,-0.007421336714946622,0.0001
2087,0.005308148905976342,0.0001
2088,0.01611948399358027,0.0001
2089,-0.00986332039064759,0.0001
2090,0.00044926265015895307,0.0001
2091,-0.004373146427779539,0.0001
2092,0.016870349389398475,0.0001
2093,0.0085939567681404,0.0001
2094,0.006373831129860236,0.0001
2095,-0.001300299729181369,0.0001
2096,-0.0019440645185444607,0.0001
2097,-0.01344278723932607,0.0001
2098,0.011955383785815439,0.0001
2099,0.002512633269115688,0.0001
2100,1.8535439539552056e-06,0.0001
2101,-0.006593332998413324,0.0001
2102,0.009971564395392025,0.0001
2103,0.00791043699961427,0.0001
2104,-0.015409154364345898,0.0001
2105,-0.006382889330479882,0.0001
2106,-0.001473497360649338,0.0001
2107,0.008353477238626245,0.0001
2108,-0.011009345413779948,0.0001
2109,-0.006815192539058612,0.0001
2110,-0.0019238695716629426,0.0001
2111,-0.0033449568173836474,0.0001
2112,0.00401192096109034,0.0001
2113,-0.000647674946406229,0.0001
2114,-0.0059304771759969635,0.0001
2115,-0.006655409703770609,0.0001
2116,0.02801524887302602,0.0001
2117,-0.002190563666095707,0.0001
2118,-0.007891295685922678,0.0001
2119,0.01464116933383671,0.0001
2120,0.013435379104344131,0.0001
2121,-0.0016303857777141865,0.0001
2122,0.011188571878252132,0.0001
2123,0.012199451507656453,0.0001
2124,0.01765984319820663,0.0001
2125,-0.00945268748014587,0.0001
2126,-0.006342255918193554,0.0001
2127,0.0071686923058471045,0.0001
2128,-0.008228022940628956,0.0001
2129,0.006914987689178212,0.0001
2130,0.01653890508319325,0.0001
2131,0.024673065439399757,0.0001
2132,0.018847923155815852,0.0001
2133,0.0170857251962335,0.0001
2134,0.011528250938888658,0.0001
2135,-0.014278514606149564,0.0001
2136,-0.009417920424792916,0.0001
2137,-0.002407839827867993,0.0001
2138,0.009015404778323,0.0001
2139,-0.01391930807816248,0.0001
2140,-0.0026147489500580067,0.0001
2141,-0.015147130071154487,0.0001
2142,0.005622721443793352,0.0001
2143,0.010156481634901016,0.0001
2144,-0.009333730127709739,0.0001
2145,-0.01333496901708659,0.0001
2146,0.014011345836099472,0.0001
2147,0.014309125331656597,0.0001
2148,0.014328837340564877,0.0001
2149,-0.002004265331520687,0.0001
2150,0.0004342195506925353,0.0001
2151,0.01507184379282492,0.0001
2152,0.0055865320927684725,0.0001
2153,0.01329099939678954,0.0001
2154,-0.0038076349950015814,0.0001
2155,0.0037608433639428184,0.0001
2156,-0.004703356832856628,0.0001
2157,0.021285597858191167,0.0001
2158,-0.011855592764849897,0.0001
2159,-0.00525488415467465,0.0001
2160,0.019966629006742703,0.0001
2161,0.0050847277223410895,0.0001
2162,-0.010046807860187615,0.0001
2163,0.015695886331232596,0.0001
2164,0.00949691742181105,0.0001
2165,0.007683275876492613,0.0001
2166,-0.015663284105694526,0.0001
2167,-0.00795044435998683,0.0001
2168,-0.00947766345055949,0.0001
2169,-0.0035210105183704327,0.0001
2170,0.00340586487599309,0.0001
2171,0.009133500548171691,0.0001
2172,0.017633232928442072,0.0001
2173,0.0013068441970146114,0.0001
2174,-0.009217010248948956,0.0001
2175,-0.0027063480388058478,0.0001
2176,-0.012750407831613787,0.0001
2177,-0.007589370209353941,0.0001
2178,-0.01271199279708866,0.0001
2179,-0.0024891199012352086,0.0001
2180,0.014471612601479698,0.0001
2181,-0.006780119125833915,0.0001
2182,0.007787139663065783,0.0001
2183,-0.006577646907740903,0.0001
2184,-0.0024596874462383483,0.0001
2185,0.005315115599364895,0.0001
2186,-0.010333799808180822,0.0001
2187,0.002496778638397244,0.0001
2188,0.004385846445133945,0.0001
2189,0.003329340611282944,0.0001
2190,-0.002156576662566499,0.0001
2191,0.002268983774623982,0.0001
2192,-0.0028582583477511215,0.0001
2193,0.0027481507752028134,0.0001
2194,0.006667709004776537,0.0001
2195,0.006283748761613719,0.0001
2196,-0.0080265678265579,0.0001
2197,0.001900796461482942,0.0001
2198,0.0034746211532930196,0.0001
2199,-0.0014619044735705773,0.0001
2200,-0.009105718055830457,0.0001
2201,0.006699634307174796,0.0001
2202,-0.005768524149049239,0.0001
2203,-0.016117935551893444,0.0001
2204,-0.006971131463064098,0.0001
2205,-0.005146489180324333,0.0001
2206,-0.0054973879119247174,0.0001
2207,0.008745641116252414,0.0001
2208,-0.005930953143717551,0.0001
2209,0.0009936827989586565,0.0001
2210,0.004030902508159435,0.0001
2211,0.005400750135470774,0.0001
2212,0.0027329476117308564,0.0001
2213,0.005458470711835509,0.0001
2214,0.007313873454138828,0.0001
2215,-0.01643480830287584,0.0001
2216,-0.009052015289748314,0.0001
2217,-0.015643545095636334,0.0001
2218,-0.00902390054338649,0.0001
2219,0.0007026390452158735,0.0001
2220,0.011663977332537155,0.0001
2221,0.004640963270988534,0.0001
2222,0.004931137997283725,0.0001
2223,-0.004232832553339734,0.0001
2224,0.006034826565717756,0.0001
2225,-0.0031193957475594697,0.0001
2226,-0.007907764936484221,0.0001
2227,0.002173151938312914,0.0001
2228,0.012851370262949103,0.0001
2229,-0.002547809373812652,0.0001
2230,0.00736675584840386,0.0001
2231,0.00044393368555697114,0.0001
2232,-0.003656193424502034,0.0001
2233,-0.005812594276884931,0.0001
2234,0.0006964633878292657,0.0001
2235,-0.0017356144087892515,0.0001
2236,0.01107063466242483,0.0001
2237,0.004810085609002372,0.0001
2238,0.003020440989896626,0.0001
2239,0.005404193227262992,0.0001
2240,-0.0018903110000045376,0.0001
2241,0.007033630570185168,0.0001
2242,0.01000590789507548,0.0001
2243,0.007574760659047663,0.0001
2244,0.004122305208323901,0.0001
2245,-0.0021004990052454382,0.0001
2246,-0.02137678004026412,0.0001
2247,0.0012571533365626408,0.0001
2248,0.007944412950098194,0.0001
2249,0.017629445626028258,0.0001
2250,-0.024556123238735936,0.0001
2251,0.016949247609215935,0.0001
2252,-0.0015621012957114733,0.0001
2253,-0.004314117077784486,0.0001
2254,-0.004995052907920981,0.0001
2255,-0.007198736083511387,0.0001
2256,-0.007382719196151846,0.0001
2257,0.004726888115560027,0.0001
2258,-0.012310852006983758,0.0001
2259,-0.010460704408590135,0.0001
2260,-0.0018241622281796135,0.0001
2261,0.005798667107867836,0.0001
2262,0.0024335293799161405,0.0001
2263,0.0008177424470353203,0.0001
2264,0.001006624304200308,0.0001
2265,-0.004521526378232629,0.0001
2266,0.00014342657096530403,0.0001
2267,-0.0006457198253148448,0.0001
2268,0.012868505859234934,0.0001
2269,0.007979223079766992,0.0001
2270,-0.0009686306267399183,0.0001
2271,0.002807612885812711,0.0001
2272,0.004787917047084799,0.0001
2273,0.003233625597391151,0.0001
2274,-0.012569413380643093,0.0001
2275,0.016642490643258682,0.0001
2276,-0.00278365793384402,0.0001
2277,0.006484812568384746,0.0001
2278,-0.0019268215139892192,0.0001
2279,0.0003264049522556392,0.0001
2280,0.006239054857943981,0.0001
2281,-0.0029994280036789167,0.0001
2282,0.004919876331346187,0.0001
2283,-0.0032843873909375147,0.0001
2284,-0.00356579859524913,0.0001
2285,0.0016891462386351647,0.0001
2286,-0.0024866664744335456,0.0001
2287,-0.005035653712703626,0.0001
2288,-0.0037724439530819353,0.0001
2289,-0.006379437988300889,0.0001
2290,-0.0013432613707412765,0.0001
2291,0.004311087419628903,0.0001
2292,-0.013986658161468329,0.0001
2293,-0.009784519151565078,0.0001
2294,-0.002987681704494829,0.0001
2295,-0.0013250363591196307,0.0001
2296,0.00873515559725464,0.0001
2297,0.0006468537770387923,0.0001
2298,-0.009583856536501236,0.0001
2299,0.009114652796735661,0.0001
2300,0.010731532017284804,0.0001
2301,0.001268939617812789,0.0001
2302,0.00921901306991773,0.0001
2303,0.0033697033311536027,0.0001
2304,-0.004233104654157234,0.0001
2305,-0.011880650553807326,0.0001
2306,0.011997160445583625,0.0001
2307,0.004289092645493631,0.0001
2308,-0.018896700046739764,0.0001
2309,0.012370546204251927,0.0001
2310,-0.005214848197729575,0.0001
2311,-0.021692697538371636,0.0001
2312,0.005700527012070664,0.0001
2313,0.0012924024056212814,0.0001
2314,0.0075337963735465155,0.0001
2315,-0.006703868070344756,0.0001
2316,-0.004611945356612963,0.0001
2317,-0.0020613720574170036,0.0001
2318,0.00032418846061551615,0.0001
2319,-0.005419634536122784,0.0001
2320,-0.005124043514451273,0.0001
2321,-0.006887893982861357,0.0001
2322,0.005265222271991156,0.0001
2323,0.008944702296449933,0.0001
2324,0.009602785303774255,0.0001
2325,0.004121493937457246,0.0001
2326,-0.010112963713861453,0.0001
2327,-0.01112100826223442,0.0001
2328,-0.0031103710546869557,0.0001
2329,-0.008749894914445298,0.0001
2330,-0.007603163729247947,0.0001
2331,-5.199513680363394e-05,0.0001
2332,-0.002902512005755462,0.0001
2333,0.008295095578996452,0.0001
2334,0.012289485173818811,0.0001
2335,-0.00044412372637913673,0.0001
2336,0.023667289724565787,0.0001
2337,0.01059228103530126,0.0001
2338,0.004058452507128307,0.0001
2339,0.0015835517887438219,0.0001
2340,0.003655238635696613,0.0001
2341,0.02133252579361673,0.0001
2342,0.02007258870735845,0.0001
2343,-0.005501005691101877,0.0001
2344,0.009012678764939663,0.0001
2345,0.016151674576516017,0.0001
2346,0.0028452806936548037,0.0001
2347,0.008174740511065946,0.0001
2348,-0.010242295068547526,0.0001
2349,0.01976395190464247,0.0001
2350,0.0019270234516704933,0.0001
2351,-0.005789879825034479,0.0001
2352,-0.0008980485603116652,0.0001
2353,-0.007630818545424012,0.0001
2354,-0.01874742859327621,0.0001
2355,0.007556762401666295,0.0001
2356,0.029428701750350672,0.0001
2357,0.005422902639153837,0.0001
2358,0.0010165878178634942,0.0001
2359,0.006926982269519639,0.0001
2360,-0.014841043614476801,0.0001
2361,0.009254357936310454,0.0001
2362,0.01499614683997948,0.0001
2363,0.01563111685782433,0.0001
2364,-0.01880121874907475,0.0001
2365,-0.011641882162032267,0.0001
2366,0.00603161572483488,0.0001
2367,-0.023250196693920304,0.0001
2368,-0.0010150591399549441,0.0001
2369,0.008226857591334487,0.0001
2370,0.010043479431248484,0.0001
2371,-0.010778630907191783,0.0001
2372,0.00923092534367659,0.0001
2373,-0.008472131665694911,0.0001
2374,-0.016353842931952016,0.0001
2375,-0.0046981894924228145,0.0001
2376,0.0025686375473364526,0.0001
2377,0.0019827458797389863,0.0001
2378,0.0016641615652911437,0.0001
2379,0.0005584637025884829,0.0001
2380,-0.0034268755408763695,0.0001
2381,-0.01314356915669332,0.0001
2382,-0.019619388176971,0.0001
2383,-0.0023273869077340787,0.0001
2384,-0.003881241918532642,0.0001
2385,-0.015512672004410479,0.0001
2386,0.006903527237940137,0.0001
2387,0.004703991629842283,0.0001
2388,-0.003031151479228524,0.0001
2389,0.0017255129884126137,0.0001
2390,0.019561034009236002,0.0001
2391,0.012643059688976416,0.0001
2392,0.00252592242850031,0.0001
2393,0.003518578659356879,0.0001
2394,0.010535258153855805,0.0001
2395,0.015479472466334585,0.0001
2396,-0.00465453473337396,0.0001
2397,-0.008181188327521497,0.0001
2398,-0.007491145821116635,0.0001
2399,-0.0035410832849353292,0.0001
2400,-0.009577089337040766,0.0001
2401,-0.0167708939494537,0.0001
2402,-0.006812694819064384,0.0001
2403,-0.006008766112616886,0.0001
2404,0.013760571440141532,0.0001
2405,-0.0076638515450299805,0.0001
2406,0.002021760121161213,0.0001
2407,-0.009593274389307193,0.0001
2408,0.006316675540355876,0.0001
2409,0.010447390006487998,0.0001
2410,-0.004087126418476313,0.0001
2411,0.009812994411274074,0.0001
2412,-0.019010525850053587,0.0001
2413,0.003373224067642196,0.0001
2414,-0.0016448717909171842,0.0001
2415,0.0007779353649171049,0.0001
2416,-0.009984227117875095,0.0001
2417,-0.008831614302296696,0.0001
2418,-0.002157578849439286,0.0001
2419,0.017290158673046303,0.0001
2420,-0.005767398938334283,0.0001
2421,-0.0035730162703084814,0.0001
2422,-0.026915891156404696,0.0001
2423,-0.013492545486834727,0.0001
2424,0.007361408951745605,0.0001
2425,0.014739504318979788,0.0001
2426,-0.011978735676481398,0.0001
2427,0.0038851279006656297,0.0001
2428,0.007112634040226097,0.0001
2429,-0.017381626821771152,0.0001
2430,-0.004686233931216663,0.0001
2431,0.012410806691234328,0.0001
2432,-0.0006289743039752993,0.0001
2433,-0.00702529785462293,0.0001
2434,0.007384401884270173,0.0001
2435,0.014766199119550705,0.0001
2436,0.005989311986010233,0.0001
2437,-0.0011527135422457803,0.0001
2438,0.006125050531658819,0.0001
2439,-0.006332635696505258,0.0001
2440,9.733522626311498e-05,0.0001
2441,0.009278263706870446,0.0001
2442,-0.004516010704124222,0.0001
2443,-0.014669510892635088,0.0001
2444,-0.009787255555590976,0.0001
2445,0.004147745191527325,0.0001
2446,-0.0028060854939984765,0.0001
2447,-0.0008291986699637127,0.0001
2448,0.00157690876888594,0.0001
2449,0.000790387976219809,0.0001
2450,-0.006394979192946936,0.0001
2451,-0.011448982241980684,0.0001
2452,0.015502002137287996,0.0001
2453,-0.01095466495628235,0.0001
2454,-0.005306812112263691,0.0001
2455,0.00644083169400128,0.0001
2456,-0.002763723628136861,0.0001
2457,-0.01800131213203154,0.0001
2458,-0.0004988473669430905,0.0001
2459,0.0062883842474242314,0.0001
2460,0.009907803274477708,0.0001
2461,0.011780433623476905,0.0001
2462,0.0061539204661229755,0.0001
2463,-0.024922174034703135,0.0001
2464,0.011203424233982373,0.0001
2465,0.0038430173954472225,0.0001
2466,0.002443414178998212,0.0001
2467,0.0012468724782987882,0.0001
2468,0.008187499478699007,0.0001
2469,0.013405039352537205,0.0001
2470,0.007395086686584654,0.0001
2471,0.00449265348833966,0.0001
2472,-0.00933387445879656,0.0001
2473,0.0029095931877732625,0.0001
2474,0.002974800352936925,0.0001
2475,0.0032252175053644207,0.0001
2476,-0.00909270398787805,0.0001
2477,0.01574944350407542,0.0001
2478,0.012248949256139282,0.0001
2479,0.015087508242040668,0.0001
2480,-0.008221506051140214,0.0001
2481,-0.008287741272827212,0.0001
2482,0.013924100547264423,0.0001
2483,0.012410607034169406,0.0001
2484,0.011619021869902225,0.0001
2485,0.0007039931483856382,0.0001
2486,-0.00535379323324825,0.0001
2487,-0.014722033260324148,0.0001
2488,-0.0021758951767201426,0.0001
2489,-0.001507880429087275,0.0001
2490,0.018934830758400304,0.0001
2491,0.02477048439447928,0.0001
2492,-0.01661793520330359,0.0001
2493,0.01648418789461332,0.0001
2494,0.0023728475288456617,0.0001
2495,0.0021191541083123416,0.0001
2496,-0.005951905506281278,0.0001
2497,-0.019308922962787762,0.0001
2498,-0.012465103175364827,0.0001
2499,-0.004459491987885463,0.0001
2500,0.004939637633279143,0.0001
2501,-0.0024448750339442177,0.0001
2502,-0.006455249685851412,0.0001
2503,0.002596403941894872,0.0001
2504,0.0028186593600947165,0.0001
2505,0.009326821532707169,0.0001
2506,0.0053315596597257,0.0001
2507,0.00688040920875061,0.0001
2508,-0.008931721470665621,0.0001
2509,0.0019786750828674265,0.0001
2510,-0.0005482220206267083,0.0001
2511,-0.005047938684697641,0.0001
2512,-0.000982971471445808,0.0001
2513,-0.0045458922915730775,0.0001
2514,0.015268243462243033,0.0001
2515,0.00381775698780607,0.0001
2516,-0.006311457694539422,0.0001
2517,0.009472585478180875,0.0001
2518,0.002202411126082527,0.0001
2519,-0.007248597191169213,0.0001
2520,-0.017167582035007758,0.0001
2521,-0.021867808058057957,0.0001
2522,-0.015274850849199708,0.0001
2523,0.015579864269852445,0.0001
2524,0.0011401467560598205,0.0001
2525,-0.016314087635187265,0.0001
2526,0.005959635317168282,0.0001
2527,-0.007862357415677864,0.0001
2528,0.01730059600586795,0.0001
2529,-0.006950417142327712,0.0001
2530,-0.01832057819708239,0.0001
2531,0.011331899883075819,0.0001
2532,0.024539326634366247,0.0001
2533,0.011257485468518805,0.0001
2534,0.000431291565655328,0.0001
2535,-0.0019124218602778683,0.0001
2536,0.004631300192753976,0.0001
2537,0.005789780793802158,0.0001
2538,0.00330791907788205,0.0001
2539,0.007802607302254184,0.0001
2540,-0.0003785510975661935,0.0001
2541,-0.0032262358066829345,0.0001
2542,0.001977398221998864,0.0001
2543,0.0027909462291682377,0.0001
2544,-0.0067541558178719095,0.0001
2545,0.020708581896977333,0.0001
2546,0.004549747227221565,0.0001
2547,-0.013949460500885937,0.0001
2548,-0.0023394301378836567,0.0001
2549,-0.005425903841374162,0.0001
2550,0.011238564493445092,0.0001
2551,-0.012045221544987448,0.0001
2552,-0.0023986160726042296,0.0001
2553,0.0188695380790018,0.0001
2554,0.015058462052669417,0.0001
2555,-0.017603488514855912,0.0001
2556,-0.0047407260903872825,0.0001
2557,-0.003658753846325738,0.0001
2558,0.0066411670296454275,0.0001
2559,-0.003996189473883212,0.0001
2560,-0.005773500637415314,0.0001
2561,0.01099418470639868,0.0001
2562,0.008724069165988092,0.0001
2563,0.0016945231090715477,0.0001
2564,0.025280600462888634,0.0001
2565,0.002489935424783409,0.0001
2566,-0.005308121712484781,0.0001
2567,0.012353649487863175,0.0001
2568,0.007345820501549241,0.0001
2569,0.01118752006072713,0.0001
2570,-0.008911276417374093,0.0001
2571,0.0030295352060051763,0.0001
2572,0.005427106047939666,0.0001
2573,0.005667747690370103,0.0001
2574,-0.002403933065382628,0.0001
2575,0.0020952413752433857,0.0001
2576,0.02107001663807757,0.0001
2577,-0.005382280798618406,0.0001
2578,-0.017405089255497847,0.0001
2579,0.012957416518374716,0.0001
2580,0.005267175430325114,0.0001
2581,0.006928230008107491,0.0001
2582,-0.009326395466958057,0.0001
2583,0.009436575505098618,0.0001
2584,0.00938167963021308,0.0001
2585,-0.02048523895038144,0.0001
2586,-0.0005977813832156337,0.0001
2587,-0.008686005020592465,0.0001
2588,-0.003721938271234908,0.0001
2589,0.012019252555235145,0.0001
2590,0.017315796329140626,0.0001
2591,-0.0056589772251513445,0.0001
2592,-0.0099785333741795,0.0001
2593,0.007434913522514411,0.0001
2594,0.015948375736570545,0.0001
2595,0.010501416691960723,0.0001
2596,-0.008047369296276332,0.0001
2597,-0.005437814576829858,0.0001
2598,-0.00946549591330978,0.0001
2599,0.009864896467907653,0.0001
2600,0.007529410119394895,0.0001
2601,0.007082326295204899,0.0001
2602,-0.0013445921585223304,0.0001
2603,0.02078923945000093,0.0001
2604,0.004711979997225139,0.0001
2605,1.221743439677364e-05,0.0001
2606,0.005643747968364459,0.0001
2607,0.005097006870026253,0.0001
2608,-0.0032526525277816014,0.0001
2609,0.005034461977724428,0.0001
2610,0.003757194460610682,0.0001
2611,0.007106263745323545,0.0001
2612,-0.0018149332463821602,0.0001
2613,-0.003986857248975826,0.0001
2614,-0.015971405238764433,0.0001
2615,0.015364170841416419,0.0001
2616,-0.00313147602744272,0.0001
2617,-0.005442640758238937,0.0001
2618,-0.006685878521354197,0.0001
2619,-0.0033037841655782036,0.0001
2620,-0.00403693081062983,0.0001
2621,-0.00813610858946058,0.0001
2622,-0.005637093893891324,0.0001
2623,-0.011003403429006941,0.0001
2624,0.009602108312753033,0.0001
2625,-0.012659550027595699,0.0001
2626,-0.011132365393152517,0.0001
2627,-0.018354613887613055,0.0001
2628,0.009757137639533935,0.0001
2629,0.01856627908048737,0.0001
2630,0.011419153729000492,0.0001
2631,0.011982672500342994,0.0001
2632,-0.007884491876623139,0.0001
2633,0.0029355846746140168,0.0001
2634,0.0025475818732515576,0.0001
2635,0.010229687271406513,0.0001
2636,0.0003152270044497391,0.0001
2637,0.0132237355269644,0.0001
2638,-0.003729096519224216,0.0001
2639,-0.00971846271745244,0.0001
2640,0.004702757112480673,0.0001
2641,-0.013575921690420276,0.0001
2642,0.01586302010543456,0.0001
2643,0.0073137178653146975,0.0001
2644,0.013686004289153125,0.0001
2645,0.012261825231614388,0.0001
2646,-0.0036541188154780315,0.0001
2647,-0.005546962871869941,0.0001
2648,-0.003930983635229946,0.0001
2649,-0.0015345657015740585,0.0001
2650,-0.0025386183031416744,0.0001
2651,0.00015742847727821438,0.0001
2652,0.005597563004614199,0.0001
2653,-0.01148685974748896,0.0001
2654,-0.013074295204213106,0.0001
2655,0.008961070529500362,0.0001
2656,-0.0047037925928162996,0.0001
2657,0.0008368801828711994,0.0001
2658,-0.012540848108870888,0.0001
2659,-0.014027835248668985,0.0001
2660,0.006557956683157776,0.0001
2661,0.00021457859733683138,0.0001
2662,0.010033956006301598,0.0001
2663,0.00041493334283903253,0.0001
2664,0.005990108471530337,0.0001
2665,0.002206692603894456,0.0001
2666,-0.005111192621760711,0.0001
2667,-0.003077990447857647,0.0001
2668,-0.005878059394384044,0.0001
2669,-0.008893498578000907,0.0001
2670,0.0005910943288623077,0.0001
2671,-0.010467081621565802,0.0001
2672,-0.0024073503193211936,0.0001
2673,0.008773149872275725,0.0001
2674,0.01226785200795934,0.0001
2675,0.008732628805147179,0.0001
2676,0.008480798213476588,0.0001
2677,-0.013805987554352719,0.0001
2678,-0.027492144221784726,0.0001
2679,-0.01622198351915303,0.0001
2680,-0.010025390274271883,0.0001
2681,0.011433253014526282,0.0001
2682,-0.009414584313200284,0.0001
2683,-0.009227616098307901,0.0001
2684,0.004935909707479021,0.0001
2685,-0.00043076207021519624,0.0001
2686,0.018325973162953917,0.0001
2687,-0.0020728410694731436,0.0001
2688,-0.015581252078278263,0.0001
2689,-0.0013579019040278633,0.0001
2690,0.0018099535272829378,0.0001
2691,0.01149034310440656,0.0001
2692,0.004735164206368625,0.0001
2693,-0.0022311083419953156,0.0001
2694,0.013997381208505466,0.0001
2695,0.011549702495367587,0.0001
2696,-0.009326472933268716,0.0001
2697,-0.00701662886523624,0.0001
2698,0.0009935637940981575,0.0001
2699,0.002445679309615546,0.0001
2700,0.006907577770816851,0.0001
2701,0.006958028797873146,0.0001
2702,0.007213818488706019,0.0001
2703,-0.016997564617135395,0.0001
2704,0.006426365917171473,0.0001
2705,0.00402397020811617,0.0001
2706,-0.0006415032515771784,0.0001
2707,0.011023128127699547,0.0001
2708,-0.004408221218780642,0.0001
2709,-0.0015804597948365661,0.0001
2710,-0.009799393536656513,0.0001
2711,-0.005147559360229494,0.0001
2712,0.003501925225301316,0.0001
2713,0.021141848570430992,0.0001
2714,-0.004018379261618732,0.0001
2715,0.020565252850474697,0.0001
2716,-0.012965972003510419,0.0001
2717,-0.016989658322046776,0.0001
2718,0.016164836715715024,0.0001
2719,2.8830423808057228e-05,0.0001
2720,0.0018030250166842917,0.0001
2721,-0.006000070401706953,0.0001
2722,-0.000667131236955458,0.0001
2723,0.008774981231072551,0.0001
2724,0.02028997657575547,0.0001
2725,0.005538846692765269,0.0001
2726,-0.022459240435864697,0.0001
2727,0.0060157559718532795,0.0001
2728,-0.0025977145835176414,0.0001
2729,-0.001610545717149518,0.0001
2730,0.005546208033791701,0.0001
2731,-0.005894696063113823,0.0001
2732,0.004821128325422842,0.0001
2733,0.004469553351804811,0.0001
2734,0.002622587015623629,0.0001
2735,-0.00326696024983988,0.0001
2736,-0.004532518783005729,0.0001
2737,0.010004396131795388,0.0001
2738,0.015616489592917211,0.0001
2739,0.003820336471306117,0.0001
2740,0.006799705552573086,0.0001
2741,0.019003653674640065,0.0001
2742,-0.0017191241180620526,0.0001
2743,-0.0068417664801463385,0.0001
2744,0.013968092308690401,0.0001
2745,-0.007679809974919739,0.0001
2746,0.0025327645662826643,0.0001
2747,-0.0018817602274900447,0.0001
2748,-0.012024699926215625,0.0001
2749,-0.004646158951891628,0.0001
2750,-0.011989970184022878,0.0001
2751,-0.015624697100622429,0.0001
2752,-0.0037169776977039977,0.0001
2753,-0.0039041019252117073,0.0001
2754,-3.417449349000651e-05,0.0001
2755,0.0019699197731645494,0.0001
2756,-0.010112686371554599,0.0001
2757,-0.02675145527157079,0.0001
2758,-0.0008286986303064781,0.0001
2759,-0.018185370478280356,0.0001
2760,0.003072323892120556,0.0001
2761,-0.0011726137623256066,0.0001
2762,-0.005256501884070456,0.0001
2763,-0.0025276944620504726,0.0001
2764,0.0013507442672434798,0.0001
2765,0.0026021506676144057,0.0001
2766,-0.010950465010579233,0.0001
2767,0.0007290120636066732,0.0001
2768,0.0016496604085280645,0.0001
2769,0.0016863432545492587,0.0001
2770,-0.023996558988423882,0.0001
2771,-0.008498384898603472,0.0001
2772,0.001985344678815229,0.0001
2773,0.01243172908621545,0.0001
2774,0.022943158434488766,0.0001
2775,0.022949157919149053,0.0001
2776,0.004393952389900238,0.0001
2777,0.0092161940465729,0.0001
2778,0.004454407013799254,0.0001
2779,-0.005085650979329678,0.0001
2780,-0.0027961565431220735,0.0001
2781,-0.009604523311065,0.0001
2782,-0.00021518432788955656,0.0001
2783,0.0037361624130539564,0.0001
2784,0.008414179317308415,0.0001
2785,0.00195755678208019,0.0001
2786,-0.0035654271604132898,0.0001
2787,-0.019311669787001762,0.0001
2788,-0.011819026312962755,0.0001
2789,0.023742926822665777,0.0001
2790,-0.0030545061443310075,0.0001
2791,0.009785811761098114,0.0001
2792,0.0028782157203240495,0.0001
2793,-0.008930424874846823,0.0001
2794,0.008811508772711559,0.0001
2795,0.0033983235470809083,0.0001
2796,0.013283514485523833,0.0001
2797,0.009911996668013292,0.0001
2798,0.010585782769514565,0.0001
2799,-0.011640143714236464,0.0001
2800,-0.017347802338830678,0.0001
2801,-0.018831052584741534,0.0001
2802,0.01984116680470795,0.0001
2803,-0.0004686269867771897,0.0001
2804,-0.005355843722286635,0.0001
2805,0.00274174674518138,0.0001
2806,0.003497589251483736,0.0001
2807,0.010729246598498672,0.0001
2808,0.012021010361278237,0.0001
2809,0.01351589976036739,0.0001
2810,0.007178898213741941,0.0001
2811,0.003231499595196962,0.0001
2812,0.02242006906658001,0.0001
2813,0.002346892786511524,0.0001
2814,9.379644771990874e-05,0.0001
2815,0.00039218270438122396,0.0001
2816,0.0065102601857308555,0.0001
2817,0.013733310507536536,0.0001
2818,-0.003387371144297133,0.0001
2819,-0.007256000070215483,0.0001
2820,0.008526334388402772,0.0001
2821,-0.022888261085064268,0.0001
2822,-0.018493905280887728,0.0001
2823,0.012132091632242981,0.0001
2824,0.01047262628801508,0.0001
2825,0.0025431267728570016,0.0001
2826,0.003936630365849748,0.0001
2827,0.010006620807165531,0.0001
2828,0.004814125996696623,0.0001
2829,-0.013577950266377781,0.0001
2830,-0.0010464770664822083,0.0001
2831,-0.006255126556917673,0.0001
2832,0.007439646689762437,0.0001
2833,0.004115879459166734,0.0001
2834,-0.0015131590758787833,0.0001
2835,0.008639814748033312,0.0001
2836,-0.009439300206960379,0.0001
2837,-0.003655439134172126,0.0001
2838,-0.021760446537139044,0.0001
2839,-0.009225168895972729,0.0001
2840,-0.009354554060658124,0.0001
2841,-0.0027323248192772827,0.0001
2842,-0.013680295640285443,0.0001
2843,-0.014024596366683238,0.0001
2844,-0.028736231019797664,0.0001
2845,-0.013821415442109724,0.0001
2846,-0.0019438118624903096,0.0001
2847,0.0025738215292801193,0.0001
2848,0.009504576512841261,0.0001
2849,0.013300241942877853,0.0001
2850,-0.0019395802189813602,0.0001
2851,0.014362118067966275,0.0001
2852,0.024460028208133946,0.0001
2853,0.007530091635041654,0.0001
2854,0.005823338194135524,0.0001
2855,-0.008250797166326922,0.0001
2856,0.007830799377211537,0.0001
2857,0.01484927951564075,0.0001
2858,-0.007559348549111134,0.0001
2859,0.0021660795322333616,0.0001
2860,-0.009388800617051829,0.0001
2861,-0.009762567297012288,0.0001
2862,-0.014047691878578896,0.0001
2863,0.022398796048803914,0.0001
2864,0.009242220699538476,0.0001
2865,0.01141554560933714,0.0001
2866,0.008840280853513315,0.0001
2867,-0.012959708654132842,0.0001
2868,-0.003003324745621751,0.0001
2869,0.008278318798952708,0.0001
2870,0.0004986582458856079,0.0001
2871,-0.0007772741096187341,0.0001
2872,-0.021354933358032752,0.0001
2873,0.008922843504104829,0.0001
2874,0.010511305609338311,0.0001
2875,0.008805513629661525,0.0001
2876,-0.002712844711630369,0.0001
2877,-0.010354974009484178,0.0001
2878,0.007738209622650704,0.0001
2879,0.01348569340611391,0.0001
2880,0.0010175850904523105,0.0001
2881,-0.003155131691626541,0.0001
2882,0.004165871396071727,0.0001
2883,-0.007631512559600504,0.0001
2884,-0.009812571779448137,0.0001
2885,-0.0107784677211497,0.0001
2886,-0.016981346795783617,0.0001
2887,-0.013840120424540154,0.0001
2888,0.0013379329799879597,0.0001
2889,0.004096855474812004,0.0001
2890,-0.0011012022417387591,0.0001
2891,-0.009878199202174335,0.0001
2892,0.006119642361891707,0.0001
2893,0.02655399052162324,0.0001
2894,-0.0163781351807391,0.0001
2895,-2.613111188510875e-05,0.0001
2896,0.011780401915919923,0.0001
2897,0.0005587584066824173,0.0001
2898,0.004178521636777505,0.0001
2899,0.0022353892812980673,0.0001
2900,-0.008805240297139097,0.0001
2901,0.008869686867774557,0.0001
2902,0.0005457955860634048,0.0001
2903,0.00842807354297948,0.0001
2904,-0.002748025073168115,0.0001
2905,-0.01551995103682724,0.0001
2906,-0.021150252082390866,0.0001
2907,-0.01026644842429738,0.0001
2908,-0.019054446893604693,0.0001
2909,0.012827794300002946,0.0001
2910,-0.005133787395068194,0.0001
2911,0.01771228389849144,0.0001
2912,0.005407991256991908,0.0001
2913,0.017141221406587297,0.0001
2914,0.022307543162713647,0.0001
2915,-0.007916537309912283,0.0001
2916,-0.016589579783810416,0.0001
2917,-0.004539657165450726,0.0001
2918,-0.006960763236515163,0.0001
2919,0.0070098526185680375,0.0001
2920,0.0009993397842464774,0.0001
2921,-0.005875542656190967,0.0001
2922,-0.005521075917308873,0.0001
2923,-0.009253488493508556,0.0001
2924,0.032665178159264764,0.0001
2925,0.008459220092355963,0.0001
2926,0.007952778833985444,0.0001
2927,0.013544584959114819,0.0001
2928,0.014330447301777275,0.0001
2929,-0.005848693367881051,0.0001
2930,0.0047348095255048865,0.0001
2931,0.005245316317037624,0.0001
2932,-0.0012838756078443943,0.0001
2933,-0.009168148690844981,0.0001
2934,-0.007405880103222259,0.0001
2935,-0.022756722289279656,0.0001
2936,0.00423259740727639,0.0001
2937,-0.007875728502224653,0.0001
2938,0.001535594350343731,0.0001
2939,0.005789364905379508,0.0001
2940,-0.009042190658474626,0.0001
2941,-0.01480860873840324,0.0001
2942,-0.009096335031239484,0.0001
2943,0.004984919835995869,0.0001
2944,0.013125132890647002,0.0001
2945,0.0011523330253292551,0.0001
2946,0.00040345072103771485,0.0001
2947,-0.005242318513734899,0.0001
2948,0.0013318985007852368,0.0001
2949,-0.002819177114330126,0.0001
2950,0.01488758665850668,0.0001
2951,-0.004733212831585968,0.0001
2952,-0.009680264141606177,0.0001
2953,-0.010913503542912454,0.0001
2954,-0.0027828641836532097,0.0001
2955,-0.0038702669905057514,0.0001
2956,-0.003501797597379208,0.0001
2957,0.007099841860110752,0.0001
2958,0.019732561109338777,0.0001
2959,0.008534619077668783,0.0001
2960,0.003239234869059051,0.0001
2961,-0.015007807740605832,0.0001
2962,-0.022625642291822023,0.0001
2963,0.015460761390621434,0.0001
2964,-0.001386227102140708,0.0001
2965,-0.02013563810688174,0.0001
2966,-0.007279858123985989,0.0001
2967,0.00479759507075274,0.0001
2968,-0.0016048027718229725,0.0001
2969,-0.00048028115664162035,0.0001
2970,0.003947450641967664,0.0001
2971,-0.006779043320430196,0.0001
2972,0.002706421121877183,0.0001
2973,0.008468432492539696,0.0001
2974,0.008847209644281092,0.0001
2975,0.012076256812968708,0.0001
2976,-0.0015527361819359937,0.0001
2977,-0.002968116537036256,0.0001
2978,-0.004361071881400989,0.0001
2979,-0.0019458615601333315,0.0001
2980,0.0075010562098846755,0.0001
2981,0.012101484379119903,0.0001
2982,0.011933346733115842,0.0001
2983,0.014352047114379053,0.0001
2984,0.012695149362691486,0.0001
2985,0.0009573408482947413,0.0001
2986,-0.008919152161578743,0.0001
2987,0.00309425120267971,0.0001
2988,0.003277786303556095,0.0001
2989,0.0013772050806831065,0.0001
2990,0.009572828335346896,0.0001
2991,0.022060673814170623,0.0001
2992,0.013046643763899513,0.0001
2993,-0.00831210576074103,0.0001
2994,-0.005970686220681096,0.0001
2995,-0.00042086379146045105,0.0001
2996,-0.008223930252278813,0.0001
2997,-0.02184701337997045,0.0001
2998,-0.0025433625536331827,0.0001
2999,-0.004418608908627076,0.0001
3000,-0.010554174209185264,0.0001
3001,-0.018822221223470412,0.0001
3002,-0.010339443738294509,0.0001
3003,0.00025460642848231267,0.0001
3004,0.002615366869363329,0.0001
3005,-0.0030900394001639494,0.0001
3006,-0.011860094541716042,0.0001
3007,-0.007678475204550131,0.0001
3008,-0.0037092082658962645,0.0001
3009,0.00494898816539179,0.0001
3010,0.000488873181743327,0.0001
3011,0.007135046001129318,0.0001
3012,0.022711718069313182,0.0001
3013,0.010377421173770962,0.0001
3014,-0.0049708454900457685,0.0001
3015,0.011098700350047055,0.0001
3016,0.01541560608923912,0.0001
3017,-0.002070842240627125,0.0001
3018,0.003114510434392536,0.0001
3019,0.022058873322222516,0.0001
3020,0.010557410668615652,0.0001
3021,0.013499876873359995,0.0001
3022,0.01665453337122365,0.0001
3023,0.0072589113562119304,0.0001
3024,-0.006903978475242442,0.0001
3025,-0.011236496554590483,0.0001
3026,0.006505544282198999,0.0001
3027,-0.0037575467674073426,0.0001
3028,-0.010262436530311322,0.0001
3029,-0.018538051795375605,0.0001
3030,-0.005652128011433808,0.0001
3031,0.0067405913329959925,0.0001
3032,-0.011904700532396966,0.0001
3033,-0.003598411510187427,0.0001
3034,-0.0005289950303140305,0.0001
3035,0.0045175346221796595,0.0001
3036,-0.004040394741246598,0.0001
3037,-0.0024231133437792383,0.0001
3038,-0.008224868279417723,0.0001
3039,-0.012756251094801876,0.0001
3040,0.0014907965173469177,0.0001
3041,0.007673362093437353,0.0001
3042,0.014155369813486479,0.0001
3043,-9.957460089549008e-05,0.0001
3044,0.01253216548792298,0.0001
3045,0.006180936919366822,0.0001
3046,0.0013332966784804124,0.0001
3047,0.008138286186910001,0.0001
3048,-0.006044601243698983,0.0001
3049,-0.005704592042700522,0.0001
3050,0.0013862797512917422,0.0001
3051,0.005873594345620708,0.0001
3052,0.024337233987973782,0.0001
3053,0.007589801482377814,0.0001
3054,0.014345863616432244,0.0001
3055,0.04034222496978303,0.0001
3056,0.01825900511838522,0.0001
3057,0.003671170637555299,0.0001
3058,0.0038203496430786227,0.0001
3059,0.010288009318315609,0.0001
3060,0.008759055353719965,0.0001
3061,0.02135880989544027,0.0001
3062,0.012701228379438705,0.0001
3063,0.002171490522776374,0.0001
3064,-0.014201054491754427,0.0001
3065,0.003502057184345951,0.0001
3066,0.01057460702840434,0.0001
3067,0.008738793353789683,0.0001
3068,0.00012171493242934567,0.0001
3069,0.0028094070339272238,0.0001
3070,0.009016172928376164,0.0001
3071,-0.008994163451477436,0.0001
3072,-0.007277990335660807,0.0001
3073,-0.0013997464265453972,0.0001
3074,-0.007787842644806714,0.0001
3075,-0.006166861645440557,0.0001
3076,-0.00602715941689282,0.0001
3077,-0.007262354948408968,0.0001
3078,-0.012361454165752453,0.0001
3079,0.0008315365702881755,0.0001
3080,0.0038541684813225663,0.0001
3081,0.006946246508726408,0.0001
3082,0.005437234307422466,0.0001
3083,-0.014409391852168394,0.0001
3084,0.007506146037333111,0.0001
3085,0.0006930650326524404,0.0001
3086,-0.00073842882948874,0.0001
3087,-0.002355406406459785,0.0001
3088,-0.019474007766063183,0.0001
3089,0.01313282368804014,0.0001
3090,0.02155817825913588,0.0001
3091,-0.003837106430142406,0.0001
3092,-0.006720733150910469,0.0001
3093,0.003855314191387717,0.0001
3094,0.004957799171879464,0.0001
3095,-0.015333686226002632,0.0001
3096,-0.01008627557509691,0.0001
3097,0.009826709024314794,0.0001
3098,-0.0008747767333524881,0.0001
3099,-0.00230393279038861,0.0001
3100,0.00498833720872963,0.0001
3101,-0.009363351661516901,0.0001
3102,0.003589160323514138,0.0001
3103,0.013292204175427215,0.0001
3104,0.007457962817978295,0.0001
3105,0.01653554229400543,0.0001
3106,0.004263899923939824,0.0001
3107,0.0021559658636882877,0.0001
3108,-0.007456697667212372,0.0001
3109,-0.00486439934665811,0.0001
3110,-0.019053634014912883,0.0001
3111,-0.004214696676573978,0.0001
3112,0.005469797369625994,0.0001
3113,-0.014512540333941528,0.0001
3114,0.004736800148113724,0.0001
3115,-0.007826254626128407,0.0001
3116,0.003366714758106732,0.0001
3117,-0.007957001087924982,0.0001
3118,0.008575708113319931,0.0001
3119,-0.02114759560321184,0.0001
3120,0.02009295130699212,0.0001
3121,-0.0019408354473512968,0.0001
3122,0.010969418159326345,0.0001
3123,0.021753440563896855,0.0001
3124,0.008951731357111086,0.0001
3125,-0.007464182892290854,0.0001
3126,-0.004043327967456981,0.0001
3127,-0.016891537533732272,0.0001
3128,0.012200863311632755,0.0001
3129,-0.000961612183635221,0.0001
3130,-0.004195808932785942,0.0001
3131,0.01620015527932395,0.0001
3132,0.022075990714827718,0.0001
3133,-0.0008021161807734362,0.0001
3134,-0.0046932327116699195,0.0001
3135,0.00043035971370332507,0.0001
3136,-0.00092581634515678,0.0001
3137,-0.0033322585066553408,0.0001
3138,-0.0011045611795376697,0.0001
3139,-0.0011176991815816776,0.0001
3140,0.010588092929709563,0.0001
3141,0.008992847291073759,0.0001
3142,0.002874622703908778,0.0001
3143,0.005781964631506522,0.0001
3144,-0.0020906527118598555,0.0001
3145,-0.009460171506334351,0.0001
3146,-0.003888586510629516,0.0001
3147,-0.0008662609075407482,0.0001
3148,-0.01620078789083655,0.0001
3149,0.014318486987757029,0.0001
3150,0.0007076339167330115,0.0001
3151,-0.0036903300256786514,0.0001
3152,-0.010282991979134555,0.0001
3153,-0.00974030308899307,0.0001
3154,-0.00019437302463852252,0.0001
3155,0.012699062971344693,0.0001
3156,0.01001687107209102,0.0001
3157,0.004964280831033546,0.0001
3158,-0.004023895284110449,0.0001
3159,-0.002718842330455398,0.0001
3160,-0.002541463410950725,0.0001
3161,-0.0021894086790105374,0.0001
3162,-0.017147953398232135,0.0001
3163,-0.014318600309647423,0.0001
3164,0.021232294084597658,0.0001
3165,-0.004950081726454962,0.0001
3166,-0.012934992417048704,0.0001
3167,0.013610776761730626,0.0001
3168,0.009404573757256373,0.0001
3169,-0.011955050005777946,0.0001
3170,-0.0038603790028645156,0.0001
3171,-0.0114997342581948,0.0001
3172,-0.005460254325232062,0.0001
3173,-0.0035607661639130888,0.0001
3174,0.015682616759598648,0.0001
3175,-0.015154559688152035,0.0001
3176,0.007541156457552424,0.0001
3177,0.007550869664175015,0.0001
3178,-0.0207273331318246,0.0001
3179,-0.01885951336577702,0.0001
3180,-0.0041774046861748695,0.0001
3181,1.9199228958517375e-06,0.0001
3182,0.02917344552216389,0.0001
3183,0.011315283536928868,0.0001
3184,-0.0029141188865400365,0.0001
3185,0.02267725156830629,0.0001
3186,0.0028799223355656114,0.0001
3187,-0.0015305240137554505,0.0001
3188,-0.021784327028498734,0.0001
3189,-0.013552896349194965,0.0001
3190,-0.019399975522206823,0.0001
3191,0.013270256855151224,0.0001
3192,-0.0008343555942804176,0.0001
3193,-0.0009971693775730687,0.0001
3194,-0.013406062994307055,0.0001
3195,-0.0023649535644163066,0.0001
3196,-0.008464594105195341,0.0001
3197,0.0059584312650218,0.0001
3198,0.010074991818154539,0.0001
3199,0.0014530526854491612,0.0001
3200,0.021595734671295545,0.0001
3201,0.0050172027202246275,0.0001
3202,-0.015218472057197103,0.0001
3203,-0.002981148065805333,0.0001
3204,-0.00032256161872332346,0.0001
3205,0.007919476689407779,0.0001
3206,-0.011512824334045902,0.0001
3207,-0.002704092425507484,0.0001
3208,0.007795617158607632,0.0001
3209,0.0007200504003503519,0.0001
3210,0.011394168373181093,0.0001
3211,-0.006737123763302388,0.0001
3212,0.032778544084963904,0.0001
3213,0.012256902280938953,0.0001
3214,0.011188392614671035,0.0001
3215,0.0063033073771901664,0.0001
3216,-0.0018981865161809114,0.0001
3217,-0.00706049360715947,0.0001
3218,0.01561454358844268,0.0001
3219,0.007173400290520012,0.0001
3220,-0.006847024594040164,0.0001
3221,-0.010554518712114528,0.0001
3222,-0.0013102395985232875,0.0001
3223,-0.007852388590620709,0.0001
3224,-0.006070135615542245,0.0001
3225,0.006298777611452853,0.0001
3226,-0.016558042301872248,0.0001
3227,-0.006001556348362402,0.0001
3228,-0.009478374654087832,0.0001
3229,0.008554233930907314,0.0001
3230,-0.016570192706126637,0.0001
3231,-0.01147293498521145,0.0001
3232,-0.0024867307804491306,0.0001
3233,0.0090058661608367,0.0001
3234,0.02396236534613202,0.0001
3235,0.0011983312686911951,0.0001
3236,0.009093426999398697,0.0001
3237,-0.00842913628238746,0.0001
3238,0.0020621580715421924,0.0001
3239,0.009507416615733389,0.0001
3240,0.0028706519321899165,0.0001
3241,-0.005799975165716129,0.0001
3242,0.0007751471708933845,0.0001
3243,-0.007804421970276851,0.0001
3244,-0.01818755112194083,0.0001
3245,0.015916446873108635,0.0001
3246,-0.0024111704402157157,0.0001
3247,-0.0068911351933546305,0.0001
3248,-0.03148256620525808,0.0001
3249,0.00658551131813143,0.0001
3250,0.011484947344915713,0.0001
3251,0.0024812353540129527,0.0001
3252,0.0031764122458873907,0.0001
3253,-0.00741527720552069,0.0001
3254,-0.011060269635112372,0.0001
3255,-0.01098189871460442,0.0001
3256,0.007711678375960856,0.0001
3257,0.010984163784103886,0.0001
3258,0.011966639378522504,0.0001
3259,0.0025916950158290882,0.0001
3260,0.0060183401216728615,0.0001
3261,-0.00028774318895707115,0.0001
3262,0.00964406441409652,0.0001
3263,0.0016176776327033965,0.0001
3264,-0.0013390313414048717,0.0001
3265,0.003377149806680301,0.0001
3266,-0.004435596153246915,0.0001
3267,0.010315751870729478,0.0001
3268,-0.010011959421984174,0.0001
3269,0.005077089860847848,0.0001
3270,0.007009939304732204,0.0001
3271,-0.01945482234300929,0.0001
3272,-0.007634503254943013,0.0001
3273,0.0096811831509257,0.0001
3274,-0.009865295301797233,0.0001
3275,0.00772293234334137,0.0001
3276,0.021998378454208174,0.0001
3277,0.014044963838091765,0.0001
3278,-0.017824370005461856,0.0001
3279,-0.003991950884367283,0.0001
3280,0.0045993713500231,0.0001
3281,-0.0003945082654100429,0.0001
3282,-0.0010051714420363396,0.0001
3283,0.005873308622527367,0.0001
3284,0.019115014946950285,0.0001
3285,0.01041489209341961,0.0001
3286,-0.017389451732304814,0.0001
3287,-0.014347005981488746,0.0001
3288,-0.013407768814869504,0.0001
3289,0.015368880034586307,0.0001
3290,-0.006313800473424094,0.0001
3291,0.0018772534904097405,0.0001
3292,0.0013716409744001905,0.0001
3293,0.007822161567061229,0.0001
3294,-0.005715964057659103,0.0001
3295,0.0024322265112940496,0.0001
3296,-0.011973622065918193,0.0001
3297,-0.010533139088538354,0.0001
3298,-0.011223682119187285,0.0001
3299,-0.004896460469051752,0.0001
3300,0.0007860375500320571,0.0001
3301,-0.008700346287780996,0.0001
3302,-0.005459794253751184,0.0001
3303,0.006335080711587144,0.0001
3304,0.014153217944689973,0.0001
3305,-0.005355179044911287,0.0001
3306,0.0005296161069567978,0.0001
3307,-0.006788296830576983,0.0001
3308,-0.004533059040595595,0.0001
3309,0.003597648431446593,0.0001
3310,0.007592098592414779,0.0001
3311,-0.009170407028327877,0.0001
3312,-0.013102022590110247,0.0001
3313,-0.03301208891814354,0.0001
3314,-0.010421346901106361,0.0001
3315,-0.004874166708271632,0.0001
3316,-0.002513686738417622,0.0001
3317,-0.000572933561591981,0.0001
3318,-0.006633414780583931,0.0001
3319,-0.0038177522175918688,0.0001
3320,-0.009014760306552318,0.0001
3321,0.0032834203799304057,0.0001
3322,-0.0046084907629784875,0.0001
3323,-0.005958150442218948,0.0001
3324,-0.003966786643849526,0.0001
3325,-0.003088710041337006,0.0001
3326,-0.01590266582455401,0.0001
3327,-0.0037632866952333394,0.0001
3328,-0.021323852424637326,0.0001
3329,0.007980500076425406,0.0001
3330,-0.003625039042290306,0.0001
3331,-0.015152676886437882,0.0001
3332,-0.013962663142675618,0.0001
3333,-0.0016215442953920118,0.0001
3334,0.015426435194236171,0.0001
3335,-0.012218397178057545,0.0001
3336,-0.000790122427784136,0.0001
3337,-0.005605318861815338,0.0001
3338,0.0065291756738121865,0.0001
3339,-0.01748916451755885,0.0001
3340,-0.0033128420696112355,0.0001
3341,-0.0019745151075914054,0.0001
3342,0.006774283322132904,0.0001
3343,0.005309395850721877,0.0001
3344,-0.014825960100171915,0.0001
3345,-0.012013719562554733,0.0001
3346,-0.001093465305937675,0.0001
3347,0.007491359870616422,0.0001
3348,-0.02211934772535198,0.0001
3349,-0.017502582901070377,0.0001
3350,0.01492871735611364,0.0001
3351,0.004553760886521178,0.0001
3352,0.011599121768034083,0.0001
3353,-0.0034000853924389253,0.0001
3354,-0.0022649020401161834,0.0001
3355,0.002216526804062976,0.0001
3356,-0.001724641331622604,0.0001
3357,-0.008640955907803947,0.0001
3358,-0.0021749930114868276,0.0001
3359,0.0030093014185088923,0.0001
3360,0.006056901856243964,0.0001
3361,0.0021068603085559905,0.0001
3362,-0.005779543473587807,0.0001
3363,0.005743691423581065,0.0001
3364,0.014066841821186712,0.0001
3365,-0.004961196781460124,0.0001
3366,-0.020918176008124807,0.0001
3367,-0.011101686389907597,0.0001
3368,-0.00990507887067593,0.0001
3369,0.0017423069180623311,0.0001
3370,0.02000590874323744,0.0001
3371,-0.0019582443218442353,0.0001
3372,-0.01164402592081733,0.0001
3373,0.0008698288228027995,0.0001
3374,0.0077900241152322035,0.0001
3375,0.0021103646739148918,0.0001
3376,0.014374542539092166,0.0001
3377,0.004478835598620628,0.0001
3378,0.005941768013338933,0.0001
3379,0.007095867060687413,0.0001
3380,0.0015189355768248259,0.0001
3381,-0.002332559038193455,0.0001
3382,-0.01795065500640755,0.0001
3383,-0.01173309115260472,0.0001
3384,0.015480436572395362,0.0001
3385,-0.0014846355873760248,0.0001
3386,-0.007016592024603466,0.0001
3387,-0.02675476659053607,0.0001
3388,-0.0015701828335697439,0.0001
3389,-0.010115996932862439,0.0001
3390,-0.0012113158370527085,0.0001
3391,-0.014176255520723298,0.0001
3392,-0.004773520540789445,0.0001
3393,0.00023826834222350456,0.0001
3394,-0.004831368035520887,0.0001
3395,-0.012330493085785077,0.0001
3396,-0.0016662207224840376,0.0001
3397,0.014689056652247233,0.0001
3398,0.005762561459871838,0.0001
3399,0.005293806934739238,0.0001
3400,-0.005915188617003919,0.0001
3401,-0.0007573643510564642,0.0001
3402,-0.011176951337074977,0.0001
3403,0.005601307051529852,0.0001
3404,-0.0018094846547080181,0.0001
3405,0.0028156322652078914,0.0001
3406,0.002079781111955656,0.0001
3407,0.01422366159740483,0.0001
3408,-0.004413857796737622,0.0001
3409,0.006712660920588671,0.0001
3410,-0.012006083069955781,0.0001
3411,-0.004713097058316433,0.0001
3412,0.005008446941885355,0.0001
3413,-0.002080159758670042,0.0001
3414,-0.008855572981572732,0.0001
3415,-0.0001057928999271418,0.0001
3416,-0.0010659433637679962,0.0001
3417,-0.003935926023899635,0.0001
3418,-0.004004709923381532,0.0001
3419,0.0034260280822055,0.0001
3420,-0.008003703158444864,0.0001
3421,-0.0030875281492648834,0.0001
3422,0.008425556451850828,0.0001
3423,-0.005172728480108625,0.0001
3424,-0.00868115022622203,0.0001
3425,-0.010255719134670785,0.0001
3426,-0.014222199301643697,0.0001
3427,-0.01571659947790398,0.0001
3428,4.6272272958846064e-05,0.0001
3429,0.00042864408000161823,0.0001
3430,0.0012029071829338643,0.0001
3431,0.008786580496602792,0.0001
3432,0.011757276154961136,0.0001
3433,0.012885053016068767,0.0001
3434,-0.0018459509499351688,0.0001
3435,-0.0037675647257701273,0.0001
3436,0.0113947894371685,0.0001
3437,0.007184905060308686,0.0001
3438,0.0020005348873589194,0.0001
3439,-0.008364958834881194,0.0001
3440,-0.0028584719597841662,0.0001
3441,-0.0013520540860030698,0.0001
3442,-0.005993963670686813,0.0001
3443,-0.0021730917044033037,0.0001
3444,-0.008194705500216705,0.0001
3445,-0.015257895131871103,0.0001
3446,-0.004469808296837358,0.0001
3447,0.0027254077087662076,0.0001
3448,0.0009009260509650842,0.0001
3449,-0.00969382536762146,0.0001
3450,0.009489390848269592,0.0001
3451,0.006417345884953684,0.0001
3452,-0.007585250622575438,0.0001
3453,0.01188864934611523,0.0001
3454,-0.0055215895717757,0.0001
3455,0.02312304335409256,0.0001
3456,0.01381223307998186,0.0001
3457,0.0031035052602097634,0.0001
3458,-0.0025817920360759147,0.0001
3459,-0.011496623969553968,0.0001
3460,0.00030837192949124736,0.0001
3461,0.0058239326504367014,0.0001
3462,-0.007896418639129104,0.0001
3463,0.0032244958074706433,0.0001
3464,-0.012542470616619297,0.0001
3465,0.011105690941696687,0.0001
3466,0.0012281053526803213,0.0001
3467,-0.00690116375142561,0.0001
3468,0.0032069453263835483,0.0001
3469,0.0004949350902450684,0.0001
3470,0.013959470700868944,0.0001
3471,0.0038234985034207004,0.0001
3472,0.0061253518394512865,0.0001
3473,0.008042463825428003,0.0001
3474,0.020681558870208044,0.0001
3475,0.013782101292767324,0.0001
3476,0.005114484945051634,0.0001
3477,0.0024234967546769384,0.0001
3478,0.0032353796279486523,0.0001
3479,0.014930465786305558,0.0001
3480,0.007610106178779788,0.0001
3481,-0.012587282979198455,0.0001
3482,0.008882257084168713,0.0001
3483,-0.001021744532305442,0.0001
3484,-0.01707694426087647,0.0001
3485,-0.009072478775112034,0.0001
3486,-0.013937448921762718,0.0001
3487,-0.004955753505560939,0.0001
3488,-0.007831721926501539,0.0001
3489,-0.012819705021314812,0.0001
3490,-0.015476921794431,0.0001
3491,0.00795329679087111,0.0001
3492,-0.0029681822318387164,0.0001
3493,0.005527675841661871,0.0001
3494,-0.0017945675131504095,0.0001
3495,0.005287723108488049,0.0001
3496,0.01446509117475966,0.0001
3497,0.011032869176670153,0.0001
3498,0.017090299244103414,0.0001
3499,-0.005251763934468508,0.0001
3500,-0.0020170174263150083,0.0001
3501,-0.001081767803712684,0.0001
3502,0.021198615437462275,0.0001
3503,-0.009535902421110458,0.0001
3504,0.010572363000729276,0.0001
3505,0.011480872060541568,0.0001
3506,0.022047295792523274,0.0001
3507,0.002838238433925905,0.0001
3508,0.003690789469160238,0.0001
3509,-0.01713360822518863,0.0001
3510,0.018382295957945712,0.0001
3511,0.0051171237597187795,0.0001
3512,-0.003314002390998726,0.0001
3513,-0.0032771160157364933,0.0001
3514,0.003995464186188412,0.0001
3515,-0.003951280157980637,0.0001
3516,-0.006674306859515665,0.0001
3517,0.015190471544410791,0.0001
3518,-0.0272592806316339,0.0001
3519,0.0030848398189763414,0.0001
3520,0.002018607530287848,0.0001
3521,0.009445817706212653,0.0001
3522,-0.006798172568938638,0.0001
3523,-0.004752034363826506,0.0001
3524,0.006409982857547391,0.0001
3525,-0.004849964931540598,0.0001
3526,-0.01682417651414976,0.0001
3527,-0.0002338356569853811,0.0001
3528,-0.014453789970070182,0.0001
3529,-0.0042048728333804455,0.0001
3530,-0.0011481946459072567,0.0001
3531,0.007553394064958727,0.0001
3532,0.004884439644825997,0.0001
3533,0.01453736961218159,0.0001
3534,0.0038357346024425988,0.0001
3535,0.014496720212392993,0.0001
3536,-0.006924873447916094,0.0001
3537,-0.006719226917757736,0.0001
3538,0.009693890644841793,0.0001
3539,0.00919840723859214,0.0001
3540,0.01270545022886257,0.0001
3541,-0.00677754821935725,0.0001
3542,0.02241983018147769,0.0001
3543,-0.009693484911532428,0.0001
3544,0.002897941173017641,0.0001
3545,0.01586112742286152,0.0001
3546,5.162142383707824e-06,0.0001
3547,0.006534289699850643,0.0001
3548,0.011560789090721342,0.0001
3549,0.0026604920289213315,0.0001
3550,0.00014946112987729174,0.0001
3551,-0.0023784875436423454,0.0001
3552,0.0055800445728219385,0.0001
3553,0.003161080394127961,0.0001
3554,0.007541669677622368,0.0001
3555,0.016112111865581032,0.0001
3556,-0.007114619954263305,0.0001
3557,-0.008790025942218624,0.0001
3558,0.010285060780477605,0.0001
3559,-0.013110520258174755,0.0001
3560,-0.025804015592497214,0.0001
3561,0.005919350622757939,0.0001
3562,0.01721729231110511,0.0001
3563,0.005041859891966026,0.0001
3564,0.004818998203146947,0.0001
3565,0.015690483800361418,0.0001
3566,0.003111377789515943,0.0001
3567,-0.004017278159001203,0.0001
3568,0.018798868794839045,0.0001
3569,-0.015722993963585168,0.0001
3570,0.010676409887943413,0.0001
3571,0.0007469133554467375,0.0001
3572,0.0004196845764204558,0.0001
3573,-0.008709356313467127,0.0001
3574,-0.019316223706019146,0.0001
3575,-0.005994990799973375,0.0001
3576,0.010294888949530049,0.0001
3577,-0.010237083842922544,0.0001
3578,-0.012676046565024347,0.0001
3579,-0.008492305814468318,0.0001
3580,0.0026165712946389463,0.0001
3581,-0.0059704573979657664,0.0001
3582,-0.004346412375354124,0.0001
3583,-0.00242399727007792,0.0001
3584,0.0032036790164102166,0.0001
3585,-0.011045522561024448,0.0001
3586,-0.015263625442672256,0.0001
3587,-0.009208265571872964,0.0001
3588,0.02064552860888136,0.0001
3589,0.003476276903593206,0.0001
3590,0.0035321346007099593,0.0001
3591,-0.016153148635160187,0.0001
3592,-0.01986607719974209,0.0001
3593,-0.0004713363584122782,0.0001
3594,-0.018461540590481065,0.0001
3595,-0.014834245596578241,0.0001
3596,-0.0018637085330946762,0.0001
3597,-0.0024486583453030594,0.0001
3598,-0.010287077195871948,0.0001
3599,0.009199737057012556,0.0001
3600,-0.016843682422492227,0.0001
3601,-0.005464348037924876,0.0001
3602,-0.0029287487858518004,0.0001
3603,-0.005816334526608231,0.0001
3604,0.008370645189327697,0.0001
3605,0.017509300375785932,0.0001
3606,0.008685082600837094,0.0001
3607,0.0075119782943139715,0.0001
3608,-0.013160226610305586,0.0001
3609,-0.009397175067706438,0.0001
3610,0.005027600930998288,0.0001
3611,0.006655198649033307,0.0001
3612,-0.015560620571090273,0.0001
3613,-0.009168283917224554,0.0001
3614,-0.011978902303985794,0.0001
3615,-0.004863736650627233,0.0001
3616,-0.01941452194590612,0.0001
3617,0.01540470233573895,0.0001
3618,0.024180159876073675,0.0001
3619,0.011829404803012103,0.0001
3620,0.0015473523822297237,0.0001
3621,-0.004206386572385102,0.0001
3622,0.0006239061338624532,0.0001
3623,0.004490123513425662,0.0001
3624,-0.00828812208780203,0.0001
3625,-0.007064454232749054,0.0001
3626,0.009998558810890993,0.0001
3627,0.007908479878295918,0.0001
3628,-0.013942309361869822,0.0001
3629,-0.008928398807514278,0.0001
3630,0.010081564222397603,0.0001
3631,0.00445306194053693,0.0001
3632,0.02114976408777816,0.0001
3633,0.002993882559061474,0.0001
3634,0.00841830525044219,0.0001
3635,0.021881589871782424,0.0001
3636,0.008067553291765584,0.0001
3637,-0.011690967404611357,0.0001
3638,-0.006092705021627589,0.0001
3639,0.008580368630468299,0.0001
3640,-0.007235888462658519,0.0001
3641,-0.0013909892085641898,0.0001
3642,-0.01486396419614437,0.0001
3643,-0.014726345921886812,0.0001
3644,-0.003926061098604094,0.0001
3645,-0.0017866837953073545,0.0001
3646,-0.013594691115845282,0.0001
3647,0.007320492879129329,0.0001
3648,0.00843366594480754,0.0001
3649,-0.0045031385291104675,0.0001
3650,-0.007681207013184995,0.0001
3651,-0.0020390098254744705,0.0001
3652,0.003214499797287432,0.0001
3653,0.0065243336746989835,0.0001
3654,-0.020731231746063297,0.0001
3655,-0.019082863470425517,0.0001
3656,-0.008865386153887938,0.0001
3657,0.013196194109328305,0.0001
3658,0.006864954126353913,0.0001
3659,-0.009559080851889074,0.0001
3660,-0.008159225611233348,0.0001
3661,-0.007667919019450547,0.0001
3662,-0.0005496595057315974,0.0001
3663,0.0033438033551052237,0.0001
3664,0.0013606725481908975,0.0001
3665,0.010814709590841078,0.0001
3666,-0.005888738882232139,0.0001
3667,0.0007828930992869468,0.0001
3668,0.003921320118836148,0.0001
3669,-0.0004349924487346579,0.0001
3670,-0.0035572648636419163,0.0001
3671,0.0008442442378840133,0.0001
3672,-0.00043096175135252257,0.0001
3673,0.01916538530958369,0.0001
3674,0.00464492596376451,0.0001
3675,-0.0051284706823463665,0.0001
3676,-0.002005179968151256,0.0001
3677,0.014736494540433612,0.0001
3678,0.0002322216682566386,0.0001
3679,0.01713897097107023,0.0001
3680,0.0035886935190802263,0.0001
3681,-0.005538386615011757,0.0001
3682,0.014401609514607921,0.0001
3683,0.018252681118076115,0.0001
3684,-0.000604034406550904,0.0001
3685,0.013143579639096193,0.0001
3686,0.003317669429038824,0.0001
3687,0.0010732437338930854,0.0001
3688,-0.0032073409342937946,0.0001
3689,0.015174218597880878,0.0001
3690,-0.0034607548194725314,0.0001
3691,0.015669216630651194,0.0001
3692,0.015894063236362194,0.0001
3693,-0.004377067573488082,0.0001
3694,-0.014280035094149825,0.0001
3695,-0.014578686921056213,0.0001
3696,-0.007259668814769767,0.0001
3697,-0.004464944639881251,0.0001
3698,0.0111951980050158,0.0001
3699,0.012856959942323587,0.0001
3700,0.007415993968466156,0.0001
3701,-0.018077284257356413,0.0001
3702,-0.0025904843648405186,0.0001
3703,0.002437777329583395,0.0001
3704,0.008759495640408822,0.0001
3705,-0.00707386102068142,0.0001
3706,0.0043433979223304175,0.0001
3707,-0.0026596171066521753,0.0001
3708,-0.0002924773276404454,0.0001
3709,-0.004975825736660131,0.0001
3710,0.004489604089719233,0.0001
3711,-0.003552025260155577,0.0001
3712,0.006557651720203968,0.0001
3713,0.011249397124275858,0.0001
3714,0.01327942167160249,0.0001
3715,0.002033363457765616,0.0001
3716,0.010312232459008737,0.0001
3717,-0.007124040592140553,0.0001
3718,-0.01572870611867173,0.0001
3719,0.00280597559936532,0.0001
3720,-0.001994651092490406,0.0001
3721,0.007666604195474672,0.0001
3722,0.008937698290638755,0.0001
3723,-0.0037947075125945706,0.0001
3724,-0.0011308462489348235,0.0001
3725,0.00019846422059248094,0.0001
3726,-0.008302114932983447,0.0001
3727,0.0039872297639508645,0.0001
3728,0.014996947331546582,0.0001
3729,-0.0036056451152677205,0.0001
3730,-0.009005791068361012,0.0001
3731,-0.021631691273795727,0.0001
3732,0.01386666987076975,0.0001
3733,0.009507346014742698,0.0001
3734,0.0027721359914268137,0.0001
3735,-0.018048800804540438,0.0001
3736,0.0013558904060743638,0.0001
3737,-0.003356267412646096,0.0001
3738,0.007763065560524101,0.0001
3739,0.005259234624284502,0.0001
3740,-0.00951135648027568,0.0001
3741,0.0020771291900134195,0.0001
3742,0.012649547176984785,0.0001
3743,0.005024310635549899,0.0001
3744,0.0007886005563970234,0.0001
3745,-0.01120000484064526,0.0001
3746,-0.00850195513513363,0.0001
3747,-0.0025019178074548623,0.0001
3748,-0.003217599602956992,0.0001
3749,0.009204136764131666,0.0001
3750,0.007886768766268875,0.0001
3751,0.008792141739267125,0.0001
3752,0.004632773710982456,0.0001
3753,0.009612278554383534,0.0001
3754,-0.009166211337776582,0.0001
3755,0.00047162228903285835,0.0001
3756,0.008528390371009335,0.0001
3757,0.01346114747499161,0.0001
3758,0.006042671024569318,0.0001
3759,-0.0008333202937453622,0.0001
3760,0.010911025672593362,0.0001
3761,-0.006327164796934291,0.0001
3762,0.0042397218615792855,0.0001
3763,0.01065557972733356,0.0001
3764,0.020955237670919766,0.0001
3765,0.005831079983053354,0.0001
3766,-0.0005729617561498486,0.0001
3767,0.009188016960362257,0.0001
3768,0.010761352607643231,0.0001
3769,0.019177357548702336,0.0001
3770,0.015235106911248979,0.0001
3771,-0.004063862300368764,0.0001
3772,-1.7775833992696445e-05,0.0001
3773,-0.0035677179386981073,0.0001
3774,0.010294249240397771,0.0001
3775,0.001132219237956358,0.0001
3776,0.008386012520565008,0.0001
3777,-0.0028308201383550613,0.0001
3778,-0.00557043315218984,0.0001
3779,0.0047208164821681735,0.0001
3780,0.02478140388572439,0.0001
3781,0.024066524071483304,0.0001
3782,0.01756122904784765,0.0001
3783,-0.0010574720861638359,0.0001
3784,0.018947532099052294,0.0001
3785,-0.001827549886877699,0.0001
3786,0.010282325911998713,0.0001
3787,-0.00362912675456449,0.0001
3788,0.012154043301122408,0.0001
3789,-0.0039334966838884605,0.0001
3790,0.00012161655262590026,0.0001
3791,-0.00914965820837557,0.0001
3792,-0.0014692851227481596,0.0001
3793,0.003617097382729082,0.0001
3794,0.0031935377981520785,0.0001
3795,0.008635721258831412,0.0001
3796,0.0004924654685023605,0.0001
3797,-0.0018270953214703381,0.0001
3798,0.007797694396669364,0.0001
3799,0.0017534595708376646,0.0001
3800,-0.0020638163377165327,0.0001
3801,0.010934410596816699,0.0001
3802,0.009611377101775582,0.0001
3803,-0.006820697460473729,0.0001
3804,-0.018322997449017813,0.0001
3805,0.010636487266438833,0.0001
3806,0.012166729975686259,0.0001
3807,0.00916448166109109,0.0001
3808,-0.0005789874731881731,0.0001
3809,0.0063833803685843715,0.0001
3810,0.008145864062974961,0.0001
3811,-0.010827624454374891,0.0001
3812,0.004288208275123562,0.0001
3813,-0.009735187775593486,0.0001
3814,-0.02645767799593704,0.0001
3815,-0.0005537349703557382,0.0001
3816,0.013134174931514869,0.0001
3817,0.01854479882954721,0.0001
3818,-0.003421342599218851,0.0001
3819,0.0008482017382155643,0.0001
3820,0.003986005971790062,0.0001
3821,0.011583270087851167,0.0001
3822,-0.0077468273571272995,0.0001
3823,0.007504789149536111,0.0001
3824,0.007815494083546428,0.0001
3825,-0.004726731894265174,0.0001
3826,-0.009840444793519228,0.0001
3827,0.000732418630314002,0.0001
3828,-0.027421783522499972,0.0001
3829,-0.021276127541199327,0.0001
3830,-0.014814900193932222,0.0001
3831,-0.010431140394447659,0.0001
3832,-0.001223269614942185,0.0001
3833,-0.002771735606873336,0.0001
3834,-0.012257772467602955,0.0001
3835,0.010290782570872096,0.0001
3836,-0.012129366159354924,0.0001
3837,-0.017100890372273053,0.0001
3838,0.0015027047164942115,0.0001
3839,0.01473541853966651,0.0001
3840,0.01242254620043686,0.0001
3841,0.011747537266832331,0.0001
3842,-0.004243246692555174,0.0001
3843,0.0012954092841621953,0.0001
3844,0.004127840397698508,0.0001
3845,0.0019736380105306824,0.0001
3846,0.017436158505867497,0.0001
3847,-0.008696625250570583,0.0001
3848,-0.0008777038592661529,0.0001
3849,0.013444042764136037,0.0001
3850,-0.016392370652608814,0.0001
3851,-0.010315000654347579,0.0001
3852,-0.009222043441641212,0.0001
3853,-0.008276167992823722,0.0001
3854,0.009474840026636904,0.0001
3855,0.0009168226211429526,0.0001
3856,0.021779548656097058,0.0001
3857,-0.00907821147864801,0.0001
3858,0.010372954381085094,0.0001
3859,0.0007421105703984351,0.0001
3860,-0.00492601850259548,0.0001
3861,-0.011243232614901592,0.0001
3862,0.014534118881404426,0.0001
3863,-0.011168178554770331,0.0001
3864,-0.004080216693260013,0.0001
3865,-0.002236731847205198,0.0001
3866,-0.006341713187742111,0.0001
3867,-0.013145265470738503,0.0001
3868,-0.003719195207759465,0.0001
3869,0.0022983633828383785,0.0001
3870,0.010536707409822614,0.0001
3871,-0.010487854319870111,0.0001
3872,0.00010849429505031816,0.0001
3873,-0.014445288306202566,0.0001
3874,0.006120363948334707,0.0001
3875,0.006801397067180397,0.0001
3876,0.0014396023639385203,0.0001
3877,-0.009006054662549239,0.0001
3878,-0.009626086025139074,0.0001
3879,-0.0035853814038918886,0.0001
3880,-0.004407392633428865,0.0001
3881,0.008912813809982257,0.0001
3882,0.004978893080774175,0.0001
3883,0.009232633254914767,0.0001
3884,0.01425334850520721,0.0001
3885,0.007709245101808841,0.0001
3886,-0.004853170754480498,0.0001
3887,-0.019999302620521485,0.0001
3888,-0.010706119535413927,0.0001
3889,-0.012455771362574196,0.0001
3890,-0.009677375919744548,0.0001
3891,0.006285989360889707,0.0001
3892,-0.007821859121997716,0.0001
3893,-0.00052024231013523,0.0001
3894,0.002968812874769993,0.0001
3895,0.015721671586072846,0.0001
3896,-0.013005342886925494,0.0001
3897,-0.01800426283322238,0.0001
3898,0.008215670857730412,0.0001
3899,0.010217896413707895,0.0001
3900,-0.004803075569277016,0.0001
3901,-0.0016925273346929507,0.0001
3902,-0.010768138983782923,0.0001
3903,0.019555378404048154,0.0001
3904,0.011061369371605968,0.0001
3905,-0.012404705170095502,0.0001
3906,-0.0033762878003380514,0.0001
3907,-0.003989649655656049,0.0001
3908,-0.006984500114702061,0.0001
3909,9.80630658265047e-05,0.0001
3910,-0.003048902674791322,0.0001
3911,-0.00016585752613486402,0.0001
3912,-0.0006269350972692968,0.0001
3913,-0.020207907705029005,0.0001
3914,-0.01752459873189859,0.0001
3915,0.007055683484299957,0.0001
3916,0.007733340891321266,0.0001
3917,-0.0012894131564822472,0.0001
3918,0.0068832428063262995,0.0001
3919,0.0029186260828086594,0.0001
3920,0.01700730372912602,0.0001
3921,-0.004704904720790332,0.0001
3922,0.013774729304225953,0.0001
3923,0.0012158575571655536,0.0001
3924,0.0034209263704041456,0.0001
3925,0.008877649885917455,0.0001
3926,-0.006524345662519899,0.0001
3927,0.00876978506741601,0.0001
3928,-0.00045865488576310177,0.0001
3929,0.01567236669380767,0.0001
3930,0.0026563073354661368,0.0001
3931,0.008635715994679353,0.0001
3932,0.001953919489114833,0.0001
3933,-0.010722886191639342,0.0001
3934,-0.0008334355735714369,0.0001
3935,-3.915832698114907e-05,0.0001
3936,-0.0005432433507877771,0.0001
3937,-0.009863530354492426,0.0001
3938,-0.005696446274596427,0.0001
3939,0.004015953726549234,0.0001
3940,0.007201735569924386,0.0001
3941,-0.0024222525249038753,0.0001
3942,-0.0022391426724994072,0.0001
3943,-0.00206157818213755,0.0001
3944,-0.0014946811328731605,0.0001
3945,0.015229077275508929,0.0001
3946,0.002880339824778504,0.0001
3947,0.0016316681202083656,0.0001
3948,-0.013534468181362504,0.0001
3949,0.0017465042974266932,0.0001
3950,-0.007720658784745489,0.0001
3951,0.011999672793450673,0.0001
3952,0.01661144028205853,0.0001
3953,0.0024981452357490603,0.0001
3954,-0.014834494680394217,0.0001
3955,-0.008639229436553623,0.0001
3956,-0.002676392665257016,0.0001
3957,-0.019528078889353484,0.0001
3958,-0.004826538268734903,0.0001
3959,0.0066377264079977875,0.0001
3960,0.006286266435648949,0.0001
3961,0.009125752357978386,0.0001
3962,-0.006791977841932353,0.0001
3963,0.015183805404272043,0.0001
3964,0.013057365466374862,0.0001
3965,0.009705394296277025,0.0001
3966,0.020498689436736457,0.0001
3967,0.0006132996272379621,0.0001
3968,0.005189866426348785,0.0001
3969,-0.0033479972116510566,0.0001
3970,-0.020447969190739844,0.0001
3971,-0.0047232522938667285,0.0001
3972,-0.0013926301762298978,0.0001
3973,0.0012860575298271949,0.0001
3974,-0.0029856613909662703,0.0001
3975,-0.030006997099523373,0.0001
3976,-0.002332216431049702,0.0001
3977,-0.0034599119980855946,0.0001
3978,-0.0050022324179490795,0.0001
3979,-0.004781186055018697,0.0001
3980,0.003945169013592216,0.0001
3981,0.0018035584072864177,0.0001
3982,-0.009017275830449294,0.0001
3983,-0.01976086883648208,0.0001
3984,0.0004480495000451967,0.0001
3985,-0.0058252413767295955,0.0001
3986,0.004859835451602658,0.0001
3987,-0.008162274555851721,0.0001
3988,0.005073465360657865,0.0001
3989,0.004358072661844429,0.0001
3990,-0.009551768579754328,0.0001
3991,-0.0006368782722058433,0.0001
3992,0.004535373813599095,0.0001
3993,-0.021818450834284984,0.0001
3994,-0.012638378885124533,0.0001
3995,-0.007486870982315065,0.0001
3996,0.01616191653797646,0.0001
3997,-0.009505115227060539,0.0001
3998,0.011859821470132346,0.0001
3999,0.009657080838413455,0.0001
4000,0.002867061947755356,0.0001
