t,ret,sigma2_true
1,0.029356436274983546,0.0003128726382095011
2,0.01678453702789979,0.0004485797947099103
3,0.0242712646504669,0.0003856097852811918
4,-0.01872649492212515,0.00042035846833922506
5,-0.012681055428717263,0.0004587874441469452
6,-0.005705461915637589,0.00038153533539433395
7,0.009907495618448952,0.0003128338617690677
8,0.009926096742295335,0.0002827302247607834
9,0.01151007694195991,0.00024748667399183895
10,0.009238635261023169,0.00022942874296562712
11,0.011628271376709645,0.00020537682443719208
12,-0.004219223230149135,0.0001985196313513505
13,-0.011734797662540757,0.00017927550258799326
14,-0.005643363796077967,0.0001800663600447537
15,0.0026808665244542674,0.00015917404700818813
16,-0.022507807481453534,0.0001431925043785988
17,-0.01634312529696603,0.0002481736942301414
18,-0.007051248189998763,0.00023782083392726548
19,-0.03526104888207004,0.00020507361946075364
20,-0.012355723996252914,0.00043681509128741763
21,0.0008101303675250113,0.00035727327713327506
22,-0.030925131718990792,0.0002915488720097126
23,0.0005605087470021974,0.00045883501164572165
24,-0.019728433856014204,0.000378595927600141
25,0.00570110849552473,0.0004064588756045888
26,-0.003925373036142521,0.0003504758821901974
27,-0.001995514326231746,0.0002935736166686759
28,-0.009704209964705127,0.00024260340040448898
29,0.0027479025020622967,0.0002241003125033124
30,-0.013341127190224643,0.0001947569693665442
31,-0.004517753601550775,0.0002130861055499628
32,-0.01166614351555118,0.00018203099614892994
33,0.0023510508271339433,0.00018652877343089145
34,-0.005250049107791441,0.00016622674622161478
35,0.014965253863875896,0.000154545278104822
36,0.014023064759334812,0.00019573472765990074
37,-0.005579410993771339,0.0001936900101689309
38,0.0032298202421242794,0.0001802155918983977
39,-0.0019535455444459732,0.0001617501127568504
40,0.017192253026477658,0.00014450511842595756
41,-0.0037184626493335393,0.0001998900622364615
42,-0.01342715762436483,0.0001835734949016213
43,-8.972205935127875e-05,0.00019063240111570395
44,-0.010275147399532903,0.0001657002486803663
45,-0.011327532190902729,0.0001712949892562259
46,0.006989923157813712,0.0001682702864277242
47,-0.0018847899432040413,0.00016497497371781693
48,-0.007135382036998019,0.00014807391845980886
49,6.346259901818252e-06,0.0001412368923806327
50,0.010528620701660005,0.0001274163573393829
51,-0.002579931783227235,0.0001399372868189184
52,-0.0307917449468434,0.0001309314900743693
53,-0.02533243730275552,0.0003168989378749329
54,-0.0009270673800476742,0.0003420545648902945
55,-0.017302751542111746,0.00028124050017119736
56,-0.03712623412095335,0.000304507959193219
57,-0.013676028517595338,0.0004992319188760621
58,-0.016039401539031006,0.00040859945737182346
59,-0.004135599390683476,0.0003772710815720093
60,0.008396837160958027,0.0003061822711666551
61,-0.013134333393970129,0.00026856980534347845
62,-0.02366106769449296,0.00027290867504989775
63,0.0325410754457941,0.0003210628083014496
64,-0.0017519868591819054,0.0005638028214432431
65,0.0272142060285933,0.00046652899759314315
66,-0.025805471127307897,0.0005620680432168964
67,0.01284325980711157,0.0006705502546447566
68,0.01950744135622428,0.0006116052071963335
69,0.0015527159050305586,0.0005370193731379463
70,0.011013054237236971,0.0004275570076601472
71,0.010251493655536322,0.0003726309916951091
72,0.0030083916393331524,0.0003163140836331049
73,-0.01577570245397199,0.0002601303183581608
74,-0.023289780004617865,0.0002744340350946996
75,0.020791487318942332,0.0003167365069147125
76,-0.009340897511805208,0.00039779744198895317
77,0.00420273124422627,0.0003679180705433459
78,0.027556596446721513,0.00031025440845736763
79,-0.005035524568797436,0.00040625265608769043
80,0.00011879600146700087,0.0003518858959360123
81,-0.004585142074877844,0.00028779521121481623
82,0.007945893007674475,0.00024375931712237008
83,0.023323933992166968,0.00022265728434141133
84,0.0019336832867226333,0.00029121667257624227
85,-0.01854821768837275,0.0002420565924176879
86,-0.01923926135837067,0.00027572561677735683
87,-0.009377944620908076,0.0002825396203753764
88,-0.00671417339382209,0.00024261115202735406
89,0.001258228641391081,0.00021043535766755852
90,-0.011259750173326482,0.00018072629453258466
91,0.0121125219534328,0.00018762473353515374
92,0.00024403018056991523,0.00020908043523134602
93,-0.015554647755006198,0.0001801156510079801
94,-0.010829521160106319,0.00020642385225353772
95,-0.0017122435358468472,0.00018976666836957202
96,0.010587342504497124,0.0001638108101596006
97,-0.014322856469166385,0.00016915888267344015
98,0.013690034137574865,0.00020871583298825094
99,0.02316521280366566,0.00024301196344534955
100,-0.0057686750966677415,0.00028997299835286234
101,0.0046118630365608185,0.00026112507547531585
102,-0.01610806096645398,0.00022764688975698892
103,-0.0448989225788011,0.0002603329531022744
104,-0.03465330374326753,0.0005963904779618456
105,-0.01752208174269945,0.0006240096449733055
106,0.008197744888097972,0.0005256465386173925
107,0.03667595454598594,0.00044375376895113927
108,0.03817357478712525,0.0006203895775977431
109,0.034604714688294236,0.0007048318778138345
110,0.019518124324581408,0.0007309917331246321
111,0.04105610609133156,0.0006157624986741609
112,-0.02386748782093633,0.0008114642358333673
113,-0.04212393943498327,0.0008586201005377581
114,9.175616096598228e-05,0.0009522687479267269
115,0.0053017627587179155,0.0007538460375932759
116,0.00667562545268015,0.0005944455536773999
117,-0.02010381988159418,0.0004782098989006012
118,0.010025540859360686,0.00048335544706671105
119,-0.0013914527493144968,0.00043241931371749206
120,-0.022074009355001856,0.00035190484351186853
121,-0.022120049262905603,0.0003863383836601896
122,-0.03476850294213757,0.0003828978220688656
123,0.003090653455640302,0.0005252848560306655
124,0.00932227909375444,0.00043807046488016007
125,0.003996140487357394,0.0003640487157017106
126,-0.028287624351401294,0.00029724796661527154
127,-0.024863755663080786,0.0004295189083819155
128,-0.013990014665633346,0.00042522224433145833
129,-0.019934612249195266,0.0003648829921560446
130,0.011260554025545278,0.0003673779934906958
131,0.0012333266299959537,0.00034794672373529947
132,0.011488943932378906,0.000284428228995264
133,0.022882083547553767,0.00026683102067582144
134,0.0272197693101295,0.000315056652843756
135,-0.005219555476289808,0.0003764619619442061
136,-0.0014982193897029135,0.00032729336265182674
137,-0.004743310457668559,0.00026809387328318216
138,0.00011306416026322194,0.00022840429435212934
139,-0.013171155148425873,0.0001933622278049891
140,-0.03000336511809874,0.0002064264143416188
141,-0.023118664319698647,0.0003413999239818857
142,-0.009764852442785719,0.00034688851223083815
143,0.009734701286609053,0.00029131697200549374
144,-0.02121413622873604,0.0002676578682416648
145,0.008117540418474664,0.0003452889555769915
146,-0.027768737188971847,0.00031889346127470886
147,0.003081570616705204,0.00046740583595398084
148,0.006780771755044137,0.0003935813313239324
149,-0.012194937111158693,0.00032351070707854843
150,-0.02569994213630154,0.0003038413040486358
151,-0.006752816893924989,0.0003676600902479759
152,-0.017400426378977197,0.00029953007657703025
153,0.01640465589779369,0.00031107719954415246
154,-0.010639228043498697,0.0003436966995434556
155,-0.011155123845217272,0.0003286669631727967
156,-0.01896943131642751,0.00028374143746367125
157,0.01265874548511563,0.000301510296237802
158,-0.021531079430644386,0.00030691032640600533
159,-0.005221535178939972,0.0003899525433984415
160,0.027595823253888034,0.00031551374757682446
161,0.005015149596252214,0.0004285776403824872
162,-0.018827109842418154,0.00034487946418024484
163,-0.033848294593506405,0.0003589736679880682
164,-0.033873164888128374,0.0004920748420261978
165,-0.06345254484856437,0.0005634304033580213
166,0.013682602510537139,0.0011881483498889318
167,-0.017527306842355244,0.0010655255745493988
168,0.04092006248490388,0.0009427896601933301
169,-0.018817316558489533,0.0011965501092530682
170,0.024503536790483157,0.0011033756056339074
171,-0.018754567463676857,0.0010601447265556848
172,6.293843600411076e-05,0.0009620861409767632
173,-0.013235284756717043,0.0007550890701267463
174,-0.028638342961651957,0.0006376793786069491
175,-0.005042291081036084,0.0006499628595852757
176,-0.013132985354545235,0.0005125632237457895
177,-0.030444579906966213,0.00044703882599879093
178,-0.009307185615128593,0.0005296744926328627
179,-0.04836594682901352,0.0004242815636227394
180,-0.025363522627460614,0.0008454724462239394
181,-0.006322001836855591,0.0007145846862103133
182,-0.001059049398012791,0.0005636849547085848
183,-0.007173467544197272,0.00044720650341897796
184,0.017196301426984383,0.00037006035378068017
185,-0.017212960277326647,0.0003777476901153997
186,-0.005143611610545966,0.00040469727558108083
187,-0.006170666491574965,0.0003268327846334562
188,0.008470254010192902,0.0002756845903278593
189,0.01689572460686765,0.00024984227545616163
190,0.0067308307210341535,0.00025866427881742377
191,-0.006292014848172206,0.00021900722575740115
192,-0.0007235683379661988,0.00019699729182888617
193,-0.022081664936381182,0.00016940393612379167
194,-0.015366341179219081,0.0002581827785183461
195,0.0026953938560963188,0.0002415488880422272
196,-0.013299228033144078,0.00020841636192185786
197,0.01708043271807,0.00022343785525174933
198,0.008844238747784339,0.000278399959060308
199,0.02010373718501093,0.0002359407629495169
200,0.00967405171206228,0.0002801246457546378
201,0.014051063145136933,0.00023960378097916246
202,-0.026037698378610613,0.00023838175610360973
203,-0.04066005511425488,0.0003834581207526374
204,0.026178926816135057,0.0005790866180299722
205,-0.023229455090897255,0.0007056095136527109
206,-0.045768316813703684,0.0007557768077118594
207,-0.03987149940192695,0.0009408698149482044
208,0.040962580238216334,0.0009567409250033794
209,0.016266389107797107,0.0012460669502442772
210,-0.04278841531912592,0.0009736811289265004
211,-0.04800534742343527,0.0011904780945028097
212,0.02759326214200846,0.0012589443669909649
213,0.03670441307194864,0.0012556051802676343
214,-0.0223571510066234,0.0011633706504918762
215,-0.010335330459769308,0.0010808110093310655
216,-0.024874373540057948,0.000843544599487583
217,-0.0401658094326833,0.0007866950007504346
218,-0.037780988867736835,0.0008921169094015502
219,-0.01924294689357597,0.0009032234640286506
220,0.04763530829766513,0.0007418207089551928
221,-0.03660086849108269,0.001144335438942272
222,-0.04290124181082602,0.001376814345773902
223,-0.008781993923953348,0.0013090017283331975
224,0.019231252078232272,0.0010128196584820288
225,0.05744792642757963,0.0008731560916633687
226,-0.02561139514030233,0.0013155443043813009
227,-0.011651543036970689,0.0013144577630102277
228,0.04974403974790029,0.0010198989117772013
229,-0.01612460785005616,0.001361608050408276
230,0.016289761878176816,0.0012081904943075567
231,0.050394711475321825,0.001040631077165773
232,0.0034584969459266735,0.0012772003348978686
233,-0.009452570427286528,0.0009958344835984793
234,-0.03627766985457011,0.0007896774357883383
235,-0.05701404685786937,0.0008842232551895112
236,-0.04475045883756341,0.0012433843412660093
237,0.013251545942842372,0.0012265601406009424
238,-0.049775975178627536,0.0010414518815392724
239,-0.04868752674622764,0.0014561300216074718
240,0.02389695635456216,0.0014374818033490125
241,0.04804032572941226,0.001331579797476361
242,-0.006570163081290546,0.0014124467253250237
243,-0.00040132852707160273,0.0011411022783756192
244,-0.02835186035636799,0.0008863684655721218
245,-0.021159565359085954,0.0008773787154289904
246,0.02203237429853484,0.0007363304280843839
247,-0.012698554108591442,0.0007186603247223929
248,0.026984805193409924,0.0006355767097673461
249,-0.0394955002179952,0.0007105030765157146
250,-0.015760151443011954,0.0010244813785210167
251,0.029555256525299473,0.0008053062648045556
252,-0.04351780549090609,0.0008418625849949159
253,-0.04157998084227168,0.0012103956095632573
254,-0.008910503926308879,0.0011553163768955284
255,-0.018001956492540876,0.0008968685271805633
256,0.00332238220406397,0.000767658711279032
257,-0.01561250473441858,0.0006123793335383419
258,0.007984109299043243,0.0005485468981337099
259,-0.057810909422769764,0.00046501194386187834
260,-0.03674141677180747,0.0011768746729582586
261,-0.013282223531222135,0.0010438024587887038
262,0.06691810605275655,0.0008262093094036281
263,0.03759462442798996,0.0016922889892067913
264,-0.016304840551431367,0.0014249972284903034
265,-0.03861530565187698,0.0011991178899369145
266,-0.013422761555641802,0.0011896521461494303
267,0.02817185574054925,0.0009305682873968087
268,0.013079991428943871,0.0009183312552778636
269,0.0125151401880918,0.000726866979818453
270,-0.00977791449906175,0.0005980678067332181
271,0.01830252304232439,0.0005055093205928931
272,0.04191039271496281,0.0004990328130664189
273,-0.009647038733838108,0.0007129229065178218
274,-0.007602821394351216,0.0006274200503627118
275,-0.0038223116759639564,0.000499072439520057
276,0.01574427452349207,0.0004001953753857812
277,0.013706897941611704,0.0003827406091663674
278,-0.01622577437695861,0.0003338158226935495
279,0.0017522212320915148,0.0003478048974583301
280,-0.01760670766173088,0.0002903548939319203
281,-0.015593986939998814,0.00031808734886184874
282,0.010356581908071181,0.00029167609303746466
283,-0.028661444466461208,0.0002772712681287546
284,-0.017370335361014032,0.0004476151558908326
285,0.011218598071281087,0.0003857886599858864
286,-0.02528507141297908,0.00035265400220972143
287,0.03105683514601281,0.00046211357690320923
288,0.040136979841607905,0.0006714977345928778
289,0.009609657815780864,0.0007645025576245571
290,0.028901438974739256,0.0006012366281729973
291,0.002818733382059517,0.0006536012837695492
292,-0.006613558032684584,0.0005173077386424825
293,-0.0636559436350211,0.0004200123547998789
294,-0.07993363824639275,0.0012040714698127687
295,0.011533077832110425,0.0019328113576191045
296,0.0060094434417290385,0.0016272559766248179
297,-0.00762307213861042,0.0012532984954351908
298,0.019529767171798707,0.0009832418075370291
299,-0.033687762306158386,0.000864324205523662
300,0.03913031318036957,0.0009963818438384821
301,-0.04340404619353686,0.001264838514291513
302,0.03372158706502509,0.001603983229504711
303,-0.011651245002305407,0.0016780888557159234
304,0.013174435067435333,0.001388059141738911
305,0.023976611055956654,0.0011395976846740122
306,0.07186908869907016,0.000975953195135714
307,0.06830710142830414,0.0017772552572922836
308,0.02282552853887146,0.0020241711222647196
309,0.04375790195927486,0.0015840583871035677
310,-0.019552842555480336,0.0016005814310684518
311,-0.03894136226034022,0.0014078529990889873
312,-0.030853089246565126,0.001331388080770887
313,0.006007949337778221,0.0011572709864573363
314,-0.014302001968020412,0.0009236318473305679
315,-0.018211762073128166,0.0007808214750004787
316,-0.04742748951029034,0.0006604392515717
317,0.042708882973930135,0.000958160969877232
318,0.029164968648696447,0.0013430765221078566
319,0.025784905001729936,0.0011139063674123484
320,-0.009675104288349279,0.0009714723293508089
321,-0.040674334251956656,0.0008009598476610933
322,-0.0068390229651674826,0.0009437073692591897
323,0.04475304894746608,0.0007353433210046146
324,-0.002305362469183204,0.0010184873644482786
325,0.04316790414064925,0.0008210428515811627
326,-0.006016140831527413,0.0011027003963861692
327,-0.07274597609071759,0.0009081738649823191
328,0.006121706946731554,0.0017840553612804714
329,-0.0502954032266636,0.0014647058634244883
330,-0.021054963297570943,0.0017898189925397647
331,-0.053187276880434384,0.0013979066902627146
332,0.051843365681352845,0.0016609372881292576
333,0.07378514891620355,0.002142785168692112
334,-0.05004195842656563,0.0024695867396057006
335,0.006793379002306368,0.0027615237676684454
336,0.11161203942046662,0.0021985923871883457
337,-0.012197624615670852,0.004257112894248119
338,-0.037392051258386357,0.0035077193361473386
339,-0.011833583590333109,0.0028826782218306364
340,0.014711140272394908,0.002211489243510703
341,0.05489479906072285,0.0017517964000275542
342,0.005098253386915354,0.001939889434259505
343,0.004380679706908894,0.001496838388295003
344,-0.018720001399799565,0.0011610819092093716
345,-0.022778511701460138,0.00098746454133242
346,-0.01240100695305698,0.0008459803001474362
347,0.015662466417292437,0.0006773635605856086
348,-0.000727208405524017,0.0006007530463489839
349,-0.014496752311954877,0.0004793843650770461
350,-0.037154688275897844,0.00042444438954139464
351,-0.023189288547634596,0.000603908167456827
352,-0.020237796679744697,0.0005354247355145903
353,-0.00994890919485814,0.0004893783145242502
354,0.013230851087697114,0.0004001569917676221
355,-0.016978598152459702,0.00037035308790324303
356,-0.00828186070237726,0.0003892883448944971
357,-0.0052285535780187565,0.0003188813858403114
358,0.026104669099379724,0.00026589566364005067
359,0.0068553243724267365,0.0003835116750376372
360,0.005547153625777754,0.00031100753988713286
361,0.02402449804920724,0.0002618778586813724
362,0.0391719807365709,0.00033536942299506814
363,-0.017507783862374816,0.0005379247524950815
364,0.00445387266293249,0.0005620181796926026
365,0.016986869752382602,0.000465999891782513
366,0.03248278330917411,0.0004233432279697674
367,-0.029783029362572325,0.0005327628435776701
368,0.0013475963487935316,0.000708915963634081
369,-0.023940826387626523,0.0005740959907021991
370,0.002470276583196982,0.0006021800679754341
371,0.008448575491386032,0.0004897229291815288
372,0.0055298691181417045,0.00040155269239347855
373,0.00031981385423203695,0.00032807494697560354
374,-0.007967875361542406,0.00026868127153204565
375,-0.0075429554454811325,0.0002373347762817835
376,-0.006950435481539833,0.00020766068663183505
377,-0.021590117356069815,0.00018466761152938335
378,-0.022749252974074784,0.0002525142685501962
379,0.00607911770150825,0.0002878343384523519
380,0.003191690339833695,0.00025987309433776013
381,0.019076356192193913,0.00021723289526860687
382,-0.034554862414966685,0.00026347253771376105
383,0.021700383936484068,0.0005477713619489614
384,-0.006148629569420995,0.0006297984925998966
385,-0.02829976793245847,0.0005305290368261087
386,0.003470207535047539,0.0005697573794159652
387,-0.019675434333293267,0.00046886479270781366
388,-0.010365096319261058,0.0004778165220235006
389,-0.014723471316214501,0.00038995864299630885
390,0.0035675171445180604,0.00035601135820795564
391,-0.039219530998565635,0.0002987301756310588
392,0.0011977372663530084,0.0006112512991599285
393,0.02456707744962321,0.0005033919396152783
394,0.019894298856120356,0.0005150387772754436
395,0.0007151010770403615,0.00046194846344959554
396,-0.04405167982079471,0.0003713712976224107
397,-0.007433093298779435,0.00072291176473295
398,0.0034951138686553284,0.0005683465517901846
399,-0.008038549537484278,0.000452950353214568
400,-0.01222415915871252,0.00038004128168978414
401,0.010004949098002022,0.00033220262871485614
402,-0.000525083556597031,0.00030455174510723624
403,-0.03725272307898574,0.0002528242203005845
404,0.002535452915367469,0.0005097323668700746
405,0.007911631773632983,0.00042879933290399186
406,-0.032203045138000645,0.0003525321788978787
407,-0.022014426076708,0.0005350780364353709
408,-0.028769074719719092,0.00047646134706042
409,0.00910696038035628,0.0005273062797800712
410,0.038591168516343595,0.00046555558714753045
411,-0.006950255756348975,0.000654936219468264
412,0.018521358332955068,0.0005616072351209142
413,-0.00927678673023863,0.0005478865313443695
414,0.029958014726589665,0.00047682735691615064
415,0.0014625505062236788,0.0006199820283469508
416,-0.015985961721845236,0.0004960144570331827
417,0.03893710128605434,0.0004452222556120793
418,-0.0012421486450693308,0.0007493496495007458
419,-0.00615794463618985,0.0006095457867055423
420,0.006001534688204452,0.00048570606011298374
421,0.03746751091591393,0.0003985001531335225
422,-0.0011455111088641157,0.0006108891197979895
423,-0.01877624899014681,0.0004992181421944931
424,-0.019563433750766183,0.000462649773803343
425,0.0039018414810788405,0.0004279433157257091
426,0.03539383764751249,0.00035583470521004
427,-0.0057818458070691345,0.000545183705403454
428,-0.0014258250501638125,0.0004692917827841391
429,-0.012351486904723296,0.000375953527159165
430,0.024218352245534938,0.00034016292115387564
431,0.021093879367057325,0.00043746440799269327
432,0.021199352287385835,0.0004054622437814447
433,0.013354749122995615,0.0003992181355981235
434,0.015216598213595642,0.0003432436456554597
435,0.025999908494481604,0.0003190135038775518
436,-0.006134753746644697,0.0003821627907389306
437,0.002163632319042656,0.0003361084618930025
438,0.031116359706140666,0.0002790266749314624
439,0.012725142165821947,0.0004342253763202531
440,-0.007327058621139413,0.0003584890060613813
441,0.01795608456830178,0.0003083550764183495
442,0.0241123820047636,0.0003402364447973687
443,0.04847622184559447,0.0003671922859135644
444,0.003490047715827809,0.0007353462919689994
445,-0.026664962791173617,0.0005842955641535155
446,-0.025835108573496048,0.0006073496637310371
447,0.005376022835243839,0.0005744587425940747
448,0.005288892619017591,0.00047584990139101617
449,0.01418930111504136,0.00038304411239388237
450,-0.009803264172164075,0.0003508180325179484
451,0.01074664019942683,0.00032102038714334547
452,-0.008361823174590026,0.00030277305808513083
453,0.021863227486844876,0.00027683692686681505
454,0.006122826909971164,0.0003593333997476645
455,0.00044746417786501786,0.0002926055872568828
456,0.003829404309240371,0.00024175004916033186
457,-0.019190494865819994,0.00020638672646582041
458,-0.0239857578445245,0.0002650019948416098
459,0.01188600849591575,0.0003086336012429511
460,-0.004538970690980844,0.00031057785567245924
461,0.018577560895694716,0.0002689583467439829
462,-0.0056887880855907,0.00031435621113562066
463,0.003767751391660467,0.0002797329354498517
464,-0.003107009379945963,0.00023943577524104473
465,-0.011586610418970378,0.0002055512301182584
466,-0.003703830097083459,0.0002012218241212867
467,0.004173800411968017,0.0001729905887143131
468,-0.008329705663668984,0.00015555961955762956
469,0.0018624350804472385,0.00015690177525152875
470,-0.003010393050113211,0.0001420510497775883
471,-0.0035911464006611916,0.00013083024337568944
472,-0.01321676702829115,0.00012090307768719151
473,0.03589826509634422,0.00014711159711051667
474,0.013470469300210324,0.0004607648899042373
475,0.027315526535563663,0.0003760306197516211
476,-0.004543788744416534,0.00045716851580701427
477,-0.061164492081069124,0.0003883356898769219
478,-0.00876000823153684,0.0010909684895716446
479,0.017653223411530236,0.0008493128241358071
480,-0.008454747220724625,0.0007274924313736358
481,0.015195056476654034,0.0006029831482984536
482,-0.00011204041780471574,0.0005461659011076679
483,0.031539826967443695,0.0004370011621899805
484,-0.004452614296164903,0.0005830998639202497
485,-0.026529351929457566,0.0004892342862142118
486,-0.008524626708048842,0.0005213868829563536
487,0.0004686354006372255,0.0004178966731937931
488,-0.022514811564516506,0.00033700550107240197
489,-0.023434297573065643,0.0003904917800175496
490,-0.01954928269329328,0.0003940702700423349
491,0.018036728861618456,0.0003733512775773075
492,0.00013852632331563697,0.00040338787579659714
493,0.014695869439156625,0.00032967442674070675
494,-0.000527907831775406,0.0003236694183325884
495,0.011678650861978982,0.0002683695421912932
496,-0.0006506412894574593,0.0002577871185279234
497,-0.0017157469247796008,0.0002176430855187003
498,0.016532275054446422,0.00018518046160681187
499,0.014499191704969468,0.00022266479058449354
500,-0.0063493598267151796,0.00021589449961118
501,-0.022785001776769568,0.0002001263978808859
502,0.012312447454706575,0.0002697565688941082
503,0.030580359806451046,0.0002858921517174606
504,-0.01642765661891545,0.0004005595578587753
505,-0.007891347806760887,0.0004312054052951851
506,-0.006868900560486312,0.0003492897450204746
507,0.012858649829191316,0.0002931737167614587
508,0.008580099735664298,0.0002865236171882457
509,0.028000367596077113,0.0002442874039179895
510,0.009023204352510111,0.00036510722229789796
511,-0.0015837543351705642,0.000299414242997869
512,-0.004676625620773239,0.0002480801016288956
513,-0.013029473998060807,0.00021192289449492116
514,-0.014864725690840512,0.00021348069404687148
515,-0.006601147143708839,0.0002157408538558393
516,0.02297373834319462,0.00018715212574096845
517,0.013720119593595101,0.0002877699628595716
518,0.0036866505664579397,0.0002553798360519093
519,0.0015855064637078093,0.0002143089355148752
520,-0.01711539293880387,0.00018272635041055832
521,-0.007385669171436706,0.00022545008000751673
522,0.0016887404823968737,0.00019408426966150167
523,0.00254797709680491,0.00016843875630627228
524,0.010357447461065572,0.00014856923193436964
525,0.010971564458107614,0.00015453228713901165
526,0.011451170451710155,0.00015481782386500195
527,-0.01858808471902099,0.00015786578026629527
528,-0.024710278728722397,0.00023360065209185527
529,0.025476268939817377,0.00029023559375248085
530,-0.004078179670579481,0.00043576808515879555
531,-0.0037771638947037764,0.0003732659872828108
532,0.022870144293302905,0.00030349565190367853
533,-0.012905793262886456,0.00036975114891720553
534,-0.038919367261579935,0.00036964771460986463
535,-0.02147847381147873,0.0005767445090013632
536,-0.0028557789748582317,0.0005020165166761226
537,0.010164823970205383,0.0004004356847359119
538,0.005983190416332282,0.0003463487613915873
539,0.01905047791429952,0.0002858403812381696
540,0.005044853370023618,0.00031061090690773414
541,0.01450415164730056,0.0002557562516316826
542,0.010418987737639092,0.00025885965338379115
543,0.013403553699768067,0.0002286368981066216
544,0.00041599871149422345,0.00022453392234264935
545,0.01343234151112962,0.0001910641697556823
546,-0.015269732118109376,0.00020740100355705397
547,0.009653576714776999,0.00025009887296550715
548,0.009362071678546776,0.00024929640985564235
549,0.032524050996879265,0.00021863188374959746
550,0.018128545752150633,0.000401478886057198
551,0.039171193166281024,0.0003547698432513952
552,0.009251222001929052,0.000589111339856689
553,-0.003575377886212082,0.0004670729782869481
554,-0.012501814470735267,0.0003773741854761655
555,0.022860335422066155,0.00033636893113903304
556,0.02478504085588943,0.0004167303421854584
557,-0.010448679324263807,0.00042107565309215645
558,0.014663838044055195,0.00038566066835290277
559,0.015339527630394763,0.00038139892607528636
560,-0.0038618937573792877,0.0003395096648358288
561,0.00304320970460066,0.0002860198384733818
562,-0.011948666022140045,0.00024091987600021177
563,0.016090291285079963,0.0002391999372967555
564,0.005258823119610483,0.0002792161592600671
565,0.023626620566237388,0.0002320339804639133
566,0.016860182559758866,0.000316846631884451
567,0.009263053839538382,0.00029243648325512746
568,0.03364793370663804,0.0002518349427024885
569,-0.012924547792124876,0.00044197944603822936
570,0.03845322275317542,0.000439910455552009
571,0.022562912974477302,0.0007542052797976974
572,0.04098483886659122,0.0006340440161500248
573,-0.004258815545824059,0.0008237154676278884
574,0.017459857292750174,0.0006767574748876527
575,0.03607093226699865,0.0006212677204983167
576,0.0062494928935236255,0.0007178912190386156
577,-0.022047335802843283,0.0005640505595124693
578,0.022718780308556702,0.0005547956886002834
579,-0.011386147241321538,0.0006052757849745189
580,0.035028592133691396,0.0005427957443732632
581,-0.013936028814424675,0.000761035624976344
582,-0.03964371842678104,0.0007028599114412457
583,-0.023530764937151272,0.0008271527530720743
584,-0.04144770955120589,0.0007058869734475565
585,-0.017175583071411267,0.0008773841690786215
586,-0.03304863392213207,0.0007042878210936366
587,-0.0002568610816707828,0.0007690026211193048
588,-0.003312233768372666,0.0006111451890245779
589,0.0488535778567894,0.00048778489523257156
590,-0.049794123948916344,0.0009405559995026736
591,0.05028491005403215,0.0015334954426130202
592,-0.06771957556257212,0.0020535756595509457
593,-0.00664175002639851,0.003019498134345376
594,-0.010504818016915485,0.0023301205649333607
595,0.042691657613948795,0.0018207702330964317
596,0.04630211042860946,0.0018551726950293528
597,-0.010526709868881679,0.0017299505708378768
598,0.04777374830558081,0.001404034620574817
599,-0.020317643616111672,0.001673336494160797
600,-0.06121973071426175,0.0015003152290636711
601,-0.043688523355136864,0.0018257816234120668
602,0.02958457947655222,0.0016369583025515242
603,0.04329967531814829,0.0015524410902782513
604,0.025174703030159968,0.00148197050351444
605,-0.027096918965855765,0.0012134887907142378
606,0.010979068027316683,0.001149793154376415
607,-0.0024902092254848085,0.000957849682421201
608,-0.004076978360440941,0.0007539976399922073
609,0.04014948906587765,0.0005931730978072296
610,-0.015909160382600884,0.0008381451987191412
611,0.022578574306537008,0.0007861828748494013
612,-0.013738567052060531,0.0007846832711843024
613,0.04019420490609844,0.0006983295112994172
614,0.023097795748298462,0.0009829719327686906
615,-0.0011763321654422293,0.0008085397546322991
616,0.022102119639457882,0.00063637991194616
617,-0.008399692522899856,0.0006191444689254892
618,0.018788858859087428,0.0005274157756961597
619,0.002213684233064725,0.0005222499030967341
620,-0.0022418228668968556,0.00041684691914040014
621,0.027261461423511425,0.0003366028816625336
622,0.024873336971528746,0.00044469387672048844
623,0.04511395315682393,0.00043883874360427157
624,-0.0073384368985575585,0.0007291182816994783
625,-0.009899607989844707,0.0006280216290356198
626,-0.030603290345001897,0.0005057499791163393
627,0.035198702797625846,0.0005931757639310701
628,-0.04267018270622354,0.0008468444628258641
629,-0.04706741463321611,0.0012429070178601488
630,0.015227252071458542,0.0012587451012956862
631,0.05102032717226318,0.0010888139901407473
632,-0.052398969510858304,0.00132232978012261
633,0.01773276763788611,0.0018741729232779499
634,0.0374679636844493,0.0016464940579312384
635,0.0777133543699269,0.0014840769987804763
636,0.13566262920125313,0.0022741070395364605
637,0.09601250490289859,0.004996571996649776
638,0.00873111139181265,0.004930727638412447
639,0.017269238702525107,0.0037642889614930776
640,0.04204693210105707,0.002948515692619198
641,0.06030023347550828,0.002579447666882194
642,0.005742215472611675,0.0025856591755589386
643,-0.10878101788317522,0.0019850878035922756
644,-0.05439403492213381,0.004103689437589216
645,-0.028659358334785275,0.0033607891372461475
646,0.010956665986279503,0.0026746856872760637
647,0.06047562515499607,0.0021001972954202562
648,-0.0012939073115426681,0.0023408463500028402
649,-0.08672381295773078,0.001831898513774664
650,0.02083471345397887,0.0029773264539661687
651,-0.025939329837205174,0.0025990052568998436
652,-0.046032235652637185,0.002243028620138626
653,0.025922891053326277,0.0020592656359105514
654,0.01776632188854102,0.0018367759000580866
655,0.013511048424859728,0.0014377719664416182
656,-0.022851052843403247,0.0011379021400470925
657,-0.07121403503331498,0.0010231138299100413
658,-0.07011964817152071,0.001764299019189874
659,-0.08647581968436448,0.0020673347885205766
660,-0.09096381748655803,0.002831477435652855
661,0.016765220794931753,0.003434739780803684
662,0.008531836143312207,0.0028547490274099304
663,0.04015279480848129,0.002184159564741505
664,0.008918625525047954,0.0020265046951065966
665,0.022545717870772,0.0015558341909432342
666,-0.04412181771070513,0.0013104460310291864
667,0.04535726102939325,0.0015405933655194158
668,0.030111945520901774,0.0018688086045561606
669,-0.0015923485941224547,0.0015141235258564565
670,-0.04873963894664506,0.0011740040843928583
671,0.06208872785791069,0.0014135339761020941
672,0.08016558817906365,0.0022391694036744954
673,-0.06389555819204246,0.002666814004860102
674,-0.029539690931956835,0.003369933308157088
675,-0.026737035988800898,0.0026151064188945994
676,0.009108914750739883,0.0021290270468377016
677,-0.014913795237665974,0.001677137750490088
678,-0.024794619155100804,0.0013613416592634985
679,0.020016651396907288,0.001150892297009817
680,0.00432953898435446,0.0010240324798653107
681,-0.0024490400829755665,0.000796127689086013
682,0.011803761786138548,0.0006245008342802712
683,-0.01696004150668344,0.0005267525137958152
684,-0.014829076956456135,0.0005035330138311967
685,-0.016830850641544787,0.0004276099215668482
686,-0.0008480210389014229,0.0003914460264892976
687,-0.013267712461441122,0.0003176746995911869
688,-0.006481492909937934,0.00030250599424430175
689,-0.03646382861980101,0.0002522233255699002
690,-0.023614108322545704,0.000494484635499266
691,0.015995718026209554,0.0004535553620771493
692,0.029519506164603686,0.0004468270550553257
693,0.03211235914301723,0.000503574125950922
694,-0.009544034847956719,0.0005619211885346884
695,-0.018713266386291987,0.000496269052903951
696,0.005494434018500955,0.00045025777714727185
697,-0.007010596961509769,0.0003780481072136721
698,-0.013517646014430777,0.0003236975264818022
699,-0.025218952156708767,0.0002957601762992931
700,-0.02308774570142875,0.000359750882546603
701,-0.010709504281817066,0.0003678273532437721
702,-0.004058554985735537,0.00030940519892111803
703,-0.022958178679690112,0.000256013212612242
704,-0.00248321724336807,0.0003256593993792384
705,-0.024509702121116934,0.00026779294781895455
706,-0.008836774678869886,0.00036121313248762936
707,0.006868824570031438,0.0002967862069033655
708,0.00107528693537009,0.000257847289616952
709,0.02059975088631276,0.00021545418395940656
710,0.025219528342861147,0.0002784905001730937
711,0.003553532250650909,0.0003286853388645196
712,0.009517481404936337,0.0002692092177519502
713,0.029438329427917246,0.0002447998081579322
714,0.024875906137532555,0.00037292477198558197
715,-0.017915794485246314,0.00038478861508969495
716,-0.006068857733584941,0.0004178694880468726
717,-0.029608379651735125,0.00033721616499857366
718,-0.06353644680902386,0.0004660983708166226
719,-0.03980009787075233,0.0011082110736126184
720,0.05702991590890248,0.0010336957772746345
721,0.007280394925739624,0.0016791064484577593
722,0.0727066841286656,0.0012994860132623312
723,-0.07108244909370026,0.00221698914223938
724,-0.09015544326740552,0.0033536652840482567
725,-0.013408908656818297,0.0037266804771427233
726,0.04056248999193551,0.002844613967128163
727,-0.10073452217070054,0.002535786423224542
728,-0.05075821326161656,0.004582028085025497
729,-0.007387964850297716,0.0036708309148172137
730,0.0354488554679391,0.002802344134203105
731,0.01829688389686124,0.00242793352406329
732,0.007364555288390781,0.0018865235583017939
733,-0.07344551160181444,0.0014554445565166153
734,-0.03205305780319655,0.0023560532174805673
735,-0.0007765517581758458,0.0018676809992408704
736,-0.04035132897306135,0.0014369303101180383
737,-0.017276410534787043,0.0014805858344752222
738,0.00556452650152279,0.0011594775338021508
739,-0.0047789623520790156,0.0009107936670039932
740,-0.005516328778741582,0.000719024037449056
741,0.0015597511742755454,0.0005688452498506733
742,0.0001905365344596554,0.00045238783145118124
743,0.013659113137409931,0.0003628465350714539
744,0.02779910460710898,0.0003368095895115368
745,0.02857431972397155,0.00041385754603480456
746,-0.017166043661655188,0.00045569077847091433
747,-0.054066997351327986,0.00047272217632903077
748,-0.040446977920481554,0.0009236767549634547
749,-0.008601597730932045,0.0009234221289690063
750,-0.011241422227890506,0.0007210398251915834
751,-0.00209436459592823,0.0005920997796415617
752,0.0008114132626478568,0.00046870390871783487
753,-0.007751334118901911,0.00037532769791009577
754,0.019527426324693183,0.0003183414414546373
755,-0.004589666506258294,0.0003606742283429441
756,-0.007676749019961997,0.00031107819280946436
757,-0.00780842718303419,0.0002633138254004
758,0.02069468838402651,0.0002292443857059309
759,-0.0006055333731549378,0.00030178477000067263
760,0.011478969983750465,0.00025456610899660993
761,-0.009913832136702163,0.00024782907638716035
762,0.0009058176124055756,0.00024247625585577454
763,-0.004819875172445462,0.0002064333017346408
764,-0.01772501854425159,0.00018324276426330465
765,0.009453598107581767,0.00021999492864877804
766,0.011548882433728558,0.00022348316346780327
767,0.00735927904500607,0.00020697356422064988
768,-0.006120346311542377,0.00018363842404918546
769,0.004373009949093486,0.00017086502109182948
770,-0.003685829128540298,0.00015712683781707461
771,0.004198311742145766,0.00014438947291199453
772,-0.014456785445738276,0.0001354375853795511
773,-0.03189051577609477,0.0001762013688174953
774,0.015520357134318466,0.0003365169326659256
775,0.022831650632498555,0.0003769681184537135
776,0.018362110776387882,0.00038111914800611953
777,0.0037306555674963882,0.0003560055518270852
778,0.010462993290652273,0.00028990543071295036
779,-0.022112336430881955,0.00026332096056562335
780,0.010809877073441537,0.00035001989437265517
781,0.008766177649291393,0.00034066185075813367
782,-0.01759332318070819,0.0002849261460352842
783,-0.0017339624983568206,0.00031385102045235295
784,0.024485846884225174,0.0002588358182577157
785,-0.02412194580400086,0.0003446696397730368
786,0.012563211324985476,0.0004689175388579406
787,-0.0005047164051025416,0.0004517206755588619
788,-0.005589418755492459,0.0003664597232035094
789,-0.0054491506756143325,0.00030262003853271925
790,0.002768571652801594,0.00025379357734268987
791,-0.037408730571607415,0.0002153536868530399
792,0.013718637164521442,0.0005068697534398453
793,-0.017413133913098473,0.0005074508136348416
794,0.006603556780736406,0.0005106031754625352
795,-0.005987789832467644,0.00043429508195749213
796,0.006277050442374533,0.0003643071051681809
797,0.006159456164683992,0.0003102157662385741
798,-0.014203053117065361,0.00025962348486582404
799,0.019168882510787185,0.00026762351317843126
800,-0.031513249644036116,0.00033310344366353073
801,0.009792203702391734,0.0005618931127219446
802,0.06024035265607165,0.0005116439973249559
803,-0.0172776473943685,0.0011220670420535295
804,-0.034066489634955066,0.001056349086337033
805,0.002097731780894022,0.0009961701338344687
806,-0.004366927781727652,0.0007887029561952304
807,-0.008122596870815133,0.0006256530541133004
808,-0.0008514314560218291,0.000504680792902102
809,0.007960221554126307,0.00040252472082447283
810,0.044196607353458435,0.00033870906344725794
811,0.04755589924703402,0.000679588500109271
812,-0.02807618244344301,0.0008694973024519787
813,-0.010832895541395927,0.0009677316054168733
814,-0.02964359301845328,0.0007559584097285157
815,-0.021283100585293667,0.0007789673058071314
816,-0.004525856369525504,0.0006625464195429627
817,-0.00637599047946235,0.0005225053434303977
818,0.04121016237835574,0.0004242116346649922
819,0.010257197630574047,0.000742100787766463
820,-0.026606262626772945,0.0005828913865435581
821,0.006355936786423631,0.000622740119846758
822,0.021930925005123243,0.0005233362063866004
823,-0.001251253510608119,0.0005009571116964286
824,-0.002303245151284902,0.00040577382991185956
825,0.012937792418525669,0.0003278325907862607
826,-0.0007962646270353757,0.0003070856910222968
827,-7.796837467061835e-05,0.0002554478011880565
828,0.004983512736047388,0.0002136736099852319
829,0.002484753503449065,0.00018715371694916474
830,-0.014674956716627292,0.00016231901428342691
831,-0.006417851905950305,0.0001928713451181763
832,0.018221435724823116,0.00016863565787759508
833,0.0006352919163869975,0.00022722631903284647
834,0.013033650141149131,0.00019454514160052199
835,-0.0015977068341333283,0.0002091452993479963
836,0.027953773339839852,0.00018282391549140895
837,6.0061579948329506e-05,0.00034362530955879946
838,0.0074966165696022605,0.00028807012838443055
839,0.016096328434453144,0.00025513745111138767
840,-0.015974537191239983,0.00025882384408692236
841,-0.016654704595695253,0.00029564252304706994
842,0.014268083508529988,0.00028024860810141116
843,-0.0152030840817569,0.00029578031701190755
844,-0.011536931524376433,0.0003216461662261315
845,0.00013304971579758878,0.0002769107409429322
846,0.007892502760325085,0.000230500508399538
847,0.010819852988274313,0.00020730718549987276
848,-0.019142740231745895,0.00019619173910192424
849,0.006825116927570005,0.00026711546298958185
850,0.018764927150627744,0.0002500604776323655
851,0.005381403998906104,0.00026978318194310604
852,0.008708382588011392,0.0002253292406463332
853,0.012532706280185962,0.00020605747508491726
854,0.013395823884171813,0.00020219642945655815
855,-0.012120427928423395,0.0002009482403345587
856,-0.007200354497566022,0.0002184627914259508
857,-0.006928871607332564,0.0001895410471308709
858,0.01005000087691786,0.00017179051409989263
859,-0.010688902288915773,0.00017853375162790643
860,0.006364991918959555,0.0001929102890999026
861,0.0010027092247286216,0.00018434819479402125
862,0.0007322397141081531,0.00015986426356446736
863,0.012803395073501955,0.00014133049700635461
864,-0.010170352398098126,0.0001624698145925171
865,-0.008851371545398484,0.00017932270481581223
866,0.00929278432091776,0.0001645083110905495
867,0.011166706957219467,0.0001695048177351165
868,0.006817351291644335,0.0001664213971276901
869,-0.01855871088832183,0.00015160092656678524
870,0.006170059045335785,0.00022006847752367267
871,0.004036071236753027,0.00020986837300564654
872,-0.012083152550738344,0.00017987697794342132
873,0.0052087841884060435,0.00019092977750649804
874,-0.007978342248195583,0.00017812093087756604
875,-0.009567044888047035,0.0001753609340494828
876,-0.01142461683739799,0.00016571744719263865
877,-0.013046683194084942,0.00016719441705365622
878,0.00530850927122628,0.00017367924188270174
879,-0.005063577817469793,0.00016436245589507374
880,-0.011302613427368585,0.00015429571424906334
881,-0.015767338173424558,0.0001588860396630545
882,-0.00768898205691552,0.00018225041620791051
883,-0.017624555645920133,0.00016337565632154738
884,-0.005719319534472514,0.00020520968750541786
885,-0.006751356665705678,0.00017668733646197145
886,0.023560017990225734,0.000162653584152193
887,0.005818161384229359,0.000280475851788818
888,0.008764692924425182,0.00023265983168197277
889,0.006561416800000113,0.0002128182224149195
890,-0.02475743609165577,0.00018637281091154443
891,-0.0030779225023015526,0.0003084697434436754
892,-0.0075886933652822225,0.00025485229283125926
893,-0.004656860165111487,0.00022750745263909998
894,-0.009335720292664091,0.00019441172244293552
895,-0.02042116219009341,0.00018421586998233934
896,-0.022502635568427857,0.00023670581380845555
897,0.008991219912367452,0.00027684680260771545
898,-0.003613262237372381,0.000266374291693319
899,-0.00599024850360086,0.00023054459315082718
900,-0.001400842352387129,0.00019962814515381
901,0.006472777248384072,0.00017132255020980253
902,-0.004439286391473449,0.00015939750752969503
903,0.022033576553403173,0.00014823813830666983
904,-0.005666582499401046,0.0002521713502818091
905,-0.015019776422066596,0.00023532271229043664
906,-0.00020453226718889384,0.0002351497917507789
907,0.009051548324180793,0.00019952478608868486
908,-0.003367345767835174,0.00018744267271730042
909,0.013044465668196026,0.00016788272582384225
910,0.010707085970731832,0.0001913856050730885
911,0.0029285405582827524,0.00017858151350112026
912,0.0043141139066814865,0.00015572034109023622
913,0.010510850946868704,0.00014163707873613392
914,-0.023157773965452665,0.00014815290938246487
915,0.0025849095345802397,0.0002727880486386374
916,0.0002444481475442217,0.0002400863256190323
917,-0.0011397546599585735,0.00020234554597903874
918,-0.008369195583688644,0.0001735052388915905
919,0.013122580992842482,0.00016639498725084585
920,0.02238954483895507,0.00019480944822184232
921,-0.003132917590814996,0.00025077934963167075
922,0.0020033582071461546,0.000221277118982944
923,-0.005782846273958028,0.00019035475919853588
924,0.007909241196891131,0.00017362723042518266
925,0.01640950414717623,0.00017056614666149673
926,-0.0032186239175316473,0.00019602836599994528
927,-0.005290674572819979,0.0001770984078603929
928,0.010436304640119107,0.0001577901910841671
929,-0.004467255095073973,0.00016775566628581155
930,-0.008119730889804326,0.00015734936184038243
931,0.003060860864205225,0.00014929039356807676
932,-0.013921231597044552,0.00013752139411742854
933,-0.005037070738610899,0.00017311287697498255
934,0.0007297229654296445,0.0001520643623093169
935,-0.005590225698109606,0.00013552421627395676
936,-0.002691916634537169,0.00013023903035807942
937,0.011416552469573649,0.00011919303380240259
938,-0.004383854486656957,0.00014086514333452697
939,0.016348158554292384,0.00013700626343595616
940,-0.0036028858117096415,0.0001937893909124976
941,-0.004221521322383248,0.00017853928466589496
942,-0.022979716337449677,0.00015695604692880538
943,-0.022810085627989096,0.0002506100214075474
944,-0.00035635487603505046,0.000283518854062988
945,0.002831630744151163,0.00023740138172104972
946,0.012552341699194254,0.0002009190885977268
947,-0.013319306848881367,0.0002048609049573602
948,0.004919100520525605,0.00023078231708466732
949,0.019720945927713278,0.00020971949210763492
950,0.0033726739964885137,0.0002512467323113518
951,-0.017047489477556608,0.00021042322568872872
952,-0.0040772347384325,0.00024350938246519763
953,0.01148239188251639,0.00020461097590827523
954,-0.009805874761047299,0.00020496960009887247
955,0.04462146230757407,0.0002083529350585447
956,-0.044489298027269406,0.0006713829357868415
957,0.02538023808804585,0.0011809851898217396
958,-0.034841044799128244,0.001211295480708168
959,-0.00626356999372077,0.0013364276817059905
960,0.04284944062449733,0.0010340891677914255
961,0.0236910667659399,0.0012020868696610897
962,-0.028834440268066773,0.0009808443838153062
963,-0.027205897851718005,0.0009896132146000097
964,-0.06344286280416664,0.0008646315627448278
965,-0.009972212562914782,0.0014538711385463031
966,-0.013156694641290174,0.001122837144064276
967,-0.02701409613425641,0.0009120500025238519
968,-0.041278332615686066,0.0008414573746105365
969,0.019984174152250147,0.0009504308563945595
970,0.031688946281272015,0.0009076372849682741
971,0.04299965472804778,0.0008585447304675775
972,-0.062042910704251344,0.000985479974721028
973,-0.052587646937402546,0.0018487815590180132
974,-0.072260153550573,0.0017459322680956626
975,-0.09194167277677312,0.002264516993116641
976,-0.061046741542949035,0.003112276572508191
977,-0.010440578721459686,0.002825763440047203
978,-0.03617335986985546,0.0021617287708941358
979,-0.08863829620142177,0.0019449154832394489
980,-0.06444399536166982,0.002960744797915718
981,-0.06310406632229071,0.0027700377780553475
982,-0.12300023139692476,0.002750115225109525
983,0.04310833575788557,0.004893363985961267
984,0.025599656710953638,0.004700364102122541
985,-0.0799087996814889,0.0036139909289392173
986,0.08751809923254701,0.004266448296114922
987,0.09381321388579884,0.005677422769348146
988,0.013924865024587514,0.005485038007252734
989,-0.008805929104235758,0.004176832699333129
990,0.01864866131189075,0.0032017331566871416
991,0.011171448985675505,0.0025389538797085834
992,-0.048794216394877285,0.0019548560403348948
993,0.006199009775150102,0.002061958854177652
994,-0.04595958204184132,0.0016432616275161196
995,0.0082356113862638,0.0018065678340820673
996,-0.0020311772728473904,0.001464131746358115
997,-0.006798971086534123,0.0011370407810639522
998,-0.04493454032214562,0.0008886425026063774
999,0.009058313845320735,0.0011193325489234265
1000,0.007622351061579501,0.0009407157233505155
1001,0.022854839963182386,0.0007362817874882832
1002,0.016168735147498364,0.0006860026873259863
1003,-0.00989755562608999,0.0005699393871321689
1004,0.011648724153761818,0.0004854661878266809
1005,-0.01307068997876833,0.00043254034983914976
1006,0.02090448875704952,0.0004045598887074568
1007,0.009339942710105248,0.0004566072262871154
1008,0.013094044349454523,0.0003702583988787368
1009,0.012855499299734879,0.0003336371457126111
1010,0.0031088661291589037,0.00029662594272730834
1011,-0.0014579223297718114,0.0002450009401906192
1012,0.014585275037547205,0.00020627691693280386
1013,0.02357069800399796,0.00022582278221544667
1014,0.014063274511434827,0.00028452119189102893
1015,-0.034175525463088864,0.0002571622454487183
1016,0.009235234426820069,0.0005060489815473523
1017,-0.017511736647305858,0.0004652948074980589
1018,-0.026693284787495587,0.0004700399899493361
1019,0.003852679482579383,0.0004875647392869441
1020,0.01605678267050344,0.0004053691041379955
1021,0.0024369208789798637,0.0003727449501601654
1022,-0.0037402023591805184,0.0003025280749478909
1023,-0.004108571516649555,0.00025219706468418256
1024,-0.009414822627884102,0.00021362810131182102
1025,-0.00011929392002398149,0.0001987995529907842
1026,-0.004154681519747274,0.00017127578503502123
1027,0.012853143494300836,0.00015429218392778977
1028,0.0010089821880896518,0.00017910404231629277
1029,-0.013537232755448927,0.00015646648795896887
1030,-0.013650223136308499,0.00017706497592686425
1031,0.010254782072217455,0.00018079368777325084
1032,0.013732410141253974,0.0001917519191908751
1033,0.01759009961953086,0.00019299107224201835
1034,-0.005537148682185042,0.00021823071973641232
1035,0.0038358700969058916,0.00020212567874719844
1036,0.007050147574404269,0.0001801934272693245
1037,-0.003979256864781599,0.00016427270960215932
1038,-0.009924045963690778,0.00015047559045297697
1039,0.0014648582738187766,0.00015146098492532502
1040,-0.0057901365616397985,0.00013717801080349127
1041,0.002377596086902059,0.00013324394317815335
1042,0.00972166419873083,0.0001240272298111348
1043,0.002803802606264616,0.00013182492769283307
1044,-0.0029787813509253107,0.00012010412693388724
1045,-0.007345792265030098,0.00011325837968545971
1046,-0.00607856106166671,0.0001157808746232897
1047,-0.008713651029490713,0.00011265359719290165
1048,0.013805831301120204,0.00011870440780610026
1049,0.005643076502840134,0.00016264014494583306
1050,0.035223643045183634,0.0001446140828691741
1051,0.021466268125926682,0.00039734492640390324
1052,0.005730662671783357,0.0003667313285977623
1053,0.001968119231100722,0.00029963657439676115
1054,0.028021693643954536,0.0002475012367213812
1055,-0.005833187580375947,0.0003784695546016066
1056,0.029913646525371082,0.0003363756592390834
1057,-0.009562414358428965,0.0005065063432385647
1058,0.01092162892827269,0.00046215136344337094
1059,0.009479822879169276,0.0004153582671099181
1060,0.0002708123546262091,0.0003442945687246569
1061,-0.015811455105031506,0.0002811680357072453
1062,0.012361770043337056,0.0002870767715794578
1063,-0.0020602083379329572,0.00029139493822517235
1064,-0.02195901666915845,0.000246972399876117
1065,-0.020836616787602957,0.00030400206997900246
1066,0.02172476389603303,0.0003111910107913953
1067,0.01851134905574098,0.0003960984669149974
1068,-0.02790580561777803,0.0003597389865400608
1069,0.02252032335821289,0.0005013377609077642
1070,-0.006598399071973102,0.0005844936627879481
1071,-0.04212743092707271,0.0004977891963984073
1072,0.020089752950420908,0.0007448177964975506
1073,0.04163081029266581,0.0007613997208163559
1074,0.01834201874931445,0.00088221136913437
1075,0.005564642007843873,0.0007153163750488275
1076,-0.013459857400607898,0.0005645074139514481
1077,-0.023966578922728875,0.0004922150532516202
1078,-0.0015035262074820515,0.0004915457008155704
1079,0.013710236013536395,0.00039427465370577686
1080,-0.017307415189240793,0.00035708563242461776
1081,0.00958742320806367,0.0003795397149953454
1082,0.014030002769265741,0.00034932816481172903
1083,0.012879017144039023,0.00031266133784961227
1084,-0.027190379407997158,0.00028177935466030754
1085,-0.022324840148390663,0.00042512034108761645
1086,-0.013083742083555377,0.000401103027726348
1087,0.0034402188647016697,0.00034501765221281526
1088,0.01650062453867841,0.000288038486487569
1089,0.012163174902406733,0.00029084844072379407
1090,0.023296401361659905,0.00025840825224080096
1091,0.0007446734784323539,0.00031801415221178634
1092,-0.00806687886483665,0.00026397925423685625
1093,-0.0034519452562694402,0.00023193073636902862
1094,-0.011986195526383397,0.00019660349077475322
1095,-0.008575991478146836,0.0001988120839203466
1096,-0.02176297597258647,0.00017918650563627847
1097,-0.00473726904849598,0.0002490680510674715
1098,0.004957875476285658,0.0002088081305678833
1099,0.014722431191722679,0.00018393916628813936
1100,-0.0035063448332011654,0.00020097750928734125
1101,-0.01336531718453175,0.00018117584670283217
1102,-0.03596140892092707,0.00018964551677078684
1103,-0.002751631512359386,0.00041277588070533347
1104,0.01483580649541523,0.0003366007226627178
1105,0.008715303437556355,0.00031854329734585813
1106,0.052970022262741535,0.00026897317905995473
1107,0.03292799283725834,0.0008193072465588203
1108,0.04365289735429154,0.0007512136727121047
1109,0.03763169441847484,0.0009284609019325326
1110,-0.03367413971637558,0.0009182504298539526
1111,-0.045295342812447056,0.0010671037059991164
1112,-0.01100410545398792,0.0011348236319672896
1113,0.008208233825160113,0.0008825103057602853
1114,-0.010842361564169867,0.0007063832104943326
1115,0.037236384591940216,0.0005909882548574121
1116,0.017008341016648356,0.0008205538054173175
1117,-0.02116607084273618,0.000659097489191622
1118,-0.005162204242433004,0.0006367931583117233
1119,0.034300887773970466,0.0005026126772013937
1120,-0.027132779276325944,0.0006636740316400796
1121,-0.01990376125297699,0.0007828764973434519
1122,0.007305236687493076,0.000650083618574553
1123,-0.026797172430808366,0.0005346461539926145
1124,0.0050438283825706256,0.0006100070219250113
1125,0.046243556398882175,0.0005090297949814496
1126,-0.015878789788303763,0.000835653240126592
1127,0.001210913892021449,0.0007912796157025586
1128,-0.0012537696297220313,0.0006285593639429574
1129,0.022724564548099697,0.0004977823921169461
1130,-0.014612428601609693,0.0005173335741537553
1131,-0.0239856152655297,0.0004956023231039256
1132,-0.02566408348172071,0.0004844339539159531
1133,-0.02583953433267919,0.0004903166422859342
1134,-0.02304482950627944,0.0004933995906272064
1135,0.02811092308541144,0.00047112964387293444
1136,-0.060646757916327884,0.0006037529981208193
1137,-0.02602499615164799,0.0014813302400449317
1138,0.03040368927349275,0.001175670196448061
1139,-0.011977322474619136,0.0011516280915764394
1140,-0.005887111770113123,0.0009707852053997384
1141,0.012372340906821329,0.0007565920814145788
1142,0.039236027546964036,0.0006297036506047634
1143,-0.044483597415700606,0.0007949321547093269
1144,-0.010840900547439965,0.001223436012583462
1145,-0.025147665762008022,0.0009471405208136554
1146,0.04250743763158154,0.0008779292812531065
1147,0.0559746874848438,0.0011902467656223754
1148,-0.016400534783701407,0.0013956772859031958
1149,0.05310144146523141,0.0012266385359267463
1150,0.016549105187609083,0.0017080040171320115
1151,-0.009174701317212663,0.0013189201995660288
1152,0.03699581330195379,0.001042193523312742
1153,0.03307814954121227,0.0011490172290345134
1154,-0.004138103666195377,0.0010300998062047883
1155,-0.022085023344196757,0.00081978776846394
1156,-0.01660418885814754,0.0007316871072757733
1157,-0.041360840053818716,0.0006089546853278614
1158,0.014899499688878692,0.0008159598064221763
1159,-0.012381574921261277,0.0007546277760546545
1160,-0.012072919403269213,0.0006567241214964803
1161,0.006392607428194235,0.0005339548889729432
1162,0.00889388582104621,0.0004394056341786947
1163,0.011241356998456981,0.00036456204524236386
1164,0.009466707249557999,0.00031742342174675004
1165,0.006830655729138384,0.0002729144315638291
1166,0.013940984039956666,0.00023305162476655884
1167,-0.007444131977441268,0.00023330873712948616
1168,0.001983191553513573,0.00021940943964283153
1169,-0.006983056939487865,0.00018992844192956937
1170,-0.0093250698708665,0.00017750781494066235
1171,0.00044827923737860874,0.00016775219160418642
1172,-0.010628810735198242,0.00014804501083860667
1173,-0.02314912640147848,0.00015930647210571515
1174,-0.008775524926100394,0.00023757148052633013
1175,-0.010615690947195465,0.00020449998545659623
1176,-0.011244083446427298,0.00019585234887606204
1177,-0.003791086754024441,0.00018743421829269297
1178,0.015313884107864549,0.0001628329513077888
1179,0.009508718314697174,0.0001981797198622645
1180,0.016240621223831613,0.00017894652830237134
1181,-0.03694382974030847,0.000205263155412433
1182,-0.030398976512848806,0.0005313615636946928
1183,0.020681873706807935,0.0005318908497488983
1184,0.043223769505861966,0.0005646240971322868
1185,0.05092034342272589,0.0007692952502626958
1186,-0.004922961848644407,0.0010157243040776207
1187,0.038868873803430126,0.0008319481822078009
1188,0.009797821553867941,0.00103687689651316
1189,-0.030393348010034203,0.0008060913400827325
1190,-0.001889903695641584,0.0008395243925380987
1191,0.0011466791809486225,0.0006605252977275142
1192,-0.041890812481745726,0.0005205674227766261
1193,-0.0056934458212838735,0.0008053137205303067
1194,0.030952886548767815,0.0006321842405205057
1195,0.06400201541961698,0.0007037459771189363
1196,-0.0379406592511031,0.001294617494115325
1197,-0.05397783580442037,0.0015524828475277082
1198,-0.03721728301881834,0.0016214839464764525
1199,0.0029316106625490645,0.0014257878773422247
1200,-0.010231519975928497,0.0011174329051723592
1201,-0.03485767288281743,0.000898946673884489
1202,0.007775203765794715,0.0009342570984725276
1203,-0.0428683942494941,0.0007742807542584484
1204,0.02148187890455347,0.0010735623115526102
1205,0.06206339312711416,0.0010457887632972537
1206,0.022779025916003653,0.0015020663682693337
1207,0.013452021358302639,0.0011867818524705668
1208,0.005222805972259463,0.0009468506298290921
1209,0.039755522677950544,0.000739450637096699
1210,-0.0241031652085451,0.000920949689415416
1211,-0.01262027422018569,0.0009476083976568678
1212,0.023510407555726195,0.0007461338274201234
1213,0.06340073817601341,0.0007214891291232473
1214,0.045221357813912864,0.0013222752144823728
1215,0.03521684002357773,0.0012674116129331825
1216,0.0012413203804860907,0.0011594683750029591
1217,-0.042895670682251794,0.0009033506988812361
1218,-0.03486362965075959,0.001095594568017701
1219,0.008675504420081113,0.00100321963106439
1220,0.03431526810780485,0.0008242396221006064
1221,0.03617401459171686,0.0008639988764931428
1222,-0.01597978562185779,0.0008709153643798171
1223,-0.006463337419992962,0.0007884016634665168
1224,0.0008838397323194106,0.0006182815426794058
1225,-0.014218333065769768,0.0004889052181145747
1226,-0.01177137190830459,0.000437093085504588
1227,-0.00019918002284816745,0.0003684172632678086
1228,-0.005002921532998586,0.0002997665335939683
1229,0.009481060003539555,0.00025348787841636584
1230,4.9695245540581355e-05,0.00023695642879043328
1231,0.009847339245906066,0.00020057210679946645
1232,0.0017348995855795976,0.00019549607566641942
1233,0.012241327598635252,0.00016818148264964323
1234,-0.00964809875352088,0.0001811707811718905
1235,-0.04058281669822095,0.00019026114832274243
1236,-0.021510540400598917,0.0004863443881398815
1237,0.022195572827506737,0.00043014730157225656
1238,0.0018629187792837882,0.00048493311346716264
1239,-0.01072648768299975,0.0003898775093256127
1240,-0.031519064022766656,0.00033790599681971276
1241,0.01616147197724239,0.0004688023581647793
1242,0.020425221303012144,0.00048493519916123636
1243,0.023144495487710547,0.00044335979002181337
1244,-0.006389963455595259,0.00044383196101879357
1245,-0.013156151692294562,0.00038073641219482255
1246,-0.007807973648347339,0.00033542023023991856
1247,0.008111215638967252,0.00028101973075019676
1248,-0.00990718857648158,0.00025197742276299374
1249,-0.004672789584139309,0.00024193813025443896
1250,-0.00724344875681364,0.0002044634039266077
1251,0.009114898517738078,0.00018516439446829622
1252,-0.015336313190785236,0.00018485951913095055
1253,-0.0017017521461000964,0.00022811106577298645
1254,-0.0038159933516134403,0.00019366403978161203
1255,-0.011306821674434284,0.00017069128124173216
1256,-0.03499014763382345,0.00017357873183563064
1257,0.0245062948416907,0.0003912078632586213
1258,-0.03096999335810329,0.0005335675598729093
1259,0.005945971617798789,0.0007350814787934557
1260,0.010797175201902317,0.0006183619215179789
1261,-0.0102768261137091,0.000502800400512838
1262,0.022531334543848362,0.0004326004641927411
1263,0.04574401532758491,0.000486499849651221
1264,0.003298841505669763,0.0007550558055545792
1265,-0.00041142624008631097,0.000597858097602886
1266,0.0058684216001824606,0.0004731519632084042
1267,0.005169442695081936,0.0003858800014880592
1268,-0.020382376218066853,0.00031596098857671333
1269,0.0164186433307191,0.00035932368805822437
1270,0.0410956793613234,0.0003882241348240883
1271,-0.03341337161129398,0.0006154818215415938
1272,0.07638060227637176,0.0008596344734133891
1273,0.022226892358709834,0.002269471417472567
1274,-0.11596059521250383,0.0017449328442769453
1275,0.029007691122617713,0.0043810154253772484
1276,0.06203771421151833,0.0039653474820712815
1277,-0.0648212260805105,0.0036058465331087696
1278,-0.055270953335018407,0.004013509607734801
1279,-0.01862429870018644,0.0034131224109092877
1280,-0.008534506498780133,0.0026307482408294883
1281,-0.003115829896580632,0.002022678945314532
1282,0.0035298914395694775,0.001553534363687753
1283,0.056551734480586244,0.0012006688861045623
1284,-0.046735634283705356,0.0016204477569346258
1285,-0.0006318307118101574,0.0020005482598207014
1286,0.07452508658191408,0.0015645837039913206
1287,0.017364301220605765,0.0023637184929782024
1288,0.0005986355464453333,0.0018126682631373393
1289,-0.05106537718591926,0.001393664984850863
1290,-0.001606732714533874,0.0016559035157477776
1291,-0.013471705605467697,0.0012924488259727566
1292,-0.000792389869331129,0.0010514515404324823
1293,-0.005409682897881572,0.0008180343581344645
1294,-0.012039206364165814,0.0006476345781366232
1295,-0.00020999193457441002,0.0005368336981132002
1296,-0.03243094588716192,0.00042772274770419864
1297,-0.05528639250701917,0.0005838349899110691
1298,-0.006638286224074108,0.0009857922318530598
1299,0.048948468185067984,0.0007695254032468452
1300,0.010875209053438552,0.0011206716086607717
1301,-0.0008893691115553581,0.0008694610067981168
1302,-0.0011976114354541399,0.0006791504897729211
1303,0.03864882175628608,0.000534880057796802
1304,0.0018485834618276154,0.0007606768135985952
1305,-0.0018786270963214184,0.0006048244984757824
1306,-0.038242071589160605,0.00047842828051394295
1307,-0.0049858442981072304,0.0007053477392606228
1308,-0.007026902487568014,0.0005563275197302155
1309,-0.0025347081827929714,0.0004544698938462761
1310,-0.028596879002013357,0.00036461199236306985
1311,0.0031669765012243035,0.00047548408102506256
1312,0.051810894239388186,0.00039834788727582406
1313,-0.0157871061695633,0.0008764362164953154
1314,0.033512735376002745,0.0008350558993150735
1315,0.0077209824059014266,0.0009885241967442047
1316,-0.005697301901989946,0.0007691327964860711
1317,0.0076452753001368425,0.0006099304453795186
1318,-0.01971282732506174,0.0004994397768582796
1319,-0.04187146125770361,0.0005014099673432259
1320,-0.04265312906246994,0.0007115289106528899
1321,-0.006833704084976791,0.0008306696550293918
1322,-0.003614631944293954,0.0006495199443395945
1323,-0.005308940924542901,0.0005152354103501661
1324,0.04145051610480792,0.00041505358421101536
1325,-0.0037423727410221663,0.0007337118163084869
1326,0.004478986203807373,0.0006104958509388897
1327,-0.004930188127645877,0.0004936544531422277
1328,-0.022022179479580534,0.0004031352461362339
1329,0.029987047373930178,0.00042080619553566684
1330,0.004292129356005058,0.0005994605289933219
1331,0.012062411056638842,0.0004759579311019004
1332,-0.010175757576990711,0.0004161162331018232
1333,-0.028180830848576765,0.00037158269400264633
1334,-0.019651483977944934,0.0004466891512093079
1335,-0.021928637375978447,0.00040456203103591675
1336,0.01045578670585821,0.00040652593127839227
1337,0.04046655298826323,0.0003738610315284529
1338,0.004936492899441909,0.0006160157969606186
1339,-0.014674252698253756,0.0004885379607237401
1340,-0.0048354403559341275,0.0004344142651261671
1341,-0.03109958843451023,0.00035003730344286614
1342,-0.00021009563030413014,0.0004946936044640459
1343,0.021520624948706085,0.0004031591380514044
1344,0.01588898000480494,0.00041677337536073246
1345,-0.015859056372788404,0.0003663668950769161
1346,-0.027496198608639565,0.00037179558888914807
1347,0.002374094470773609,0.00042697277140672335
1348,0.003982835003461178,0.0003552608637476286
1349,0.03142112288478797,0.00029060012894927207
1350,-0.027962186628409866,0.00045248959696260265
1351,-0.006676530731877953,0.0006245661881406555
1352,-0.020750433101241847,0.0004933363329963564
1353,-0.03704260218363327,0.0004902465196352041
1354,-0.006348088938332644,0.0006299724867965395
1355,0.02882591395799834,0.0004974347098603058
1356,0.004520546946049085,0.0005805656854633614
1357,-0.0017856109908587683,0.0004603894072916161
1358,-0.021858214680208,0.0003693888928884334
1359,0.0009947214312046565,0.00040311033974279735
1360,-0.018685396281335018,0.0003320225435294445
1361,-0.0076943970800865315,0.0003587251948870876
1362,0.04097651920827885,0.0002947634116036739
1363,0.007728766634838269,0.0006301323280260404
1364,-0.01199571921318363,0.0004976827693491453
1365,0.006327258412945048,0.0004281983937772875
1366,0.011826035418319508,0.00036153560745014787
1367,0.018500513196363744,0.0003163080617450903
1368,-0.01062108015747653,0.0003197480438048059
1369,-0.006454114119649975,0.0003058646108864775
1370,-0.009924610440834229,0.00025462851386301986
1371,-0.005301218434638135,0.00023172374129462852
1372,0.018977412855912226,0.0001981896113555897
1373,-0.00651506377666685,0.0002562346073449561
1374,-0.003336373956885348,0.00023896023380191278
1375,0.02660850149019544,0.00020138869380168122
1376,0.01368464502171557,0.00033277095514190933
1377,-0.010649444282592136,0.0002869890566641336
1378,-0.009192566761800327,0.00027125258389779544
1379,0.005294559485627497,0.00023540755700656823
1380,-0.011388679536217224,0.0002082603518207403
1381,0.032618727147671986,0.00021399111829207814
1382,-0.041768097513018805,0.00045812112706710643
1383,-0.009530346204204733,0.0009009473024352934
1384,-0.023773385338443566,0.0007028161020639776
1385,0.036461882691159866,0.0006793688988296722
1386,0.026105716540847777,0.0009151569924196785
1387,0.0015371129047576687,0.0007823361945121256
1388,-0.0024556282315044385,0.0006138270774429922
1389,-0.006727684479852313,0.0004860796525189215
1390,-0.007853186009844424,0.00039720628313399974
1391,0.005928224950520661,0.0003305569176294293
1392,-0.009610886841432043,0.00028226328539695
1393,-0.01614149745490933,0.0002613124738705073
1394,0.014946657759067459,0.0002606948098631528
1395,0.005815003385647583,0.00028792332728805884
1396,-0.010772486401254276,0.0002392248933292437
1397,-0.005214874393682829,0.00022923748611983498
1398,0.011147392824976508,0.00019559915048854165
1399,0.0038810937068938078,0.0001988796123655511
1400,-0.009050971594513527,0.0001711911696451813
1401,-0.007709293105278389,0.00016916510017930895
1402,-0.02583157944069285,0.00015563481950009317
1403,-0.005699656424945769,0.00027285883013403737
1404,-0.020906819510208105,0.00022686503347874192
1405,0.007791172823117762,0.00028783247490254027
1406,0.011370661637244721,0.00027045479442509417
1407,0.028875302950156726,0.00024251581622282173
1408,0.01522275607257407,0.0003663248845098302
1409,-0.01417264942732685,0.0003183463848424146
1410,0.01235108050880457,0.0003192640293723297
1411,-0.0034517806436355014,0.00031652454197231836
1412,0.0019409766513068145,0.00026976414030912475
1413,0.023371224052057982,0.00022686987010590794
1414,-0.006311121320602683,0.0003063148123850412
1415,-0.004501009126959253,0.0002788983338436942
1416,0.004961255297522156,0.0002324718233674468
1417,0.01668342395736248,0.00020270367482657674
1418,0.0024775988991721357,0.00022746469114817513
1419,-0.0030326721600520547,0.00019249196049119348
1420,0.0019237828623630976,0.00016772086419195267
1421,0.005688643514268533,0.00014850837514841556
1422,0.017246984044003506,0.00013848311800711751
1423,-0.006156027178097058,0.0001831381975303269
1424,-0.0003861630486513787,0.00017876729722322997
1425,0.0019569868110496436,0.00015601546196014474
1426,-0.01895749958431446,0.00013882484840891393
1427,-0.028468259764623208,0.0002079122398784178
1428,-0.016262384307422537,0.0003109410385060501
1429,0.0008709940200406039,0.0002836296807864368
1430,0.018365612961968873,0.00023718350428826633
1431,-0.003077415520586036,0.00026944427176004137
1432,0.006166574259687902,0.00023421932092191936
1433,-0.022330111551642925,0.0002101531589872773
1434,0.0022360909986436483,0.0003059815357658944
1435,0.005184787184402723,0.00026322403019822803
1436,0.007980493161515513,0.00022254178456244987
1437,-0.0002727259058093362,0.0002002163213572949
1438,0.0013238383304157303,0.00017241203703298073
1439,-0.009521855636479608,0.00015128690769521024
1440,-0.016148537846832692,0.00015628449012542337
1441,0.013988548042327973,0.00018273004563351604
1442,0.019334167774784985,0.0002218710549149082
1443,0.012865918312502632,0.00024403373018885147
1444,0.02848680617852419,0.00022542904902576267
1445,-0.023067440819800264,0.0003470053381286092
1446,0.007430984205415173,0.0004636704801196535
1447,0.01286892613633051,0.0004106459522698911
1448,0.004089819936527196,0.00035401769557520847
1449,0.023596758536675914,0.0002891732100446489
1450,-0.029817895914535982,0.00035856768746618946
1451,0.00118407879705133,0.0005574859306451858
1452,-0.0005142747226763624,0.0004577577423722671
1453,0.013517485386530309,0.00036798954646267393
1454,-0.03557803641733731,0.0003422535646122921
1455,0.01582623279515025,0.0006078656450689755
1456,0.006501036542094748,0.0006057860876565536
1457,0.029167127995592616,0.00047965682102037014
1458,-0.018872370974759946,0.0005682127446225865
1459,0.013317495910676784,0.0005872611859433883
1460,-0.009935613689263798,0.000540394197360014
1461,-0.024390862485773775,0.00047135522057636887
1462,-0.04384919208405983,0.00048057013374229067
1463,-0.037213792532857844,0.0007293482802007876
1464,0.0647165399133324,0.0007609886815926729
1465,-0.031969236099970544,0.0017073406840364166
1466,-0.00592310630577893,0.001794391208249199
1467,0.0064235735157637495,0.0013827548812931237
1468,0.012549479724860204,0.0010750263325075729
1469,0.043888979020868205,0.0008634561622824997
1470,0.03872738135634608,0.0010578976555824548
1471,0.0017740852178595413,0.0010241272221670206
1472,-0.0041603318936745135,0.0008004613878201902
1473,-0.04256368385844895,0.0006289455446332776
1474,-0.04864885000143367,0.0008866159611330396
1475,-0.03508195826999118,0.0010480081851591044
1476,-0.0017902704093560263,0.000974380479854839
1477,0.0063977919255433615,0.000761490045468746
1478,-0.0342610772565862,0.0006041117061213289
1479,0.05272848775197536,0.0007565354598434194
1480,0.022448470782301104,0.0013934736524006098
1481,0.0009672472909647235,0.0010987021782876661
1482,0.009154678072296142,0.0008528852297536359
1483,-0.025314602401763656,0.0006858897922839747
1484,0.018781393727213366,0.0007046893652342055
1485,0.018526625145280015,0.0006861185234105604
1486,0.0019924598455214847,0.0005805233037810574
1487,0.001764174726565248,0.0004600653528189521
1488,-0.018665427288431433,0.0003694675028081097
1489,-0.0018554928842929284,0.00038071583887397517
1490,-0.022198605167686975,0.00030945761257807243
1491,-0.036021009028408796,0.0003682253462423306
1492,0.01196372014892086,0.0005176895965067315
1493,0.035684364524616465,0.0004876459166552832
1494,0.0011831097370473098,0.0006156220546731768
1495,-0.014216813638812007,0.0004929464563624173
1496,0.03229073936567351,0.0004317583005673429
1497,0.01826946064081463,0.0006191621630915511
1498,0.008741214662631535,0.0005164666305685546
1499,0.013704886468083882,0.000420668596614623
1500,-0.019346546660512137,0.0003728187495249947
1501,-0.029585745683933507,0.0004090033809931711
1502,0.021346044890667902,0.00046975871827582654
1503,0.0348269984043383,0.0005320628146242342
1504,0.020052438241802167,0.0006149624151806954
1505,-0.007907335537659186,0.0005296511650370091
1506,-0.010829390229309484,0.000447236438907345
1507,-0.002881822732003984,0.0003753975421732733
1508,-0.003097310836553443,0.00030475553067455197
1509,0.022230117061682573,0.00025277632770006627
1510,0.03954568118483116,0.000327261233718604
1511,0.06021182654952259,0.0005379122232783631
1512,-0.027171130947314534,0.001052836714208695
1513,-0.031375453246780774,0.0011400036783739877
1514,0.018455326153699818,0.001007098115079235
1515,0.01541251482150289,0.0009037801217209525
1516,-0.0018797508217791156,0.000729967785115297
1517,0.003068862157088339,0.0005768484008744256
1518,-0.0020711645288817833,0.00046053031552777357
1519,-0.047916720847682594,0.00037083100578836736
1520,0.003994330422847966,0.0007986602620409603
1521,-0.045201371953609744,0.0006670884939050686
1522,0.06924238523288989,0.0010379436789408343
1523,0.07306478743164864,0.002197320388259938
1524,-0.014912181890781558,0.0024019366771246093
1525,0.02354043339530084,0.0019973134854296536
1526,0.02749671588395814,0.001720546444422498
1527,0.02167901730266192,0.0014268700631214772
1528,0.010885288075684807,0.0011674289031995938
1529,0.025373428082457152,0.0009166574346438568
1530,0.03470468816847118,0.0008411951647998399
1531,0.07583523222965435,0.0008547527893292797
1532,0.023567191969391423,0.0017474134682328125
1533,0.009376764768901093,0.0013631606465469674
1534,0.01866698496465274,0.0010654458348490384
1535,-0.04375743154729947,0.0008926023924478371
1536,0.02569937637596837,0.0011930884639816215
1537,0.06179829097160415,0.001202893026237716
1538,-0.018866820481305654,0.0015918985625804742
1539,-0.014701060057968354,0.0014273383124078461
1540,-0.01911349882163049,0.0011177741167968647
1541,-0.002933849748013862,0.0009340417589783071
1542,0.008087049892684571,0.0007279188305180735
1543,0.04075838581436349,0.0005856913739577954
1544,0.03264844901602627,0.0008039177345827675
1545,-0.008605629208577761,0.0007637286021619082
1546,0.017075844035999283,0.000640249799855218
1547,0.00872352691171906,0.0005930483185467671
1548,-0.04445547279046865,0.00047419297856268543
1549,-0.056714373708316536,0.0008374831274537304
1550,-0.04785892726554734,0.0011533959436791535
1551,-0.0966882768460697,0.0012168871704989759
1552,0.00912742163817835,0.0026962304381884924
1553,0.0512227875167621,0.0022299954258005955
1554,0.00019298024322327302,0.002171725042785897
1555,-0.10147917584937638,0.0016844881376866714
1556,0.08068384752052236,0.003500285502474774
1557,-0.009866390337820495,0.004946299018346721
1558,0.07302065782471809,0.003977309261774229
1559,-0.06620720737728043,0.00443218246193392
1560,0.011693955863331397,0.004891650214946908
1561,0.07362256729530219,0.003909458725748974
1562,0.06572144401500898,0.004001886308550044
1563,0.04937467611219295,0.0036487652996974825
1564,0.0782266054259687,0.003118281845848476
1565,0.02615740347201673,0.003480033531666818
1566,0.029365310735763712,0.0026876849939943886
1567,0.042485101795361885,0.0022182278849760583
1568,0.06514805953774505,0.0020042308210439924
1569,-0.00048812104231404696,0.0022747792803098073
1570,-0.00023419553478977562,0.0017775881767880585
1571,-0.02666958155711932,0.001368253879169886
1572,-0.009074355866869884,0.0012205666595317575
1573,0.03204772300787963,0.0009476733305193965
1574,0.05589117122511609,0.0009767023492561254
1575,-0.022410886819431645,0.0012969933411602881
1576,-0.011276609656157836,0.0012378132570881118
1577,-0.019563904629652542,0.0009627137811953244
1578,-0.004200536819090248,0.000826590188939801
1579,0.053444639394077946,0.0006464315524592152
1580,0.03054997730794284,0.0011463320915860926
1581,0.0029532337054342605,0.0009735885515031211
1582,0.0012169479701365773,0.0007580502845422158
1583,-0.022165985228863993,0.0005949185314517567
1584,0.029109368036016922,0.000582931946577744
1585,0.01398324788670401,0.0007145014106158176
1586,0.00724825319685398,0.000572497533013334
1587,-0.005770543036421865,0.00046131787278997467
1588,0.026499314168779077,0.0003803645931438508
1589,0.005016947732115338,0.0004815813482374228
1590,0.009704119989310131,0.0003850656484430682
1591,-0.0017022395845201577,0.00033337955951269493
1592,-0.008754335933964675,0.00027572755329132543
1593,-0.002167026183953974,0.0002431265774121312
1594,-0.013543088023578188,0.00020430564477872464
1595,-0.01171500068907248,0.00021493130503126
1596,-0.002518026314631224,0.0002006859828189249
1597,0.00285307511832344,0.00017218437212280648
1598,-0.0009407636033869327,0.0001524730298482946
1599,-0.006405796294361078,0.00013608399049064106
1600,-0.0042944051873796355,0.00013135554336905642
1601,0.014071434852938216,0.00012160050920294537
1602,0.008162453741989217,0.00016014400556107027
1603,0.030529669505693136,0.0001472307623184952
1604,0.005785173361658778,0.0003245742324411436
1605,-0.010446338201446635,0.00026598332126191
1606,-0.012415756806534553,0.0002455506188620137
1607,-0.003722791894699211,0.00022955969897471855
1608,-0.01794446519862985,0.00019453872197249027
1609,0.015410194272253059,0.00023635496405215522
1610,0.0056187518893721375,0.0002795898351410295
1611,0.04312091242959053,0.00023252326656484642
1612,0.03246733463214839,0.0006026537065807597
1613,-0.001503525831014133,0.0006012204185201538
1614,-0.01303220734036076,0.0004846309680431752
1615,-0.01693937805424896,0.00041779089637503255
1616,0.005665858093903175,0.00038351054797253935
1617,0.01612006994997802,0.00032726596143829067
1618,0.017789921909690937,0.0003137018963191038
1619,0.022130858154309038,0.0003066674920580991
1620,-0.02297824920980365,0.00033327783030311954
1621,0.020971887961262634,0.0004333519664640755
1622,0.032131149888842796,0.0005044648248540754
1623,0.00995652147560658,0.0005604713664486489
1624,0.03916584305740074,0.0004491730627465225
1625,0.004751054238374921,0.000685406111505691
1626,0.03834990021807572,0.0005415623797165667
1627,0.02489348747599983,0.000768174202055584
1628,-0.016765057033438915,0.0006654181497652334
1629,0.021960866872124157,0.000615238637428998
1630,0.003278323925397847,0.0006378391297183721
1631,0.027397511133748425,0.0005043355136151744
1632,0.01721038785521407,0.0005742495611000333
1633,0.019597699425644075,0.0004845010397474372
1634,0.040710305924824344,0.0004531647945591004
1635,-0.014173263262880766,0.0006703332541556062
1636,-0.004173904308722537,0.0006337240797762406
1637,-0.0024132663634126457,0.0005002658789974106
1638,0.00300964576121902,0.0004004715297964531
1639,-0.0067292499990260395,0.00032623393275521545
1640,0.005200039319010696,0.0002795654340455471
1641,-0.015857904696001218,0.00024192890991799258
1642,-0.015241625113290358,0.00026939100326481307
1643,-0.010525109797048642,0.0002545452174776365
1644,-0.005884170150708088,0.00022754827551868227
1645,-0.010337641477637083,0.00019638571908922362
1646,-0.023864548573000244,0.00018875418558795892
1647,0.003555539633854156,0.0002697712916407049
1648,0.05498600407171213,0.00023887688870223754
1649,0.06592699943075904,0.0008329066652862114
1650,-0.023149857661006,0.0013223835837088847
1651,-0.03828786548356785,0.0012858182961168162
1652,-0.04087767475340919,0.001210760053146122
1653,0.019784705022794585,0.0012014027063741398
1654,-0.0298627433719223,0.0010908599618390117
1655,-0.008561728912539137,0.001124905944159808
1656,0.01342940792039163,0.0008728357089358532
1657,-0.012640322454128466,0.0007231107168744219
1658,0.025937626434578677,0.0006210594290198864
1659,-0.01055888227991371,0.0006789967804978171
1660,-0.015431779912696125,0.0005953747626101838
1661,0.0005063474605801527,0.0005033377928405102
1662,-0.012174214406393864,0.00040340873979017173
1663,-0.052997569765166466,0.00036203688827292693
1664,-0.013687541418475004,0.0008580418528083323
1665,-0.0010478842795068025,0.0006727012597080247
1666,0.03419387738782563,0.0005298110136470147
1667,0.0058895975757970636,0.0006824184759771916
1668,-0.0026629218750388755,0.0005374426050214192
1669,-0.012149050990445352,0.0004285877987148907
1670,0.021136358256163067,0.00037494732933652256
1671,-0.025763997296527202,0.00042717453574575234
1672,-0.022966814887962154,0.0005517962166896619
1673,0.02231035157704868,0.0004999372849241451
1674,-0.01554343072099872,0.0005460546013156924
1675,0.006041625248664283,0.000530262445515394
1676,0.05488990081699357,0.0004455285433649927
1677,0.014798675394127799,0.0009762730928204825
1678,0.019274120880406302,0.0007632982046734442
1679,0.005083409660804773,0.0006741694020534571
1680,-0.03413279515442928,0.0005312626360179915
1681,-0.0182606140290453,0.0006854869205707166
1682,0.03763645134210424,0.0005672837514555898
1683,-0.025387043489920477,0.0008042722232313033
1684,-0.006510881740338999,0.0008803026374732408
1685,-0.026383158536125335,0.0006871398107860338
1686,0.006920050264947002,0.0006963401752153524
1687,-0.004855137382871943,0.0005816465727266007
1688,-0.00513541202525577,0.0004729354617912744
1689,0.022062465326080877,0.00038129959117929945
1690,0.00016257749315141623,0.0004245127244004865
1691,-0.0006827700652353972,0.0003462534835494755
1692,0.01626179759895674,0.0002824090389143592
1693,-0.0005834462781396882,0.00029240199580675907
1694,-0.021335973558968487,0.0002449941290929769
1695,0.0038831443851213465,0.00029931389050881187
1696,0.017483104960377433,0.0002614174150771894
1697,-0.017675992807762317,0.0002736902738354325
1698,-0.005742100589924869,0.0003247199492677271
1699,0.0372051822452439,0.00026653719530038997
1700,-0.011526607623711625,0.0005344539263367595
1701,0.010886803620213407,0.000507239562154995
1702,0.026558977317967147,0.0004533375390526032
1703,-0.01626139558163563,0.00048632476876220656
1704,-0.07600683418550391,0.00048741292192728864
1705,8.15812438166308e-06,0.0015306400887643932
1706,0.0009338583678242832,0.001228238245691683
1707,0.00019012253168480735,0.0009517524663650631
1708,0.019280897825913627,0.00074133617184917
1709,-0.0042981517489838715,0.0006633018403505851
1710,0.00393335280604046,0.0005377306134672191
1711,-0.03165423551679375,0.000434533760591389
1712,0.02870239045972737,0.0005884952393105551
1713,0.00026011857763034275,0.000745169474943678
1714,0.0060493447034563755,0.0005956745103320781
1715,-0.03182525134598439,0.00048388926375994947
1716,-0.001078178556936984,0.0006340582906533646
1717,0.039129280350256646,0.0005079259036824971
1718,-0.014484957041278751,0.000724746067537504
1719,0.017207897294159415,0.0006795720462986724
1720,0.07203565976349408,0.0006404835817051931
1721,0.023490812442088366,0.0015193721854805905
1722,-0.011360694329466106,0.0011918810109609642
1723,0.01893290944921325,0.0009627310194488388
1724,-0.003634873020286722,0.0008539509749990794
1725,-0.020826770414329517,0.0006816815250190987
1726,0.009493472477486428,0.0006181800491408886
1727,-0.014675536354171119,0.0005285606687608769
1728,-0.021833587353551266,0.00048811012040139614
1729,0.01354892605952043,0.0004638847706007081
1730,-0.0101206308694015,0.00043804308500521814
1731,0.003960152816746629,0.0003935219442409744
1732,-0.01294899737988223,0.000328406698339145
1733,-0.026269670680139787,0.00031456959609786096
1734,0.003796923762385517,0.00037922542637693556
1735,-0.012423928861804568,0.0003237837919952523
1736,0.008555715070788254,0.00031010920177523577
1737,0.012291983635869582,0.0002842530194944046
1738,0.009821128325891503,0.00025733257232113415
1739,-0.022709042228142167,0.00022845460236382644
1740,-0.00369794912485121,0.0003244159961781134
1741,-0.02310505301258122,0.0002662221531033289
1742,-0.0003045602350964449,0.0003431198922869023
1743,-0.011137084737135166,0.000284521856724317
1744,0.011310512504061591,0.00026794344820376694
1745,0.02168698038311603,0.00026530690015331667
1746,0.03576712580075774,0.00030001400590832497
1747,0.02509894209682649,0.0004733286283009418
1748,0.06119666874781737,0.00045508324402365724
1749,-0.05964136576838477,0.001096521439299714
1750,-0.013220532796415529,0.0019849256799163387
1751,0.06077696778350057,0.0015246812312374866
1752,0.023975023943277645,0.001988015368687511
1753,-0.03421137599764169,0.0015561378841852372
1754,-0.08477061128852138,0.0014966385339975211
1755,0.06074436798295857,0.002480041412372771
1756,-0.06731132092500154,0.00320402742924683
1757,-0.08404485134843666,0.003981146633255328
1758,-0.05433191991929532,0.0040333480821086575
1759,-0.05746291079970352,0.0034421065032880453
1760,-0.08241578059764827,0.0031646224107799467
1761,0.009426907049150383,0.0035801367191798756
1762,-0.03820403612913104,0.0028642243476695354
1763,-0.030945182116693823,0.0026051877577428543
1764,-0.06759348614461706,0.0021024018656638577
1765,0.002729351879154911,0.0024966890354900457
1766,0.04627499104195589,0.0019667503198525955
1767,-0.008332975878173509,0.0019221734102549363
1768,0.027886712444059797,0.0015422569971701339
1769,0.011674998560532538,0.0014080866513600497
1770,-0.012078003880611903,0.0010931087619285953
1771,-0.010089933605905377,0.0008867944194848619
1772,-0.00863381720070575,0.000704145859026613
1773,-0.0004262506709345321,0.0005648592591064587
1774,-0.02118626002202657,0.00044829646350062665
1775,-0.011632026259181383,0.0004614719951484058
1776,0.012923767005267634,0.00038133084595513297
1777,0.01508358027573771,0.0003551189566038878
1778,0.012850835975579717,0.00032175526763466336
1779,-0.01917179658453885,0.0002876718560146595
1780,0.007582818640249545,0.0003388208120251703
1781,0.017690559781873564,0.00030855838257168165
1782,-0.0007777580588521832,0.00030537316070102237
1783,-0.004154633418201549,0.0002548114145050548
1784,0.00392707801250798,0.0002155941591142773
1785,0.006190919373426025,0.00018811436017930063
1786,0.005895104278986597,0.00016866050333777906
1787,-0.012091403655664872,0.00015296938739105617
1788,0.011167687809219824,0.00017394628931270201
1789,0.0069782250061444845,0.00019448477346145095
1790,-0.0010607963472683793,0.0001711711888299603
1791,-0.007224787155965857,0.00015052610294760037
1792,0.0027113889644225964,0.0001444418816765816
1793,0.004223223545500268,0.0001332243153177803
1794,0.002796948981735682,0.00012349285493438997
1795,-0.010753132571423518,0.000114566792702463
1796,-0.012215963612416805,0.000134618955516493
1797,-0.016766337071343174,0.0001438637387817316
1798,-0.036575273150827745,0.00017721410209173473
1799,0.019632853512248766,0.0004043478135815979
1800,0.030824796535757218,0.0004828085293005794
1801,-0.03031014485911781,0.0005288863366602063
1802,-0.010262318628746929,0.0007012241916188671
1803,-0.004174670260405215,0.0005533407382724101
1804,0.003822616058754825,0.0004421550157920782
1805,-0.0077703838531692476,0.0003596825997920495
1806,0.01756323184401588,0.0003094169630999485
1807,-0.0010447881448382595,0.0003377017959280138
1808,0.00649609924546261,0.0002815228753116457
1809,0.022145087500612372,0.00024593674112069957
1810,0.0023934328128323245,0.00030063451088440686
1811,-0.018864657113218036,0.00024857815479482003
1812,-0.003944072431147019,0.00028430458162100346
1813,0.014492935127415374,0.00023545426232753913
1814,0.03638824011137195,0.0002452894631308288
1815,0.0008008586590364841,0.000453781408853636
1816,0.03067411527465549,0.0003720594363639512
1817,-0.006531517055577108,0.000528356037131529
1818,-0.03611878987991565,0.0004584941026638319
1819,-0.034542545030781746,0.0006157081610775221
1820,-0.019834655957381358,0.0006567029096249255
1821,0.00580938631371981,0.0005621169672589782
1822,0.014786435966316519,0.00046286575004399265
1823,0.0037616467218319957,0.00040828066177452923
1824,0.029798632453368317,0.0003296643694160908
1825,0.08469912618836217,0.0004641603268612953
1826,0.02882279992371344,0.0017450530606246642
1827,-0.041169057162289885,0.0013780259750048338
1828,0.011981590319576713,0.0014899877206138816
1829,0.010724443545794327,0.0012469421542177508
1830,-0.013432541040752007,0.0009740798067514575
1831,-0.0408884927481383,0.0008065137599109354
1832,0.02593489603573275,0.000949592344038159
1833,-0.024767181365989988,0.000992222298069012
1834,0.03178098859563904,0.0009951903368947972
1835,0.03768724800300071,0.0011000693162828683
1836,-0.0576875949786987,0.001051127558947869
1837,0.005755335461141422,0.0017214471333806948
1838,0.10007234869170793,0.0014037055250046338
1839,-0.025882588633329463,0.0031395873990897466
1840,-0.030856319354642833,0.00286244483975986
1841,0.07885681071069227,0.0022916015874636787
1842,0.020966939802742904,0.0032972570202523827
1843,0.025898431776462158,0.0025219906660095396
1844,0.012232192574751178,0.0020712629666993733
1845,-0.02479523096755064,0.0016007356781978224
1846,-0.0034075017228483674,0.0013861455537180643
1847,-0.010616483677825923,0.0010713184662739746
1848,-0.03453937164273434,0.0008588685586944987
1849,0.006487978663861562,0.0009022721231375833
1850,0.01877140270658564,0.0007420192993193812
1851,0.020066070474346383,0.0006397130778023165
1852,-0.0037116323878063472,0.0005672046214542337
1853,0.009745615786558639,0.0004612187735471305
1854,-0.014189673437788248,0.0003974749524571825
1855,0.026889187673028687,0.0003816729074426654
1856,-0.00038042125818234186,0.0005129668064644669
1857,-0.01490231602603338,0.0004184299895504182
1858,-0.027302690968684533,0.0003778497298566637
1859,0.0009495327611476345,0.00043990282176675034
1860,0.012364706767031455,0.0003613376785319925
1861,-0.015415177306706378,0.00032136511629714487
1862,0.017308853382153554,0.00033317658326816236
1863,-0.0026065137279058922,0.0003699940928894912
1864,-0.026462668352310436,0.0003110068169639543
1865,0.00027240255633904643,0.00039500956364567634
1866,-0.03122707148980804,0.00032587286960305113
1867,0.009496896172323915,0.0004993545725910452
1868,0.004022681855315061,0.0004563438607855285
1869,0.020612773758233918,0.00036593306714856284
1870,-0.014100039820813261,0.0003903940195737799
1871,-0.01609969274659148,0.0003903224687280913
1872,-0.045109696347467775,0.00034959972136840584
1873,0.004613697399327063,0.0006876452829953766
1874,0.003359879694158786,0.0005808064748407188
1875,0.018126252048287078,0.00046022578165480895
1876,0.05270952774243067,0.0004407577997735137
1877,-0.022204346420148086,0.0008876684565542637
1878,-0.005737384948388594,0.0009242164413080359
1879,0.04776830176806482,0.0007205630859444856
1880,-0.022717490381274203,0.0010691215738375672
1881,0.04487421431617613,0.0010648922064531523
1882,0.04103943949149793,0.001417580412331381
1883,-0.026771793731989443,0.0013001257824984379
1884,-0.026224051100324233,0.0012476576792536992
1885,0.01598318357314958,0.001049396830091084
1886,-0.0004994930272312631,0.0009039320485576373
1887,0.015832512054864422,0.0007097277092210438
1888,0.0014231556333409682,0.0006204001143907777
1889,0.0025445928595565514,0.0004910600490961305
1890,-0.040163313901738905,0.0003940801436563723
1891,0.038361086733862695,0.000687996229846499
1892,-0.059303658370409046,0.0010268532175727616
1893,0.10962442043673845,0.0018533755939506645
1894,0.02370103059037048,0.004829498579575383
1895,0.040466267289029856,0.0036805384850828655
1896,0.0007217460216044347,0.003179500418022971
1897,0.0018799011597085875,0.002442545921200777
1898,0.021000259588374114,0.0018736489447117855
1899,0.025945225986333517,0.0015313409483391322
1900,0.0479875890472527,0.0012858066881311222
1901,-0.011247328261882485,0.0014150433339512895
1902,0.020225729796675373,0.0011829402124914495
1903,0.034783712504411674,0.0010484860786296108
1904,0.03161117289174796,0.0010114905318336102
1905,-0.03682381659482973,0.0009308841518893726
1906,-0.06422984569281073,0.0011185825343269496
1907,-0.03646935294124638,0.001554069448567022
1908,0.04120827285800876,0.0013370229204772218
1909,0.09656280272621366,0.0015106861161738932
1910,-0.05764876504621158,0.002847770644153888
1911,-0.01151278371481452,0.0034460407803701587
1912,0.005783207511670876,0.002635043817415317
1913,0.0861184404021489,0.0020223295686827986
1914,-0.12328630585542769,0.003161601322980849
1915,0.08427228780155685,0.006819630109253546
1916,0.14440226692619457,0.00803607456907161
1917,0.08026839116720527,0.009369550135708208
1918,0.005388501680908791,0.007801422998384121
1919,0.0879926250685103,0.005940004488333937
1920,-0.10095150335234848,0.006290273150758093
1921,-0.10622979581308842,0.00794895143925208
1922,0.13727541709533744,0.007526953932181397
1923,0.0026064335901186996,0.010998459707904104
1924,-0.1493287150886744,0.008542564301695556
1925,-0.15617549516656495,0.0110595215991649
1926,-0.0004990341255075403,0.01196788413463418
1927,0.15105605338500291,0.00923447996731563
1928,0.11315081194845111,0.011741342576354343
1929,0.12903582052375048,0.010454774334980549
1930,-0.02471671782077563,0.010726642196774902
1931,-0.02506440587040608,0.008654990252747052
1932,-0.07590807603376887,0.00663054038487913
1933,0.13730496282831656,0.006221374639786446
1934,-0.02950451407379331,0.009886125125753749
1935,0.051556615804178606,0.00833349239055379
1936,-0.006685017995266547,0.007247009200330979
1937,-0.005457008329735432,0.005599478129271556
1938,0.10584243442013656,0.004263776996324395
1939,0.08731356500693598,0.005753531962181157
1940,-0.03715644986988765,0.00533315388543616
1941,0.011901602694125622,0.004630914101039746
1942,0.08292067833612154,0.003639955840322948
1943,-0.05363506337178965,0.004141780789516395
1944,-0.06901717390259943,0.00423936750920001
1945,-0.1168309033960451,0.0038969174518615514
1946,-0.04197394501945661,0.0054502955520023735
1947,0.14294346586938056,0.004241543805611783
1948,0.07202364519745089,0.008042719092671687
1949,-0.12155375374747664,0.006502663641980036
1950,0.0422361574254546,0.008711048968279678
1951,-0.04026328391673555,0.007679006407753313
1952,-0.0917747982578767,0.006497965596451625
1953,-0.09015851411128602,0.0063869253899484875
1954,-0.005272618236573033,0.00606337361455552
1955,0.023475043932978678,0.004636495824543489
1956,-0.03574281989031532,0.0036358080397412636
1957,0.08418075167889674,0.0031334809668511414
1958,-0.0651159965895485,0.004293065990004701
1959,-0.13256672020641067,0.004845629664296316
1960,-0.10343483117248646,0.006644362248943414
1961,0.051658787153555305,0.006467756946782412
1962,0.08023401484946369,0.005950334828698082
1963,-0.10591949388624848,0.005504197898661285
1964,-0.1947197003680629,0.0073661225408793345
1965,-0.370239766318802,0.012034059644900976
1966,-0.26586441028630214,0.034112871348801706
1967,0.0802586997306759,0.034488210545890706
1968,0.23298005432747437,0.029395191919431813
1969,-0.13322834215814836,0.03192292970593407
1970,0.08422107895553772,0.03109609928901823
1971,0.23875273584472873,0.02680658340910667
1972,-0.013036868540153065,0.03050918881479571
1973,0.17598080419973328,0.023863044939709754
1974,-0.05959520305346832,0.025932297682808764
1975,-0.10535689118270543,0.02181395427374092
1976,-0.1957412320112803,0.018162575934143218
1977,-0.11870130232072262,0.02084181822908549
1978,-0.14337772099396168,0.01731023310421696
1979,-0.010216591870775466,0.01669377667754348
1980,0.014664229840156839,0.012726184581083693
1981,-0.1265205036504781,0.0096930291175858
1982,-0.18013700023331233,0.011055348103307362
1983,-0.13171159927762688,0.013642735166910414
1984,-0.13204957828869354,0.012585941559314275
1985,0.23831245468442114,0.012318285442731667
1986,-0.09226905572116892,0.024517255240727124
1987,-0.23237679622765176,0.023334302082840926
1988,0.058796139008474343,0.026801729940281908
1989,0.08745444331642531,0.02257051637403956
1990,-0.16987088141996784,0.018116008337993462
1991,0.02950530258248704,0.02123886049411266
1992,-0.10656218057298969,0.01712012127702557
1993,-0.10644263308151355,0.016214196630464778
1994,0.05489895036119636,0.013790027168038644
1995,0.06095099727211057,0.011612335675045249
1996,-0.02644300285514193,0.009294431468914318
1997,-0.05448290715008197,0.007350501261176878
1998,-0.02011331649888508,0.00608305223624032
1999,0.038934260115758394,0.004653990296770788
2000,0.0728894076137088,0.003921789439540842
2001,-0.0020511375859865867,0.003914713401878784
2002,-0.033514212016778656,0.003038639662109507
2003,-0.014390003513022812,0.0025276279007256527
2004,0.026304331721958972,0.0019502134129394653
2005,-0.0023652852007158597,0.0016718332285658214
2006,-0.027153639813768896,0.0013015793990129008
2007,-0.018695160344660625,0.0011506557029148975
2008,0.03522982982142994,0.0009322082461647614
2009,-0.0028725776835847516,0.0010472157083412862
2010,-0.08121399555431484,0.0008389598542879942
2011,-0.014177030599460263,0.0020430452001482923
2012,-0.018349269237745915,0.0015691976380941052
2013,0.017502215479190727,0.0012874772426981044
2014,0.007969786871232612,0.0010970626043091917
2015,0.030401377713452204,0.000854212029709637
2016,0.014075806308563914,0.0008628709682357648
2017,-0.02610342886669194,0.0006880308137024828
2018,-0.005959677428415207,0.0007124153356978444
2019,0.0007839867028260618,0.0005598920939351746
2020,0.017866520824524956,0.0004444489758110206
2021,-0.007830062561608427,0.00042637514929341427
2022,0.010292841283449665,0.0003723343768379443
2023,-0.019650713400425363,0.00033771903246419734
2024,0.003799663267838841,0.0003859419675480684
2025,0.003728149986241528,0.00032805527839103863
2026,0.014649440675950068,0.0002694988618501319
2027,0.007329033804575209,0.00026926494996742847
2028,-0.015145442305372339,0.00022835760483318502
2029,0.013705558277996133,0.00025029174995708925
2030,-0.024331125844743357,0.0002739289378462664
2031,-0.009191595449462669,0.0003996428388008605
2032,0.010410451946896597,0.0003255299905920375
2033,-0.02358495776353477,0.0002941846350499537
2034,-0.010963072311378382,0.00039166128241986437
2035,-0.006529765200834413,0.00032388275434386987
2036,-0.02120996194312921,0.00027184832105435713
2037,-0.026808899907975605,0.0003158293929842997
2038,-0.012761462097179073,0.00037357824450622853
2039,-0.006996566909672283,0.0003176777992008001
2040,-0.03817622651284438,0.0002670555131291987
2041,-0.04592716142884397,0.0005278702699391805
2042,-0.057564871207184946,0.0007460066787067157
2043,0.013961236828953815,0.001133923441518679
2044,0.009022088313769994,0.001009183672929065
2045,0.0007334905160719601,0.0007884187412929134
2046,-0.004994827050641089,0.0006174761569358638
2047,-0.004918180370185975,0.0004934293590897981
2048,-0.004660660945950433,0.000397298703750811
2049,-0.02478651787995263,0.0003243881692773565
2050,-0.01680130094689289,0.0003937299257988304
2051,0.0026899139862183565,0.00034966969079359473
2052,-0.003472938187909052,0.0002908317068417802
2053,-0.005010622154416412,0.0002449509217333028
2054,0.0035369383629699712,0.00020932505516743923
2055,0.0012113908041975245,0.0001828834978758908
2056,-0.0009901792965761867,0.00015861307822707493
2057,-0.015810084619129302,0.00014044600756654197
2058,-0.013970182979405292,0.00018045694786882356
2059,0.009641293706330543,0.0001824965297233467
2060,-0.0013465763367729148,0.00018952176843946327
2061,-0.025480869995319545,0.00016680334542818552
2062,0.05102703794715521,0.00028199135831396004
2063,0.0006885304307566464,0.0009331178123432361
2064,-0.015596513857115192,0.0007532717581058224
2065,-0.03422872264809043,0.0006305343886358865
2066,0.03379729172900055,0.0007180199084629236
2067,0.04932452811510526,0.0009244372319754654
2068,-0.0006847405973708432,0.0010948636982337295
2069,0.030542341250056882,0.0008681975742503724
2070,-0.02776679118241508,0.0009114372162448494
2071,0.012864467065077259,0.0009741182120642111
2072,-0.04198273673185548,0.0008465765519044283
2073,-0.029823862501400008,0.001133399209608969
2074,-0.06817791023858845,0.0009709069876362801
2075,-0.004391817552331728,0.0016656751577781557
2076,-0.0536317482646351,0.0012993427010508075
2077,-0.02469400095160192,0.0016874244077190114
2078,0.0010289293138450218,0.0013380337485270205
2079,0.04362165473242948,0.001037125146499899
2080,-0.054559888343795604,0.0012138715939901822
2081,-0.04702202433821182,0.0018321279554919646
2082,0.04942194281643568,0.0016651504629573283
2083,0.011640667896706258,0.0019889181350252584
2084,-0.03702418598727599,0.001527228387232322
2085,0.0037602596788819443,0.0014820681617284698
2086,-0.031008287436171234,0.0011718765533010218
2087,0.04010401031127208,0.0011551392824630906
2088,0.02416145356633624,0.0013853625987501248
2089,-0.02378136244704486,0.0011166001199000857
2090,-0.07360756042269503,0.001025328138617319
2091,-0.03233047287538154,0.0018275672745013674
2092,-0.03225697056488056,0.0014795881705935092
2093,0.01572669499716473,0.0013215791991517177
2094,-0.07465375783491553,0.0011250212210202834
2095,0.03613527823343854,0.0022624417449394365
2096,0.08429631410729856,0.0023445093956261064
2097,0.01645727875521197,0.0029977670257579927
2098,0.03813002678206922,0.002292146027014927
2099,-0.03936770870484696,0.002075402421459097
2100,-0.010985273633752013,0.002086732575503549
2101,-0.02319933031081085,0.0016017232410182375
2102,0.05246529154704541,0.0013506693537250652
2103,0.04914202912285021,0.001770023193228434
2104,0.10191652929688974,0.0016718895172281195
2105,0.0036213854764556744,0.0032598382127536087
2106,-0.029303541708835947,0.0025454837991669872
2107,0.06558275675443957,0.0020999471851604083
2108,-0.01854167505450072,0.002729576647702936
2109,-0.02171171795012631,0.0023323469148365064
2110,-0.01869944471750189,0.0018368135917056312
2111,0.02239338033381293,0.0014662812376454559
2112,0.037068679081583275,0.0012768727060852327
2113,0.035744463867868885,0.0012123643510877095
2114,0.015339529778596872,0.0011282621190383997
2115,-0.0012864132808139326,0.0008943723617321986
2116,-0.004873688607958303,0.000700050275938268
2117,0.0034827936258103004,0.0005544538299829152
2118,0.013876638720263812,0.00044437536320005375
2119,0.02894051782747667,0.0003942013633966308
2120,0.04500082750454912,0.00047207977622318396
2121,0.00024108392309494687,0.0007261606954448955
2122,0.00226688862831957,0.0005841633793141294
2123,-0.005705475006810752,0.0004660510537869077
2124,0.011454426111401047,0.0003825829959431909
2125,-0.013806362289225712,0.0003462840295345221
2126,-0.005035068721464849,0.0003424440591246456
2127,0.013948710743692114,0.00028011759692904214
2128,0.013718326636896365,0.00027764265564150374
2129,-0.0008970314021801676,0.0002562231249013333
2130,0.02967213309448012,0.00021632312804220974
2131,-0.020851381525873652,0.0003880857459323389
2132,-0.022697532942375066,0.0004770773527943453
2133,0.03647258343195455,0.00044672530569024734
2134,-0.0023623629170594585,0.0007139338585558563
2135,0.004392452985720815,0.0005859247679404404
2136,0.025611212980376195,0.0004736088153521143
2137,0.022330326997129234,0.0005096811462128733
2138,-0.010433625131845066,0.0004730661832151229
2139,0.013071575023288363,0.00042203989434161414
2140,0.01675181751699561,0.00039635160338820347
2141,0.0033199212281874993,0.00036068870775234774
2142,-0.0071652544955493535,0.00029340177684192
2143,-0.004774374219396805,0.00025411379762123624
2144,-0.007410468840862672,0.00021495806601484624
2145,0.0006174838594226193,0.00019298099123244027
2146,0.01503497879828168,0.0001671345170651207
2147,0.0027865823107357398,0.00019416900745917898
2148,-0.006080827403964316,0.00016715455331192382
2149,0.005958361988220854,0.00015476578469237096
2150,0.005262297983484738,0.0001487995003985659
2151,0.0016763553391645413,0.00013594038043947796
2152,0.011941616542927089,0.0001231968528340944
2153,0.007143903915295908,0.00014407154575973613
2154,0.0014442051712711334,0.00013414317695785425
2155,-0.0028121050997126362,0.00012170502142259855
2156,-0.0044284796996171575,0.00011411015153987939
2157,0.021818230014108157,0.0001097339470619386
2158,-0.0019771975535728048,0.00021669997626237107
2159,0.002396342140065791,0.00019397020518373569
2160,-0.011246586146403394,0.00017013181974389696
2161,-0.0076993062941025986,0.00018102632578418916
2162,0.0004969249111860945,0.0001632570440078093
2163,0.010788552732256425,0.00014426726400190793
2164,0.012315006421251875,0.0001536624211174108
2165,0.01627584427737787,0.0001593975078234625
2166,0.02428373941920969,0.0001855083648591645
2167,-0.004283160250389206,0.00026201955421357873
2168,0.02704326756426495,0.0002352877871920999
2169,0.009197455478237635,0.00038294285571543085
2170,0.015032455663627492,0.0003125755032473061
2171,0.022424746057112817,0.00030269111414211764
2172,-0.006904230808775336,0.00033362947671363287
2173,-0.00973824219513099,0.0002992647619014372
2174,0.01688268169107301,0.0002592698397652184
2175,-0.021608860199961548,0.0002918964613294631
2176,-0.024105144033969978,0.00038451414216138854
2177,-0.008878966358813812,0.0003906178131757165
2178,-0.011380201399607633,0.0003215619986096611
2179,0.019453589305093652,0.0002874984545285113
2180,-0.002921277919617955,0.0003413629232336147
2181,-0.017658874534745312,0.0002907208058711786
2182,-0.006866550855762925,0.0002982338217540399
2183,-0.012516627319528495,0.0002488006286883781
2184,0.01096286635133539,0.00023941548369164095
2185,-0.0045248897194574665,0.00024124723332948276
2186,-0.02031185212190082,0.00021458683691632656
2187,-0.005590414801000463,0.00026127696721940446
2188,0.009593948010460927,0.00021865778444137238
2189,-0.009545725175124297,0.00020768977335293757
2190,0.021088252763210007,0.00020724155281699584
2191,0.0024482323099249657,0.00029945513194424
2192,0.000563420163463645,0.0002481870433761391
2193,0.010786630959789099,0.00020832538863749876
2194,0.008007199072495865,0.00020269680747412357
2195,-0.034197394665427386,0.00018116824203254304
2196,0.022254627544210755,0.0004356783871683095
2197,-0.016052840642859664,0.0005439463774591416
2198,0.01402048341167284,0.0005409724772641363
2199,-0.011002055690704097,0.0005065718051210528
2200,-0.019697198554071843,0.00045268649575846753
2201,-0.0502617209272298,0.00042464775408761055
2202,0.04407384969233648,0.000829244578938481
2203,-0.029116870653565996,0.0012892283971700895
2204,-0.024706600496061853,0.0013553205407032358
2205,-0.02279732393103078,0.0011072018763511413
2206,-0.042977675203576045,0.0009428050404384951
2207,0.01379394516454322,0.0010721703712616279
2208,0.021635336269208327,0.0009381903335098722
2209,-0.006623504972177754,0.0007963317355104841
2210,0.060710064053807536,0.0006463602527247439
2211,0.04572235829240795,0.001386004800269581
2212,-0.0602801337207546,0.0013095296034185146
2213,-0.07928992293882733,0.002010557886920357
2214,-0.0014144844223407049,0.0024971247399387937
2215,-0.007995139412619647,0.0019446399551881787
2216,-0.001347366419447186,0.0015180466080346698
2217,0.0427424058485465,0.001170539799488557
2218,0.006646854123580419,0.001309824895743657
2219,-0.03931638196655909,0.001013588852141038
2220,-0.0016714219159053357,0.001124034986844616
2221,0.004671882268826347,0.0008806919215390208
2222,-0.0032783595943631423,0.0006899258266286453
2223,-0.02298569878769964,0.000546339479119291
2224,0.04327898617911262,0.0005432212811519594
2225,0.024725245145236725,0.0009401099457470071
2226,-0.0019002143281494055,0.0007816868304919868
2227,-0.017317115009849594,0.0006178421489164176
2228,-0.00963288989116564,0.0005472197830733099
2229,-0.05202394959832438,0.0004434589200229979
2230,-0.04564793075125701,0.0009279164975973265
2231,0.020013746269816002,0.000998752875354734
2232,-0.03571273980153719,0.0009419111346470999
2233,-0.06864715387806329,0.001113076457699735
2234,-0.049446800523628494,0.0016674416045617056
2235,-0.0632472928399035,0.0015890856183400342
2236,0.05455070380468519,0.001911673069149051
2237,0.021099922256726796,0.0024361631679657206
2238,0.028736659893608442,0.0018787628547126255
2239,0.054526229268131256,0.0016079877708581145
2240,-0.05113776748495889,0.0017706374681681636
2241,-0.06346213858272741,0.0021939823349518385
2242,-0.019218624871584388,0.002257802175907803
2243,0.02907638122961045,0.0017480324288502065
2244,-0.009701597610798824,0.0015565121902344349
2245,-0.03770249259404551,0.0012567817002925275
2246,-0.01694306817584206,0.0012353709493788723
2247,-0.0010101666275733954,0.0009778236588812012
2248,-0.001966262653451502,0.000761238224322137
2249,0.0002364502136789075,0.0005979280652729093
2250,0.00964605869851827,0.0004732215454304827
2251,0.02210611298685491,0.00039868888386321234
2252,0.0007891382056857122,0.00041236006763726164
2253,-0.0144098187641582,0.00033499152866770773
2254,0.0010607098887038635,0.0003156861594077629
2255,-0.003773664379771523,0.00026257882473045674
2256,0.020080690682480445,0.00022362956401656114
2257,-0.0036022076620917925,0.00028764684972790064
2258,-0.0208055289256802,0.00025193422626160786
2259,0.008228077397586764,0.00029262371970639744
2260,0.006804523839481232,0.0002746664224904558
2261,-0.0023975306739086304,0.00023225809047319103
2262,-0.01145933137063776,0.00019840159737956719
2263,0.0004454249808187963,0.00019619295085051357
2264,0.0138092964716128,0.00017025296595285752
2265,-0.013358665334825994,0.00018809719762020628
2266,-0.011423753762510374,0.0002200309838551017
2267,0.004508786566366681,0.0002013795044597949
2268,-0.009242381432004022,0.00018108723612221986
2269,0.006835188871738491,0.00018178487465093834
2270,-0.005035415793726676,0.0001757425971865162
2271,-0.015674851557319118,0.00016371293814583702
2272,-0.0008224234019383247,0.0001892400399850302
2273,-0.01894465526266877,0.00016439715436657407
2274,-0.009979588556325998,0.00022801807489557493
2275,6.391571163879658e-05,0.00020078122773789644
2276,-0.004614763004811191,0.00017252814565772484
2277,0.001158303111212128,0.00015603824277757918
2278,-0.002764691258287551,0.00013928630226677654
2279,0.004124903229621803,0.0001278412621336759
2280,0.0034091908970854917,0.00012196644501538852
2281,-0.0009341752658718547,0.00011373480898430684
2282,0.002702809248563006,0.00010664588222954339
2283,-0.010549077165171547,0.00010281387010440096
2284,0.0026139523796229096,0.0001256127023998972
2285,-0.008671841663561572,0.00012054660657935599
2286,-0.0008282981925031082,0.00013217677881172606
2287,-0.002701082045227074,0.00012046540548515948
2288,-0.015246433069688686,0.00011321080123899557
2289,0.008208756345519218,0.0001534265099565255
2290,0.0022660371375610366,0.00016423550749057725
2291,0.004879570020654498,0.0001444601684380156
2292,-0.001082307541244852,0.00013478227088532712
2293,-0.014193732163892922,0.00012310778082404367
2294,0.006688186581139979,0.00015538899057148387
2295,-0.0089073505161211,0.00015788534541604028
2296,-0.012360772546031289,0.0001658732628129839
2297,0.00817433370201711,0.00016848753645420494
2298,-0.004897858418512225,0.00017105519743493917
2299,-0.0038374611689706464,0.00016053572613228753
2300,-0.013490185426798482,0.00014293249990120926
2301,-0.004650544026677793,0.00016585056840441828
2302,-0.016181093585746074,0.00014655319957660392
2303,0.006604521739240943,0.00018634682743270885
2304,0.007801549878241105,0.00018276365713674938
2305,-0.0014039085808420651,0.0001659153169673797
2306,-0.007373470000708655,0.00014722513219333005
2307,0.012079546580057948,0.00014196612995877908
2308,-0.002601345401957958,0.00016799351524376114
2309,0.0003371397112817787,0.00015372475720061793
2310,0.012592285282989153,0.00013695668663221046
2311,0.0030832259566603982,0.00015737917749544418
2312,0.0019946147016474385,0.0001393324584698472
2313,0.003814967357215129,0.00012637364058030708
2314,-0.0070326986669394,0.0001183790503989646
2315,-0.010445434080008446,0.0001230115623851773
2316,0.000792828524591836,0.0001306398674636502
2317,0.007897671538126061,0.0001205180640506983
2318,-0.0034495913966875237,0.00012336706912753598
2319,-0.0017614529742915927,0.00011896176464770494
2320,0.0005536186277935158,0.00011027278433747408
2321,-0.010452601508001267,0.00010367688843784036
2322,0.0005042798664394927,0.00012352205443570715
2323,0.004712915545676872,0.00011520631430692374
2324,0.006167003094707316,0.00011115218669732548
2325,0.0008857843159817354,0.00011050075432963234
2326,0.0024377418450021115,0.00010374836070531213
2327,0.00722328991173384,9.998856330630482e-05
2328,-0.00769276670199251,0.00010578641083288276
2329,0.007878804435055023,0.00011845689171472316
2330,0.02382317431524818,0.000130865052991252
2331,0.021768574009003533,0.00022495425380246204
2332,0.022254676273515864,0.00025683573863069775
2333,0.05056734893771761,0.0002923410935529989
2334,0.023016523052088417,0.0007265670785329439
2335,0.0017442785117580887,0.0006105583662581569
2336,0.00905969064629746,0.0004829170277725452
2337,-0.013532826322026103,0.0004050455443904218
2338,-0.005970775531035833,0.0003799055660534148
2339,-0.016992281051882795,0.000309635035100237
2340,0.001140505190102824,0.0003145309615045518
2341,-0.001895000432465558,0.00026288697913955556
2342,-0.007395414960409073,0.00022099049512490463
2343,-0.008214303812017383,0.00019778841823924717
2344,-0.009895208429345836,0.0001802002546909878
2345,-0.0011345194403435486,0.0001725899231011436
2346,-0.00046410957059585907,0.00015087409753065803
2347,-0.008432973241279703,0.00013441167679894336
2348,0.013026711790020289,0.00013720848369321847
2349,0.0060987590577819975,0.00017222386634406498
2350,0.015059462025899749,0.00015260624290966928
2351,0.01834376319726406,0.00018190193913752208
2352,-0.016276791892806425,0.00021038553560032939
2353,-0.010563330319668223,0.00026338683916270043
2354,-0.00794086842595936,0.00022917894257274587
2355,-0.01093338279493862,0.00020332605206691077
2356,-0.0031211533549883154,0.00019446737600137856
2357,-0.009274651589560227,0.0001676646660964822
2358,0.00432891068326513,0.00016520724214047163
2359,-0.003332058958771914,0.00015370167463631408
2360,0.011533603197610064,0.00014118713335738024
2361,0.01240651896169867,0.00016160053365515994
2362,0.0036895786734017634,0.00016397859110025092
2363,0.025851799261166455,0.00014488202995183557
2364,0.026786677146781686,0.0002743748084520502
2365,0.008310270225009917,0.00033103084517199517
2366,0.009412711448117369,0.0002742063356495389
2367,-0.0017404728785130835,0.0002442863983465867
2368,-0.00019979450343392833,0.0002078634404413193
2369,-0.017619542682393026,0.00017758221116326975
2370,0.021147822794865222,0.0002243949498083731
2371,0.013862316927268732,0.0003266215545818656
2372,-0.00997569689135568,0.0002845869117881679
2373,0.019039157465225897,0.00026648465024538606
2374,0.009673058200047017,0.0003242767350276672
2375,-0.037585244515814714,0.0002718899151525446
2376,-0.024952746731463814,0.0005582392269057966
2377,0.0007080682858183757,0.0005072727399543297
2378,0.009468399522663375,0.0004083445410471888
2379,-0.002850894224917989,0.000345897236417866
2380,-0.03421990067513368,0.0002868677380684243
2381,-0.002605224627820293,0.00048332953952859867
2382,-0.006404969987552876,0.00039025891185048915
2383,-0.014285504530668605,0.0003275051451387952
2384,-0.04161367260908273,0.0003045314357111838
2385,0.020858358535362217,0.0005884481924718388
2386,0.02114864296438918,0.0006511690233038422
2387,-0.015337510070694995,0.0005648797818427376
2388,-0.01122723033431329,0.0005238308741600384
2389,-0.011235830535126865,0.0004292338909372018
2390,-0.014775440123465882,0.0003662192612938044
2391,-0.021424624177916757,0.0003338118132668712
2392,0.0008554279542964433,0.00035147250218035353
2393,-0.0074187163440700525,0.00029130086358730245
2394,-0.011070572613175036,0.00025638888589771133
2395,0.0030243741947678197,0.00023370110785068057
2396,0.009067870122348052,0.00020253686715056372
2397,-0.0009682307630333681,0.00018788678786234542
2398,-0.02061846424949991,0.0001639123710730461
2399,0.012795137660022304,0.00023379363543063364
2400,-0.0030174986435977207,0.0002608073435789911
2401,-0.013811752038583914,0.00022702213372466785
2402,-0.002576728889436303,0.00022662339394341797
2403,0.009950294495084945,0.0001917381808354666
2404,0.021157140766593658,0.00018731060924659257
2405,-0.0013690627792491993,0.00024309424441933862
2406,0.010761196499226282,0.00021045734030098926
2407,0.04121414633254244,0.00021069036170303865
2408,0.0018538504102903986,0.0005137670058239411
2409,0.015487143432532413,0.0004176586090765321
2410,0.023814498581891073,0.0003988091564209255
2411,-0.008663521219704455,0.0004144306151295495
2412,0.0008292130726386144,0.00037076060613223184
2413,0.014533058990041257,0.0003036451046207488
2414,0.026382434931249726,0.0002925377145313753
2415,-0.0012371782459497938,0.00036482137220697323
2416,0.008870275414787654,0.00030467272011555066
2417,-0.004741172580557217,0.00027363927496443035
2418,0.005899320153508346,0.0002377075042612092
2419,0.017501121067848024,0.00021198445988756612
2420,0.009404847851535322,0.00023752303286538897
2421,-0.001062563206767054,0.00020830685865801373
2422,-0.007171407283029476,0.00017905342149064426
2423,-0.003107847278003086,0.00016564639372874758
2424,-0.003411102726994786,0.00014619507481906612
2425,-0.016654058365127032,0.00013286235213624137
2426,-0.0009933667095208224,0.00017774905981085418
2427,0.011769519725480957,0.00015587760627427076
2428,0.017509543411435083,0.00016647848853326775
2429,-0.008434453703362786,0.00019740561374882953
2430,0.017805738471856816,0.00019927268509842839
2431,-0.0027794782220614705,0.00026151041098612925
2432,-0.016827025950106832,0.0002288434130474467
2433,-0.014865830674758412,0.000246130692692069
2434,-0.0024626391794178464,0.000236931071902488
2435,0.005925120589282711,0.00019955017145214274
2436,0.01178802172931243,0.00017905306838409606
2437,7.708389784796044e-05,0.00018050017284731935
2438,-0.026659556118992848,0.0001577611436145872
2439,-0.009000943121874853,0.0002924056228828071
2440,-0.005268321876201922,0.00024448141084451363
2441,0.018247499596170835,0.00020982354322205971
2442,-0.0010088442792615094,0.0002607278481652915
2443,0.002858482705051209,0.00022303145897535745
2444,-0.001569971625521563,0.0001923552378695257
2445,0.0018246872543034318,0.0001670141751165956
2446,-0.009669185203930453,0.00014775252220880925
2447,-0.018759122208112426,0.00015483385763557755
2448,-0.004121170065353249,0.0001991033882539407
2449,0.002822015940916098,0.00017098984675791785
2450,-0.00039335731209418084,0.00015153097216070215
2451,0.003945050090516182,0.0001350556059014981
2452,-0.012316903738365177,0.0001261758087773192
2453,0.01287781976145499,0.00015415824393071352
2454,0.02079422892528792,0.000190795714940497
2455,0.0049925596604334915,0.0002333316692023793
2456,0.02659767845934542,0.0001972424601150712
2457,0.007942112411247272,0.000323330008978489
2458,0.013230043910619016,0.00026644772473864546
2459,0.019317134660916266,0.00025780785431472316
2460,-0.003036184354740206,0.0002773654331770852
2461,-0.0032185297868716225,0.00023949386046866948
2462,-0.009143981775643132,0.00020228366397541763
2463,0.007949664723367018,0.00019032682627294088
2464,0.012456248521876986,0.00018535337060255654
2465,0.0026730958728970245,0.00018473405298214388
2466,0.010364191140231294,0.0001600549142764059
2467,0.0050349781803837165,0.0001646644484729692
2468,0.021378977529532977,0.0001466873650771159
2469,0.0016227530423061044,0.00022707919155922723
2470,0.008579468069615319,0.0001936429128286375
2471,-0.007002543671412183,0.0001852422351169391
2472,0.014791264204226,0.00017789356967770495
2473,-0.04016241517106736,0.00021615946169786153
2474,0.029460102214466266,0.0006057686402202991
2475,-0.03533042171226424,0.0008070318965215982
2476,0.019583113664037723,0.001046806496717599
2477,0.014745226183836987,0.0009933931926822822
2478,0.013375028810303488,0.0007903714449130642
2479,0.0029762229992805213,0.0006485782327673635
2480,0.028654268584481217,0.0005115815579868789
2481,-0.023224624910738102,0.0005885406667400099
2482,0.027216302602028203,0.0006540331431020002
2483,-0.01372088322106372,0.0007605015141086489
2484,-0.014828866342702631,0.0006901159654870653
2485,-0.037100116584738385,0.0005679644503920228
2486,-0.009570473047571786,0.000721343879218618
2487,0.026138140283735633,0.0005679137204679109
2488,0.017123955508739127,0.0006079342304062809
2489,-0.02124417488331947,0.0005108496811695207
2490,0.0016020751757395164,0.0005312894821407775
2491,0.0074080037769324305,0.00043189728738942236
2492,-0.02529796188924002,0.00035550890576273184
2493,-0.030168250081257057,0.0004460046626404875
2494,0.015899627118331424,0.0004936503007940308
2495,0.020177158083939276,0.0004918936157125208
2496,0.005545478922925406,0.000448677038360594
2497,-0.03079566905997134,0.0003611722029145955
2498,0.0070370728317907675,0.0005108921912617239
2499,-0.02019201275251996,0.00044744695456730725
2500,-0.005954628446719294,0.0004762154462713918
2501,-0.015690559878164582,0.00038122047627934055
2502,0.0009107740746631643,0.00036184040842031617
2503,0.03533238161165554,0.0002979144779636422
2504,0.016223231138330338,0.0005101072886955729
2505,0.030360084442331025,0.00042509227473654185
2506,0.009233642695135715,0.0005223918416923454
2507,0.020789088337192643,0.0004184098445212777
2508,0.02079920748442654,0.00042679454462697083
2509,0.03513263815021921,0.0004051561748834292
2510,0.018851503766038148,0.0005503860908536663
2511,0.013386860291060699,0.00047088299305335905
2512,-0.019544274998393913,0.00040300344002820385
2513,-0.0033477142751234448,0.0004307546900814929
2514,0.008666043314365997,0.00034671491941567074
2515,-0.0246591895822752,0.00029854910636403624
2516,-0.012705811187843717,0.00040102048307701934
2517,-0.018513650035461612,0.00033567152407636147
2518,-0.022968776722582736,0.0003387167927918899
2519,-0.000535788703080406,0.00036091067781850964
2520,-0.019708647254159647,0.0002961740505719829
2521,-0.015102350627610384,0.000337105397012682
2522,-0.013256274506788589,0.0003018781303059326
2523,-0.0008936925167293647,0.00027572242155223176
2524,-0.00021790532178381054,0.00022936362721630313
2525,-0.016279900133676323,0.00019387023285470892
2526,0.017109784213489593,0.00022506370966220062
2527,-0.008855476447355013,0.0002833472716524403
2528,-0.004924073432020195,0.00027260510852930445
2529,-0.006175808279123647,0.00022769797289065862
2530,0.036722834693996634,0.00019981031466379125
2531,-0.020298164868326595,0.0004905359364532883
2532,-0.017726919728434126,0.0005670532964690906
2533,-0.02850051557844391,0.000481456697983376
2534,-0.03621229274323666,0.0005355525106236088
2535,-0.01577136398381779,0.0006374139300997215
2536,0.03330834600273074,0.0005227853161350188
2537,0.053938493982793524,0.0006922008954765083
2538,0.023451826361866112,0.0010289498540510071
2539,0.017469583433725108,0.0008423828718097566
2540,-0.013086287746338012,0.0007058701768375011
2541,-0.021300344536521534,0.0006124575383186873
2542,-0.040147007392767504,0.0005560498389700101
2543,-0.004378600802830317,0.0007365447913088581
2544,-0.012039774768908969,0.0005803195331614962
2545,-0.01258628502403987,0.0004954991054490403
2546,-0.009164382122575773,0.00041762176773363954
2547,-0.0415335346350731,0.0003477194736751864
2548,-0.011361680204695204,0.0006402711898594585
2549,-0.035488667488540716,0.000507372590526515
2550,0.01912813645054542,0.0006742919759143433
2551,-0.010371752378652142,0.000684587623686699
2552,-0.060360907821487925,0.0005940997387211269
2553,-0.013508543629410997,0.0011950666271779461
2554,0.005144307355065665,0.0009263291492789508
2555,-0.027629056198065896,0.00072872301423895
2556,0.017356324707391037,0.0007560324785435944
2557,0.07924280842947493,0.000713242163697821
2558,0.04273292687333529,0.0017923206729834925
2559,0.06282104967552989,0.0015453434690639199
2560,0.06628639322719013,0.0019175981448985844
2561,-0.015904777796144725,0.0021338422053059046
2562,-0.0026502890077943386,0.0018004263676880577
2563,0.022258374149616622,0.0013862874129207566
2564,-0.041414745865251706,0.0011747578188262915
2565,-0.06744060017560682,0.0013776908621804633
2566,-0.024187540894977266,0.0018117259779864058
2567,0.014149309768884108,0.001426347793968577
2568,-0.060177279660735154,0.0011626490011107274
2569,0.028222628917774207,0.0017999423947000237
2570,0.06011705068276661,0.001763004416664908
2571,0.06697303013992456,0.0019481987696349592
2572,0.027587365854114188,0.002202099245837286
2573,0.11260317600849115,0.0017456573152888819
2574,0.11439691026793714,0.003997894367687504
2575,0.013190180932513297,0.004927035475039443
2576,0.06293764594139115,0.0037610141461411908
2577,0.0036189969080085782,0.0037833980831885002
2578,0.0013079567246616236,0.0029074261795506862
2579,-0.06220772411563699,0.002225667108250998
2580,-0.08010306519142889,0.0025851685576258466
2581,-0.04006509513014324,0.002981670530748435
2582,0.045752785561591874,0.002432691954707941
2583,-0.006401897654722555,0.0024448541051539075
2584,0.010694275121794076,0.001936342126009575
2585,-0.0010947178170874138,0.0015320159991847556
2586,-0.03987419735365461,0.0011845521703931848
2587,-0.02619487267957922,0.0012564821373881184
2588,0.06493907592021035,0.0010455007371570518
2589,0.044585283997495034,0.0018601574890704548
2590,0.041260350184057576,0.0016358734591864178
2591,0.03546455663065072,0.0015318103132077416
2592,-0.0032303518335506476,0.0013583844516087832
2593,0.03384690479771908,0.0010675694610391433
2594,-0.0117934061905251,0.0011122902946610648
2595,-0.008948424403610346,0.0009442596597795044
2596,-0.029742358714965476,0.0007411585006579205
2597,0.0020056022958679586,0.0007648183062345069
2598,-0.029456047165691335,0.0006134869729364229
2599,-0.018368455458947972,0.0006995632812195941
2600,0.019856235766380567,0.0005820147105142544
2601,0.03319217799394348,0.0005717374336228647
2602,-0.0007737688711070401,0.0006350517514961732
2603,-0.03789624399762414,0.0005110902278465837
2604,0.008656146847419726,0.0007037735344926806
2605,-0.008162567360973275,0.000611398672035547
2606,-0.003912716066401976,0.0005126411229219508
2607,0.001843850932346986,0.0004090206107900361
2608,-0.011267776852545527,0.00033100040818956805
2609,0.01680277409789907,0.0003013163577403493
2610,0.006401737733680397,0.0003303416867930675
2611,-0.0004089309358264144,0.0002716729231803774
2612,0.014645270022711097,0.00022606249670898548
2613,0.0027223266740025467,0.00024019819995615263
2614,0.017200265823712875,0.000202049135129033
2615,-0.001139335512030704,0.0002393648566385561
2616,0.02428797655545495,0.0002062803197190521
2617,0.008429683395859337,0.0003180046594554578
2618,-0.022314633932794675,0.0002633171579102353
2619,0.016400709460937794,0.0003368810440743042
2620,-0.004614087371530174,0.0003744528680576661
2621,-0.029941528360756912,0.0003215933550218765
2622,0.03384601638680665,0.00043914604254986176
2623,-0.010061360319549286,0.000701628961859516
2624,-0.03337026357340495,0.0006253669603224947
2625,-0.006386542135729414,0.0006889320209949059
2626,-0.015340255091882232,0.0005421009874929375
2627,0.00718842122626175,0.00048268412153813
2628,0.00831325710875317,0.00040949358278374794
2629,0.014642738621444447,0.00033883110873468835
2630,0.030862090979289495,0.0003164890976148038
2631,-0.017242308899515838,0.0004354443210281398
2632,-0.0029118102456007155,0.00046775265145246694
2633,-0.015482007159317995,0.00037520642676676976
2634,0.010452768542142183,0.00036020097007219507
2635,-0.00461293392202012,0.0003347462646347511
2636,-0.007055042183589396,0.00028594880755526426
2637,0.019665950590078387,0.00024348277557266444
2638,-0.016420351315605385,0.0003006627785118523
2639,0.007526925919961076,0.00034302741877437096
2640,0.018697460697608276,0.0003107959337189848
2641,-0.005009421413838864,0.00031437655837320856
2642,0.004827248575410128,0.0002737510093265413
2643,0.0020490908792781203,0.00023697053206024507
2644,0.006973624102366816,0.0001996892645863539
2645,0.0016131669835429136,0.00018168889319428763
2646,-0.00930327460925721,0.00015769591572848554
2647,-0.02135472790422011,0.0001589126341638564
2648,0.000955824124534867,0.0002243337967532491
2649,-0.010150701478963669,0.0001954502361373355
2650,-0.006067155691791768,0.00019583047283277987
2651,-0.013865167282206325,0.00017156213537144018
2652,0.0004526519414172725,0.00018808257493910469
2653,-0.025937940299533443,0.00016472768547992237
2654,-0.02006001466271839,0.0003018586803252441
2655,-0.013341526366412164,0.00029607562898005324
2656,-0.008596431783053035,0.0002681293099582967
2657,-0.0025303328862561893,0.00023249363818412996
2658,0.0038495725977020813,0.0001965066499971763
2659,0.00925871271622704,0.00017264351786347703
2660,0.026658213014176212,0.00016657062648351277
2661,-0.011074131494211823,0.0002842945950017943
2662,0.002018133065736785,0.00029374871532138837
2663,0.026961935628728183,0.00024896335382914686
2664,0.015434256157047473,0.0003572780301694912
2665,0.014697302162901065,0.00031349087063931
2666,0.008224466320426713,0.00029293835010443624
2667,-0.005206441989353814,0.0002490358558687811
2668,0.006965925491040246,0.00021772146784192526
2669,-0.021325925155847573,0.00020020439571661198
2670,-0.01282470914359661,0.0002895325150268474
2671,-0.003932939881691315,0.00025395387782836074
2672,0.004212342440920696,0.00021359400092240137
2673,0.01296319581639705,0.00018672860583847392
2674,0.0005798816521042266,0.0001935065377081542
2675,-0.012817161946247544,0.00016743345158868732
2676,0.018765252166723864,0.00018120700299324044
2677,0.014349098564906718,0.00025832143436302623
2678,-0.0273600275549402,0.0002378246848079424
2679,0.02258397421196384,0.0003923935169283502
2680,0.034617086799811805,0.0004994905072172157
2681,-0.0001937062604845441,0.0005819223116378298
2682,-0.00611529164597942,0.0004692581869961143
2683,0.025915070672113655,0.00038085990290676416
2684,0.01253936232645708,0.00046957075037107305
2685,-0.022512049513532983,0.00038675134945179564
2686,-0.023975148892174617,0.00044055817338132483
2687,-0.010081208240632456,0.00043449620838310904
2688,0.012982951466514703,0.0003577097652501698
2689,0.005724682296654829,0.000336197332003567
2690,0.045747248294646214,0.0002765100891405724
2691,-0.016584085285722538,0.000682930457221226
2692,-0.02823229630630479,0.0006862549557730253
2693,-0.020662284755961876,0.000656701257687893
2694,-0.042071305417617326,0.0005741906023260496
2695,-0.009031822370707923,0.0007894740697436165
2696,-0.028259445601791167,0.000618521487829335
2697,-0.03944047807956087,0.0006634451788273881
2698,0.055028399590699266,0.0007747259040672293
2699,-0.036062254473458205,0.0014598660891748537
2700,-0.032365441662581304,0.001655430008196284
2701,-0.03300763888732328,0.0013853138921865438
2702,-0.03228872601713599,0.0012492189243759647
2703,0.013767833427366928,0.0011220724311512707
2704,-0.014918532006360124,0.0009522735613003867
2705,-0.0785811189162373,0.0008207379610479694
2706,-0.0338776646686012,0.0018818524875861607
2707,0.05700683434756744,0.0015222880640099082
2708,0.04725913802738768,0.0019953428134791033
2709,0.027988945850093004,0.001800484056218042
2710,0.043577030557086636,0.0014809554391041267
2711,0.03283070053180311,0.0014853058406344584
2712,-0.002551853334883517,0.0012817108278131482
2713,-0.028155779656634277,0.0010042695888495923
2714,0.03816393360669557,0.0009380788329036011
2715,0.03489215480686534,0.0011538366676347785
2716,0.026886516276265957,0.0010436862701716512
2717,0.01825947084019627,0.0009141691647098603
2718,0.003966304839257843,0.000755249825678725
2719,-0.026300281912996566,0.0005926185026731845
2720,0.030123482878813092,0.0006254930125078737
2721,0.0025217516349970753,0.0007752570471626526
2722,-0.02297483961973036,0.0006126049536615208
2723,-0.02478924633691741,0.0005916738355088559
2724,0.0014527633713720723,0.0005596518015679197
2725,-0.04705312839493907,0.00045112906458369325
2726,0.02132092868764167,0.0008782501842437846
2727,0.040080983538187204,0.0009022915841325242
2728,0.038223809817620004,0.000955494950306527
2729,0.0011038083079312944,0.0009618061914085312
2730,0.026643129401758545,0.0007551868174991484
2731,0.03394442663558718,0.0007632586431682607
2732,0.020654107479487288,0.0007756137979185189
2733,-0.02822071920977975,0.00065675152482535
2734,0.03001301718300825,0.0007350003827111719
2735,-0.0015130153287132586,0.0008720780979723394
2736,0.04664566006325527,0.0006988929174481301
2737,-0.009131894971973873,0.0010722119619225848
2738,0.021597621802385964,0.0009136196043156826
2739,-0.023954996356509314,0.0008571173878963111
2740,-0.011965878923781249,0.0008590212162498475
2741,-0.028369755735812054,0.0006788739469675377
2742,-0.006263295991790478,0.0006981665036749385
2743,0.039954308333525854,0.0005491830860301092
2744,0.016169887963068442,0.0007933607667944096
2745,0.016676708165913243,0.0006351779269182535
2746,-0.011907809086241245,0.0005516521632125232
2747,0.015112867831215944,0.0004880516988140348
2748,0.005911129603283248,0.0004634271271098877
2749,-0.03456272535869475,0.0003722370264583751
2750,0.020560055167225127,0.0005744023515305623
2751,0.04240944220805061,0.0006264870191424658
2752,0.03649717870006783,0.0007940576723532195
2753,0.014152980464385592,0.0008079754140013013
2754,0.04187479151029987,0.0006472358947913275
2755,0.025286662488904276,0.0008693454494705801
2756,0.02277674883204954,0.000743191921615789
2757,-0.021029679189273162,0.000665762293335564
2758,-0.005078994734818172,0.0006633130977434185
2759,0.015103890891728521,0.0005226680719038141
2760,0.040371301730134895,0.00046668923985960565
2761,-0.02883741003977802,0.0006822658235093013
2762,-0.05231947760600122,0.0008330386555984355
2763,-0.030046337521110692,0.001097521673929372
2764,-0.011076142084711733,0.0009481404629010952
2765,0.040444869041723924,0.0007487657375365348
2766,0.07276535136123691,0.0009764103387157289
2767,-0.025412689266892014,0.0016746414296232126
2768,-0.07527831004037257,0.00162019835481885
2769,0.0983745329066674,0.0022553809951994836
2770,-0.08531157230318609,0.004527242025546376
2771,-0.0884268421624704,0.006060887959184362
2772,0.03341356749985538,0.005585044588499112
2773,-0.1203080377287261,0.0047434980902144415
2774,0.060856912978765235,0.007368151648416737
2775,0.01984171475856136,0.0073079262821898455
2776,0.19927550738414673,0.005558789332319157
2777,-0.16982998371851768,0.01302235838179402
2778,-0.2646787869329688,0.019754698083925923
2779,-0.17233584069200922,0.02587685504220254
2780,-0.103297045288258,0.02320357119134443
2781,-0.20868235897934906,0.018928893842649498
2782,-0.10014530542276079,0.02262410976405463
2783,-0.026825655854714994,0.017978196224081838
2784,0.20505885857354664,0.013690092434350976
2785,0.031338289506847514,0.020008768998260165
2786,-0.018310951383627348,0.015211938438560542
2787,0.10282642307577232,0.011604404861322037
2788,0.029893939569391747,0.011315552899958265
2789,-0.10525658251077274,0.008609569782591845
2790,-0.03724049029345875,0.009084335327131593
2791,-0.02599407286959741,0.006955951536393029
2792,0.01728247030242055,0.00540739043295891
2793,0.03598143885281215,0.004225153356323531
2794,0.06074422873751227,0.00344180689623055
2795,0.10919437540700631,0.003282771029690982
2796,-0.008209091726547109,0.0046431357687419465
2797,-0.03943541716232569,0.003717402676168955
2798,-0.008102043605770189,0.0030879851120343862
2799,0.020958294930165624,0.0023604314542073064
2800,0.001660545202103334,0.0019086591234216681
2801,-0.026204533153397786,0.0014680252567992427
2802,0.04552406348347564,0.001278665829539277
2803,0.05841718185789063,0.0015623239332646045
2804,-0.005318186153414345,0.0017152895840531767
2805,-0.007361180983846425,0.001371079191302134
2806,-0.04500310364090494,0.0010630155105583999
2807,0.04962162047122469,0.001258293827908565
2808,-0.04088483345387378,0.0017390161737640757
2809,0.044610532613475,0.001960864237923453
2810,0.021875425084785655,0.0021903097288342808
2811,0.024890368202702896,0.0017041769331751294
2812,-0.004679589201251278,0.0014263294819373406
2813,0.02321094242434959,0.0011203351440169345
2814,-0.01909444723716877,0.001009367915402783
2815,-0.009336747555292409,0.0009157036363217085
2816,-0.029120014551672853,0.0007181331440224411
2817,0.01353123871883156,0.0007412283357683382
2818,-0.04227478701790223,0.0006647724696188539
2819,0.0077972763008470804,0.000999047323307337
2820,0.023322545850057975,0.0008436398947324511
2821,0.0017117677130799008,0.0007461128835721226
2822,-0.027045919671427932,0.0005866430139548595
2823,0.013428744026977642,0.0006213317510363128
2824,-0.02645229914146491,0.0005701377426481334
2825,-0.0160042149319759,0.0006565334164576627
2826,0.05867797113703325,0.0005387245350452365
2827,0.07230851776956372,0.0012465235294476253
2828,0.0070712483466168095,0.0017600080132194947
2829,-0.038693267745887876,0.0013598352602176259
2830,-0.017207953299608517,0.0013649186157078466
2831,0.01312914068310772,0.0010742937102469403
2832,0.024928271174121667,0.0008846200199167122
2833,0.029310193575666468,0.0007962436329563268
2834,-0.007087435543768212,0.000760301929465201
2835,0.0007258319125583323,0.0006291883012198393
2836,0.015269766138909987,0.0004991285319064829
2837,0.022130949828494062,0.0004456410200553645
2838,0.011703295094979084,0.0004390067734629547
2839,0.039393442194268616,0.0003661006896088395
2840,0.0008096762735731122,0.000614834847011772
2841,0.02478226536730204,0.0004966971302179975
2842,0.02672463212866511,0.0005490795215600002
2843,0.01280448475931164,0.0005372348926537422
2844,0.01463512253389181,0.00044286794407304354
2845,0.01302433466176619,0.00039261018976662873
2846,-0.03354587967995447,0.00034142358193734595
2847,0.01546767904276086,0.000561565306092203
2848,-0.00816206236592026,0.000561096965257334
2849,0.004422581150928059,0.0004818978469088535
2850,0.03050974056050694,0.0003962778966053193
2851,0.03072344570991673,0.0005079015457588039
2852,0.004767522890715366,0.0005409881136666558
2853,0.004972994526692185,0.00042999071802675415
2854,0.033268873087372045,0.0003514942214320496
2855,-0.04792606910873319,0.0005172091926535435
2856,-0.006747851112843706,0.0010731909299593278
2857,0.05412025340725709,0.000837714802408931
2858,-0.02120512634806251,0.001283708638295169
2859,-0.01308365357863972,0.0012223780189997892
2860,-0.007021537131502116,0.0009556484863460155
2861,-0.03857885874464011,0.0007513971280744609
2862,-0.039035078244737766,0.0009003527545175542
2863,-0.004379639984915615,0.0009205801098769906
2864,-0.030725069894599423,0.0007185748204581103
2865,-0.019671220234937056,0.0007801328775126257
2866,0.00309538733809538,0.0006503008059553635
2867,-0.006083834406274091,0.0005203404078735442
2868,-0.00820134361300944,0.0004260998224938199
2869,-0.03851111571094429,0.00035289078302941357
2870,-0.007226483047728561,0.0005937845040534895
2871,0.014252644003736064,0.00047001463259238276
2872,-0.05737618533883734,0.0004207877772869196
2873,-0.010766605216424767,0.0011464852230120568
2874,-0.014356832375231767,0.000889411167882898
2875,-0.041146891054465576,0.0007419662624319679
2876,0.011753513403590267,0.0009052437590180955
2877,0.02516665371743904,0.0007912953245274505
2878,-0.018976026957115946,0.000718933435356877
2879,-0.0003394489845440146,0.0006856700680325019
2880,0.009957505926179394,0.0005440208777113185
2881,0.02124268767398442,0.0004504291156445903
2882,-0.023568598586484284,0.0004448231068171692
2883,-0.026236909120719694,0.000525782274426897
2884,-0.0020281915655984794,0.0005124725248444937
2885,-0.0005332337597152889,0.0004094351461449698
2886,-0.008752143625555592,0.00033049122160283133
2887,-0.03416539791007312,0.0002866908521767984
2888,-0.013424848319609476,0.00047061027105079546
2889,-0.003929651103800028,0.0003867929750868918
2890,0.003105719740420902,0.0003145495401968108
2891,0.01020929462378175,0.00026129397624699807
2892,-0.014863174909571874,0.0002379100926593148
2893,-0.004336447542212587,0.00026306790483549144
2894,-0.010925228654670202,0.00021952850777471854
2895,0.013104625428352308,0.00021201036685002128
2896,-0.005387019812487808,0.00023276913279989808
2897,0.005997216012929602,0.00021258325308455027
2898,-0.006070881012162518,0.00019445098811673122
2899,0.0010690285611193577,0.00018041070194967543
2900,-0.009348539657102544,0.00015827194143208973
2901,0.01981947799114136,0.00016168347136238294
2902,-0.012367386705656838,0.00024863597217094773
2903,-0.011272273882362991,0.0002715826639805107
2904,0.03084026441536821,0.000239346287650342
2905,0.007866587231084878,0.0004352732728507527
2906,-0.0077038492840082445,0.0003501733857046512
2907,0.0014741544468206541,0.00029940760809371705
2908,-0.020372041554242385,0.00024904213236518966
2909,0.011755311035111014,0.00030681637527295736
2910,-0.00736836103485047,0.0003099262114709549
2911,0.03637129128757021,0.00028017866245653306
2912,0.01434569477515442,0.0005627870140057219
2913,0.03488732606190202,0.00045563460010679917
2914,0.043552885065367856,0.0006156498520357984
2915,0.003169961601579557,0.0007850117921579195
2916,-0.040082608380334284,0.0006191268997871208
2917,-0.03470134660747545,0.0008303424678937274
2918,0.012931829011936471,0.0008069835639559804
2919,0.024128596538381026,0.0007068491240063082
2920,0.02965499089802186,0.0006476121039881733
2921,0.007427867925034183,0.0006549319827471537
2922,-0.024084327136924873,0.0005173821952649461
2923,0.0019690276429873287,0.0005458250939772165
2924,-0.026932809899424873,0.00044456257876456304
2925,-0.014237031356520258,0.0005357849295727926
2926,-0.002128973666940102,0.00044171349570636847
2927,-0.014410344012027688,0.00035477199880664176
2928,0.01022414810664923,0.0003344629397829099
2929,0.015042668219622173,0.000311998662953451
2930,-0.021373773651055368,0.00029024196512659225
2931,-0.05328170280215734,0.00036696960347835087
2932,-0.016155114401876683,0.0008178430788668265
2933,-0.005235721604514564,0.0006483428820172206
2934,0.015682532818527314,0.0005148046783889634
2935,0.015562472020418175,0.00047059021973944404
2936,0.012707800668476548,0.00040953104469504354
2937,-0.020836930141268035,0.00035348891489397205
2938,0.005375187795133023,0.00040475433272065464
2939,-0.00337272430658048,0.00034935213475431305
2940,-0.01770193030105443,0.0002913369265718123
2941,-0.0035397356761617087,0.0003018713320263676
2942,0.007974037561870205,0.00024876579364325373
2943,-0.002949374401150666,0.0002227409343599126
2944,-0.004360226622091121,0.00019348600078818843
2945,-0.0026470925222143982,0.00016921829747558456
2946,0.010631660498799655,0.00014907621268934337
2947,-0.017042937730211122,0.00016001085320863957
2948,-0.029723976546121404,0.00022411583535283822
2949,0.009663633069073183,0.00033720187281770263
2950,0.003702457756823166,0.00032525315348794833
2951,-0.026814691694792052,0.0002665683728595802
2952,-0.025278986972131885,0.00038330705741074846
2953,-0.01216163965838725,0.00039704739042325577
2954,-0.005539803765238373,0.0003354766579230869
2955,-0.02419840361157557,0.0002775626946020766
2956,-0.01959222651477652,0.00035202148586362494
2957,-0.001978602112073529,0.00033530712877332216
2958,0.00010802031924830624,0.00027434992781886396
2959,0.0104087350162152,0.00022790862658018303
2960,-0.019676511459444674,0.00021688897529272634
2961,-0.0005975381630006299,0.00029015947656193836
2962,0.03625405634590498,0.00024324711649143953
2963,0.02514779949278102,0.0004836288570188094
2964,0.05696053947033331,0.00045735873412566477
2965,0.0034291633975901737,0.0009975359559283488
2966,-2.4429529628905432e-05,0.0007885349558427402
2967,-0.010117413377579825,0.0006180775561654241
2968,-0.0005874546385265353,0.0005125605664020561
2969,-0.004627223880833169,0.0004089637851833479
2970,-0.01938331051957702,0.00033535644401627056
2971,-0.0007845851481119132,0.0003490841776906756
2972,-0.037081379782355546,0.0002865290136260572
2973,-0.013375585807201565,0.0005528684311749253
2974,0.027075007792646825,0.0004460009414154073
2975,-0.0483508986436324,0.0005350727007479358
2976,-0.017104298149831016,0.0010771183667972995
2977,0.000375232165575911,0.0008441722163237892
2978,0.007322922162743642,0.0006602953314830784
2979,-0.00023909824157850897,0.0005312470637953398
2980,-0.02323533283261568,0.00042321077565085147
2981,-0.044189347655341465,0.0004571354150909591
2982,-0.03140373839119618,0.0007127907031220629
2983,0.01075093960343648,0.0006806383773991609
2984,-0.011687733130455263,0.0005894435088131658
2985,0.015542766140451565,0.0005159003343948577
2986,-0.024749949945926067,0.0004878461865343904
2987,-0.00037277738226158873,0.0005711158288105866
2988,0.03694453365474079,0.0004595259267858551
2989,0.011953997359920157,0.0006532087585460642
2990,0.011909447937555075,0.0005196923433753804
2991,-0.03524149282283184,0.00044054632573254537
2992,0.004773127715590212,0.0006662369518114236
2993,-0.0013414692882602237,0.0005595028272967817
2994,0.0423392451576168,0.0004473917695897272
2995,0.0024230899597018386,0.0007725951558755899
2996,0.003022978843425741,0.0006147184696521642
2997,-0.008483223220925996,0.0004900432352724977
2998,-0.029256561689073743,0.00041089893855731995
2999,0.009175628416848707,0.0004973246060822059
3000,-0.00039725641243611333,0.00044551094683581747
3001,0.02534554372461059,0.0003602418762737446
3002,0.010630325244365212,0.0004438032272914253
3003,0.01469451772803009,0.0003624994108036602
3004,0.008249159685120095,0.00033586416179014433
3005,0.006171030754548385,0.0002811237244959471
3006,0.024631206517625764,0.0002387062288076889
3007,-0.028960874719004152,0.0003245688117525166
3008,-0.034032945852191035,0.0005199735427687796
3009,-0.013667835620895068,0.000576991096004412
3010,0.02355417065393706,0.0004718283543363548
3011,-0.03351198321609989,0.0005188741835530832
3012,0.03933848981424153,0.0007459298802691256
3013,-0.001245628328050159,0.0010822644043670642
3014,0.007395751217307789,0.0008668908940231696
3015,0.012224794897256206,0.0006976368993355566
3016,0.05391906100345108,0.0005719783620969622
3017,0.01728753935227115,0.0010499459764967845
3018,0.04277236173237462,0.000825442220409471
3019,0.014125999230848924,0.0010265031431577615
3020,0.003599128552499868,0.0008048956178206268
3021,0.049698605635667185,0.0006312888357969029
3022,0.04839422191215943,0.001036142989366448
3023,0.004632966709327953,0.001130773749545706
3024,0.012801912511120839,0.0008792438272969325
3025,0.0029245542656980306,0.0007266015753314623
3026,0.022566298750332364,0.0005706334852691086
3027,0.007886146437109217,0.0005652590244051677
3028,0.004896876255248804,0.0004507117549444649
3029,0.04168187366884579,0.0003655271242321069
3030,0.01112450690255298,0.0006670903840076328
3031,0.014187842417741837,0.0005271895845758395
3032,0.016347789237474313,0.0004607633739558571
3033,-0.010820248181383139,0.00040994385512708526
3034,0.017011563563073564,0.0003717893219623628
3035,-0.0008386733230893351,0.00038893147383101
3036,-0.029606722261561948,0.0003200971083699563
3037,-0.018942964028981216,0.0004442742933689993
3038,-0.020234504179211164,0.0003945928638565842
3039,0.014513919529132058,0.00038745097586266407
3040,0.018305814021053416,0.0003865832709892407
3041,0.00278806901687602,0.0003601883798606378
3042,0.007201729863932042,0.0002929651954369367
3043,0.009397470007545445,0.0002536748857925091
3044,-0.011138135515238949,0.00022613252811953997
3045,-0.01972766947507312,0.00022756505692434238
3046,-0.02262896028025127,0.0002574465947064998
3047,-0.014586537164518526,0.00029625786921592793
3048,0.013165347879679042,0.0002697417884659929
3049,-0.005453243746755313,0.0002768102405233104
3050,0.014792630002552614,0.00024624397252045316
3051,-0.0073469729861353975,0.0002675602846972338
3052,0.03321505767680711,0.0002484487435425676
3053,-0.038085956329365296,0.00048711987581049823
3054,-0.005293856230075316,0.0008464979087153586
3055,0.002308143750112352,0.0006651035480961943
3056,-0.015580574447902663,0.0005245098922985179
3057,-0.01736227034286752,0.00047354269424106196
3058,-0.006508625401640417,0.00042300665689927474
3059,-0.0034645385097253085,0.0003434560508528153
3060,-0.014109588269499342,0.00028192198157899324
3061,-0.02426579530512455,0.0002744375174295679
3062,0.011347337822573765,0.00033048593742413126
3063,0.03287340090492855,0.00032565888681124026
3064,0.012254385173250441,0.00046188482992377377
3065,-0.006303245143542234,0.00037845830708802187
3066,0.01831408946122071,0.0003195335292179663
3067,-0.03354263377212918,0.0003498747604149602
3068,0.016958464191026704,0.0005997290411784097
3069,0.020526179180778703,0.0006099819747269748
3070,-0.019699417677400844,0.0005352801854264812
3071,-0.005044644096181443,0.0005419129122750463
3072,-0.022401863319385696,0.0004306945166799571
3073,-0.0019893056508735046,0.0004571916319760887
3074,-0.011306026639453801,0.00036797030888548085
3075,0.010737426982411279,0.00033000566933686574
3076,-0.019420580203254784,0.0003086324853292591
3077,-0.023814913708825082,0.00036268732115606473
3078,0.012434074434417366,0.0003773125400043684
3079,0.0042999411660424956,0.00036565599349744544
3080,-0.02182499486961401,0.0002972906228518657
3081,0.03359004687726452,0.0003529857415950571
3082,-0.005067187082415914,0.0006103083041843956
3083,-0.01946970816554536,0.000519497759696933
3084,-0.003395289509784548,0.0004765156758689713
3085,0.016272914061375286,0.0003811106293068843
3086,0.024024820970415882,0.00036755485153435754
3087,-0.0023242144699502664,0.00039357401470969364
3088,0.00406882985567103,0.0003278651138937811
3089,0.008900203312281328,0.00027498988757801624
3090,-0.00933441786049946,0.00024185895322352687
3091,-0.018492412618583705,0.0002298525989722168
3092,0.02905541129179404,0.00025281376177076285
3093,0.006172071982909524,0.0004447607538841199
3094,0.05631612114553284,0.0003570985152568992
3095,0.0004023010870195498,0.0009977974417247203
3096,0.032025957517947304,0.0008040014479937448
3097,0.03881691245300591,0.0008911132832152335
3098,0.0036726649339419923,0.00091940031641755
3099,0.03127684653088567,0.0007185472642497282
3100,-0.01599434452515718,0.0007901182608220038
3101,-0.05549591950681459,0.0007317027384393831
3102,-0.07986438887973259,0.0011492420394860036
3103,-0.028598984917599424,0.0019612652572397137
3104,0.020621965672982603,0.001551888325964907
3105,-0.0013122425395122135,0.0013194548383492863
3106,-0.029506391483984883,0.0010283254396090476
3107,-0.016983624500561977,0.0009764754898546575
3108,-0.006486609540761128,0.0007877438737730136
3109,0.00970624809007952,0.0006208604822896736
3110,-0.008248249748180862,0.0005153078794783286
3111,0.021652364029621868,0.00043463578276184536
3112,-0.02983283972783198,0.0004751751382775376
3113,-0.021482032098283418,0.0006480161756808293
3114,-0.052466822149673645,0.0005567794344489707
3115,0.029570377403841712,0.0009867434746341512
3116,-0.05369445100638117,0.0011188639230669648
3117,-0.00647642141115111,0.0017183327166909834
3118,0.023236481475156605,0.00133083714855589
3119,-0.006297187164400392,0.0011356022218983026
3120,0.050809706609691425,0.0009065418120096054
3121,-0.007827829510013443,0.0013318773981397132
3122,0.01140935826181086,0.001107273501551285
3123,-0.005717372454139278,0.0009108510597228851
3124,-0.009023328485739578,0.0007276769055446405
3125,-0.03278615051907248,0.0005829697487931356
3126,0.009317082073100467,0.0006795293041957886
3127,-0.0008594109894653502,0.0005900977506015708
3128,-0.05373713459384823,0.00047091587472348773
3129,0.009087719632984239,0.0009985065321139023
3130,0.003855518702869064,0.0008652286595302963
3131,0.0023758791473593092,0.0006756952919943791
3132,-0.0063293882058672426,0.0005333595064412637
3133,-0.012272867125962319,0.0004345467141732716
3134,-0.015309788946503233,0.00037555278848154305
3135,-0.004478248441377703,0.0003425833548337985
3136,-0.005522381251601257,0.0002803259735617274
3137,-0.03174966089718992,0.00023833760031827068
3138,0.01021441516600326,0.00040988652588137077
3139,0.03240773778649328,0.0003912870547190644
3140,-0.003540181947753125,0.0005035133775387256
3141,0.016056222752650562,0.00042164184310009337
3142,0.024067058601612304,0.00041159807522229573
3143,-0.012342967700281576,0.00042405364887072
3144,-0.014330453395729,0.0004020633910032352
3145,0.020809268673154833,0.00035124117191222314
3146,-0.023355127840983286,0.0004042944413710881
3147,0.019731978046995394,0.0005017677710031256
3148,0.013272236066386145,0.0005448210612977536
3149,-0.013856206735098107,0.0004471904185735101
3150,0.006962444474879898,0.00041231336508338397
3151,0.05018362847598725,0.0003553499079962201
3152,0.01815410344554371,0.0008032698206856007
3153,0.019754704134830787,0.000643906552249671
3154,0.002146983436044317,0.0005803926530979959
3155,0.014825777655092966,0.0004603734839545226
3156,0.025650930192343213,0.0004198578508424012
3157,-0.016538882508143074,0.0004510210707457272
3158,-0.00511914547653388,0.0004613906150900874
3159,0.01984921229070307,0.0003697781530924382
3160,-0.023974799820851676,0.0003891570172333511
3161,-0.04680291506902628,0.0004902031829724363
3162,-0.029579422299185785,0.0007654853352166831
3163,0.0224898825143078,0.0006994263476423722
3164,0.024798206874464518,0.0007100611244328391
3165,0.0069180052894398485,0.0006406873241285949
3166,-0.009133275154073054,0.0005074598173078428
3167,-0.02132234421358928,0.00042564060946364445
3168,0.0019403390303681844,0.00042548676625529715
3169,0.01749415231387858,0.0003502067065165251
3170,0.009913933463229472,0.0003442683880424405
3171,0.007501499128087674,0.0002904729200648026
3172,0.023813862682673003,0.0002485313442011208
3173,-0.005619600119412065,0.0003213141297754326
3174,-0.020639027636570263,0.0002868661116941735
3175,-0.02566791991880287,0.00031368423418609
3176,-0.004891290696834557,0.00036386844353384674
3177,-0.01814437762548369,0.00029577927950584894
3178,-0.024826329164476565,0.0003166365119030028
3179,-0.005148734933362107,0.00035898864858560685
3180,-0.030732943814575503,0.0002921912730233604
3181,-0.022762625917860747,0.000449022711389277
3182,-0.003880192706128619,0.0004206037599250138
3183,0.01630797785676832,0.00033879282706882763
3184,0.007273087281992788,0.000336567980498462
3185,-0.004025870421603694,0.00027843377349398113
3186,-0.00402549420463825,0.00023617891873864953
3187,0.025115850337256825,0.00020102325548776296
3188,0.006612954351449023,0.00031954104873526643
3189,0.00012543943547576892,0.0002625399502770228
3190,-0.010886997978257549,0.00021896092762229384
3191,0.004013444099453728,0.00021212138860505917
3192,-0.019949169400730195,0.0001894155777744183
3193,-0.004924334782116491,0.00026371547397581783
3194,-0.013812984016050758,0.00021991635059930774
3195,-0.00971646587278775,0.00022834632932386398
3196,-0.002940657769720502,0.0002036222950575537
3197,0.011954952383051583,0.0001748222897156035
3198,0.0364894861004324,0.00018592192974072438
3199,0.047343346638767346,0.0004172459890295704
3200,0.009172794062308672,0.0006981125426625932
3201,-0.024702625501079073,0.0005492087241760324
3202,0.03653916066425339,0.0005737616350273146
3203,0.030281537283362574,0.0008403319566469055
3204,-0.014175929743411642,0.0007616040780622226
3205,0.010229844581697754,0.0006743611238418575
3206,0.024992925610292583,0.0005749783282937742
3207,-0.037124128227477196,0.000564259935343038
3208,0.009690345370333519,0.0008333758815902283
3209,-0.022466193986979348,0.0007256068770561691
3210,-0.018525667072709844,0.0007226260468961002
3211,-0.02097976607334788,0.0006059470001846278
3212,0.04377298804400865,0.0005534336755795254
3213,-0.05484543229625063,0.0009413695399999656
3214,-0.04758150458270861,0.001661124980495714
3215,-0.08152992947904411,0.0015401563718582527
3216,-0.015504441030540233,0.00241963382781379
3217,-0.005984394826144517,0.0018536380604707763
3218,0.013230155522989007,0.0014325639653393978
3219,-0.01898254729770955,0.0011520248261082783
3220,-0.053536957245710816,0.0010001092911022876
3221,0.00232728863684865,0.001311869346381388
3222,0.022629323435442186,0.0010483521357641707
3223,-0.0022407959606021255,0.000904028075096929
3224,0.005260939053373497,0.0007140971537801861
3225,-0.0016070573166279856,0.000570744092324956
3226,-0.0056111540764015155,0.0004544613430771954
3227,-0.002982074362312937,0.0003699579971323843
3228,0.005353886357796535,0.000301206818307319
3229,7.776119443629659e-05,0.0002556186171252313
3230,0.006866808724510447,0.00021398270215018152
3231,-0.008318820110098353,0.0001933407997322798
3232,0.01145460518803286,0.0001877567654642942
3233,0.0010881985454417192,0.00020256779795660318
3234,-0.003245996652692506,0.00017413580512373625
3235,0.006720500282725711,0.00015383164347668917
3236,-0.01150179810764324,0.00014847073553482878
3237,-0.013927125570318973,0.00017009841456820798
3238,0.009177775037364186,0.00017703821705352047
3239,-0.01023948679494408,0.00018350243069658895
3240,-0.016613361163092616,0.00019434723596162309
3241,0.00626731037267132,0.00021096620747568497
3242,-0.00714021813890059,0.00019847649761116606
3243,0.0066884872119838045,0.00018849165802769412
3244,-0.0033931723608519723,0.00017905870439033326
3245,0.0025864396558528814,0.0001615853736661504
3246,0.010062319142162377,0.00014540389223538128
3247,-0.006651212942643992,0.00014945898424396207
3248,0.011810914181240131,0.00014956517881630467
3249,-0.006255802583004209,0.00017426989124858877
3250,-0.008657124588977789,0.0001702468302362404
3251,-0.034972455677971526,0.0001592805759817842
3252,-0.0237501603252679,0.0003911708396625708
3253,-0.01125842129767425,0.00037949547460413104
3254,0.04414816273294805,0.00032108570398334897
3255,0.009889244957720493,0.0007283899901031262
3256,0.009786378217000995,0.0005720351453257733
3257,0.0018196501026304563,0.0004743458817469039
3258,-0.03808453401914653,0.00037947204875427265
3259,-0.014850630360285349,0.0006292374301428248
3260,-0.011133625195270348,0.0005078171763909322
3261,-0.021127546144540106,0.0004256874752520571
3262,-0.07010961507797606,0.00042394901586675085
3263,0.052487729564237924,0.001314267293990877
3264,0.01521867731268232,0.0019865668919403895
3265,0.03542666966793655,0.0015260360946704656
3266,0.02005511330118238,0.0014500564019782707
3267,-0.043400738176818464,0.0011555029352387743
3268,0.02937055718761156,0.0013666358002624975
3269,-0.03980492546027622,0.0013907783804265755
3270,0.06269272094974292,0.0015813992784123496
3271,-0.021117720210916967,0.0023868754925692975
3272,-0.04942681984266042,0.0021172072904181802
3273,0.00046916984798015096,0.0020167445775827403
3274,-0.04260046028408904,0.0015667492289867715
3275,0.03535365368626179,0.0016467596672823178
3276,0.04776051988835598,0.0017078744574039115
3277,-0.015270152239666079,0.001645497365744879
3278,0.019040399621282626,0.0013866611152115098
3279,0.017475888752599728,0.0011968154031420139
3280,0.013297974874839047,0.0009621244537471725
3281,0.01702726735366558,0.0007746031396366186
3282,0.0004077718333587954,0.0006558362416378017
3283,-0.02051706690303596,0.0005185501506814249
3284,-0.004657688965987345,0.000501609709567705
3285,-0.028512166787653576,0.0004001937778164983
3286,-0.004056116202231908,0.000502465360567484
3287,0.032306525014946234,0.00040148102017039023
3288,-0.011800193804468357,0.0005509140339835079
3289,-0.03361818143033415,0.0005124457875719982
3290,-0.012975148966389231,0.0006062025534749343
3291,-0.03705859575732807,0.0004897818201064267
3292,-0.03184975455926163,0.0006735827797228393
3293,-0.014852072603557347,0.0006640290702734213
3294,0.017697350677577075,0.0005445954730142409
3295,0.009445346900036972,0.000519057021393029
3296,0.013088870515627854,0.0004198077775684132
3297,0.003750630296125123,0.00037002552759209415
3298,0.012058045342232055,0.0003007784135039605
3299,-0.008212117936493714,0.0002788362180796148
3300,-0.0031684914194599414,0.0002564447478465275
3301,-0.012200553693972712,0.0002145511948310372
3302,0.0053176617364088285,0.00021457797341104554
3303,-0.021110484795377728,0.00019607476986820225
3304,-0.00746141753891298,0.0002831903426062335
3305,0.003007133314256616,0.00023633719024149339
3306,0.008302221804927509,0.00020194887904336194
3307,-0.003934297186091174,0.00018575814604477895
3308,0.008651076811192903,0.00016746641390341885
3309,-0.011978964172833964,0.0001681593209967704
3310,0.0018180473053693309,0.00019091825616930627
3311,0.0031644500161851948,0.00016957680323405507
3312,-0.0034643610380897193,0.0001495821549891089
3313,0.010073949179195733,0.00013676348881632157
3314,-0.0007665035128496622,0.00014993859557315504
3315,-0.004667815957334442,0.00013562954404935267
3316,0.006415739815364392,0.00012642681576990056
3317,0.015257169105675641,0.00012748178097419082
3318,0.027866980807931215,0.0001587174995350245
3319,-0.01995314285784455,0.00027955017847064136
3320,0.011455128462828274,0.00037183550919664746
3321,0.013856338710409824,0.00036312568289790896
3322,0.014013328478365518,0.0003193982873261088
3323,-0.004764306540379026,0.0002933327804604604
3324,0.024098791506170905,0.00025382297811041185
3325,0.03459089900620984,0.00035773557364752806
3326,-0.011421814265468176,0.00048225232623191926
3327,-0.02275732616027245,0.00045313328802878115
3328,-0.01402283461230926,0.00044503287566645416
3329,-0.002208810009566416,0.00037983439260808516
3330,0.000477946856736918,0.0003078475435659768
3331,-0.00034311463579009895,0.00025334773273813385
3332,-0.010930242441236469,0.00021203462299673699
3333,0.012520466560759938,0.00020678266699063715
3334,-0.0035621108509979876,0.00022503485355375316
3335,0.008664139744819449,0.00020019687624924792
3336,-0.0026545639970616142,0.00019401955343149697
3337,-0.00606691866550695,0.00017196947982084883
3338,0.006666368021411484,0.00015609421721623812
3339,-8.135017148909547e-05,0.00015151319015045483
3340,0.002233294437687864,0.0001354364566672968
3341,0.006741701828743062,0.0001241100485405513
3342,-0.0012809675776490048,0.0001226262584416066
3343,-0.00032247112576005375,0.00011438184642426175
3344,-0.001092004830093509,0.00010668925070645033
3345,0.010433818473781494,0.00010113614556594622
3346,-0.008848384834837927,0.00012192354447559677
3347,0.003114577026257472,0.00013948346136546027
3348,0.013314200522595401,0.00013214490144548401
3349,0.001117075288688571,0.00015324970448729573
3350,-0.0022612362660312064,0.0001365656144748068
3351,0.006404374324015543,0.00012435775485031132
3352,-0.004984446781879593,0.00012454536043579235
3353,-0.0004500006570343515,0.0001234394360240248
3354,-0.002921711665779956,0.00011370938318579027
3355,0.009215191818785945,0.00010830441734480503
3356,0.014322068509264842,0.00012364206875761083
3357,-0.015659677680895875,0.00014729235047067322
3358,-0.004180837357867201,0.0002051193041824843
3359,0.004733046498642797,0.00017548534289882104
3360,-0.005032196733910483,0.00015815511072399068
3361,0.013706949835324474,0.0001479148317839567
3362,0.016723365621208762,0.0001817213640770323
3363,0.014588589752590921,0.0001991121591147065
3364,-0.020319111011256913,0.00020173263648363312
3365,-0.01760840778489266,0.0002877859008466583
3366,-0.0005178188887706709,0.00027524921307427137
3367,0.013920361666742645,0.00022960609878469926
3368,-0.0070786927032268285,0.00023437288190238863
3369,0.001789735395509145,0.00021916919527081944
3370,0.007279259116824791,0.00018932304134885105
3371,-0.013782094421346406,0.00017284405023539477
3372,-0.0033604201967478986,0.00020176167138474525
3373,-0.013470613442520223,0.0001729117444326384
3374,0.003102571227172786,0.00019104247671575454
3375,-0.002441260269960972,0.00017240831341872623
3376,-0.02006241024575537,0.00015360755566798154
3377,-0.00466802294022446,0.00021927705325962973
3378,-8.874038832143319e-05,0.00018627900786314728
3379,-0.009232270763738747,0.00016116531388952066
3380,0.011673300879431648,0.000161117333233931
3381,0.005344001685202577,0.00018303444168477783
3382,-0.017615585481836456,0.00016015421414418724
3383,0.00784327417123594,0.00021448396194622383
3384,0.0024608294417158274,0.00021229757364622643
3385,-0.014542432119348126,0.00018088332820276229
3386,0.0019582071049758453,0.00020417249748524302
3387,-0.0006970214207379584,0.00018017234755201354
3388,0.0016722427799745233,0.00015719053098631362
3389,-0.003242707477969741,0.00014003202291305427
3390,0.012339176623327437,0.00012909284379523649
3391,0.009217706105874631,0.00015590825583253412
3392,0.011868802175270433,0.00014761200411645006
3393,-0.002769336111433236,0.00015648462269442852
3394,-0.017761824814211825,0.00014399453497818807
3395,-0.008284643993173932,0.00019143904503190709
3396,-0.016221042801017865,0.00017028260588519882
3397,-0.005550640750190739,0.00020054984223966135
3398,0.002256089078569393,0.0001732806613314346
3399,0.01934379791865557,0.00015299913434454177
3400,0.014523089282353525,0.0002142876826935787
3401,0.0022020863356710585,0.0002076492400925948
3402,-0.020136435289327008,0.00017735931228888272
3403,-0.0065379987379489005,0.0002445148296679437
3404,-0.001084401940079151,0.00020657355321106516
3405,0.016657858742131115,0.00017662185296907275
3406,-0.001302171179941562,0.00021640322712840533
3407,-0.004651232303885477,0.0001890107638563667
3408,-0.013814259329912718,0.00016623422553750818
3409,0.009518895736695508,0.00018386467694117868
3410,0.0009359028978371143,0.00019242632467964321
3411,-0.003944518869459745,0.00016637312973477743
3412,0.018526097742661375,0.00014899302311623377
3413,0.011455792206032862,0.00021541937897373505
3414,0.017693859376652347,0.00019572444504616695
3415,0.011194688323237268,0.00022629631012419758
3416,0.018941181879981023,0.00020526414198972969
3417,-0.04460752902014988,0.00024222205109408155
3418,0.00047184307315333295,0.0007190912249427558
3419,0.00951953977001172,0.0005888562100106923
3420,-0.026790969155553172,0.00047836462724911013
3421,-0.020942759505210084,0.0005605793166609475
3422,-0.03600179968592308,0.0004956237866509445
3423,-0.029297388088004448,0.0006359794151826211
3424,0.005653886994540229,0.0006147806167916558
3425,0.01776517439562997,0.0005094015814898802
3426,-0.0069228489166133405,0.00046045032365786445
3427,0.022108143464565896,0.000391783108789932
3428,0.005604823814918626,0.0004469458434375167
3429,-0.02001308645981559,0.00035878971246926786
3430,0.008732484625313775,0.0003820434097887648
3431,-0.018395129386079696,0.00034634241447505093
3432,-0.04969973395543874,0.0003808404107460571
3433,-0.02565131586727562,0.000766031451117473
3434,0.006862400763706524,0.0006597030002092886
3435,0.006329982649260283,0.0005431311251330548
3436,0.0008908421531508859,0.00043556556366311874
3437,-0.007241935052077826,0.00035007734155064363
3438,-0.017456554816246823,0.00029696000909323114
3439,8.141884832611245e-05,0.00030168329049664173
3440,-0.014394353425166179,0.00025113428139174007
3441,-0.020781977814835498,0.0002608802181171302
3442,-0.0196313198466906,0.0002871516967358968
3443,-0.03567170465913264,0.00029445992133548784
3444,0.01329536260080624,0.00047614100113085433
3445,0.008189460788629336,0.0004692874564003166
3446,-0.008754115790167336,0.00037934328809437537
3447,-0.0010957055340788462,0.0003279241815238745
3448,0.02512306618060714,0.0002686760785444172
3449,0.0144770553712796,0.0003618379100138476
3450,0.010501343903870862,0.0003136241211177596
3451,-0.008033141480030872,0.00027402199339007907
3452,-0.006350494306536297,0.0002489835313470672
3453,-0.014353867304811904,0.00021286057342234841
3454,-0.007453096909522625,0.00022157640798978653
3455,0.00027587173491376224,0.00019279065277705626
3456,-0.0016419384470969525,0.00016644043716096312
3457,-0.008120316056784857,0.00014693005185494203
3458,-0.014447265709620552,0.00014462298627421848
3459,-0.006927797602929877,0.00016633016363687308
3460,0.003519155398167061,0.0001501251575034126
3461,-0.013408322877145655,0.00013806833612493396
3462,-0.02574023818060765,0.00017014757582941014
3463,-0.010447674224544495,0.00026441543940691395
3464,0.013678249064176978,0.00022775009583722212
3465,-0.014283582184351013,0.0002416725294321692
3466,0.0009892688444470721,0.00026994435454204355
3467,0.015348277947181622,0.00022917597515881673
3468,0.002996809901184734,0.00023982125356800205
3469,-0.0007078974389383018,0.00020173991180950628
3470,-0.008121678694493095,0.00017299465372975367
3471,0.009418468107454777,0.00016522779535701424
3472,-0.003882970131921338,0.00017238121993787956
3473,0.015852490397942242,0.0001590543962014028
3474,-0.010057408799137949,0.00020564247538741646
3475,0.004564705064328704,0.0002167955796716863
3476,-0.0008444121419160719,0.00019631393720127732
3477,-0.03127029096762459,0.00017000348919215058
3478,0.0034870999269616156,0.0003594106613118032
3479,-0.000756524592908854,0.0003137782179971817
3480,0.0002935530603809673,0.00025949608875972495
3481,0.019347141906762413,0.00021681540329384515
3482,-0.00021967600224514773,0.0002659523544539109
3483,0.001008130414287021,0.00022538913739275965
3484,0.007131853810954868,0.0001915745241419741
3485,0.001079952979621344,0.00017529708037621703
3486,-0.005299739256884058,0.0001528634286704297
3487,0.004314640311339542,0.00014193444793356538
3488,-0.015333734210942534,0.00013401786617009843
3489,0.006861015543062792,0.00018162795148005378
3490,-0.0017836916866381374,0.00018094544060087432
3491,0.013631618758145793,0.0001604839771805632
3492,-0.0007255416051394431,0.00018789010161347286
3493,-0.0033103654287636275,0.00016541531342427476
3494,-0.0002561470846116339,0.00014679991774119608
3495,0.01062474937178656,0.00013126288755369283
3496,-0.023636168268999346,0.00014429451874101582
3497,-0.018042031354683737,0.0002773518502068556
3498,-0.0061135845667730036,0.0002662178986187113
3499,-0.013896149574572617,0.00022445754837114104
3500,-0.0034559771926243425,0.00022867906377488343
3501,0.002306317322825254,0.00019341981327911502
3502,0.003982867540251349,0.0001679204389954798
3503,-0.002628243920034351,0.00014993860132306031
3504,0.0060507025885978725,0.00013610873923374756
3505,0.007096067937506085,0.00013323262996654348
3506,0.004451003888653307,0.00012821135081835623
3507,-0.010406501568686919,0.00011954602109885717
3508,0.022070812442864948,0.0001378718188011223
3509,-0.020807381194936036,0.0002562096435076123
3510,-0.008865428908534638,0.00036221235716711386
3511,0.016720082184636033,0.000297301953516746
3512,0.009206876973009896,0.0003129683843913429
3513,-0.0034664999875234706,0.00026418595524310354
3514,0.022590846662164866,0.00022494957282720877
3515,0.01547494485020598,0.00031360209969528345
3516,0.004953625948144004,0.0002827806596392006
3517,0.007484410802640366,0.0002359960552719445
3518,0.011705056525794384,0.0002094667399419353
3519,-0.0054784227901554785,0.0002022315670232555
3520,0.02119786787033179,0.00018606261174029053
3521,0.0035834524355773723,0.00027608705879203613
3522,0.019722639363283827,0.00022948921675064755
3523,0.013235034762430174,0.00028232288268970854
3524,0.00784957124981758,0.00025248344061266995
3525,-0.0007550945005982308,0.00021925854363894173
3526,-0.010104326009195934,0.00018703058705809924
3527,-0.007281802174314027,0.00018262526102672788
3528,0.004384072955306114,0.00016460907545864256
3529,0.0009041113077534568,0.0001513941904436377
3530,0.01425091494232406,0.0001347393185373137
3531,-0.0006665524880407925,0.0001675188368543779
3532,0.009132254218975549,0.00014983703473983652
3533,-0.012126387273314753,0.000155209278694445
3534,-0.0011779075942612875,0.0001821471357947863
3535,-0.017173037545206844,0.0001587005605992879
3536,0.0022942044806439875,0.0002085381631362825
3537,0.0009279021617588755,0.00018576288309346558
3538,-0.002030932677234798,0.00016079155066993432
3539,-0.0077869939498934095,0.00014271428684534568
3540,-0.009515878447213282,0.0001402568210264561
3541,0.007646497518356309,0.0001405020340006646
3542,-3.939234941094466e-05,0.00014565394364212888
3543,-0.006253215540750268,0.0001312230312408711
3544,-0.0037995041330072424,0.0001270524270109668
3545,-0.004027567964932626,0.00011777960657687475
3546,0.0113925846153928,0.00011196702322247321
3547,0.012816390627230882,0.0001374392282879506
3548,-0.0009551576645107462,0.0001478456461219619
3549,0.009438582842729004,0.00013414479054241115
3550,-0.009269322076126778,0.0001441942334631581
3551,0.0002477375930016357,0.00015784494602920203
3552,0.009830210361286345,0.00014109514137787088
3553,0.007044147903318958,0.0001461402146642175
3554,-0.01999943750936386,0.00013659887031344784
3555,0.004054695108616811,0.00022201118643628892
3556,0.04143893355386291,0.00020385949339592899
3557,0.0013747200334051247,0.0005249424253336825
3558,0.030395745350665342,0.0004280548120027858
3559,0.015637156322705684,0.0005689569436375053
3560,0.0019133447360963874,0.00046956442646208034
3561,0.01101137700113167,0.0003758424163013236
3562,-0.005517515775878389,0.0003317160722940412
3563,0.039839772007726246,0.00028482645350598034
3564,0.03301229000463209,0.0006173887568065607
3565,-0.0015121032921304844,0.0006211472095532873
3566,-0.06210545560823173,0.0005002394751968214
3567,0.021535639873265344,0.0012193309838406932
3568,0.018824288044734638,0.0012012975208991832
3569,0.02365684930487095,0.0009614427308293928
3570,-0.018971984366830074,0.0008486888057119192
3571,0.02502790697491056,0.0007841431243525314
3572,-0.0066859901201848995,0.0008118881477788455
3573,0.010124757339454041,0.0006717670824818045
3574,-0.03570525810434844,0.0005652514182177402
3575,0.010224892057543272,0.0007747699429243934
3576,-0.023863011877895666,0.0006799658758919209
3577,0.005802816337394694,0.0007043637581578668
3578,0.026000303422751576,0.0005830304746386514
3579,-0.0168575528685795,0.0005860083528518893
3580,0.028954010467139364,0.0005688868605587103
3581,0.04325856568721936,0.0006992610922444374
3582,0.023484365883309054,0.0008440932646511636
3583,-0.012132564149355613,0.0007165654510793011
3584,-0.023227495728292667,0.0006158730135578856
3585,0.011423583706756694,0.0005760939227286438
3586,0.0008993881082727856,0.0005102782477038777
3587,-0.03247143251840427,0.0004078680223713931
3588,-0.019319761128078372,0.0005565945112162219
3589,-0.026809878217989653,0.00047786034476473644
3590,0.025657250878613064,0.0005121465714785156
3591,-0.01785060866647467,0.0006165791117218559
3592,-0.003716485302325991,0.0006168200952461493
3593,0.013551891753224481,0.00048778066207974996
3594,0.007706938680002763,0.00042892066719720445
3595,-0.043053065607593526,0.0003505373228916773
3596,-0.048539957002159725,0.0007172756251799697
3597,0.005980430370928373,0.0009098376641531311
3598,-0.0007041834150122256,0.0007536427999644993
3599,0.036518868597001965,0.0005940041141986769
3600,0.002084020208197529,0.0007786012989107397
3601,0.016763001991029373,0.0006169442748188793
3602,0.024052545654798557,0.0005587958549797278
3603,-0.0010126988196123988,0.0005356583678959155
3604,0.005326168817378982,0.0004319389668593287
3605,-0.0032808732187110056,0.0003564169779889419
3606,-0.03141752204748428,0.00029479036701416636
3607,0.0014358801995969517,0.000449714146338314
3608,-0.0053066063943030305,0.00037397687488257354
3609,-0.020641660010951086,0.00031395228676799666
3610,0.008325963285077238,0.00034003784401909735
3611,0.0002103017676228325,0.000311183676053572
3612,-0.010296620637219225,0.00025700903979824965
3613,-0.0067795247433202,0.00023619426793587044
3614,0.008689769451993417,0.00020402596931201657
3615,-0.023675758671921933,0.00019538362262816323
3616,-0.030326878887342312,0.0003144018503935277
3617,0.00890857308446695,0.00039768382696435384
3618,-0.02049750614784148,0.00036528680615488356
3619,0.0003726713769216583,0.0004183564145290503
3620,0.013749659812380528,0.000343000975469944
3621,-0.03576944561056025,0.0003156787688307934
3622,-0.027404550533248893,0.0005864683361203426
3623,-0.004439612309213753,0.0005490406744337479
3624,-0.002894575249799941,0.00043611074662924045
3625,0.010881898929785378,0.00035224067013156973
3626,-0.0008563828475228219,0.0003161074914668966
3627,-0.010618756763876656,0.0002618432444664627
3628,-0.017349062894216696,0.00024046184252100866
3629,-0.0030152351245121634,0.0002542476436706972
3630,-0.018553851272341753,0.00021267597089688137
3631,-0.005101941808738642,0.00025787746315239604
3632,0.026628182431745855,0.00021578784909861347
3633,0.016623518855481034,0.00034420429519116413
3634,0.011733367056248827,0.0003081906771721748
3635,-0.002071176810626695,0.0002734023602138595
3636,0.007267345803690179,0.00023076888996728778
3637,-0.021036062922907318,0.00020943135960553333
3638,0.006657219464802855,0.00029320039814553664
3639,0.003788928841784912,0.00027068513176958515
3640,-0.019903091017942198,0.00022560267991697045
3641,-0.004756529813334876,0.0002816562531469873
3642,-0.007619132863162356,0.00023352344695782797
3643,-0.029003158770854562,0.000209449247185125
3644,-0.021710414786293646,0.00034628939143425784
3645,-0.008605804264672343,0.00033975876225928874
3646,0.0012505976207097703,0.0002837217666633386
3647,0.026010431826513764,0.00023622559655641344
3648,-0.013864604604872679,0.00034382216494333484
3649,-0.0016561381075538737,0.00036172392708583
3650,-0.03539870683441043,0.0002952677502644635
3651,-0.006855047175230797,0.0005295755670904317
3652,-0.036575589727046616,0.0004213791486669508
3653,-0.023037064068260574,0.0006383002993787146
3654,-0.031942277284664956,0.0005570579649122674
3655,0.031404010024220205,0.0006258792849208552
3656,0.002058231574963061,0.0008036995505616899
3657,-0.024139393746177466,0.0006360572691286974
3658,-0.019721008075922582,0.0006193968378345265
3659,0.04727897858687632,0.0005393466787160123
3660,0.08145147951219371,0.0009922652541060814
3661,-0.05539609261854395,0.0018950506366413752
3662,0.047044229690256845,0.0025452458437527606
3663,0.025443589421482234,0.002787535064418676
3664,0.04657929763989103,0.0021688974976526837
3665,0.06521988428472653,0.002092702459335522
3666,-0.0013292233572732325,0.002307254130814189
3667,-0.00990572680388872,0.0018053329213934856
3668,-0.020711161098112937,0.0013998069702839324
3669,-0.015088799884240774,0.0011628612592055033
3670,0.02108454356534369,0.0009287911082747984
3671,0.016285210999781946,0.0008452449317456394
3672,0.01010642089259613,0.0006898160883556055
3673,-0.01943394557550147,0.0005560836529385789
3674,-0.005896379921231793,0.0005396403826646648
3675,-0.0035280531967553093,0.00042949638333962325
3676,-0.024452528323901292,0.00034775967350571756
3677,0.009779094160205224,0.00040932520064386105
3678,0.013131818941452319,0.00037801644134540023
3679,0.00756830678516322,0.00032919993541123465
3680,-0.016491668247239768,0.0002761651517509269
3681,-0.0018897506628236468,0.0002982638172312061
3682,0.016394436238182306,0.00024669552723884526
3683,-0.006155481768740463,0.0002641002356768198
3684,-0.026907607378212257,0.00023999309027092082
3685,-0.018753824066571438,0.00034033726012696697
3686,-0.009600710733961175,0.0003191351829403072
3687,-0.01661469198823936,0.00027211912947234444
3688,-0.04174597962578374,0.00027766130430478255
3689,0.0017193793788297129,0.0005617631039042674
3690,0.004896614859976639,0.00046644204073194865
3691,-0.017406585580088986,0.00037535811208023377
3692,0.010587794989947366,0.0003764800172804345
3693,-0.02782800894259229,0.0003506712480953178
3694,0.025641477038104654,0.0004960544641467678
3695,0.0048145724129656856,0.0006229692609204598
3696,0.03389411512955718,0.0004927809278481502
3697,0.00858752701588717,0.0006541600201003888
3698,0.005358200184213972,0.0005162608978602092
3699,-0.03696519057543458,0.000416874611926702
3700,0.009248784257759527,0.000656777742728421
3701,-0.02156479937056118,0.0005823969709526801
3702,0.008372041360843083,0.0006010256270415474
3703,-0.01040263860236212,0.0005161217709466638
3704,-0.014463987584825685,0.00044974328834689455
3705,0.022354160345398128,0.0003915142311585946
3706,-0.04150359641176886,0.0004530258430924289
3707,-0.009676839349361668,0.0008457308677272429
3708,0.008297447425985711,0.0006609078951241167
3709,-0.015475111578827251,0.0005362147329721819
3710,0.014721437962440295,0.0004919691199716256
3711,0.0025137314475085484,0.000466861786175047
3712,-0.004167825641258223,0.00037413531928987817
3713,-0.0009832529026908864,0.00030692657251660233
3714,-0.02933736387642889,0.0002526000396611608
3715,-0.020165038157438947,0.00040217695394909053
3716,0.00667555350043143,0.00036920304819722954
3717,0.033752378577902906,0.00032019097408622567
3718,0.009206437281967954,0.00048707593015028867
3719,-0.006769563548845522,0.00039069861999020407
3720,-0.01655322821737485,0.00032797826672620317
3721,-0.0049438892228587305,0.00031886151656675956
3722,-0.0068858877092503705,0.00026239770710557113
3723,-0.01889376523235861,0.00022825182434527762
3724,0.003614274231596488,0.00026145460746541884
3725,-0.016801352609275358,0.0002297285589012023
3726,-0.03382805621431879,0.00026839084600890385
3727,-0.020950149362708254,0.00042426883379166353
3728,0.014766853647742311,0.00038997370680955316
3729,-0.01981292601100053,0.00038595042485215387
3730,-0.01842703654340544,0.00043490313235939536
3731,-0.009540586593118934,0.0003906756266839852
3732,0.027041685346376507,0.0003261650334553564
3733,0.0037337052720334165,0.00044673696301144683
3734,-0.03647795453919785,0.00035953351403839354
3735,0.012859645021623914,0.000581115510555396
3736,-0.012538182156435446,0.0005516717552457801
3737,-0.006396780858253328,0.0005000736206187737
3738,0.035118721657524186,0.000400911560816607
3739,0.02788609087791882,0.0006074309681699431
3740,-0.0384404127257046,0.0005740603174285468
3741,-0.04348285196577935,0.0008594515456590142
3742,0.0026643675744967643,0.0009390057945352791
3743,0.05427756541573984,0.0007529346114416031
3744,0.042045191744069836,0.0011974558365996284
3745,-0.0003203331075305882,0.001145118338131217
3746,-0.006585475593885734,0.0008979261745999262
3747,0.009254095349930005,0.0007064598648987038
3748,0.003691791411187415,0.0005790394541661133
3749,-0.0072587467417956075,0.00045935088316155037
3750,0.007343361939341504,0.00038087294421456855
3751,0.016282445748404234,0.0003262383930408276
3752,0.0010888557529885102,0.0003136344577455005
3753,-0.0011162136900097948,0.0002584637221347375
3754,-0.002171528546954559,0.0002159852909058971
3755,-0.0033396934865967277,0.0001845845180452635
3756,-0.01704842211625456,0.00016178024361058387
3757,-0.008279777006200415,0.00020270323124458277
3758,0.00847335582548396,0.00017894178416973658
3759,0.0026488086621290967,0.00017557429879358242
3760,-0.020215755094019187,0.00015316122304316948
3761,0.016307705320721354,0.00022816696410374237
3762,0.013658665403684498,0.0002862251126608113
3763,-0.011082825500172491,0.0002567260948632912
3764,-0.003009745751290607,0.0002522432536925964
3765,0.021700978602178584,0.00021117767049231607
3766,-0.026857149511878883,0.00028532711495145703
3767,-0.03995530286635335,0.00045435854431954736
3768,-0.013548955529559014,0.0006138624908858873
3769,-0.06804264418962001,0.0004950436972424539
3770,-0.02500184892709159,0.0013828544584935643
3771,-0.012103420698654999,0.0010962828056472736
3772,-0.00958419838443881,0.0008720354349599314
3773,-0.029718144432777968,0.000693582535355527
3774,-0.04369944394466093,0.0007218104129969597
3775,-0.01435238968153568,0.0008863066483209524
3776,0.00027504617236749076,0.0007012103748640142
3777,0.010737480736775065,0.0005519718930756304
3778,0.036813021093550974,0.00046234031001703157
3779,0.016755244404114626,0.0006374992709452583
3780,-0.04868526625366692,0.0005236933703875034
3781,0.018805421411361375,0.0009871903390190262
3782,0.045236677507399195,0.0009578410170046148
3783,0.038463077758237804,0.001087780639599684
3784,0.01757184497125738,0.0010496367414560598
3785,0.030119786166778264,0.0008439097067582464
3786,0.001471439992066253,0.0008311410483129233
3787,0.012883702974969527,0.0006538490388535623
3788,-0.007612704900337401,0.0005575394122484858
3789,-0.00661236341085634,0.0004667323307982268
3790,-0.010042134463857377,0.00037812663650348973
3791,0.012885560846356812,0.0003250456615751482
3792,-0.00595144633741147,0.00031473881509291586
3793,0.012385857193292197,0.00027645634957618865
3794,0.030149788953939424,0.0002745158523479638
3795,0.021894873044578364,0.00039269615894975396
3796,0.02169056908010358,0.00037660577166829536
3797,0.0024567165028210954,0.00038012803310542414
3798,0.03913813351511006,0.0003084496047339144
3799,0.03883805846263477,0.0005988067850175488
3800,0.026479990679907677,0.0006836769097273005
3801,-0.06249337849052236,0.0006284070722730385
3802,0.017048155874002532,0.0014828790623102276
3803,0.0209574987156648,0.0013538288499787042
3804,0.03910544729265412,0.001093539358219978
3805,-0.014827617764666883,0.0011381962260429627
3806,-0.008656660514122177,0.0009925288231078062
3807,0.01535283769387414,0.0007758536295108642
3808,0.04899475547315638,0.0006662061362804038
3809,0.006129901449143845,0.0009881958191309923
3810,0.01197455908463101,0.0007712277864405264
3811,0.014377086708894673,0.0006399714006917111
3812,0.03184752915080882,0.0005357968777735663
3813,0.03402477680100906,0.0006184239335219531
3814,0.014855777108417826,0.0006625285116274923
3815,0.025458237271119195,0.0005404883332861709
3816,-0.011766366627463066,0.0005531957155472388
3817,-0.04509852780931969,0.0005005618531856104
3818,-0.0017972959989367232,0.0007853614333003097
3819,0.06619300705892978,0.0006253490227705902
3820,0.05146291621830242,0.0014268835268462354
3821,0.05153943051154391,0.0014245098670240576
3822,0.0012950352032184342,0.0015237760069068745
3823,-0.009929032741920328,0.0011878747094972424
3824,-0.021865155518705146,0.0009356710159739893
3825,-0.012295932804574333,0.0008192653918454305
3826,0.018668943688117834,0.0006556198765987885
3827,-0.010469814449790607,0.00060880736294794
3828,-0.011485877412670088,0.0005290675098994076
3829,-0.01210711541993091,0.00043688598465408985
3830,0.0036305889577027644,0.00037494807661470796
3831,0.02196797279937553,0.00031151648166758615
3832,0.02734853233424836,0.0003520442569504476
3833,0.020175198103176556,0.0004050920960811189
3834,0.014184374073407714,0.0003798887022752063
3835,0.03761288022380317,0.0003348265279780467
3836,-0.004973448674611884,0.0005513670380390828
3837,0.013902055456034554,0.0004711280787783318
3838,-0.0077933622962259455,0.00043692459751931223
3839,0.0005202840868623193,0.00037882516751074633
3840,-0.003595828074395048,0.00030884146341049056
3841,0.036705118033266516,0.0002579168660353059
3842,-0.02513370372070898,0.0005289625562042356
3843,-0.011593328661861085,0.0006607236333230235
3844,0.01725597961863507,0.0005259049563490116
3845,-0.03191398148051877,0.0004925450185978371
3846,-0.016505967746605888,0.000675899691548355
3847,-0.03092492061832846,0.0005509002043452714
3848,-0.0037455345149517735,0.0006248409006025428
3849,-0.018528728626465412,0.0004946125564518174
3850,-0.031221846128403254,0.0004749169472533232
3851,0.003966612603302191,0.0005457124933533272
3852,0.006819933280022494,0.00045395396455224195
3853,-0.015134508461266778,0.0003692375963078754
3854,0.0015565923895584438,0.0003576324481327815
3855,0.012479815486753667,0.0002962953394927681
3856,0.008216040359258254,0.0002738074896965773
3857,-0.006323365908781066,0.00023511461529834423
3858,-0.001194562832730385,0.00021076248371771259
3859,0.001750506497310851,0.0001797462523146523
3860,-0.007149293558677148,0.00015683958044972998
3861,0.0019925388641766698,0.00015133403483909386
3862,-0.0069951018943791325,0.00013745689347909786
3863,-0.002363988675355221,0.00013741406793571267
3864,-0.015936927755805658,0.0001242680934471742
3865,-0.006731290396057805,0.00016947946644915116
3866,0.01198196790752701,0.00015113594749393224
3867,0.012683899419280062,0.0001703636543015431
3868,-0.010025672245465071,0.00017164767348344602
3869,-0.019885564708157152,0.00018258961252814345
3870,0.008171417477073253,0.0002256258107092216
3871,-0.004655463463723266,0.0002216507208780585
3872,-0.011424320616538083,0.00019907909212075407
3873,0.012747511328424055,0.00019295239816083414
3874,-0.014983289410107839,0.0002148732262569352
3875,-0.004639528556745327,0.00025502836125174295
3876,0.03143225967263105,0.00021345735247799773
3877,-0.0002055438721127989,0.00040396717871072485
3878,-0.01207405353067308,0.000336128355243981
3879,0.0027426898682272054,0.0003001364766777986
3880,-0.008829533058198075,0.0002528730570755732
3881,-0.011860188706021204,0.00023316819910695725
3882,-0.0051829537401357475,0.00021819328557872884
3883,-0.001688427825525569,0.0001875692726520581
3884,-0.003194643433061658,0.00016238209324668756
3885,0.014034885856835811,0.0001450298319422205
3886,0.01601098262973261,0.00017757762140302474
3887,0.022504002056994005,0.00019211622106547294
3888,0.0001781715029843578,0.0002529697035322191
3889,-0.021447674044211964,0.00021508189699850965
3890,0.0009236338063275961,0.000277700371541645
3891,0.014715472632283035,0.00023638046566021767
3892,-0.006588142705067002,0.00024054752404481974
3893,-0.0007910490513035343,0.00022190258406224586
3894,0.0026910370491501053,0.0001884497517156225
3895,-0.009736827451041319,0.0001641504429465232
3896,-0.004972495734796908,0.00016770198157927842
3897,0.0035152385047520947,0.00014891266692353274
3898,-0.00784170925516775,0.0001365913915250533
3899,-0.02181799978181891,0.00014027262975199433
3900,-0.011730244067326583,0.00021546145114385225
3901,-0.008890960793391361,0.00019615191193103133
3902,-0.02134501241935375,0.0001805712708332649
3903,-0.006594004089594255,0.00024428669619912523
3904,0.01112001258260427,0.00020652906041044675
3905,0.00905756011785134,0.0002065995381244195
3906,-0.01222423419390229,0.0001864335589528115
3907,-0.00971438285532299,0.00020234471268698538
3908,-0.011976136256699826,0.00018397690687419946
3909,0.0016487254762221047,0.00018416645304441254
3910,0.013657584948785568,0.0001628035716996451
3911,-0.00839541459184926,0.00018019110699650092
3912,0.021906247580779126,0.00018364181546974678
3913,0.010803877656187478,0.00028903582110672725
3914,0.010789970555968816,0.00024659485650662825
3915,0.030251717118573586,0.00022730973353540516
3916,0.007021137101131202,0.0003699519422223797
3917,-0.015516114777385376,0.00030067788630498953
3918,-0.017450227920085215,0.00030307335219283165
3919,-0.008735397611267539,0.00029453161373454566
3920,-0.021629632861713374,0.0002507102274229625
3921,-0.0013781475580956016,0.0003027675819796582
3922,0.001111647639996507,0.00025121220577928213
3923,-0.0016165542893872144,0.0002104345600298487
3924,-0.03139360551244728,0.00018013177483450766
3925,0.00865317972488188,0.0003705624418054384
3926,0.007797643806172902,0.00035104223587799994
3927,-0.038365839836670704,0.00029094579659662924
3928,0.0032761333642476564,0.0005842333744269802
3929,0.015370314535394558,0.0004914295982981979
3930,0.00034490853823143295,0.00043015770196937544
3931,-0.02776983173103395,0.00034719045150043804
3932,0.0015945654516207996,0.0004485749042350416
3933,0.015948123201665103,0.00037147166067577235
3934,-0.0029448773723017465,0.0003480061026284885
3935,-0.003951066572408411,0.00029150856060991933
3936,0.0005469307955462978,0.000242569795238813
3937,0.0016442982931857953,0.00020409583504471234
3938,-0.01368641407159111,0.00017511214068619292
3939,-0.023904190219458346,0.0001961117093891061
3940,-0.015844239532272507,0.00026688354885097274
3941,0.01084842672016101,0.00025173580218034374
3942,0.020761464332132166,0.0002495826860334793
3943,-0.007173406104589218,0.0002814776354281244
3944,0.010176801930887236,0.00025962485844198283
3945,-0.003476147734272415,0.0002509904115565345
3946,-0.020112701492766612,0.00021827906352552435
3947,0.00044035259013262883,0.00026455702543683694
3948,0.004722653079796131,0.00022463280599465134
3949,-0.002075109262898911,0.0001934961743235288
3950,-0.011640475947697874,0.00016845571249206022
3951,-0.0011022489566016236,0.00017479602256526325
3952,-0.014090110673640226,0.00015276687456104485
3953,-0.0026122313037652313,0.0001813989115807548
3954,-0.003136817934927279,0.0001574912728482876
3955,0.006793449228718264,0.0001416320110475478
3956,0.033285481611683425,0.0001396708790102941
3957,-0.01793860320199847,0.0003498679320899914
3958,-0.008708663463775954,0.0004181458626495111
3959,-0.010577186451445621,0.0003398821296848978
3960,0.019650408080855167,0.00029899729465858666
3961,-0.0008152456348675713,0.0003509172586906271
3962,0.004803418687222729,0.0002921019633073793
3963,0.02435687227168967,0.0002490591957316193
3964,-0.03311985900962435,0.0003277788056191002
3965,-0.01904781400991185,0.0005871914997954605
3966,0.021541867522101656,0.0004931503497994436
3967,-0.007563191715151625,0.0005201741219070846
3968,0.03448318297418717,0.0004487356492422734
3969,0.010964193019162308,0.0006650007251717191
3970,-0.003966719021126865,0.0005264354626158281
3971,-0.0038047863840430817,0.00042375403214459323
3972,-0.02255207567778425,0.0003429281215022421
3973,-0.026858554232419358,0.0003870873291700561
3974,0.007433736508707858,0.00042424876024772226
3975,-0.007025816922055981,0.00037364244119687936
3976,0.0029249175714783204,0.00032319807409664664
3977,-0.030621339591774665,0.00027021041720203497
3978,0.02099441513862199,0.00044697691328099697
3979,-0.039667807362924794,0.000526711671647394
3980,-0.035176872626648016,0.0008755247338566875
3981,0.008402445969420276,0.000832052684588477
3982,-0.0036662546071697384,0.0006923590708535254
3983,0.010612974247205087,0.0005540285414758901
3984,0.020388523402899712,0.00047156155583632045
3985,0.0210068741906929,0.00044880280696732184
3986,-0.03216168574875362,0.00042676008161909667
3987,0.02340150702526777,0.0006269406441075705
3988,0.017054039092454284,0.0007051451241635798
3989,0.02888036815257014,0.0005799606928435603
3990,-0.023189791499000464,0.0006175849974808903
3991,-0.02637412309873076,0.0006706965312176511
3992,-0.01434926543433528,0.0006214414957030951
3993,-0.018060513824198373,0.0005137759931213972
3994,-0.00953360136480994,0.00046605496594452536
3995,-0.02235488047184837,0.0003818585124485687
3996,0.017737650108985027,0.00040801686967769664
3997,0.0560600108739283,0.0004374222790468406
3998,-0.0027364734819852864,0.0009412910387041693
3999,-0.01671201647020543,0.0007728013572478072
4000,0.02182923085662482,0.0006490094314921731
