Date,Open,High,Low,Close,Volume,Dividends,Stock Splits
2019-01-02,78.165,81.325,77.99,80.604,6384800,0.0,0.0
2019-01-03,80.874,81.041,78.696,79.06,6496200,0.0,0.0
2019-01-04,80.306,80.823,79.716,80.699,7952500,0.0,0.0
2019-01-07,80.874,82.235,80.044,81.748,5712700,0.0,0.0
2019-01-08,82.578,82.862,81.318,81.391,5674900,0.0,0.0
2019-01-09,82.061,83.015,81.886,82.483,7097000,0.0,0.0
2019-01-10,81.93,82.745,81.347,82.614,6078300,0.0,0.0
2019-01-11,82.286,82.323,81.318,81.951,4491700,0.0,0.0
2019-01-14,81.078,81.806,80.888,81.354,6121700,0.0,0.0
2019-01-15,81.544,82.337,81.201,81.646,4226100,0.0,0.0
2019-01-16,81.143,81.791,80.99,81.121,5624100,0.0,0.0
2019-01-17,80.648,81.769,80.226,81.529,4442700,0.0,0.0
2019-01-18,83.007,83.488,82.33,83.284,9382000,0.0,0.0
2019-01-22,82.374,82.614,81.522,81.806,7242000,0.0,0.0
2019-01-23,81.835,82.046,80.408,81.114,6082300,0.0,0.0
2019-01-24,80.852,82.883,80.764,82.658,8470700,0.0,0.0
2019-01-25,83.058,83.583,82.279,82.447,6261800,0.0,0.0
2019-01-28,81.493,81.973,80.881,81.682,6886600,0.0,0.0
2019-01-29,82.308,82.541,81.391,81.434,5359900,0.0,0.0
2019-01-30,81.944,82.76,81.544,82.294,7941700,0.0,0.0
2019-01-31,82.869,84.041,82.563,83.488,11225600,0.0,0.0
2019-02-01,84.944,86.838,84.908,86.197,10934300,0.0,0.0
2019-02-04,85.563,87.202,84.697,87.194,7987900,0.0,0.0
2019-02-05,87.107,87.282,86.43,87.005,6887400,0.0,0.0
2019-02-06,86.656,87.085,86.43,86.568,4990400,0.0,0.0
2019-02-07,85.935,86.299,84.842,86.095,7281900,0.0,0.0
2019-02-08,85.738,85.847,84.413,85.622,5671000,0.0,0.0
2019-02-11,85.148,85.461,84.755,85.163,4859600,0.0,0.0
2019-02-12,86.168,86.561,85.643,86.452,5400700,0.0,0.0
2019-02-13,86.772,87.668,86.437,87.071,5935900,0.0,0.0
2019-02-14,87.063,87.916,86.541,86.909,5406500,1.19,0.0
2019-02-15,87.983,88.159,87.225,87.784,6209800,0.0,0.0
2019-02-19,87.453,88.159,87.129,87.755,4277800,0.0,0.0
2019-02-20,87.755,88.792,87.527,88.468,5940600,0.0,0.0
2019-02-21,88.314,88.498,87.078,87.63,5139400,0.0,0.0
2019-02-22,88.468,88.601,87.416,87.814,4517600,0.0,0.0
2019-02-25,87.828,88.571,87.799,87.983,5196600,0.0,0.0
2019-02-26,88.122,88.976,88.027,88.218,5445600,0.0,0.0
2019-02-27,88.475,89.211,88.181,88.321,5289800,0.0,0.0
2019-02-28,88.262,88.38,87.152,87.953,6406500,0.0,0.0
2019-03-01,88.549,89.763,88.387,89.755,7743600,0.0,0.0
2019-03-04,90.226,90.351,88.667,89.822,7499500,0.0,0.0
2019-03-05,89.638,90.726,89.432,90.682,7345200,0.0,0.0
2019-03-06,90.594,91.719,89.954,90.859,7599900,0.0,0.0
2019-03-07,90.778,90.837,89.513,89.689,7201100,0.0,0.0
2019-03-08,88.336,89.682,87.674,89.454,7014100,0.0,0.0
2019-03-11,90.373,91.351,90.285,90.925,6088600,0.0,0.0
2019-03-12,91.087,91.91,90.748,91.131,6184300,0.0,0.0
2019-03-13,91.646,91.888,91.131,91.697,4707000,0.0,0.0
2019-03-14,91.763,92.278,91.557,91.646,5146400,0.0,0.0
2019-03-15,91.638,92.249,91.462,92.168,10449700,0.0,0.0
2019-03-18,92.094,92.771,92.065,92.587,5586900,0.0,0.0
2019-03-19,93.087,93.352,91.749,92.146,5096800,0.0,0.0
2019-03-20,91.969,92.925,91.704,91.712,6708500,0.0,0.0
2019-03-21,91.844,92.646,91.579,92.572,5050400,0.0,0.0
2019-03-22,91.829,91.866,90.248,90.535,5786800,0.0,0.0
2019-03-25,90.417,90.726,89.961,90.388,3837500,0.0,0.0
2019-03-26,91.035,91.874,90.748,91.3,4079800,0.0,0.0
2019-03-27,91.19,91.557,89.748,90.314,3727800,0.0,0.0
2019-03-28,90.175,90.586,89.998,90.483,4057700,0.0,0.0
2019-03-29,91.41,91.55,90.094,90.601,5318600,0.0,0.0
2019-04-01,91.109,92.138,90.8,91.896,5506300,0.0,0.0
2019-04-02,92.087,92.263,91.285,91.888,4362700,0.0,0.0
2019-04-03,92.102,92.197,90.866,91.123,3595400,0.0,0.0
2019-04-04,91.212,91.815,90.873,91.793,3715400,0.0,0.0
2019-04-05,92.124,93.146,92.087,92.984,5551400,0.0,0.0
2019-04-08,93.242,93.661,92.844,93.175,5483100,0.0,0.0
2019-04-09,92.889,92.889,92.028,92.337,4143400,0.0,0.0
2019-04-10,92.778,93.095,92.035,92.3,3970000,0.0,0.0
2019-04-11,92.19,92.867,91.756,92.668,3248300,0.0,0.0
2019-04-12,89.424,89.733,87.527,88.086,42693700,0.0,0.0
2019-04-15,88.277,89.012,87.769,88.365,13369100,0.0,0.0
2019-04-16,88.578,89.233,88.306,89.123,11942900,0.0,0.0
2019-04-17,89.88,90.13,88.299,88.461,11898100,0.0,0.0
2019-04-18,88.645,88.865,87.6,88.159,9546500,0.0,0.0
2019-04-22,88.836,89.741,88.593,89.66,7946200,0.0,0.0
2019-04-23,89.535,89.939,89.255,89.748,9079200,0.0,0.0
2019-04-24,89.255,89.314,86.857,86.997,22115000,0.0,0.0
2019-04-25,86.828,87.306,86.35,86.718,10636400,0.0,0.0
2019-04-26,87.085,87.159,85.063,86.129,11626700,0.0,0.0
2019-04-29,86.063,86.872,85.835,86.585,9404000,0.0,0.0
2019-04-30,89.071,89.674,88.005,88.306,21431500,0.0,0.0
2019-05-01,88.115,88.365,86.615,86.651,10097000,0.0,0.0
2019-05-02,86.262,87.144,85.526,85.6,9495600,0.0,0.0
2019-05-03,86.563,87.196,86.137,86.254,7364900,0.0,0.0
2019-05-06,86.423,88.144,86.401,87.085,11035000,0.0,0.0
2019-05-07,86.276,86.99,85.688,86.99,9165200,0.0,0.0
2019-05-08,87.063,87.144,86.35,86.423,6229000,0.0,0.0
2019-05-09,89.086,89.969,88.159,89.137,16496300,0.0,0.0
2019-05-10,89.123,89.932,88.137,89.726,8787900,0.0,0.0
2019-05-13,89.667,89.924,88.27,88.586,7701200,0.0,0.0
2019-05-14,88.755,89.917,88.637,89.468,6858500,0.0,0.0
2019-05-15,89.145,90.094,88.902,89.836,6945000,0.0,0.0
2019-05-16,89.866,90.282,89.524,89.725,8543300,1.19,0.0
2019-05-17,89.175,89.955,89.041,89.517,6870900,0.0,0.0
2019-05-20,89.658,90.029,89.532,89.754,4569700,0.0,0.0
2019-05-21,89.896,90.572,89.799,90.126,4859400,0.0,0.0
2019-05-22,89.799,90.2,89.383,89.554,5763300,0.0,0.0
2019-05-23,88.247,88.291,86.798,87.548,11000200,0.0,0.0
2019-05-24,87.868,88.336,87.185,88.172,4890800,0.0,0.0
2019-05-28,88.299,88.626,87.771,87.875,8145100,0.0,0.0
2019-05-29,86.932,87.17,86.026,86.731,7451300,0.0,0.0
2019-05-30,86.561,86.709,85.305,85.699,5807900,0.0,0.0
2019-05-31,84.837,85.565,84.466,84.563,6899800,0.0,0.0
2019-06-03,85.194,86.234,85.023,86.152,6100800,0.0,0.0
2019-06-04,86.605,87.407,86.375,87.125,5235600,0.0,0.0
2019-06-05,87.549,87.667,86.36,87.385,5105700,0.0,0.0
2019-06-06,87.801,89.992,87.727,89.636,7370100,0.0,0.0
2019-06-07,89.68,90.705,89.524,90.23,5343100,0.0,0.0
2019-06-10,90.765,91.181,90.401,90.831,5708800,0.0,0.0
2019-06-11,91.634,91.73,89.985,90.0,5625100,0.0,0.0
2019-06-12,89.413,89.561,88.804,89.272,4000100,0.0,0.0
2019-06-13,90.052,90.534,89.472,89.806,3993300,0.0,0.0
2019-06-14,89.873,89.992,89.405,89.732,3366800,0.0,0.0
2019-06-17,89.665,90.497,89.413,90.163,4219100,0.0,0.0
2019-06-18,90.579,92.005,90.512,91.307,4884300,0.0,0.0
2019-06-19,90.995,91.715,90.779,91.277,3847100,0.0,0.0
2019-06-20,92.332,92.622,91.804,92.31,7771700,0.0,0.0
2019-06-21,92.696,93.736,92.272,92.792,14287900,0.0,0.0
2019-06-24,92.503,93.127,92.414,92.778,5542600,0.0,0.0
2019-06-25,92.726,92.926,91.723,91.834,4713300,0.0,0.0
2019-06-26,92.525,92.755,92.012,92.05,5054800,0.0,0.0
2019-06-27,92.042,92.25,91.277,91.441,3551700,0.0,0.0
2019-06-28,91.663,92.458,91.448,92.428,7048300,0.0,0.0
2019-07-01,93.112,93.468,92.369,92.726,5526900,0.0,0.0
2019-07-02,92.51,92.636,90.906,91.307,5747700,0.0,0.0
2019-07-03,91.307,91.634,90.861,91.619,2725800,0.0,0.0
2019-07-05,91.463,91.908,91.091,91.76,3458900,0.0,0.0
2019-07-08,91.849,92.168,91.671,91.804,3505200,0.0,0.0
2019-07-09,92.027,92.206,91.411,91.619,3955600,0.0,0.0
2019-07-10,92.183,93.305,92.183,93.171,4743500,0.0,0.0
2019-07-11,93.349,93.349,92.547,93.164,3548000,0.0,0.0
2019-07-12,93.127,93.773,92.941,93.572,3974400,0.0,0.0
2019-07-15,93.632,93.884,93.045,93.379,3739200,0.0,0.0
2019-07-16,93.216,93.424,92.295,92.666,4697600,0.0,0.0
2019-07-17,92.592,93.052,92.146,92.206,3874200,0.0,0.0
2019-07-18,92.191,92.881,91.626,92.607,5770700,0.0,0.0
2019-07-19,92.607,93.149,92.547,92.874,4880900,0.0,0.0
2019-07-22,93.119,93.401,92.451,93.075,3275800,0.0,0.0
2019-07-23,93.023,93.75,92.681,93.453,4295300,0.0,0.0
2019-07-24,93.491,94.285,93.335,93.988,4796900,0.0,0.0
2019-07-25,94.33,94.33,93.089,93.312,4586800,0.0,0.0
2019-07-26,93.023,93.03,91.582,91.894,6971700,0.0,0.0
2019-07-29,91.715,92.577,91.641,92.272,4377500,0.0,0.0
2019-07-30,92.176,92.659,91.641,92.354,3871700,0.0,0.0
2019-07-31,91.886,92.614,90.973,91.441,7199500,0.0,0.0
2019-08-01,90.616,91.916,89.361,89.68,7928400,0.0,0.0
2019-08-02,90.453,91.017,87.519,89.673,9026200,0.0,0.0
2019-08-05,88.529,89.539,87.237,88.195,8620300,0.0,0.0
2019-08-06,88.18,88.781,87.385,88.67,6788000,0.0,0.0
2019-08-07,87.311,88.982,86.865,88.462,6853700,0.0,0.0
2019-08-08,88.752,91.604,88.7,91.53,8868100,0.0,0.0
2019-08-09,91.441,92.02,90.534,90.928,5051700,0.0,0.0
2019-08-12,91.366,91.463,89.806,90.282,3936500,0.0,0.0
2019-08-13,89.881,91.136,89.353,90.906,5806400,0.0,0.0
2019-08-14,89.145,89.569,87.407,87.452,7175600,0.0,0.0
2019-08-15,87.081,87.526,85.758,86.865,6272600,0.0,0.0
2019-08-16,87.345,87.533,86.565,86.903,6239100,1.19,0.0
2019-08-19,87.893,88.411,87.766,88.028,6443700,0.0,0.0
2019-08-20,87.893,87.938,86.79,87.143,5150900,0.0,0.0
2019-08-21,88.388,88.711,88.043,88.456,4578400,0.0,0.0
2019-08-22,89.041,89.101,88.133,88.343,4362100,0.0,0.0
2019-08-23,87.405,88.591,85.807,86.43,7653400,0.0,0.0
2019-08-26,86.985,87.21,86.437,86.85,3966400,0.0,0.0
2019-08-27,87.248,87.818,86.325,86.918,4237100,0.0,0.0
2019-08-28,87.353,87.946,86.955,87.668,4153500,0.0,0.0
2019-08-29,87.938,88.426,87.48,88.186,4467300,0.0,0.0
2019-08-30,88.531,89.281,87.968,88.336,4881100,0.0,0.0
2019-09-03,86.873,87.293,85.957,87.248,5672500,0.0,0.0
2019-09-04,88.156,88.951,87.923,87.983,4595600,0.0,0.0
2019-09-05,88.554,89.349,87.991,88.276,5394300,0.0,0.0
2019-09-06,88.171,88.876,88.088,88.741,4578200,0.0,0.0
2019-09-09,89.101,89.769,88.981,89.589,5048000,0.0,0.0
2019-09-10,90.219,92.516,89.979,91.435,8728800,0.0,0.0
2019-09-11,91.705,92.283,90.324,91.007,5509500,0.0,0.0
2019-09-12,90.077,91.683,89.717,91.112,5818300,0.0,0.0
2019-09-13,91.735,91.788,90.977,91.172,4885400,0.0,0.0
2019-09-16,93.694,94.001,92.275,93.138,10683900,0.0,0.0
2019-09-17,93.138,93.514,91.968,92.966,7246500,0.0,0.0
2019-09-18,92.711,93.206,92.313,93.183,4801500,0.0,0.0
2019-09-19,93.626,93.776,92.613,92.793,4034500,0.0,0.0
2019-09-20,93.048,93.664,92.801,93.289,10420700,0.0,0.0
2019-09-23,92.711,93.799,92.711,93.724,4705500,0.0,0.0
2019-09-24,93.551,93.589,92.463,92.853,6232100,0.0,0.0
2019-09-25,92.658,93.161,92.23,92.681,3762500,0.0,0.0
2019-09-26,92.493,92.673,90.084,90.167,7834400,0.0,0.0
2019-09-27,89.679,90.234,88.884,88.996,6850700,0.0,0.0
2019-09-30,88.951,89.612,88.854,88.996,6108300,0.0,0.0
2019-10-01,89.499,89.642,86.955,87.053,7116600,0.0,0.0
2019-10-02,86.34,86.377,83.759,84.261,9702400,0.0,0.0
2019-10-03,84.089,84.937,82.858,84.907,5315300,0.0,0.0
2019-10-04,85.244,85.544,84.456,85.432,4757300,0.0,0.0
2019-10-07,85.514,86.107,84.967,84.989,4694000,0.0,0.0
2019-10-08,84.126,84.606,83.751,83.826,5323900,0.0,0.0
2019-10-09,84.486,85.927,84.269,84.899,4601700,0.0,0.0
2019-10-10,85.192,86.137,85.019,85.987,3555500,0.0,0.0
2019-10-11,86.813,87.818,86.565,87.158,5134200,0.0,0.0
2019-10-14,86.73,87.338,86.633,87.18,2571300,0.0,0.0
2019-10-15,86.933,88.261,86.895,87.278,3742700,0.0,0.0
2019-10-16,87.218,87.541,86.355,86.377,3608900,0.0,0.0
2019-10-17,86.753,87.09,86.235,86.558,3722400,0.0,0.0
2019-10-18,86.4,86.73,86.1,86.1,5679900,0.0,0.0
2019-10-21,86.708,87.608,86.708,87.503,3926300,0.0,0.0
2019-10-22,87.518,88.966,87.413,88.396,4095000,0.0,0.0
2019-10-23,88.096,88.561,87.631,88.531,4148500,0.0,0.0
2019-10-24,88.899,89.154,88.028,88.231,3873900,0.0,0.0
2019-10-25,88.373,89.184,88.313,89.049,3369100,0.0,0.0
2019-10-28,89.356,89.679,88.276,88.906,5076300,0.0,0.0
2019-10-29,88.524,89.349,88.313,88.644,4548400,0.0,0.0
2019-10-30,88.681,88.681,86.685,87.315,4690900,0.0,0.0
2019-10-31,86.94,87.315,86.535,87.15,7177700,0.0,0.0
2019-11-01,86.663,87.51,85.559,87.203,7684700,0.0,0.0
2019-11-04,87.968,91.45,87.811,91.225,10348800,0.0,0.0
2019-11-05,90.97,91.885,90.587,91.503,6971200,0.0,0.0
2019-11-06,91.503,91.653,89.897,89.972,6104700,0.0,0.0
2019-11-07,90.895,91.548,90.287,91.465,5440700,0.0,0.0
2019-11-08,90.775,90.947,90.167,90.745,4249800,0.0,0.0
2019-11-11,90.197,91.09,90.054,90.655,3870800,0.0,0.0
2019-11-12,91.015,91.585,90.407,90.767,4503600,0.0,0.0
2019-11-13,90.392,91.855,90.324,91.758,5076400,0.0,0.0
2019-11-14,91.435,92.253,91.097,91.518,4882800,0.0,0.0
2019-11-15,91.859,91.987,91.017,91.419,5589600,1.19,0.0
2019-11-18,90.798,90.934,89.525,89.835,4885300,0.0,0.0
2019-11-19,89.797,90.025,87.964,88.244,8723000,0.0,0.0
2019-11-20,88.214,89.479,87.994,88.918,5903100,0.0,0.0
2019-11-21,89.123,90.138,88.812,90.002,5810900,0.0,0.0
2019-11-22,90.222,90.707,89.873,89.896,4786800,0.0,0.0
2019-11-25,89.744,90.343,89.403,89.706,7390000,0.0,0.0
2019-11-26,89.676,89.843,88.812,89.259,10053100,0.0,0.0
2019-11-27,89.411,89.881,89.131,89.472,4106100,0.0,0.0
2019-11-29,88.873,89.282,88.57,88.759,3271000,0.0,0.0
2019-12-02,89.403,89.472,88.449,88.509,5195200,0.0,0.0
2019-12-03,88.054,88.433,87.676,87.82,6135800,0.0,0.0
2019-12-04,88.388,88.888,88.229,88.615,5706700,0.0,0.0
2019-12-05,89.131,89.222,88.047,88.153,5517500,0.0,0.0
2019-12-06,88.729,90.396,88.646,89.426,6735300,0.0,0.0
2019-12-09,88.297,89.335,88.236,88.888,4736100,0.0,0.0
2019-12-10,89.441,89.487,88.699,89.335,4886800,0.0,0.0
2019-12-11,88.729,89.161,88.001,88.077,7039600,0.0,0.0
2019-12-12,88.35,90.093,88.35,90.032,6462000,0.0,0.0
2019-12-13,90.214,90.586,89.343,89.388,4863400,0.0,0.0
2019-12-16,90.07,90.532,89.881,90.449,5619300,0.0,0.0
2019-12-17,90.623,90.851,89.669,89.873,6755500,0.0,0.0
2019-12-18,89.934,90.661,89.813,89.835,7496700,0.0,0.0
2019-12-19,89.85,89.979,89.312,89.517,6220300,0.0,0.0
2019-12-20,90.479,90.889,89.487,90.692,12171100,0.0,0.0
2019-12-23,90.411,91.237,90.29,91.184,5875000,0.0,0.0
2019-12-24,91.26,91.525,91.002,91.192,1640100,0.0,0.0
2019-12-26,91.442,92.01,91.192,91.389,3648600,0.0,0.0
2019-12-27,91.609,91.912,91.116,91.161,4138300,0.0,0.0
2019-12-30,91.268,91.95,90.79,90.82,4580200,0.0,0.0
2019-12-31,90.555,91.412,90.366,91.321,4215700,0.0,0.0
2020-01-02,91.548,92.169,91.518,92.018,5205000,0.0,0.0
2020-01-03,92.283,92.995,91.495,91.699,6360900,0.0,0.0
2020-01-06,91.874,92.2,91.184,91.389,9953000,0.0,0.0
2020-01-07,90.191,90.73,89.244,90.222,7856900,0.0,0.0
2020-01-08,89.835,90.244,89.153,89.191,7295900,0.0,0.0
2020-01-09,89.108,89.358,88.039,89.047,7345300,0.0,0.0
2020-01-10,89.055,89.184,88.206,88.236,6393800,0.0,0.0
2020-01-13,88.259,88.593,87.964,88.403,6846700,0.0,0.0
2020-01-14,88.282,88.57,87.683,88.13,7189100,0.0,0.0
2020-01-15,88.13,88.214,87.638,88.001,5808800,0.0,0.0
2020-01-16,88.327,88.873,88.244,88.577,7022000,0.0,0.0
2020-01-17,88.668,88.881,87.539,87.585,7885900,0.0,0.0
2020-01-21,87.221,87.259,85.758,85.865,8470300,0.0,0.0
2020-01-22,85.705,86.031,85.22,85.554,5589900,0.0,0.0
2020-01-23,85.175,86.001,84.766,85.705,8007800,0.0,0.0
2020-01-24,85.47,85.614,84.372,84.758,6920000,0.0,0.0
2020-01-27,83.546,83.985,83.341,83.652,7609800,0.0,0.0
2020-01-28,84.099,84.584,83.94,84.205,5771900,0.0,0.0
2020-01-29,84.455,84.751,83.493,83.637,4772800,0.0,0.0
2020-01-30,83.212,84.554,82.644,84.417,8382700,0.0,0.0
2020-01-31,83.212,83.356,80.628,81.189,13699600,0.0,0.0
2020-02-03,81.045,81.272,79.87,80.537,8785500,0.0,0.0
2020-02-04,81.598,82.098,80.78,80.969,9909000,0.0,0.0
2020-02-05,82.045,83.849,81.924,83.568,6914100,0.0,0.0
2020-02-06,83.834,83.864,82.682,82.97,6274000,0.0,0.0
2020-02-07,82.545,82.932,82.197,82.553,4830100,0.0,0.0
2020-02-10,82.25,83.205,82.083,83.197,6011800,0.0,0.0
2020-02-11,83.947,84.394,83.402,84.273,6072700,0.0,0.0
2020-02-12,85.258,85.326,84.576,84.902,5725700,0.0,0.0
2020-02-13,84.394,85.122,84.288,84.614,5991900,0.0,0.0
2020-02-14,84.975,85.074,84.009,84.392,5148700,1.29,0.0
2020-02-18,83.564,84.538,83.434,84.515,4975800,0.0,0.0
2020-02-19,84.729,85.174,84.246,84.898,5887500,0.0,0.0
2020-02-20,84.928,85.151,84.101,84.185,4466600,0.0,0.0
2020-02-21,83.556,83.71,82.529,83.572,6443900,0.0,0.0
2020-02-24,81.042,82.0,80.053,80.275,9539800,0.0,0.0
2020-02-25,80.344,80.436,76.664,77.208,12871900,0.0,0.0
2020-02-26,77.323,77.898,75.131,75.161,11990400,0.0,0.0
2020-02-27,73.559,75.284,72.126,72.164,15783700,0.0,0.0
2020-02-28,69.481,71.635,69.082,71.558,20835100,0.0,0.0
2020-03-02,72.08,74.119,70.692,74.05,15050800,0.0,0.0
2020-03-03,74.203,75.499,71.581,72.363,16525500,0.0,0.0
2020-03-04,73.881,75.913,73.345,75.537,14753000,0.0,0.0
2020-03-05,73.375,74.663,72.785,74.51,12814400,0.0,0.0
2020-03-06,72.003,73.644,71.62,73.076,16861900,0.0,0.0
2020-03-09,63.041,67.472,61.331,61.845,30595500,0.0,0.0
2020-03-10,66.115,66.161,62.129,65.149,22642900,0.0,0.0
2020-03-11,63.041,65.042,62.673,63.654,18412800,0.0,0.0
2020-03-12,59.208,59.898,55.857,58.464,25768200,0.0,0.0
2020-03-13,61.316,64.015,56.816,63.953,23497500,0.0,0.0
2020-03-16,55.635,60.174,53.427,53.435,17535300,0.0,0.0
2020-03-17,53.972,55.949,50.207,54.194,22684200,0.0,0.0
2020-03-18,50.759,50.775,41.836,42.204,24947300,0.0,0.0
2020-03-19,42.365,44.841,39.559,43.998,29871000,0.0,0.0
2020-03-20,45.638,46.497,43.208,45.531,26960400,0.0,0.0
2020-03-23,44.665,45.538,40.609,41.567,23764000,0.0,0.0
2020-03-24,47.133,51.863,46.244,51.02,29198800,0.0,0.0
2020-03-25,52.354,56.072,51.089,53.105,22560100,0.0,0.0
2020-03-26,53.895,59.108,52.047,58.556,24129100,0.0,0.0
2020-03-27,55.29,56.379,52.515,52.73,20411500,0.0,0.0
2020-03-30,52.139,55.911,51.38,55.16,18486800,0.0,0.0
2020-03-31,56.172,57.529,54.286,55.551,18514200,0.0,0.0
2020-04-01,53.289,55.42,51.833,52.561,14362000,0.0,0.0
2020-04-02,55.007,60.335,53.343,58.357,23220600,0.0,0.0
2020-04-03,59.798,60.557,55.988,57.582,14905400,0.0,0.0
2020-04-06,59.031,62.06,57.889,61.63,17334900,0.0,0.0
2020-04-07,64.597,65.693,61.983,62.037,16394800,0.0,0.0
2020-04-08,63.087,66.161,62.497,65.916,12284800,0.0,0.0
2020-04-09,68.032,68.929,62.497,64.636,17023800,0.0,0.0
2020-04-13,66.836,66.974,63.938,65.095,13854700,0.0,0.0
2020-04-14,65.517,66.759,64.651,64.866,14797600,0.0,0.0
2020-04-15,61.684,63.923,60.81,63.24,13982300,0.0,0.0
2020-04-16,62.336,63.01,60.419,61.324,12291900,0.0,0.0
2020-04-17,62.351,67.081,62.343,66.828,16130100,0.0,0.0
2020-04-20,63.371,66.698,62.934,64.068,15749000,0.0,0.0
2020-04-21,61.546,64.237,60.756,62.589,19620600,0.0,0.0
2020-04-22,65.126,65.356,63.608,64.735,10320700,0.0,0.0
2020-04-23,66.161,68.062,65.463,66.544,14226500,0.0,0.0
2020-04-24,67.832,68.07,65.755,66.705,9175500,0.0,0.0
2020-04-27,66.506,69.473,65.831,68.775,12037100,0.0,0.0
2020-04-28,68.653,69.734,68.101,68.929,10645200,0.0,0.0
2020-04-29,70.899,72.938,70.753,72.54,12342800,0.0,0.0
2020-04-30,71.85,73.398,69.442,70.531,12222000,0.0,0.0
2020-05-01,70.155,70.569,66.728,68.568,13250100,0.0,0.0
2020-05-04,68.047,70.24,67.227,70.102,11192400,0.0,0.0
2020-05-05,72.448,73.061,71.052,71.213,13608700,0.0,0.0
2020-05-06,71.183,71.65,68.821,69.036,11145900,0.0,0.0
2020-05-07,71.282,72.11,70.462,71.022,9749600,0.0,0.0
2020-05-08,72.831,73.26,72.118,73.191,8585900,0.0,0.0
2020-05-11,72.225,72.524,71.436,71.581,7101000,0.0,0.0
2020-05-12,71.397,72.087,69.764,69.841,8749100,0.0,0.0
2020-05-13,68.921,68.998,66.943,68.001,12215100,0.0,0.0
2020-05-14,66.92,69.711,65.946,69.036,10678200,0.0,0.0
2020-05-15,69.496,70.577,68.101,68.354,10113000,0.0,0.0
2020-05-18,71.878,72.655,71.146,71.994,12304300,1.29,0.0
2020-05-19,71.979,72.057,69.645,69.715,7749300,0.0,0.0
2020-05-20,70.789,72.71,70.151,72.344,9160000,0.0,0.0
2020-05-21,72.165,72.632,71.006,71.598,8830900,0.0,0.0
2020-05-22,71.139,71.255,69.598,70.228,8563100,0.0,0.0
2020-05-26,71.948,73.387,71.59,72.578,9430000,0.0,0.0
2020-05-27,73.651,73.659,71.652,73.044,7822600,0.0,0.0
2020-05-28,72.819,73.044,70.625,70.687,9633300,0.0,0.0
2020-05-29,70.158,71.481,69.435,71.333,17010000,0.0,0.0
2020-06-01,70.742,73.006,70.096,72.181,7344000,0.0,0.0
2020-06-02,72.951,74.071,72.57,73.659,7880300,0.0,0.0
2020-06-03,74.655,76.024,74.484,75.596,8440200,0.0,0.0
2020-06-04,75.285,75.37,74.025,74.896,6371700,0.0,0.0
2020-06-05,77.074,79.384,77.051,78.42,12760100,0.0,0.0
2020-06-08,79.835,80.582,78.466,80.31,11090700,0.0,0.0
2020-06-09,78.334,80.069,77.657,78.98,10745400,0.0,0.0
2020-06-10,78.567,78.956,75.892,75.907,10486300,0.0,0.0
2020-06-11,71.8,73.27,69.326,69.521,14944800,0.0,0.0
2020-06-12,72.827,72.85,70.018,71.87,9532400,0.0,0.0
2020-06-15,69.303,71.629,68.618,70.967,12289500,0.0,0.0
2020-06-16,73.892,74.351,71.17,73.146,8726700,0.0,0.0
2020-06-17,72.99,73.122,71.177,71.209,6019900,0.0,0.0
2020-06-18,70.789,72.523,70.088,71.52,7064100,0.0,0.0
2020-06-19,73.441,73.441,70.438,70.501,14838800,0.0,0.0
2020-06-22,70.26,71.325,69.692,71.247,5939200,0.0,0.0
2020-06-23,71.955,72.414,70.929,71.131,6317700,0.0,0.0
2020-06-24,70.003,70.112,67.568,68.175,8974500,0.0,0.0
2020-06-25,67.918,69.629,67.801,69.396,7398000,0.0,0.0
2020-06-26,69.062,69.101,67.039,67.257,13766000,0.0,0.0
2020-06-29,67.607,68.898,67.366,68.198,7022200,0.0,0.0
2020-06-30,67.366,70.003,67.179,69.412,8263600,0.0,0.0
2020-07-01,69.451,70.61,68.105,68.159,6379400,0.0,0.0
2020-07-02,69.521,70.291,68.579,68.696,5832800,0.0,0.0
2020-07-06,69.622,70.205,68.315,68.898,6747500,0.0,0.0
2020-07-07,68.315,68.517,67.016,67.14,5898000,0.0,0.0
2020-07-08,67.202,68.299,66.813,67.171,6736400,0.0,0.0
2020-07-09,66.876,67.148,64.324,64.363,8833600,0.0,0.0
2020-07-10,64.176,66.448,64.176,66.3,6218100,0.0,0.0
2020-07-13,66.93,67.623,65.973,66.432,7074000,0.0,0.0
2020-07-14,66.425,68.922,66.152,68.727,7440500,0.0,0.0
2020-07-15,70.151,70.158,68.618,69.147,5935200,0.0,0.0
2020-07-16,68.797,69.606,67.949,68.735,4795700,0.0,0.0
2020-07-17,68.774,69.318,67.607,67.825,5964000,0.0,0.0
2020-07-20,67.545,68.058,65.966,66.331,14974800,0.0,0.0
2020-07-21,67.265,71.356,67.179,71.092,15115000,0.0,0.0
2020-07-22,69.972,70.983,69.155,70.82,10317500,0.0,0.0
2020-07-23,70.4,71.084,70.026,70.796,6586300,0.0,0.0
2020-07-24,71.162,72.142,69.995,70.112,6620500,0.0,0.0
2020-07-27,69.824,70.859,69.077,70.82,7599700,0.0,0.0
2020-07-28,70.376,70.921,69.054,69.318,6787300,0.0,0.0
2020-07-29,69.606,70.073,68.906,70.065,6386900,0.0,0.0
2020-07-30,68.789,68.844,66.666,67.109,10112800,0.0,0.0
2020-07-31,64.76,65.421,63.406,65.297,19119800,0.0,0.0
2020-08-03,65.328,66.23,65.188,65.973,11220100,0.0,0.0
2020-08-04,65.717,67.459,65.561,67.28,9077900,0.0,0.0
2020-08-05,68.564,68.789,67.218,67.833,7324200,0.0,0.0
2020-08-06,67.234,68.377,66.977,68.043,7035600,0.0,0.0
2020-08-07,67.584,67.763,66.697,67.521,7185000,0.0,0.0
2020-08-10,68.408,69.824,68.144,69.801,8150200,0.0,0.0
2020-08-11,71.528,72.352,69.365,69.715,9074300,0.0,0.0
2020-08-12,70.633,71.302,69.583,70.571,9057400,0.0,0.0
2020-08-13,69.909,71.006,69.824,69.871,7314600,0.0,0.0
2020-08-14,69.233,70.47,69.116,70.283,6343000,0.0,0.0
2020-08-17,70.283,71.24,69.793,70.61,10473800,0.0,0.0
2020-08-18,70.207,70.523,68.905,69.15,7981500,1.29,0.0
2020-08-19,68.889,69.363,68.021,68.171,9120300,0.0,0.0
2020-08-20,67.406,68.566,66.861,66.924,7872300,0.0,0.0
2020-08-21,66.814,67.145,65.899,67.138,9003600,0.0,0.0
2020-08-24,67.548,68.921,66.988,68.81,8738700,0.0,0.0
2020-08-25,69.45,69.473,67.674,67.966,6835800,0.0,0.0
2020-08-26,67.635,67.737,66.806,66.901,7486500,0.0,0.0
2020-08-27,67.201,67.572,66.262,67.003,7438200,0.0,0.0
2020-08-28,67.114,67.65,66.538,67.572,7307900,0.0,0.0
2020-08-31,67.729,67.785,66.183,66.23,9437500,0.0,0.0
2020-09-01,65.701,65.993,65.062,65.559,8990600,0.0,0.0
2020-09-02,65.544,66.254,65.259,65.646,10821900,0.0,0.0
2020-09-03,65.536,66.672,64.478,64.928,16179900,0.0,0.0
2020-09-04,65.07,66.001,63.839,64.652,10516600,0.0,0.0
2020-09-08,63.523,63.587,61.582,62.316,14942500,0.0,0.0
2020-09-09,63.105,63.973,62.876,63.153,9269800,0.0,0.0
2020-09-10,63.626,63.831,61.59,61.669,11845900,0.0,0.0
2020-09-11,61.74,62.095,60.817,61.306,13732400,0.0,0.0
2020-09-14,61.14,61.535,60.698,60.99,8182800,0.0,0.0
2020-09-15,61.203,61.929,59.941,60.249,11732000,0.0,0.0
2020-09-16,60.249,62.719,59.941,61.993,13019000,0.0,0.0
2020-09-17,61.18,62.221,60.264,62.174,10515100,0.0,0.0
2020-09-18,61.456,62.458,61.156,61.716,14517800,0.0,0.0
2020-09-21,60.162,60.485,58.931,60.209,16199100,0.0,0.0
2020-09-22,60.091,61.18,59.459,59.602,9155000,0.0,0.0
2020-09-23,59.649,59.901,56.698,56.777,16649200,0.0,0.0
2020-09-24,56.224,57.629,55.632,56.658,15203500,0.0,0.0
2020-09-25,56.035,57.195,55.845,56.682,11070500,0.0,0.0
2020-09-28,58.11,58.994,57.723,58.339,12863800,0.0,0.0
2020-09-29,58.394,58.505,56.114,56.737,10553000,0.0,0.0
2020-09-30,57.013,57.518,56.508,56.816,10466500,0.0,0.0
2020-10-01,56.429,56.721,55.261,55.569,14930700,0.0,0.0
2020-10-02,54.386,56.556,54.307,56.177,9854800,0.0,0.0
2020-10-05,56.437,57.392,55.798,57.368,12049800,0.0,0.0
2020-10-06,58.268,58.647,57.013,57.053,15294500,0.0,0.0
2020-10-07,56.95,58.331,56.469,58.221,15410300,0.0,0.0
2020-10-08,58.702,59.617,58.386,59.357,11590900,0.0,0.0
2020-10-09,59.862,60.043,58.378,58.394,12260900,0.0,0.0
2020-10-12,58.102,59.144,57.763,58.797,9056900,0.0,0.0
2020-10-13,58.978,58.978,57.431,57.921,10440300,0.0,0.0
2020-10-14,57.826,58.733,57.534,57.566,7057500,0.0,0.0
2020-10-15,56.674,58.173,56.335,58.008,10052100,0.0,0.0
2020-10-16,58.015,58.418,57.029,57.518,9305600,0.0,0.0
2020-10-19,57.692,57.873,56.177,56.248,8357100,0.0,0.0
2020-10-20,56.745,57.045,56.058,56.563,7753200,0.0,0.0
2020-10-21,56.129,56.485,55.814,55.924,9800600,0.0,0.0
2020-10-22,55.932,57.992,55.688,57.921,9810100,0.0,0.0
2020-10-23,58.339,58.678,56.682,57.266,8727200,0.0,0.0
2020-10-26,56.603,56.729,55.427,55.98,9710900,0.0,0.0
2020-10-27,55.569,55.711,54.835,54.851,14251700,0.0,0.0
2020-10-28,53.415,53.723,52.342,52.776,15961900,0.0,0.0
2020-10-29,52.184,54.559,51.418,54.291,12292200,0.0,0.0
2020-10-30,55.159,55.325,53.723,54.843,17191600,0.0,0.0
2020-11-02,55.79,57.668,54.764,56.934,11475500,0.0,0.0
2020-11-03,57.731,57.842,56.066,56.611,8608000,0.0,0.0
2020-11-04,55.853,58.071,55.151,56.634,10925700,0.0,0.0
2020-11-05,56.737,57.581,56.627,56.926,10627700,0.0,0.0
2020-11-06,57.211,57.818,55.893,56.145,8366900,0.0,0.0
2020-11-09,63.129,66.498,61.756,62.655,24015200,0.0,0.0
2020-11-10,64.028,65.615,62.9,65.551,15039700,0.0,0.0
2020-11-11,66.364,66.672,64.549,65.07,11640600,0.0,0.0
2020-11-12,63.902,64.896,63.058,63.658,8920700,0.0,0.0
2020-11-13,64.036,65.772,63.942,65.52,10890300,0.0,0.0
2020-11-16,68.053,70.373,67.501,70.199,18980200,0.0,0.0
2020-11-17,69.182,70.087,67.925,69.695,14329000,1.29,0.0
2020-11-18,69.959,70.383,67.461,67.485,10583700,0.0,0.0
2020-11-19,66.9,68.83,66.508,68.646,8820200,0.0,0.0
2020-11-20,68.638,69.11,67.965,68.694,8294600,0.0,0.0
2020-11-23,70.023,73.33,69.471,72.89,13379300,0.0,0.0
2020-11-24,74.779,76.725,74.467,76.565,17257400,0.0,0.0
2020-11-25,75.812,75.812,73.779,73.779,10556600,0.0,0.0
2020-11-27,73.13,74.139,72.497,73.114,4627700,0.0,0.0
2020-11-30,72.073,72.746,69.583,69.807,14288400,0.0,0.0
2020-12-01,71.488,71.833,69.719,70.023,9913600,0.0,0.0
2020-12-02,69.871,73.114,69.743,71.961,10509600,0.0,0.0
2020-12-03,72.529,72.954,71.32,71.905,8249800,0.0,0.0
2020-12-04,73.042,74.827,72.802,74.691,10791100,0.0,0.0
2020-12-07,73.522,73.971,71.969,72.674,9398400,0.0,0.0
2020-12-08,72.337,74.035,72.217,73.298,7627300,0.0,0.0
2020-12-09,73.827,74.483,71.561,72.417,11129400,0.0,0.0
2020-12-10,73.306,75.716,72.69,74.747,11992100,0.0,0.0
2020-12-11,74.091,74.691,72.89,74.027,9584500,0.0,0.0
2020-12-14,74.787,75.028,71.456,71.617,12198400,0.0,0.0
2020-12-15,71.601,72.449,71.08,71.561,11775300,0.0,0.0
2020-12-16,71.424,71.545,70.343,71.016,9892900,0.0,0.0
2020-12-17,71.697,71.705,70.103,70.792,11748900,0.0,0.0
2020-12-18,70.448,71.032,69.07,69.815,27427600,0.0,0.0
2020-12-21,67.541,69.535,66.884,68.934,11430500,0.0,0.0
2020-12-22,68.414,68.702,67.501,67.549,8585800,0.0,0.0
2020-12-23,68.061,69.391,68.061,68.614,7223100,0.0,0.0
2020-12-24,68.806,68.806,67.909,68.326,3335600,0.0,0.0
2020-12-28,68.55,69.367,67.757,67.981,8051900,0.0,0.0
2020-12-29,68.27,68.638,67.301,67.749,7670800,0.0,0.0
2020-12-30,67.749,69.327,67.693,68.326,7901800,0.0,0.0
2020-12-31,67.981,68.221,67.229,67.621,8350700,0.0,0.0
2021-01-04,68.181,68.822,67.173,67.829,9234900,0.0,0.0
2021-01-05,68.454,71.44,68.318,69.663,13414800,0.0,0.0
2021-01-06,71.264,72.69,70.319,71.905,13916800,0.0,0.0
2021-01-07,72.377,72.722,71.512,72.241,9286600,0.0,0.0
2021-01-08,73.73,74.011,72.425,72.93,11152100,0.0,0.0
2021-01-11,71.36,73.746,70.92,73.346,10635000,0.0,0.0
2021-01-12,74.195,75.204,73.434,74.739,10923900,0.0,0.0
2021-01-13,74.627,74.883,73.618,74.667,9723300,0.0,0.0
2021-01-14,75.22,77.126,75.1,76.461,13950200,0.0,0.0
2021-01-15,75.444,75.516,73.434,73.738,10244600,0.0,0.0
2021-01-19,74.867,76.093,74.699,75.676,9574800,0.0,0.0
2021-01-20,76.069,76.517,75.508,76.373,8735400,0.0,0.0
2021-01-21,75.156,75.796,73.042,73.674,10393100,0.0,0.0
2021-01-22,72.385,73.69,71.929,73.45,7810600,0.0,0.0
2021-01-25,72.561,72.89,71.528,72.786,7689400,0.0,0.0
2021-01-26,73.827,74.395,71.48,71.553,7827800,0.0,0.0
2021-01-27,70.087,72.345,69.463,70.624,10178500,0.0,0.0
2021-01-28,71.0,72.185,70.664,71.28,8155500,0.0,0.0
2021-01-29,69.527,69.935,67.997,68.221,14699800,0.0,0.0
2021-02-01,68.854,69.903,67.717,69.19,8073600,0.0,0.0
2021-02-02,70.472,70.76,69.286,69.711,9233100,0.0,0.0
2021-02-03,69.703,71.577,69.575,71.232,9256500,0.0,0.0
2021-02-04,71.673,71.785,70.423,71.264,7917600,0.0,0.0
2021-02-05,72.017,72.441,70.976,71.472,8017300,0.0,0.0
2021-02-08,72.297,73.698,72.073,73.25,9886600,0.0,0.0
2021-02-09,72.946,73.082,71.913,72.834,7605500,0.0,0.0
2021-02-10,73.17,74.139,72.545,74.083,8778800,0.0,0.0
2021-02-11,73.963,74.019,72.129,73.682,8572400,0.0,0.0
2021-02-12,73.29,74.251,73.146,74.107,7858300,0.0,0.0
2021-02-16,75.56,76.218,75.203,75.625,14006000,1.29,0.0
2021-02-17,77.485,78.541,76.494,77.891,14342300,0.0,0.0
2021-02-18,77.753,77.777,76.575,77.144,9030600,0.0,0.0
2021-02-19,77.249,78.264,76.86,77.793,8913900,0.0,0.0
2021-02-22,78.76,80.912,78.329,79.897,13178700,0.0,0.0
2021-02-23,81.18,81.334,78.606,80.904,14874000,0.0,0.0
2021-02-24,81.472,84.485,81.05,83.892,16116000,0.0,0.0
2021-02-25,85.183,85.232,82.495,83.112,13219200,0.0,0.0
2021-02-26,81.448,82.065,79.263,81.204,14454100,0.0,0.0
2021-03-01,83.202,84.29,82.341,82.869,10439900,0.0,0.0
2021-03-02,82.739,83.892,82.593,83.185,10643500,0.0,0.0
2021-03-03,83.973,85.873,83.965,84.119,14958200,0.0,0.0
2021-03-04,84.874,87.359,83.746,84.858,22994200,0.0,0.0
2021-03-05,86.856,88.618,86.198,88.512,23638200,0.0,0.0
2021-03-08,89.211,89.674,87.749,89.121,18033600,0.0,0.0
2021-03-09,88.569,89.885,87.603,88.918,19010700,0.0,0.0
2021-03-10,89.487,90.957,89.081,90.437,17389900,0.0,0.0
2021-03-11,90.664,91.395,90.047,90.291,10989500,0.0,0.0
2021-03-12,90.656,91.517,89.909,90.591,10930300,0.0,0.0
2021-03-15,90.567,90.875,88.423,89.527,10488000,0.0,0.0
2021-03-16,88.131,88.415,86.953,87.408,11698400,0.0,0.0
2021-03-17,87.059,88.155,86.564,87.725,9168600,0.0,0.0
2021-03-18,86.896,87.319,84.217,84.55,13246600,0.0,0.0
2021-03-19,84.403,85.175,83.429,83.949,18491000,0.0,0.0
2021-03-22,83.689,84.858,83.08,83.267,12508500,0.0,0.0
2021-03-23,82.381,84.696,81.764,82.804,14781700,0.0,0.0
2021-03-24,83.632,85.881,83.567,85.021,11026800,0.0,0.0
2021-03-25,83.518,85.475,82.885,85.321,11138200,0.0,0.0
2021-03-26,86.515,87.327,85.557,87.278,9820200,0.0,0.0
2021-03-29,86.401,87.319,85.833,86.823,7542300,0.0,0.0
2021-03-30,86.125,86.75,85.743,86.019,6284600,0.0,0.0
2021-03-31,85.711,86.255,84.939,85.094,8954400,0.0,0.0
2021-04-01,85.475,85.963,84.623,85.873,8515800,0.0,0.0
2021-04-05,85.857,85.938,84.59,84.866,8692700,0.0,0.0
2021-04-06,84.655,85.329,84.006,84.111,8125100,0.0,0.0
2021-04-07,84.022,84.915,83.851,84.606,7699300,0.0,0.0
2021-04-08,84.062,84.144,82.885,83.656,8283000,0.0,0.0
2021-04-09,83.738,84.192,82.909,83.575,7163700,0.0,0.0
2021-04-12,84.184,84.339,82.43,82.649,7845900,0.0,0.0
2021-04-13,82.471,83.315,82.252,83.023,6829900,0.0,0.0
2021-04-14,83.356,85.532,83.315,84.671,10194800,0.0,0.0
2021-04-15,84.46,84.671,83.583,83.981,7860500,0.0,0.0
2021-04-16,84.29,84.745,83.177,83.608,7459700,0.0,0.0
2021-04-19,83.859,84.314,82.999,83.851,7068700,0.0,0.0
2021-04-20,83.502,83.632,81.618,82.284,9783800,0.0,0.0
2021-04-21,81.472,83.632,81.318,83.421,8264400,0.0,0.0
2021-04-22,83.535,83.535,81.911,81.975,9899400,0.0,0.0
2021-04-23,82.097,82.966,81.789,82.463,6756000,0.0,0.0
2021-04-26,82.235,83.372,82.227,82.438,5639700,0.0,0.0
2021-04-27,82.674,83.721,82.43,83.397,6898900,0.0,0.0
2021-04-28,84.079,85.963,83.941,85.443,8718400,0.0,0.0
2021-04-29,86.417,87.416,85.873,86.807,9740300,0.0,0.0
2021-04-30,85.248,85.581,83.616,83.697,13730000,0.0,0.0
2021-05-03,84.436,85.849,83.819,85.695,7938100,0.0,0.0
2021-05-04,86.044,86.49,85.142,86.166,8704300,0.0,0.0
2021-05-05,86.961,88.951,86.742,88.48,12872400,0.0,0.0
2021-05-06,88.472,88.618,87.229,88.529,9654900,0.0,0.0
2021-05-07,87.773,89.869,87.457,89.341,10273000,0.0,0.0
2021-05-10,90.494,91.85,88.935,88.975,13586500,0.0,0.0
2021-05-11,88.561,88.983,86.247,86.645,12754800,0.0,0.0
2021-05-12,86.888,89.446,86.661,87.189,11661900,0.0,0.0
2021-05-13,86.133,87.595,85.622,86.628,9706300,0.0,0.0
2021-05-14,87.538,89.178,87.538,88.894,9124100,0.0,0.0
2021-05-17,88.585,90.039,88.488,89.982,12692900,0.0,0.0
2021-05-18,89.547,89.645,87.105,87.278,12759900,1.34,0.0
2021-05-19,85.338,85.724,83.817,84.828,14762700,0.0,0.0
2021-05-20,84.722,85.543,83.817,85.124,9706300,0.0,0.0
2021-05-21,85.568,86.472,85.223,85.585,10352800,0.0,0.0
2021-05-24,86.267,86.998,85.486,86.801,6785600,0.0,0.0
2021-05-25,86.661,86.818,85.165,85.379,7884000,0.0,0.0
2021-05-26,85.913,86.234,85.207,85.585,9232400,0.0,0.0
2021-05-27,85.585,86.234,84.311,84.672,11703400,0.0,0.0
2021-05-28,85.174,85.585,84.623,85.313,7278200,0.0,0.0
2021-06-01,86.555,88.305,86.555,87.664,10260600,0.0,0.0
2021-06-02,88.125,89.234,87.303,88.84,9141800,0.0,0.0
2021-06-03,88.412,88.848,87.59,88.437,8809300,0.0,0.0
2021-06-04,88.971,89.325,88.125,89.144,6699300,0.0,0.0
2021-06-07,89.078,89.349,88.42,88.568,6748600,0.0,0.0
2021-06-08,88.486,89.579,87.377,89.374,10559500,0.0,0.0
2021-06-09,89.645,90.032,88.486,88.593,10146900,0.0,0.0
2021-06-10,89.645,90.623,88.157,89.111,13526200,0.0,0.0
2021-06-11,89.464,89.571,88.659,88.7,7731700,0.0,0.0
2021-06-14,88.922,89.563,87.812,88.749,9051900,0.0,0.0
2021-06-15,89.111,90.812,89.094,90.664,10540200,0.0,0.0
2021-06-16,90.442,90.837,89.514,90.147,9283300,0.0,0.0
2021-06-17,89.793,90.401,79.165,88.009,14337800,0.0,0.0
2021-06-18,86.513,87.352,84.59,84.689,22284500,0.0,0.0
2021-06-21,85.568,87.492,85.428,87.171,13591500,0.0,0.0
2021-06-22,86.579,87.919,85.741,87.459,10230100,0.0,0.0
2021-06-23,88.248,88.881,87.319,87.352,7792800,0.0,0.0
2021-06-24,88.067,88.593,87.426,88.067,8724600,0.0,0.0
2021-06-25,88.437,88.823,87.771,88.199,8102300,0.0,0.0
2021-06-28,87.911,87.952,85.207,85.478,11348400,0.0,0.0
2021-06-29,85.971,86.283,85.165,85.289,7225500,0.0,0.0
2021-06-30,85.354,86.209,85.256,86.094,7927500,0.0,0.0
2021-07-01,87.911,88.034,86.916,87.303,10873200,0.0,0.0
2021-07-02,86.883,87.459,86.341,87.187,7107700,0.0,0.0
2021-07-06,87.105,87.105,84.985,85.478,10162800,0.0,0.0
2021-07-07,85.453,86.226,83.941,84.606,8245000,0.0,0.0
2021-07-08,83.431,84.738,83.201,84.335,8695500,0.0,0.0
2021-07-09,85.042,85.675,84.138,85.544,8567900,0.0,0.0
2021-07-12,85.124,86.324,84.861,85.716,9898600,0.0,0.0
2021-07-13,85.486,85.963,84.845,85.428,6738000,0.0,0.0
2021-07-14,85.881,86.571,83.612,83.817,9216600,0.0,0.0
2021-07-15,83.061,84.047,82.897,83.267,9665700,0.0,0.0
2021-07-16,83.538,83.587,80.825,81.064,12199100,0.0,0.0
2021-07-19,78.762,79.691,77.694,78.877,17385500,0.0,0.0
2021-07-20,78.82,80.587,78.129,79.346,12114600,0.0,0.0
2021-07-21,80.538,82.584,80.307,82.05,11478100,0.0,0.0
2021-07-22,81.705,81.713,80.464,81.228,7694300,0.0,0.0
2021-07-23,81.212,81.475,80.505,81.261,7570800,0.0,0.0
2021-07-26,81.754,83.234,81.738,82.979,10227500,0.0,0.0
2021-07-27,82.239,82.79,81.327,82.699,8332100,0.0,0.0
2021-07-28,82.938,83.686,82.428,83.168,8546100,0.0,0.0
2021-07-29,84.154,84.565,83.793,84.311,8681300,0.0,0.0
2021-07-30,84.713,85.527,82.831,83.686,12295300,0.0,0.0
2021-08-02,83.908,85.47,83.48,83.538,8911800,0.0,0.0
2021-08-03,83.505,84.59,82.749,84.335,8437300,0.0,0.0
2021-08-04,82.56,83.76,82.28,82.445,10389800,0.0,0.0
2021-08-05,82.971,84.195,82.749,83.209,7986100,0.0,0.0
2021-08-06,83.858,84.319,83.513,83.801,6475600,0.0,0.0
2021-08-09,82.946,83.332,82.141,82.404,9243100,0.0,0.0
2021-08-10,82.806,84.105,82.675,83.908,9762600,0.0,0.0
2021-08-11,83.875,84.639,83.513,84.541,7079800,0.0,0.0
2021-08-12,84.549,84.869,83.661,84.368,7377600,0.0,0.0
2021-08-13,84.031,84.286,83.546,83.809,6572600,0.0,0.0
2021-08-16,82.88,83.184,82.124,82.954,9476600,0.0,0.0
2021-08-17,82.362,83.579,81.894,82.798,10937500,0.0,0.0
2021-08-18,82.215,82.823,80.432,80.557,12893600,1.34,0.0
2021-08-19,78.983,79.399,77.358,78.549,17423400,0.0,0.0
2021-08-20,77.908,79.041,77.65,78.558,9707600,0.0,0.0
2021-08-23,80.049,80.807,80.024,80.582,10277800,0.0,0.0
2021-08-24,81.224,82.148,81.132,81.507,8924900,0.0,0.0
2021-08-25,80.99,82.24,80.574,82.065,9342300,0.0,0.0
2021-08-26,81.732,82.248,80.974,80.99,8124800,0.0,0.0
2021-08-27,81.757,82.856,81.682,82.173,10281200,0.0,0.0
2021-08-30,82.548,82.731,81.615,81.965,8127200,0.0,0.0
2021-08-31,81.757,81.982,80.507,80.615,15676900,0.0,0.0
2021-09-01,80.69,80.865,79.532,79.732,10557300,0.0,0.0
2021-09-02,80.507,81.965,80.432,81.399,12340100,0.0,0.0
2021-09-03,81.14,81.998,81.124,81.215,9097000,0.0,0.0
2021-09-07,80.824,81.623,80.59,80.857,9237800,0.0,0.0
2021-09-08,81.224,82.032,80.266,80.299,10775900,0.0,0.0
2021-09-09,79.882,81.324,79.433,79.974,10219400,0.0,0.0
2021-09-10,81.307,81.39,79.882,80.032,11006000,0.0,0.0
2021-09-13,80.982,82.232,80.857,81.615,11500900,0.0,0.0
2021-09-14,81.957,82.257,79.957,80.141,15294100,0.0,0.0
2021-09-15,80.799,82.082,80.799,81.84,11623400,0.0,0.0
2021-09-16,81.907,82.132,80.732,81.074,10616700,0.0,0.0
2021-09-17,80.899,81.957,80.282,80.607,16006100,0.0,0.0
2021-09-20,78.841,79.349,77.733,78.958,15796100,0.0,0.0
2021-09-21,79.616,79.882,78.333,79.016,10958400,0.0,0.0
2021-09-22,80.174,82.29,80.174,81.34,13292800,0.0,0.0
2021-09-23,81.84,83.531,81.432,83.356,10094900,0.0,0.0
2021-09-24,83.015,84.114,83.015,83.806,8225300,0.0,0.0
2021-09-27,85.464,86.455,85.464,85.78,12697500,0.0,0.0
2021-09-28,86.564,87.38,85.705,86.105,15560800,0.0,0.0
2021-09-29,85.98,86.838,85.256,86.08,10268100,0.0,0.0
2021-09-30,86.155,86.18,84.514,84.514,15319800,0.0,0.0
2021-10-01,85.156,87.088,84.872,86.913,10854900,0.0,0.0
2021-10-04,87.472,88.188,86.73,87.238,13305400,0.0,0.0
2021-10-05,88.338,89.779,87.821,88.188,13017300,0.0,0.0
2021-10-06,86.788,87.763,86.289,87.413,10630100,0.0,0.0
2021-10-07,87.98,88.555,87.655,88.038,8830900,0.0,0.0
2021-10-08,88.979,90.329,88.804,90.012,10586700,0.0,0.0
2021-10-11,91.27,91.329,89.071,89.246,9794800,0.0,0.0
2021-10-12,89.129,89.621,88.446,89.263,9085000,0.0,0.0
2021-10-13,88.946,90.254,88.704,89.796,9220700,0.0,0.0
2021-10-14,90.704,90.937,90.062,90.646,7648600,0.0,0.0
2021-10-15,91.445,91.662,91.162,91.312,9968100,0.0,0.0
2021-10-18,91.82,91.978,90.77,91.27,10677400,0.0,0.0
2021-10-19,91.77,93.053,91.47,93.053,10362800,0.0,0.0
2021-10-20,92.545,94.278,92.287,94.269,10811400,0.0,0.0
2021-10-21,93.894,93.978,92.362,93.086,9372600,0.0,0.0
2021-10-22,93.486,94.036,92.845,93.969,8673800,0.0,0.0
2021-10-25,94.578,95.261,94.386,94.844,9579800,0.0,0.0
2021-10-26,94.952,95.469,94.561,95.052,7463000,0.0,0.0
2021-10-27,94.319,94.619,93.011,93.361,9096100,0.0,0.0
2021-10-28,92.953,94.361,92.953,94.236,7538200,0.0,0.0
2021-10-29,95.661,96.044,94.261,95.377,15294200,0.0,0.0
2021-11-01,95.827,95.877,95.011,95.411,11213800,0.0,0.0
2021-11-02,95.119,95.127,94.311,94.828,9189700,0.0,0.0
2021-11-03,93.528,94.361,93.278,94.144,10416000,0.0,0.0
2021-11-04,95.152,95.186,94.061,94.561,9673000,0.0,0.0
2021-11-05,95.194,95.844,94.911,95.586,8102100,0.0,0.0
2021-11-08,95.877,96.627,95.544,95.927,7695900,0.0,0.0
2021-11-09,96.027,96.735,95.352,96.635,10945900,0.0,0.0
2021-11-10,96.435,96.81,94.686,95.094,10305100,0.0,0.0
2021-11-11,94.636,95.527,94.611,95.102,7317500,0.0,0.0
2021-11-12,94.803,95.227,94.628,95.161,8682800,0.0,0.0
2021-11-15,95.761,97.427,95.194,37.70982420059654,11050400,0.0,0.0
2021-11-16,97.56,98.368,97.352,97.702,10566300,0.0,0.0
2021-11-17,96.8,98.199,96.623,97.263,11108000,1.34,0.0
2021-11-18,96.783,97.23,95.57,96.446,8368600,0.0,0.0
2021-11-19,94.811,95.35,93.623,94.306,13532600,0.0,0.0
2021-11-22,94.398,97.07,94.255,95.991,9947100,0.0,0.0
2021-11-23,97.07,98.46,96.96,98.005,10366800,0.0,0.0
2021-11-24,98.435,99.438,98.325,98.755,8500900,0.0,0.0
2021-11-26,95.519,96.766,94.912,96.497,11861800,0.0,0.0
2021-11-29,98.039,98.738,96.665,96.783,12003800,0.0,0.0
2021-11-30,95.603,97.634,94.752,95.115,24451200,0.0,0.0
2021-12-01,96.867,97.803,94.457,94.466,12302700,0.0,0.0
2021-12-02,95.435,97.499,94.322,97.027,11392400,0.0,0.0
2021-12-03,98.376,98.595,95.721,96.412,10445100,0.0,0.0
2021-12-06,97.718,98.974,96.952,97.921,9833900,0.0,0.0
2021-12-07,98.797,99.994,98.797,99.37,11419600,0.0,0.0
2021-12-08,99.766,100.499,99.151,99.817,8827900,0.0,0.0
2021-12-09,99.311,99.943,99.084,99.555,8334700,0.0,0.0
2021-12-10,100.221,100.449,98.485,99.724,9090700,0.0,0.0
2021-12-13,98.982,99.311,97.423,97.651,8533000,0.0,0.0
2021-12-14,97.533,98.527,97.306,97.938,12245300,0.0,0.0
2021-12-15,98.022,98.022,96.025,97.381,11069500,0.0,0.0
2021-12-16,97.912,99.598,97.685,98.291,11344700,0.0,0.0
2021-12-17,97.685,98.14,95.671,95.73,22727900,0.0,0.0
2021-12-20,94.263,95.822,93.311,95.772,13464400,0.0,0.0
2021-12-21,96.429,97.811,96.311,97.306,11368200,0.0,0.0
2021-12-22,97.263,98.325,96.412,97.862,8345200,0.0,0.0
2021-12-23,98.182,99.37,98.089,98.098,7416600,0.0,0.0
2021-12-27,97.811,100.129,97.255,100.103,7745500,0.0,0.0
2021-12-28,99.994,100.567,99.471,99.909,6516000,0.0,0.0
2021-12-29,99.505,99.985,98.839,99.395,6957400,0.0,0.0
2021-12-30,99.547,100.019,98.881,98.957,6016000,0.0,0.0
2021-12-31,98.915,99.513,98.704,98.89,5706600,0.0,0.0
2022-01-03,98.949,100.862,98.839,100.499,10717700,0.0,0.0
2022-01-04,101.081,102.791,100.836,102.328,16413100,0.0,0.0
2022-01-05,103.011,104.359,102.867,102.994,15487100,0.0,0.0
2022-01-06,104.173,104.763,102.505,103.87,13318500,0.0,0.0
2022-01-07,104.114,105.791,103.609,105.362,14164600,0.0,0.0
2022-01-10,105.463,105.918,104.376,105.429,12626100,0.0,0.0
2022-01-11,106.061,107.864,105.193,107.839,14609000,0.0,0.0
2022-01-12,107.856,108.227,106.575,107.3,12469200,0.0,0.0
2022-01-13,107.14,107.949,106.558,106.853,9691300,0.0,0.0
2022-01-14,106.819,108.876,106.819,108.673,13281000,0.0,0.0
2022-01-18,109.289,109.55,107.755,109.027,12905500,0.0,0.0
2022-01-19,109.508,109.676,108.319,108.631,12064300,0.0,0.0
2022-01-20,108.092,110.275,107.763,108.244,11370400,0.0,0.0
2022-01-21,107.662,108.202,106.373,106.946,13055700,0.0,0.0
2022-01-24,104.873,107.637,103.516,107.173,19513700,0.0,0.0
2022-01-25,107.123,111.859,105.564,111.732,19984500,0.0,0.0
2022-01-26,111.994,113.519,110.89,111.817,17266500,0.0,0.0
2022-01-27,113.3,115.449,112.575,114.075,20654100,0.0,0.0
2022-01-28,109.55,111.286,107.923,110.064,24817800,0.0,0.0
2022-01-31,109.71,111.117,108.985,110.671,16401800,0.0,0.0
2022-02-01,110.249,114.387,109.98,113.586,16169700,0.0,0.0
2022-02-02,113.216,114.437,111.909,114.109,10906700,0.0,0.0
2022-02-03,113.637,114.058,112.238,113.089,9447700,0.0,0.0
2022-02-04,113.772,115.449,113.772,114.505,13034700,0.0,0.0
2022-02-07,114.05,117.496,113.62,116.755,18422500,0.0,0.0
2022-02-08,116.443,116.654,113.772,114.977,11021600,0.0,0.0
2022-02-09,115.213,116.578,114.69,116.114,10140800,0.0,0.0
2022-02-10,115.921,116.957,114.092,114.64,11012700,0.0,0.0
2022-02-11,115.331,117.505,114.842,116.974,12821200,0.0,0.0
2022-02-14,116.241,116.333,113.805,115.171,15945000,0.0,0.0
2022-02-15,113.323,114.821,112.556,114.328,11746800,1.42,0.0
2022-02-16,114.915,115.945,113.902,114.362,11348800,0.0,0.0
2022-02-17,114.251,114.6,112.786,113.774,10073900,0.0,0.0
2022-02-18,113.101,114.03,112.446,113.612,10691800,0.0,0.0
2022-02-22,116.661,116.661,111.143,112.744,19428700,0.0,0.0
2022-02-23,113.195,115.877,112.88,115.426,16134200,0.0,0.0
2022-02-24,117.453,117.708,112.165,114.83,22108900,0.0,0.0
2022-02-25,115.775,119.641,115.324,119.539,28028000,0.0,0.0
2022-02-28,118.594,122.622,118.066,122.622,24394300,0.0,0.0
2022-03-01,123.482,127.697,123.218,127.492,31159900,0.0,0.0
2022-03-02,127.901,132.627,127.773,131.256,31329500,0.0,0.0
2022-03-03,129.655,133.794,129.221,133.027,22492900,0.0,0.0
2022-03-04,132.661,136.204,132.065,135.097,29034400,0.0,0.0
2022-03-07,136.161,138.034,132.602,137.983,34824700,0.0,0.0
2022-03-08,139.916,148.168,139.737,145.213,57231000,0.0,0.0
2022-03-09,138.605,144.566,137.276,141.585,43430000,0.0,0.0
2022-03-10,143.689,148.815,143.305,145.46,34913600,0.0,0.0
2022-03-11,141.262,147.299,141.253,145.528,28423600,0.0,0.0
2022-03-14,141.534,143.356,139.908,141.968,25156200,0.0,0.0
2022-03-15,135.488,136.408,132.21,134.781,28534400,0.0,0.0
2022-03-16,135.216,136.672,133.019,134.296,22299700,0.0,0.0
2022-03-17,136.204,137.089,134.475,136.621,15750700,0.0,0.0
2022-03-18,137.004,137.719,135.207,137.719,23214700,0.0,0.0
2022-03-21,138.818,140.998,138.562,140.197,13180600,0.0,0.0
2022-03-22,139.388,140.725,138.443,139.729,11063900,0.0,0.0
2022-03-23,141.355,142.505,140.453,141.236,10755000,0.0,0.0
2022-03-24,141.722,142.548,140.504,141.611,9024800,0.0,0.0
2022-03-25,140.691,144.498,140.64,144.174,10254700,0.0,0.0
2022-03-28,141.27,141.892,140.615,141.653,9992000,0.0,0.0
2022-03-29,139.235,140.061,136.672,139.925,15102600,0.0,0.0
2022-03-30,140.708,141.653,139.363,140.913,9906000,0.0,0.0
2022-03-31,139.201,141.492,138.562,138.656,10395900,0.0,0.0
2022-04-01,138.613,141.313,138.23,139.84,8795300,0.0,0.0
2022-04-04,140.504,140.887,138.801,139.967,8718600,0.0,0.0
2022-04-05,140.529,142.82,138.886,139.107,9538200,0.0,0.0
2022-04-06,140.359,142.215,139.933,140.342,9269000,0.0,0.0
2022-04-07,140.589,142.803,139.158,142.292,8018400,0.0,0.0
2022-04-08,142.249,145.698,142.224,144.702,10801200,0.0,0.0
2022-04-11,143.544,143.723,140.427,140.981,10206100,0.0,0.0
2022-04-12,143.884,147.044,143.186,143.919,9528400,0.0,0.0
2022-04-13,145.553,146.533,143.305,146.184,7330700,0.0,0.0
2022-04-14,145.349,147.265,145.238,146.115,9421100,0.0,0.0
2022-04-18,147.316,148.627,146.354,148.074,7639000,0.0,0.0
2022-04-19,147.384,147.904,145.639,146.32,6970200,0.0,0.0
2022-04-20,146.141,147.81,146.005,146.916,7495000,0.0,0.0
2022-04-21,146.243,146.839,139.508,140.146,14594800,0.0,0.0
2022-04-22,139.976,140.904,136.978,137.055,12160100,0.0,0.0
2022-04-25,132.61,134.85,128.889,134.109,15449800,0.0,0.0
2022-04-26,135.241,136.561,133.172,133.291,9810600,0.0,0.0
2022-04-27,133.76,134.475,131.58,133.044,10396600,0.0,0.0
2022-04-28,134.075,138.801,131.929,137.77,9366400,0.0,0.0
2022-04-29,137.336,138.324,133.087,133.41,14713200,0.0,0.0
2022-05-02,133.104,136.246,132.116,136.033,11559000,0.0,0.0
2022-05-03,135.88,139.167,135.616,138.366,8827200,0.0,0.0
2022-05-04,140.478,142.965,139.201,142.709,9183200,0.0,0.0
2022-05-05,144.131,144.336,138.503,141.577,9807600,0.0,0.0
2022-05-06,143.288,145.588,140.861,145.349,10418100,0.0,0.0
2022-05-09,142.846,142.846,134.952,135.607,14110700,0.0,0.0
2022-05-10,138.128,139.814,134.432,136.91,11636000,0.0,0.0
2022-05-11,139.295,142.599,138.383,138.937,9105500,0.0,0.0
2022-05-12,138.988,140.376,135.275,140.257,8936400,0.0,0.0
2022-05-13,141.781,143.731,140.402,142.948,9229900,0.0,0.0
2022-05-16,143.91,148.994,143.791,147.325,13296300,0.0,0.0
2022-05-17,148.883,149.573,146.984,148.193,12827600,0.0,0.0
2022-05-18,149.49,149.498,142.338,144.287,13107500,1.42,0.0
2022-05-19,141.342,145.643,139.797,143.257,10958700,0.0,0.0
2022-05-20,144.991,146.845,140.878,144.081,9615000,0.0,0.0
2022-05-23,145.463,148.494,145.188,147.429,10216400,0.0,0.0
2022-05-24,146.545,149.026,145.789,148.219,9782700,0.0,0.0
2022-05-25,148.648,151.095,148.502,150.597,10174500,0.0,0.0
2022-05-26,151.524,152.761,150.254,151.61,11213900,0.0,0.0
2022-05-27,151.55,153.121,150.838,153.061,10512300,0.0,0.0
2022-05-31,154.503,155.362,148.932,149.953,20547600,0.0,0.0
2022-06-01,151.73,152.932,150.194,151.378,8824100,0.0,0.0
2022-06-02,150.022,151.542,149.472,151.104,7441900,0.0,0.0
2022-06-03,151.104,153.035,151.104,152.477,8435300,0.0,0.0
2022-06-06,152.735,152.821,150.683,151.816,6734200,0.0,0.0
2022-06-07,152.366,155.105,151.894,154.71,9668300,0.0,0.0
2022-06-08,155.353,156.598,154.752,155.508,8715200,0.0,0.0
2022-06-09,154.564,155.087,152.297,152.409,9764600,0.0,0.0
2022-06-10,151.421,153.31,149.086,150.589,9529700,0.0,0.0
2022-06-13,147.335,147.67,140.853,143.66,14614900,0.0,0.0
2022-06-14,145.412,147.918,142.381,143.849,10269300,0.0,0.0
2022-06-15,143.188,144.107,139.033,141.024,11565300,0.0,0.0
2022-06-16,137.315,137.831,132.001,133.486,18125900,0.0,0.0
2022-06-21,130.542,133.95,130.018,132.722,13772000,0.0,0.0
2022-06-22,127.125,129.468,125.631,126.953,13735800,0.0,0.0
2022-06-23,127.743,128.12,120.325,122.282,15713700,0.0,0.0
2022-06-24,124.661,126.283,122.428,124.291,11108300,0.0,0.0
2022-06-27,125.227,127.768,125.004,126.695,9242400,0.0,0.0
2022-06-28,129.537,130.662,127.159,128.73,9183300,0.0,0.0
2022-06-29,130.181,130.593,125.425,126.189,9082900,0.0,0.0
2022-06-30,124.102,126.996,123.124,124.3,10685000,0.0,0.0
2022-07-01,125.863,126.172,122.317,125.785,7684600,0.0,0.0
2022-07-05,123.33,124.094,119.69,122.48,11513100,0.0,0.0
2022-07-06,121.621,122.995,117.449,120.866,12421200,0.0,0.0
2022-07-07,123.716,124.746,122.84,123.218,12741800,0.0,0.0
2022-07-08,124.386,124.875,121.132,122.574,7915500,0.0,0.0
2022-07-11,121.836,122.643,120.136,121.493,7056800,0.0,0.0
2022-07-12,118.908,119.87,117.844,119.269,8653900,0.0,0.0
2022-07-13,118.144,120.823,117.741,118.47,9414600,0.0,0.0
2022-07-14,115.311,116.899,113.791,116.71,10150200,0.0,0.0
2022-07-15,119.303,119.303,117.131,118.179,7051900,0.0,0.0
2022-07-18,120.677,122.033,119.406,119.835,7943900,0.0,0.0
2022-07-19,119.93,124.497,119.698,124.154,9152100,0.0,0.0
2022-07-20,124.06,126.429,123.046,125.794,7856600,0.0,0.0
2022-07-21,122.875,124.892,121.484,124.832,6724200,0.0,0.0
2022-07-22,124.97,125.605,123.132,123.793,5889500,0.0,0.0
2022-07-25,125.09,127.588,123.785,127.477,6210900,0.0,0.0
2022-07-26,128.352,129.365,125.802,126.481,6112800,0.0,0.0
2022-07-27,127.356,128.953,125.914,128.146,6223000,0.0,0.0
2022-07-28,129.374,130.044,127.09,129.116,6574300,0.0,0.0
2022-07-29,134.396,141.368,133.847,140.612,17143700,0.0,0.0
2022-08-01,138.38,138.964,136.637,137.805,8017800,0.0,0.0
2022-08-02,138.131,138.629,135.907,136.629,5928300,0.0,0.0
2022-08-03,136.775,137.333,132.516,133.383,8751400,0.0,0.0
2022-08-04,133.349,133.452,129.408,129.76,10640000,0.0,0.0
2022-08-05,128.472,133.083,127.94,131.907,7170200,0.0,0.0
2022-08-08,131.864,133.057,131.486,131.709,5966900,0.0,0.0
2022-08-09,133.881,135.478,132.731,133.426,5842200,0.0,0.0
2022-08-10,133.933,134.336,131.297,133.778,6145800,0.0,0.0
2022-08-11,135.744,138.363,135.324,137.041,7888600,0.0,0.0
2022-08-12,135.865,137.29,134.912,137.238,7244700,0.0,0.0
2022-08-15,133.229,135.47,131.735,134.628,8975200,0.0,0.0
2022-08-16,135.143,135.581,133.778,134.285,7218400,0.0,0.0
2022-08-17,134.474,136.8,133.512,135.392,6741100,0.0,0.0
2022-08-18,136.146,138.321,136.094,137.766,6477500,1.42,0.0
2022-08-19,137.281,138.39,136.553,136.614,6834200,0.0,0.0
2022-08-22,135.748,136.657,133.781,135.929,9147000,0.0,0.0
2022-08-23,137.835,140.642,137.498,140.339,10354800,0.0,0.0
2022-08-24,140.053,141.517,139.196,141.379,9468100,0.0,0.0
2022-08-25,142.011,142.86,140.876,142.618,8050700,0.0,0.0
2022-08-26,142.236,143.926,140.746,141.569,7765800,0.0,0.0
2022-08-29,141.985,144.532,141.769,142.626,8462600,0.0,0.0
2022-08-30,140.625,140.833,137.541,139.152,8814300,0.0,0.0
2022-08-31,136.545,139.837,135.28,136.934,13582700,0.0,0.0
2022-09-01,135.566,135.912,132.75,134.751,8244400,0.0,0.0
2022-09-02,137.09,137.861,135.774,136.752,7526600,0.0,0.0
2022-09-06,138.52,138.607,134.899,136.12,8550000,0.0,0.0
2022-09-07,133.469,134.994,132.222,134.379,9442100,0.0,0.0
2022-09-08,134.795,135.479,132.88,135.106,9232500,0.0,0.0
2022-09-09,137.238,139.178,136.475,138.589,8261100,0.0,0.0
2022-09-12,141.05,142.54,139.698,140.781,8920800,0.0,0.0
2022-09-13,139.837,140.92,137.524,138.104,10308300,0.0,0.0
2022-09-14,139.429,141.708,138.918,141.448,11160800,0.0,0.0
2022-09-15,139.204,140.088,138.251,139.152,9665000,0.0,0.0
2022-09-16,139.066,139.603,134.812,135.54,43741600,0.0,0.0
2022-09-19,132.49,135.973,132.377,135.929,6813800,0.0,0.0
2022-09-20,135.184,135.886,133.712,135.392,8955200,0.0,0.0
2022-09-21,137.151,137.558,134.24,134.292,6877000,0.0,0.0
2022-09-22,136.536,137.125,134.058,134.188,6981100,0.0,0.0
2022-09-23,129.735,130.108,124.459,125.421,13919700,0.0,0.0
2022-09-26,124.381,125.663,122.059,122.12,9444000,0.0,0.0
2022-09-27,123.272,124.554,121.687,122.172,10121000,0.0,0.0
2022-09-28,123.09,126.867,122.501,126.296,8279800,0.0,0.0
2022-09-29,125.195,125.975,123.255,125.421,8197600,0.0,0.0
2022-09-30,124.78,125.741,123.445,124.468,9402700,0.0,0.0
2022-10-03,129.059,131.979,128.479,131.45,9597400,0.0,0.0
2022-10-04,133.79,136.778,133.097,136.562,9520200,0.0,0.0
2022-10-05,135.011,138.381,134.11,137.342,10633100,0.0,0.0
2022-10-06,136.311,140.296,136.189,139.845,9498300,0.0,0.0
2022-10-07,140.79,142.02,137.801,138.641,9972500,0.0,0.0
2022-10-10,139.481,139.889,135.531,136.137,5904500,0.0,0.0
2022-10-11,134.067,138.554,133.512,136.163,7533300,0.0,0.0
2022-10-13,135.453,143.805,135.453,143.189,10227500,0.0,0.0
2022-10-14,142.115,143.345,138.554,138.736,7327900,0.0,0.0
2022-10-17,141.465,142.869,139.568,139.75,5890400,0.0,0.0
2022-10-18,140.66,141.483,137.714,140.972,5631200,0.0,0.0
2022-10-19,141.725,146.594,141.725,145.546,9766800,0.0,0.0
2022-10-20,146.672,148.855,145.494,146.378,8871500,0.0,0.0
2022-10-21,146.542,150.605,146.282,150.042,7971300,0.0,0.0
2022-10-24,149.081,151.324,148.673,149.99,7007700,0.0,0.0
2022-10-25,149.93,151.61,149.159,151.55,7280600,0.0,0.0
2022-10-26,151.888,154.625,151.758,153.421,6865300,0.0,0.0
2022-10-27,155.847,157.155,153.759,154.123,9177400,0.0,0.0
2022-10-28,157.216,158.42,152.936,155.925,10773900,0.0,0.0
2022-10-31,154.261,159.269,154.261,156.722,13281000,0.0,0.0
2022-11-01,159.295,159.841,157.588,157.865,9185600,0.0,0.0
2022-11-02,156.748,158.454,154.443,154.642,8087500,0.0,0.0
2022-11-03,154.183,157.839,153.698,156.921,6607800,0.0,0.0
2022-11-04,160.135,160.62,156.462,158.905,7491900,0.0,0.0
2022-11-07,158.108,161.469,157.77,160.802,7578000,0.0,0.0
2022-11-08,160.551,161.357,159.286,160.568,6308200,0.0,0.0
2022-11-09,159.07,159.243,153.534,154.149,8021700,0.0,0.0
2022-11-10,157.874,157.961,154.244,157.068,6981500,0.0,0.0
2022-11-11,159.451,162.093,159.312,161.539,8428300,0.0,0.0
2022-11-14,161.409,164.328,161.296,161.617,9722400,0.0,0.0
2022-11-15,162.11,163.254,160.508,162.916,7747300,0.0,0.0
2022-11-16,161.608,162.717,159.13,160.265,7941100,0.0,0.0
2022-11-17,158.467,160.841,157.384,160.719,6550500,1.42,0.0
2022-11-18,157.986,160.125,156.843,159.759,7661500,0.0,0.0
2022-11-21,156.913,158.632,153.499,158.231,8432900,0.0,0.0
2022-11-22,160.422,162.875,159.837,162.291,9018000,0.0,0.0
2022-11-23,159.951,161.644,159.401,160.85,5831200,0.0,0.0
2022-11-25,161.417,161.775,160.038,160.379,2796400,0.0,0.0
2022-11-28,157.393,158.432,155.367,155.716,9365500,0.0,0.0
2022-11-29,157.375,158.763,156.843,158.048,6985400,0.0,0.0
2022-11-30,159.636,160.064,156.817,160.038,10936700,0.0,0.0
2022-12-01,160.867,161.121,158.406,159.322,5217400,0.0,0.0
2022-12-02,158.484,160.317,157.087,158.048,6852300,0.0,0.0
2022-12-05,159.479,159.724,152.46,154.145,8162200,0.0,0.0
2022-12-06,153.228,155.455,149.396,150.173,8765000,0.0,0.0
2022-12-07,149.343,152.416,149.16,150.618,6936300,0.0,0.0
2022-12-08,153.874,154.005,150.19,151.508,8076600,0.0,0.0
2022-12-09,150.426,151.203,146.611,146.672,10754300,0.0,0.0
2022-12-12,147.484,148.872,146.419,148.2,9364900,0.0,0.0
2022-12-13,151.535,152.312,150.583,151.5,7838800,0.0,0.0
2022-12-14,152.338,152.713,149.527,150.452,7045500,0.0,0.0
2022-12-15,148.942,149.614,146.724,149.326,7272900,0.0,0.0
2022-12-16,147.134,148.549,145.886,147.3,23876000,0.0,0.0
2022-12-19,148.514,149.134,146.89,148.313,7131600,0.0,0.0
2022-12-20,148.252,151.29,148.069,150.749,6199100,0.0,0.0
2022-12-21,152.949,153.621,151.177,152.521,5479400,0.0,0.0
2022-12-22,152.923,152.966,146.96,150.234,5755000,0.0,0.0
2022-12-23,151.997,155.035,151.639,154.878,6079100,0.0,0.0
2022-12-27,155.717,157.349,154.878,156.825,5168000,0.0,0.0
2022-12-28,156.153,156.537,153.595,154.512,4494400,0.0,0.0
2022-12-29,154.224,156.45,154.224,155.682,4142100,0.0,0.0
2022-12-30,155.428,157.105,155.14,156.703,5005100,0.0,0.0
2023-01-03,155.437,156.275,149.736,151.901,7565400,0.0,0.0
2023-01-04,149.247,152.163,149.16,150.286,7684500,0.0,0.0
2023-01-05,149.727,153.822,149.5,152.993,6088200,0.0,0.0
2023-01-06,154.547,156.616,153.394,154.145,7191200,0.0,0.0
2023-01-09,155.629,155.69,152.242,152.94,8385600,0.0,0.0
2023-01-10,154.005,154.276,151.666,153.691,8307000,0.0,0.0
2023-01-11,155.306,155.524,152.172,152.958,6962600,0.0,0.0
2023-01-12,153.647,155.725,153.569,154.599,6891400,0.0,0.0
2023-01-13,154.608,155.393,153.377,155.018,5726300,0.0,0.0
2023-01-17,155.786,158.301,155.559,157.576,10697700,0.0,0.0
2023-01-18,157.864,159.226,154.477,154.73,8899200,0.0,0.0
2023-01-19,154.189,157.105,153.796,156.275,5907200,0.0,0.0
2023-01-20,156.109,158.336,154.983,157.934,10477900,0.0,0.0
2023-01-23,158.205,159.375,157.174,157.725,8381300,0.0,0.0
2023-01-24,158.1,158.894,156.013,157.873,5989000,0.0,0.0
2023-01-25,156.528,157.174,153.962,156.345,6727500,0.0,0.0
2023-01-26,161.505,163.967,160.186,163.949,14307800,0.0,0.0
2023-01-27,160.841,160.841,155.332,156.668,19654700,0.0,0.0
2023-01-30,155.402,155.699,151.622,152.085,11476000,0.0,0.0
2023-01-31,150.819,152.46,149.658,151.928,14481300,0.0,0.0
2023-02-01,151.308,151.613,148.016,149.605,11526400,0.0,0.0
2023-02-02,149.404,149.666,145.642,147.554,10463400,0.0,0.0
2023-02-03,148.296,149.771,147.1,147.938,8404900,0.0,0.0
2023-02-06,148.034,148.523,146.122,148.104,7659500,0.0,0.0
2023-02-07,148.479,152.251,148.077,151.989,10256500,0.0,0.0
2023-02-08,150.583,151.971,147.955,148.418,9784700,0.0,0.0
2023-02-09,148.619,148.994,146.672,147.056,10123400,0.0,0.0
2023-02-10,149.116,150.801,149.099,150.138,11602400,0.0,0.0
2023-02-13,149.57,150.077,148.217,149.3,9442900,0.0,0.0
2023-02-14,148.837,151.482,148.4,150.443,8077300,0.0,0.0
2023-02-15,149.201,149.307,147.528,148.858,8885700,1.51,0.0
2023-02-16,148.136,148.55,146.559,146.709,6727500,0.0,0.0
2023-02-17,145.088,145.185,142.552,143.432,9612100,0.0,0.0
2023-02-21,142.842,144.225,141.539,141.803,7259700,0.0,0.0
2023-02-22,141.169,142.384,139.962,141.231,6205900,0.0,0.0
2023-02-23,142.904,143.424,141.415,142.622,6445500,0.0,0.0
2023-02-24,141.6,143.212,140.174,143.045,5330200,0.0,0.0
2023-02-27,143.573,143.89,142.613,143.406,6386800,0.0,0.0
2023-02-28,144.727,144.727,141.169,141.6,10854200,0.0,0.0
2023-03-01,141.733,144.084,141.442,142.728,7470400,0.0,0.0
2023-03-02,142.666,143.996,142.323,143.177,5582000,0.0,0.0
2023-03-03,141.689,145.837,141.292,145.291,6007500,0.0,0.0
2023-03-06,144.745,146.911,144.278,146.357,7703600,0.0,0.0
2023-03-07,145.943,146.735,144.075,144.472,7393000,0.0,0.0
2023-03-08,143.767,145.581,142.138,143.556,5435800,0.0,0.0
2023-03-09,144.26,145.758,141.09,141.371,6214700,0.0,0.0
2023-03-10,141.75,145.035,139.751,140.632,7385800,0.0,0.0
2023-03-13,137.787,141.759,135.462,139.786,10106100,0.0,0.0
2023-03-14,139.39,144.463,139.055,141.592,10035200,0.0,0.0
2023-03-15,137.038,139.117,133.885,135.462,14063100,0.0,0.0
2023-03-16,132.256,136.932,132.035,135.893,12849600,0.0,0.0
2023-03-17,135.303,136.853,132.643,134.176,33161800,0.0,0.0
2023-03-20,133.647,137.205,133.251,136.148,8469200,0.0,0.0
2023-03-21,138.421,140.544,137.813,140.315,9753500,0.0,0.0
2023-03-22,140.808,140.975,137.338,137.461,6315000,0.0,0.0
2023-03-23,138.298,139.83,134.88,136.096,7859400,0.0,0.0
2023-03-24,133.964,137.972,133.726,137.452,6600100,0.0,0.0
2023-03-27,138.632,139.583,137.126,138.852,7006800,0.0,0.0
2023-03-28,138.527,141.09,137.998,140.473,5605400,0.0,0.0
2023-03-29,141.468,142.085,140.332,141.68,7569700,0.0,0.0
2023-03-30,142.904,143.573,142.314,143.027,6322400,0.0,0.0
2023-03-31,143.3,144.199,142.816,143.705,7041400,0.0,0.0
2023-04-03,149.554,150.699,148.779,149.686,12868200,0.0,0.0
2023-04-04,150.734,150.734,147.722,148.884,7521400,0.0,0.0
2023-04-05,149.078,150.117,147.739,149.624,6478100,0.0,0.0
2023-04-06,149.157,149.21,147.202,147.66,5803200,0.0,0.0
2023-04-10,148.4,149.448,147.361,148.224,5923500,0.0,0.0
2023-04-11,148.911,150.029,148.03,149.043,5469600,0.0,0.0
2023-04-12,150.126,150.716,149.263,149.571,6157900,0.0,0.0
2023-04-13,149.95,151.905,149.571,151.571,6856600,0.0,0.0
2023-04-14,151.932,152.267,150.804,151.879,4930700,0.0,0.0
2023-04-17,151.835,151.967,149.924,150.54,7006000,0.0,0.0
2023-04-18,150.452,151.835,149.844,150.188,8045600,0.0,0.0
2023-04-19,149.254,150.382,148.937,150.329,5506800,0.0,0.0
2023-04-20,148.638,149.783,147.986,149.598,5851100,0.0,0.0
2023-04-21,149.58,150.25,148.708,148.955,7179000,0.0,0.0
2023-04-24,148.937,151.826,148.479,151.033,7177600,0.0,0.0
2023-04-25,150.012,150.082,148.347,148.84,5807200,0.0,0.0
2023-04-26,148.153,148.805,145.529,146.189,5927400,0.0,0.0
2023-04-27,146.586,147.431,145.388,147.044,6417200,0.0,0.0
2023-04-28,144.886,148.796,144.489,148.479,10036300,0.0,0.0
2023-05-01,147.713,148.611,146.524,147.299,6099800,0.0,0.0
2023-05-02,145.608,145.661,139.557,140.957,10701700,0.0,0.0
2023-05-03,139.293,140.544,138.051,138.13,7538100,0.0,0.0
2023-05-04,138.377,139.337,136.888,137.593,7500400,0.0,0.0
2023-05-05,140.306,141.909,139.848,141.107,5802000,0.0,0.0
2023-05-08,142.305,142.948,140.499,140.552,5028200,0.0,0.0
2023-05-09,139.258,141.292,139.081,140.147,5019800,0.0,0.0
2023-05-10,141.31,141.31,137.293,138.359,6161200,0.0,0.0
2023-05-11,136.853,137.681,135.541,137.593,6666100,0.0,0.0
2023-05-12,138.28,139.099,137.012,137.945,4898900,0.0,0.0
2023-05-15,138.483,139.302,137.602,138.456,5096700,0.0,0.0
2023-05-16,137.822,138.298,135.048,135.206,7007700,0.0,0.0
2023-05-17,136.333,137.769,135.602,137.144,6169600,0.0,0.0
2023-05-18,135.961,137.179,134.769,136.975,7477700,1.51,0.0
2023-05-19,137.757,139.136,136.957,138.06,8100900,0.0,0.0
2023-05-22,136.779,137.704,135.267,135.578,11661000,0.0,0.0
2023-05-23,137.09,140.239,136.824,139.501,10436200,0.0,0.0
2023-05-24,140.479,141.03,139.003,139.874,7064000,0.0,0.0
2023-05-25,137.571,138.416,136.521,137.464,7037700,0.0,0.0
2023-05-26,138.113,138.416,136.486,137.037,7736200,0.0,0.0
2023-05-30,134.894,136.308,134.485,136.183,7814800,0.0,0.0
2023-05-31,134.778,135.561,133.729,133.96,13346400,0.0,0.0
2023-06-01,134.565,136.735,133.177,135.329,9887700,0.0,0.0
2023-06-02,137.482,139.412,136.619,138.976,9464300,0.0,0.0
2023-06-05,140.924,140.924,138.069,138.309,6443800,0.0,0.0
2023-06-06,136.37,138.887,136.254,138.558,6176400,0.0,0.0
2023-06-07,139.234,142.489,139.189,142.151,9900000,0.0,0.0
2023-06-08,142.445,142.738,139.714,141.626,7142200,0.0,0.0
2023-06-09,141.662,142.649,141.075,141.288,6669500,0.0,0.0
2023-06-12,139.687,141.706,138.949,139.928,7159600,0.0,0.0
2023-06-13,140.986,142.818,140.764,140.977,7660800,0.0,0.0
2023-06-14,142.284,142.987,138.878,139.714,7721100,0.0,0.0
2023-06-15,139.919,142.115,139.919,140.772,7705400,0.0,0.0
2023-06-16,141.03,141.626,139.865,139.865,22908100,0.0,0.0
2023-06-20,138.878,139.252,135.401,136.681,10438700,0.0,0.0
2023-06-21,135.783,138.709,135.632,137.749,7328200,0.0,0.0
2023-06-22,136.388,136.601,135.16,135.756,7088600,0.0,0.0
2023-06-23,134.307,134.92,133.524,134.609,15172700,0.0,0.0
2023-06-26,134.849,137.829,134.778,136.975,7371800,0.0,0.0
2023-06-27,136.521,137.597,135.916,136.548,6581700,0.0,0.0
2023-06-28,136.468,137.873,135.356,137.784,5773800,0.0,0.0
2023-06-29,138.238,138.985,137.357,138.958,5633500,0.0,0.0
2023-06-30,140.043,140.452,139.278,139.945,6346600,0.0,0.0
2023-07-03,139.794,140.612,139.367,139.821,3272600,0.0,0.0
2023-07-05,140.257,140.257,137.962,139.02,6318700,0.0,0.0
2023-07-06,138.033,138.593,134.858,135.97,9203000,0.0,0.0
2023-07-07,135.312,138.736,135.152,137.162,6602200,0.0,0.0
2023-07-10,136.904,138.558,136.895,138.078,5167900,0.0,0.0
2023-07-11,138.745,140.888,138.442,140.63,5060500,0.0,0.0
2023-07-12,141.608,142.605,140.817,141.982,6464000,0.0,0.0
2023-07-13,142.16,142.836,139.252,140.088,8143900,0.0,0.0
2023-07-14,139.643,139.652,136.343,136.592,7065700,0.0,0.0
2023-07-17,136.388,137.09,135.756,136.468,4351700,0.0,0.0
2023-07-18,135.783,138.807,135.516,136.744,6798300,0.0,0.0
2023-07-19,136.815,138.549,136.326,137.58,5653100,0.0,0.0
2023-07-20,138.887,139.803,138.487,139.1,5866600,0.0,0.0
2023-07-21,140.105,141.262,139.687,141.137,8760100,0.0,0.0
2023-07-24,142.72,145.895,142.311,143.921,9722100,0.0,0.0
2023-07-25,144.001,145.424,142.889,144.579,6767600,0.0,0.0
2023-07-26,143.085,144.161,142.791,143.494,6056400,0.0,0.0
2023-07-27,144.161,144.499,141.608,142.0,6470100,0.0,0.0
2023-07-28,140.888,141.413,139.198,141.297,6542300,0.0,0.0
2023-07-31,143.307,145.842,142.854,145.557,13056300,0.0,0.0
2023-08-01,145.54,145.54,142.791,144.348,7531400,0.0,0.0
2023-08-02,143.343,143.387,140.577,142.062,7067100,0.0,0.0
2023-08-03,142.222,143.814,141.279,142.009,6680700,0.0,0.0
2023-08-04,142.889,144.988,141.448,141.689,10185400,0.0,0.0
2023-08-07,143.201,143.53,141.484,142.204,13927400,0.0,0.0
2023-08-08,140.47,142.115,138.94,141.991,6451300,0.0,0.0
2023-08-09,143.067,143.583,141.689,142.178,10531500,0.0,0.0
2023-08-10,142.596,144.508,141.964,143.04,8647100,0.0,0.0
2023-08-11,142.747,146.011,142.462,145.993,6682600,0.0,0.0
2023-08-14,145.655,146.082,144.624,145.886,6060100,0.0,0.0
2023-08-15,145.326,145.335,141.502,141.626,7876500,0.0,0.0
2023-08-16,142.765,143.93,140.941,141.084,7920500,0.0,0.0
2023-08-17,142.933,145.591,142.745,143.445,8270500,1.51,0.0
2023-08-18,142.215,144.855,142.018,144.478,5999200,0.0,0.0
2023-08-21,144.747,145.529,143.176,143.993,6802300,0.0,0.0
2023-08-22,144.11,144.792,142.745,142.808,6080800,0.0,0.0
2023-08-23,142.0,143.14,140.707,142.996,4975600,0.0,0.0
2023-08-24,141.631,143.571,141.479,141.82,5989600,0.0,0.0
2023-08-25,142.835,143.589,141.56,142.88,5291800,0.0,0.0
2023-08-28,143.248,145.286,142.969,143.858,4386100,0.0,0.0
2023-08-29,144.487,144.523,142.862,54.016560207166116,5374800,0.0,0.0
2023-08-30,144.2,144.792,143.607,143.831,5534900,0.0,0.0
2023-08-31,144.577,144.783,143.607,144.658,7003700,0.0,0.0
2023-09-01,146.04,147.881,146.04,147.531,6663000,0.0,0.0
2023-09-05,148.411,150.458,148.339,149.471,9755800,0.0,0.0
2023-09-06,149.309,150.35,148.68,149.623,7195500,0.0,0.0
2023-09-07,150.081,150.764,149.309,149.632,7925900,0.0,0.0
2023-09-08,150.333,151.293,149.695,150.144,7434400,0.0,0.0
2023-09-11,150.925,151.383,146.247,147.046,7155100,0.0,0.0
2023-09-12,148.429,150.126,148.249,149.785,7521100,0.0,0.0
2023-09-14,150.584,151.302,150.063,150.162,8822800,0.0,0.0
2023-09-15,149.246,151.186,148.95,149.506,17439700,0.0,0.0
2023-09-18,150.737,151.177,149.417,150.153,7027600,0.0,0.0
2023-09-19,151.473,151.715,149.444,150.135,6615100,0.0,0.0
2023-09-20,150.018,151.311,149.596,149.677,5939100,0.0,0.0
2023-09-21,150.063,150.737,148.204,148.33,7150000,0.0,0.0
2023-09-22,149.264,150.332,149.004,149.309,5963000,0.0,0.0
2023-09-25,149.354,151.554,149.048,151.491,5510000,0.0,0.0
2023-09-26,150.35,151.221,149.937,150.674,5659200,0.0,0.0
2023-09-27,152.083,153.754,151.581,153.583,9124400,0.0,0.0
2023-09-28,153.143,154.176,152.137,153.179,7151800,0.0,0.0
2023-09-29,153.089,153.098,150.692,151.41,7396100,0.0,0.0
2023-10-02,151.159,151.365,148.366,149.542,6839600,0.0,0.0
2023-10-03,148.986,150.279,148.617,149.893,6168600,0.0,0.0
2023-10-04,147.89,148.142,145.008,146.4,9664700,0.0,0.0
2023-10-05,144.945,147.935,144.918,147.172,8073000,0.0,0.0
2023-10-06,147.54,147.594,142.763,145.672,10190400,0.0,0.0
2023-10-09,149.399,151.024,148.115,149.704,8183500,0.0,0.0
2023-10-10,149.749,150.315,148.77,149.542,6512900,0.0,0.0
2023-10-11,148.222,148.231,144.101,144.658,12570700,0.0,0.0
2023-10-12,146.597,146.597,144.478,144.774,7397000,0.0,0.0
2023-10-13,146.732,148.016,145.735,147.315,8042800,0.0,0.0
2023-10-16,148.465,148.887,147.127,148.519,5446000,0.0,0.0
2023-10-17,148.007,151.033,147.845,150.485,7538300,0.0,0.0
2023-10-18,151.275,152.38,150.476,151.679,6893500,0.0,0.0
2023-10-19,151.482,152.802,150.413,151.841,6580200,0.0,0.0
2023-10-20,151.221,151.841,149.147,149.803,7458300,0.0,0.0
2023-10-23,146.633,147.648,143.894,144.28,16232400,0.0,0.0
2023-10-24,144.469,144.64,140.5,140.662,17689900,0.0,0.0
2023-10-25,140.922,141.344,139.333,139.961,10502400,0.0,0.0
2023-10-26,139.189,139.342,137.95,138.956,10830400,0.0,0.0
2023-10-27,135.337,135.813,129.267,129.617,24524300,0.0,0.0
2023-10-30,130.793,131.494,129.59,131.18,13857100,0.0,0.0
2023-10-31,131.189,131.566,129.509,130.856,14261300,0.0,0.0
2023-11-01,131.081,131.108,129.141,129.285,10819600,0.0,0.0
2023-11-02,129.788,133.793,129.15,133.577,11099100,0.0,0.0
2023-11-03,133.164,133.397,131.233,132.544,13160000,0.0,0.0
2023-11-06,133.55,134.089,131.718,131.997,10634200,0.0,0.0
2023-11-07,130.344,130.749,128.62,129.671,15054600,0.0,0.0
2023-11-08,129.195,129.886,127.731,127.866,12654100,0.0,0.0
2023-11-09,128.45,129.222,127.309,127.453,10359500,0.0,0.0
2023-11-10,128.665,128.8,127.265,128.36,11988200,0.0,0.0
2023-11-13,128.54,129.572,128.27,129.303,8747700,0.0,0.0
2023-11-14,129.734,130.65,129.177,130.246,11224400,0.0,0.0
2023-11-15,130.075,131.673,129.671,130.704,10052100,0.0,0.0
2023-11-16,129.769,130.214,127.7,128.635,14031300,1.51,0.0
2023-11-17,129.706,131.738,129.206,131.076,11075600,0.0,0.0
2023-11-20,131.23,132.192,130.903,131.003,8062400,0.0,0.0
2023-11-21,130.504,130.93,129.479,130.695,6783300,0.0,0.0
2023-11-22,128.608,131.012,127.682,130.958,7216100,0.0,0.0
2023-11-24,130.93,132.419,130.84,131.475,3861000,0.0,0.0
2023-11-27,131.248,131.402,129.615,130.985,9850800,0.0,0.0
2023-11-28,131.366,132.945,130.713,132.028,9746500,0.0,0.0
2023-11-29,132.827,132.918,129.805,130.577,16417100,0.0,0.0
2023-11-30,131.547,132.482,128.871,130.295,16276000,0.0,0.0
2023-12-01,130.195,132.936,129.388,131.393,11906500,0.0,0.0
2023-12-04,130.658,132.201,129.978,131.448,11842800,0.0,0.0
2023-12-05,131.348,131.629,129.415,129.624,9597600,0.0,0.0
2023-12-06,128.753,130.685,128.254,129.324,18079700,0.0,0.0
2023-12-07,130.214,130.667,127.927,129.225,14786700,0.0,0.0
2023-12-08,130.214,131.266,129.86,130.94,10821700,0.0,0.0
2023-12-11,131.42,131.929,130.495,130.976,9849600,0.0,0.0
2023-12-12,129.905,130.286,128.617,129.297,9863900,0.0,0.0
2023-12-13,128.998,131.275,128.526,131.212,10641300,0.0,0.0
2023-12-14,132.337,136.039,132.337,136.039,14960500,0.0,0.0
2023-12-15,133.671,135.939,133.671,135.513,30850900,0.0,0.0
2023-12-18,136.855,138.026,135.485,135.812,11561700,0.0,0.0
2023-12-19,136.066,137.763,135.64,137.59,8738100,0.0,0.0
2023-12-20,138.053,138.879,136.157,136.329,9370000,0.0,0.0
2023-12-21,136.81,136.828,135.395,136.747,7264700,0.0,0.0
2023-12-22,137.681,138.271,136.783,137.055,6396100,0.0,0.0
2023-12-26,137.981,138.833,137.826,138.289,5165600,0.0,0.0
2023-12-27,138.162,138.797,137.318,137.835,5337200,0.0,0.0
2023-12-28,137.173,137.935,135.558,135.894,8148000,0.0,0.0
2023-12-29,136.13,136.311,134.896,135.34,7658600,0.0,0.0
2024-01-02,136.093,137.445,135.413,135.631,8879700,0.0,0.0
2024-01-03,135.549,138.997,134.905,138.216,10255300,0.0,0.0
2024-01-04,139.423,140.049,136.638,136.701,8220300,0.0,0.0
2024-01-05,137.899,137.944,135.948,136.465,7455400,0.0,0.0
2024-01-08,134.669,135.83,132.999,135.649,10038200,0.0,0.0
2024-01-09,136.057,136.057,132.101,132.201,11784700,0.0,0.0
2024-01-10,132.491,132.491,130.758,131.112,8490400,0.0,0.0
2024-01-11,132.074,132.627,131.221,131.82,8612500,0.0,0.0
2024-01-12,134.133,134.741,132.627,133.625,9386900,0.0,0.0
2024-01-16,132.936,132.999,130.277,130.377,9380400,0.0,0.0
2024-01-17,129.225,130.676,128.88,129.86,8167000,0.0,0.0
2024-01-18,129.751,129.923,126.684,128.68,11187800,0.0,0.0
2024-01-19,128.599,129.07,127.945,129.061,11192500,0.0,0.0
2024-01-22,128.762,129.442,127.864,129.288,9184600,0.0,0.0
2024-01-23,128.834,130.05,128.753,128.925,6767200,0.0,0.0
2024-01-24,129.479,131.547,129.043,131.493,8100000,0.0,0.0
2024-01-25,132.673,134.914,131.774,134.805,9773600,0.0,0.0
2024-01-26,134.315,135.431,133.362,135.322,9151900,0.0,0.0
2024-01-29,135.277,135.395,133.48,135.268,10494800,0.0,0.0
2024-01-30,134.451,136.384,134.025,136.211,9902900,0.0,0.0
2024-01-31,136.438,136.447,133.689,133.77,10428000,0.0,0.0
2024-02-01,134.46,135.213,132.945,134.188,8641100,0.0,0.0
2024-02-02,136.883,139.169,135.694,138.135,12839100,0.0,0.0
2024-02-05,137.572,139.287,136.819,138.216,8277800,0.0,0.0
2024-02-06,138.371,139.314,137.745,138.235,6198200,0.0,0.0
2024-02-07,138.843,139.532,137.164,138.035,6252000,0.0,0.0
2024-02-08,137.872,140.004,137.599,139.786,9237000,0.0,0.0
2024-02-09,140.113,140.929,136.992,137.046,9194500,0.0,0.0
2024-02-12,137.572,138.471,137.364,137.99,6713000,0.0,0.0
2024-02-13,138.48,138.888,135.739,136.647,6987100,0.0,0.0
2024-02-14,137.264,138.098,136.175,137.019,5995100,0.0,0.0
2024-02-15,137.505,142.256,137.285,141.678,8950300,1.63,0.0
2024-02-16,142.513,142.88,141.339,141.834,7570200,0.0,0.0
2024-02-20,142.605,142.733,141.101,141.256,6977900,0.0,0.0
2024-02-21,141.779,142.697,141.348,142.577,6628900,0.0,0.0
2024-02-22,142.009,143.669,141.101,142.568,8874900,0.0,0.0
2024-02-23,142.054,142.1,140.569,141.862,6561600,0.0,0.0
2024-02-26,141.752,142.678,141.101,141.669,6900800,0.0,0.0
2024-02-27,140.523,141.146,137.496,139.569,15093800,0.0,0.0
2024-02-28,139.752,141.128,139.22,139.734,6715900,0.0,0.0
2024-02-29,140.257,140.559,138.945,139.431,9334400,0.0,0.0
2024-03-01,140.385,141.577,139.651,140.165,7459100,0.0,0.0
2024-03-04,139.881,139.963,135.45,136.56,12503200,0.0,0.0
2024-03-05,136.514,138.156,136.028,137.211,6985500,0.0,0.0
2024-03-06,138.349,139.798,135.881,136.056,14692100,0.0,0.0
2024-03-07,136.212,138.275,136.166,137.01,8739300,0.0,0.0
2024-03-08,137.01,137.578,136.111,137.477,7528400,0.0,0.0
2024-03-11,138.046,139.495,137.211,139.422,7577100,0.0,0.0
2024-03-12,139.266,139.945,138.312,139.321,6432900,0.0,0.0
2024-03-13,140.559,142.064,140.477,141.156,8065600,0.0,0.0
2024-03-14,141.045,142.843,140.119,142.816,9047200,0.0,0.0
2024-03-15,142.348,144.045,141.642,142.678,20387200,0.0,0.0
2024-03-18,143.118,143.706,142.119,142.55,7242700,0.0,0.0
2024-03-19,142.449,143.861,142.183,143.66,7736700,0.0,0.0
2024-03-20,142.871,143.485,141.467,141.761,8449100,0.0,0.0
2024-03-21,142.128,142.807,141.633,142.045,7899100,0.0,0.0
2024-03-22,142.247,142.431,141.403,141.862,5974700,0.0,0.0
2024-03-25,142.614,144.293,142.421,143.522,6058700,0.0,0.0
2024-03-26,143.568,143.88,141.853,142.421,6677900,0.0,0.0
2024-03-27,142.054,143.495,142.036,143.412,7416900,0.0,0.0
2024-03-28,144.146,145.1,143.43,144.687,8331600,0.0,0.0
2024-04-01,145.173,146.384,143.953,145.916,6285700,0.0,0.0
2024-04-02,146.806,147.879,145.861,146.558,8815400,0.0,0.0
2024-04-03,146.852,147.631,146.503,147.164,7819700,0.0,0.0
2024-04-04,147.494,148.549,146.595,147.393,9269700,0.0,0.0
2024-04-05,147.98,148.75,146.632,148.228,7432800,0.0,0.0
2024-04-08,148.273,149.053,147.063,147.925,7253200,0.0,0.0
2024-04-09,148.457,149.081,147.182,148.594,6576200,0.0,0.0
2024-04-10,148.787,149.301,147.686,149.209,7525800,0.0,0.0
2024-04-11,150.08,150.08,146.577,148.494,7682500,0.0,0.0
2024-04-12,148.86,150.31,144.962,145.806,11071000,0.0,0.0
2024-04-15,146.705,147.209,144.338,144.549,7236900,0.0,0.0
2024-04-16,144.283,144.751,142.559,143.348,5541900,0.0,0.0
2024-04-17,143.082,144.659,142.761,143.458,6733900,0.0,0.0
2024-04-18,144.137,144.962,143.449,144.531,4979200,0.0,0.0
2024-04-19,145.613,147.448,145.063,146.76,7734700,0.0,0.0
2024-04-22,146.714,149.237,145.329,148.521,6779200,0.0,0.0
2024-04-23,147.962,149.374,147.31,149.374,5597600,0.0,0.0
2024-04-24,148.484,150.282,148.09,150.035,7610300,0.0,0.0
2024-04-25,150.154,151.897,149.209,151.603,9702600,0.0,0.0
2024-04-26,151.557,153.162,149.787,152.163,9736400,0.0,0.0
2024-04-29,152.181,153.282,151.062,152.566,6364000,0.0,0.0
2024-04-30,152.236,152.374,147.631,147.925,8457300,0.0,0.0
2024-05-01,147.475,148.09,145.751,146.421,7713700,0.0,0.0
2024-05-02,147.136,148.393,146.659,147.43,8597100,0.0,0.0
2024-05-03,147.365,147.365,144.045,146.989,11664500,0.0,0.0
2024-05-06,147.43,150.447,147.43,148.87,8430300,0.0,0.0
2024-05-07,148.879,149.649,148.613,149.209,6869900,0.0,0.0
2024-05-08,148.549,149.585,148.173,149.09,6706400,0.0,0.0
2024-05-09,149.53,151.814,149.264,151.759,6683300,0.0,0.0
2024-05-10,152.3,152.649,151.365,152.098,5490900,0.0,0.0
2024-05-13,152.704,153.098,149.493,150.915,6848300,0.0,0.0
2024-05-14,150.741,151.53,149.53,150.071,4924000,0.0,0.0
2024-05-15,149.631,150.246,146.916,149.558,7603100,0.0,0.0
2024-05-16,149.659,150.095,148.687,149.252,6409400,1.63,0.0
2024-05-17,149.863,150.994,149.344,150.716,5497900,0.0,0.0
2024-05-20,150.762,151.021,149.233,149.298,4913800,0.0,0.0
2024-05-21,148.779,149.595,148.001,148.214,4783300,0.0,0.0
2024-05-22,147.797,147.797,145.018,145.99,6260500,0.0,0.0
2024-05-23,146.315,146.945,144.842,145.407,6718400,0.0,0.0
2024-05-24,146.463,147.288,145.74,146.157,4477700,0.0,0.0
2024-05-28,146.5,147.705,146.343,147.352,6928300,0.0,0.0
2024-05-29,146.407,146.843,144.944,145.37,5909600,0.0,0.0
2024-05-30,145.323,146.815,145.286,146.63,6369600,0.0,0.0
2024-05-31,146.973,150.632,146.861,150.373,10334200,0.0,0.0
2024-06-03,149.622,149.798,144.962,145.889,9009900,0.0,0.0
2024-06-04,144.276,144.86,142.785,144.656,6360500,0.0,0.0
2024-06-05,144.684,145.481,143.174,143.591,7058500,0.0,0.0
2024-06-06,143.146,144.554,142.118,144.471,5215100,0.0,0.0
2024-06-07,144.267,146.102,143.73,144.61,5887700,0.0,0.0
2024-06-10,144.916,146.574,144.832,145.221,7074700,0.0,0.0
2024-06-11,144.693,145.231,143.128,144.99,5132000,0.0,0.0
2024-06-12,145.916,146.046,141.2,142.887,10017400,0.0,0.0
2024-06-13,142.47,142.766,141.043,141.608,6163000,0.0,0.0
2024-06-14,141.877,142.025,140.802,141.358,6159100,0.0,0.0
2024-06-17,141.293,142.618,140.765,141.932,6321400,0.0,0.0
2024-06-18,142.266,144.49,141.608,142.062,6942900,0.0,0.0
2024-06-20,142.414,145.842,141.988,145.129,8336000,0.0,0.0
2024-06-21,145.277,146.083,143.813,143.869,21289800,0.0,0.0
2024-06-24,144.786,147.816,144.712,147.603,7971600,0.0,0.0
2024-06-25,147.427,147.649,146.083,146.815,5985400,0.0,0.0
2024-06-26,146.815,146.815,144.341,144.49,8637800,0.0,0.0
2024-06-27,145.184,145.407,144.202,144.832,5568700,0.0,0.0
2024-06-28,145.944,146.926,144.693,144.925,11283400,0.0,0.0
2024-07-01,145.611,147.037,144.517,145.018,5584100,0.0,0.0
2024-07-02,146.092,146.129,144.026,145.231,7216800,0.0,0.0
2024-07-03,145.407,146.148,145.055,57.78184399129161,3264200,0.0,0.0
2024-07-05,145.045,145.045,142.386,142.97,6183100,0.0,0.0
2024-07-08,142.053,143.869,142.053,142.989,4990700,0.0,0.0
2024-07-09,141.756,143.387,141.154,141.738,5301600,0.0,0.0
2024-07-10,141.293,144.017,141.108,143.73,5416600,0.0,0.0
2024-07-11,143.609,145.166,142.887,143.85,8322500,0.0,0.0
2024-07-12,144.684,144.944,143.202,144.156,6446300,0.0,0.0
2024-07-15,145.416,147.797,144.879,146.426,5661200,0.0,0.0
2024-07-16,145.472,146.676,144.675,146.176,6924200,0.0,0.0
2024-07-17,146.852,149.613,146.658,149.382,7296600,0.0,0.0
2024-07-18,149.382,152.207,148.464,150.067,6577700,0.0,0.0
2024-07-19,150.54,150.743,146.769,147.454,6427700,0.0,0.0
2024-07-22,146.593,147.297,145.323,145.453,5577300,0.0,0.0
2024-07-23,144.86,145.092,142.535,142.766,6238700,0.0,0.0
2024-07-24,143.322,144.258,142.145,143.674,5971700,0.0,0.0
2024-07-25,143.952,146.63,143.257,145.963,5432100,0.0,0.0
2024-07-26,146.139,147.352,145.518,146.241,5232500,0.0,0.0
2024-07-29,146.621,146.621,143.48,145.092,5072000,0.0,0.0
2024-07-30,144.962,148.325,144.944,147.844,5740900,0.0,0.0
2024-07-31,149.808,149.808,148.288,148.677,6209200,0.0,0.0
2024-08-01,147.047,147.779,140.858,141.404,16689900,0.0,0.0
2024-08-02,140.024,140.867,136.216,137.633,13278600,0.0,0.0
2024-08-05,134.826,135.058,132.871,134.029,13037200,0.0,0.0
2024-08-06,133.872,134.428,132.602,132.704,9692700,0.0,0.0
2024-08-07,133.955,135.021,131.824,131.945,8867900,0.0,0.0
2024-08-08,132.556,134.177,132.223,133.872,7531100,0.0,0.0
2024-08-09,133.612,135.373,132.667,134.335,7653100,0.0,0.0
2024-08-12,135.122,135.956,129.424,134.363,8442200,0.0,0.0
2024-08-13,133.492,133.927,132.538,133.557,7794800,0.0,0.0
2024-08-14,133.779,134.567,132.89,134.038,5874200,0.0,0.0
2024-08-15,134.891,136.679,134.789,136.012,6304200,0.0,0.0
2024-08-16,135.317,136.772,134.937,136.447,6874400,0.0,0.0
2024-08-19,136.794,138.406,136.682,137.562,5967400,1.63,0.0
2024-08-20,137.094,137.263,135.436,135.557,7497600,0.0,0.0
2024-08-21,136.251,137.384,135.426,136.148,5985000,0.0,0.0
2024-08-22,136.176,137.094,135.97,136.532,4027000,0.0,0.0
2024-08-23,137.281,138.743,137.085,138.302,4824100,0.0,0.0
2024-08-26,139.567,140.617,138.237,139.127,5780300,0.0,0.0
2024-08-27,139.286,140.111,137.478,137.675,5100000,0.0,0.0
2024-08-28,137.197,137.853,136.298,136.785,5614400,0.0,0.0
2024-08-29,137.216,138.827,136.26,138.115,4466700,0.0,0.0
2024-08-30,136.991,138.733,136.504,138.612,6414800,0.0,0.0
2024-09-03,136.363,136.569,135.173,135.529,7944700,0.0,0.0
2024-09-04,135.511,136.344,132.728,133.103,9820700,0.0,0.0
2024-09-05,134.133,134.133,131.726,132.035,9371100,0.0,0.0
2024-09-06,132.166,133.14,129.168,129.814,7836400,0.0,0.0
2024-09-09,129.889,133.056,129.796,131.444,9892300,0.0,0.0
2024-09-10,132.007,132.175,128.437,129.505,8202500,0.0,0.0
2024-09-11,129.486,129.739,126.826,129.177,9534000,0.0,0.0
2024-09-12,129.505,130.667,128.746,130.423,6591500,0.0,0.0
2024-09-13,131.042,132.597,130.892,131.735,5900700,0.0,0.0
2024-09-16,132.747,134.133,132.166,133.121,6864300,0.0,0.0
2024-09-17,132.85,135.042,132.794,134.358,7338800,0.0,0.0
2024-09-18,134.274,136.41,134.152,134.873,6180300,0.0,0.0
2024-09-19,136.607,137.515,135.782,135.838,7247400,0.0,0.0
2024-09-20,136.063,136.7,134.386,136.485,23162900,0.0,0.0
2024-09-23,137.019,139.052,136.738,138.228,6960600,0.0,0.0
2024-09-24,139.483,139.689,137.637,138.143,6014200,0.0,0.0
2024-09-25,137.675,138.106,134.442,134.883,7888400,0.0,0.0
2024-09-26,132.007,134.18,131.754,133.028,8046200,0.0,0.0
2024-09-27,133.955,136.569,133.824,136.307,8049200,0.0,0.0
2024-09-30,136.194,138.171,135.173,137.975,7491700,0.0,0.0
2024-10-01,137.113,141.019,136.269,140.251,9489100,0.0,0.0
2024-10-02,142.106,142.668,139.839,141.422,8105400,0.0,0.0
2024-10-03,141.76,142.565,140.551,141.703,6553300,0.0,0.0
2024-10-04,142.856,142.874,140.663,141.226,7892400,0.0,0.0
2024-10-07,141.938,143.109,141.179,141.581,5895900,0.0,0.0
2024-10-08,139.783,140.157,138.405,139.361,5892700,0.0,0.0
2024-10-09,138.199,140.879,138.059,140.204,4973500,0.0,0.0
2024-10-10,141.169,141.984,140.392,141.113,4420900,0.0,0.0
2024-10-11,140.888,142.715,140.766,141.863,5051300,0.0,0.0
2024-10-14,141.019,142.312,140.701,142.2,4214700,0.0,0.0
2024-10-15,139.408,140.495,138.246,138.406,6704600,0.0,0.0
2024-10-16,138.986,139.623,138.855,139.342,4303700,0.0,0.0
2024-10-17,139.839,141.778,139.567,141.656,6593100,0.0,0.0
2024-10-18,141.3,141.544,139.951,141.235,5208200,0.0,0.0
2024-10-21,142.406,142.856,140.991,141.357,5074000,0.0,0.0
2024-10-22,141.703,142.106,140.738,141.394,4416400,0.0,0.0
2024-10-23,140.869,141.469,139.867,140.982,5248600,0.0,0.0
2024-10-24,141.591,141.891,139.951,140.954,5474300,0.0,0.0
2024-10-25,141.834,142.518,140.963,141.291,6839900,0.0,0.0
2024-10-28,138.893,141.188,138.808,141.038,8892000,0.0,0.0
2024-10-29,140.57,140.926,138.537,139.146,6014700,0.0,0.0
2024-10-30,139.67,140.204,138.34,138.705,5784000,0.0,0.0
2024-10-31,139.37,140.129,138.555,139.427,8400900,0.0,0.0
2024-11-01,142.856,146.088,142.125,143.408,11728000,0.0,0.0
2024-11-04,144.673,144.673,142.987,144.252,6130000,0.0,0.0
2024-11-05,144.776,144.907,142.921,143.727,5978900,0.0,0.0
2024-11-06,147.184,148.599,146.266,147.765,12118900,0.0,0.0
2024-11-07,147.971,148.037,146.528,146.875,8143200,0.0,0.0
2024-11-08,146.716,147.634,145.844,147.025,6041500,0.0,0.0
2024-11-11,147.222,147.971,146.06,146.622,7771700,0.0,0.0
2024-11-12,147.371,147.531,145.329,145.488,5681900,0.0,0.0
2024-11-13,146.219,148.983,144.776,148.702,8824000,0.0,0.0
2024-11-14,149.751,151.616,149.601,151.587,10111200,0.0,0.0
2024-11-15,151.325,152.131,150.613,151.231,9022800,0.0,0.0
2024-11-18,151.96,152.869,150.55,152.149,6075400,1.63,0.0
2024-11-19,151.411,151.837,150.247,151.052,4657400,0.0,0.0
2024-11-20,151.345,152.793,151.222,152.689,6391300,0.0,0.0
2024-11-21,153.342,153.938,152.651,152.973,7945200,0.0,0.0
2024-11-22,152.859,153.9,152.519,153.664,7005900,0.0,0.0
2024-11-25,153.465,154.43,151.269,151.771,10702400,0.0,0.0
2024-11-26,153.616,154.213,152.755,153.825,7369500,0.0,0.0
2024-11-27,154.042,155.859,152.954,153.427,7674500,0.0,0.0
2024-11-29,153.56,154.033,152.055,153.257,5077000,0.0,0.0
2024-12-02,153.597,154.222,151.534,153.522,6229600,0.0,0.0
2024-12-03,154.251,154.459,152.746,153.247,5900100,0.0,0.0
2024-12-04,153.162,153.172,149.405,149.84,7862700,0.0,0.0
2024-12-05,150.758,152.064,150.19,150.796,6358400,0.0,0.0
2024-12-06,150.247,150.323,146.859,146.925,9701700,0.0,0.0
2024-12-09,148.591,151.506,148.42,148.667,9404500,0.0,0.0
2024-12-10,150.541,150.976,148.307,148.591,9126200,0.0,0.0
2024-12-11,148.458,148.752,147.455,147.843,13764700,0.0,0.0
2024-12-12,147.521,148.146,146.007,146.423,7621500,0.0,0.0
2024-12-13,146.575,146.66,144.871,145.628,5816200,0.0,0.0
2024-12-16,145.647,145.647,141.256,141.36,11961200,0.0,0.0
2024-12-17,140.073,140.688,139.041,140.177,11909300,0.0,0.0
2024-12-18,139.846,140.707,136.268,136.363,10174500,0.0,0.0
2024-12-19,136.827,137.006,133.4,133.59,16544300,0.0,0.0
2024-12-20,133.277,135.199,133.022,135.199,32209200,0.0,0.0
2024-12-23,134.849,135.672,133.959,135.312,8156500,0.0,0.0
2024-12-24,135.435,136.325,134.64,136.136,3556100,0.0,0.0
2024-12-26,135.975,136.581,135.246,136.268,4492600,0.0,0.0
2024-12-27,136.562,137.906,135.71,136.287,5296500,0.0,0.0
2024-12-30,136.088,136.268,134.726,135.407,6194800,0.0,0.0
2024-12-31,135.833,137.555,135.644,137.082,6137800,0.0,0.0
2025-01-02,137.688,140.139,137.688,138.852,7170300,0.0,0.0
2025-01-03,139.638,140.546,139.41,139.931,5809000,0.0,0.0
2025-01-06,140.451,142.278,139.003,139.373,5888700,0.0,0.0
2025-01-07,140.556,142.439,139.723,141.578,7736000,0.0,0.0
2025-01-08,140.111,143.083,140.101,142.25,7640900,0.0,0.0
2025-01-10,145.193,146.073,142.789,144.938,11074700,0.0,0.0
2025-01-13,145.846,148.922,145.752,147.029,11774100,0.0,0.0
2025-01-14,146.897,148.506,146.187,148.496,6830200,0.0,0.0
2025-01-15,148.477,150.19,148.004,149.85,7900000,0.0,0.0
2025-01-16,149.566,151.336,149.566,150.843,5578900,0.0,0.0
2025-01-17,150.607,153.105,150.294,152.821,9260400,0.0,0.0
2025-01-21,152.519,152.755,149.055,149.764,10131400,0.0,0.0
2025-01-22,149.234,149.954,147.9,148.032,7232200,0.0,0.0
2025-01-23,149.187,149.48,147.285,147.654,5979800,0.0,0.0
2025-01-24,148.08,149.036,146.954,147.313,8003800,0.0,0.0
2025-01-27,147.957,149.433,147.19,148.809,7141000,0.0,0.0
2025-01-28,149.263,150.408,146.868,147.843,6425400,0.0,0.0
2025-01-29,147.379,148.193,146.518,147.351,5630600,0.0,0.0
2025-01-30,148.174,149.017,147.19,147.947,6931900,0.0,0.0
2025-01-31,145.524,146.102,140.688,141.199,16726800,0.0,0.0
2025-02-03,141.019,142.78,139.884,141.341,7605000,0.0,0.0
2025-02-04,140.754,145.174,140.754,145.013,8458100,0.0,0.0
2025-02-05,144.796,145.562,144.133,144.796,6533700,0.0,0.0
2025-02-06,145.96,146.944,142.969,143.764,6420500,0.0,0.0
2025-02-07,144.313,145.572,143.783,144.445,4724900,0.0,0.0
2025-02-10,146.026,147.455,145.808,147.427,5653800,0.0,0.0
2025-02-11,147.976,150.209,147.758,149.007,6011800,0.0,0.0
2025-02-12,148.354,149.036,146.291,146.603,6693500,0.0,0.0
2025-02-13,146.49,148.042,145.108,147.531,7836400,0.0,0.0
2025-02-14,148.402,150.67,148.21,148.65,5828800,1.71,0.0
2025-02-18,148.65,150.536,148.115,149.435,5981500,0.0,0.0
2025-02-19,149.78,151.54,149.282,150.459,4945800,0.0,0.0
2025-02-20,150.717,152.105,150.306,151.952,6256200,0.0,0.0
2025-02-21,151.32,152.105,150.067,150.162,6689800,0.0,0.0
2025-02-24,150.325,151.512,150.0,151.091,5925000,0.0,0.0
2025-02-25,151.186,152.143,148.765,149.684,6810900,0.0,0.0
2025-02-26,149.875,149.942,147.751,148.459,6005200,0.0,0.0
2025-02-27,148.985,151.473,148.143,149.923,7517200,0.0,0.0
2025-02-28,149.952,151.837,148.249,151.789,8828500,0.0,0.0
2025-03-03,152.593,153.196,145.225,146.497,9059800,0.0,0.0
2025-03-04,144.698,147.512,143.588,145.454,8826300,0.0,0.0
2025-03-05,143.684,144.851,141.378,144.316,9288300,0.0,0.0
2025-03-06,144.028,146.727,143.033,146.363,7314700,0.0,0.0
2025-03-07,147.32,150.67,147.091,149.607,8562600,0.0,0.0
2025-03-10,150.421,153.464,149.445,150.784,11750300,0.0,0.0
2025-03-11,151.607,152.0,147.167,147.445,10466300,0.0,0.0
2025-03-12,147.024,148.124,145.665,146.095,9710200,0.0,0.0
2025-03-13,145.703,147.78,145.378,146.995,9022800,0.0,0.0
2025-03-14,147.359,150.469,146.421,150.258,6671500,0.0,0.0
2025-03-17,150.449,152.583,150.009,151.885,7615200,0.0,0.0
2025-03-18,152.861,154.153,151.981,153.885,9289500,0.0,0.0
2025-03-19,154.038,157.454,153.971,156.985,11503900,0.0,0.0
2025-03-20,156.105,158.191,155.416,157.674,9545900,0.0,0.0
2025-03-21,157.406,157.789,156.086,157.655,21625500,0.0,0.0
2025-03-24,157.598,159.263,157.244,157.914,8068000,0.0,0.0
2025-03-25,158.928,160.593,158.0,158.794,7869200,0.0,0.0
2025-03-26,160.162,161.684,160.048,160.737,10076100,0.0,0.0
2025-03-27,160.048,160.976,158.708,159.473,6862700,0.0,0.0
2025-03-28,159.521,159.933,158.182,158.938,4923000,0.0,0.0
2025-03-31,159.033,161.646,158.976,160.086,10675300,0.0,0.0
2025-04-01,160.086,161.339,159.005,161.253,6378600,0.0,0.0
2025-04-02,160.191,160.746,158.708,159.301,7044900,0.0,0.0
2025-04-03,153.225,154.402,149.091,149.397,15501000,0.0,0.0
2025-04-04,145.225,145.894,136.603,137.11,20374700,0.0,0.0
2025-04-07,132.756,139.894,131.378,134.115,17817000,0.0,0.0
2025-04-08,137.942,138.268,129.062,131.033,12904400,0.0,0.0
2025-04-09,129.206,141.119,128.115,139.741,16846800,0.0,0.0
2025-04-10,137.052,137.445,127.703,129.167,20991200,0.0,0.0
2025-04-11,129.196,131.215,126.354,129.789,17224400,0.0,0.0
2025-04-14,132.517,132.574,128.325,129.493,9628200,0.0,0.0
2025-04-15,128.536,130.746,128.469,128.746,9334800,0.0,0.0
2025-04-16,129.569,131.627,128.995,129.531,8637200,0.0,0.0
2025-04-17,130.804,134.201,130.574,131.933,8434400,0.0,0.0
2025-04-21,130.162,130.421,126.631,127.971,9967500,0.0,0.0
2025-04-22,129.435,132.287,129.129,131.387,7984700,0.0,0.0
2025-04-23,131.301,132.584,129.33,130.794,10002000,0.0,0.0
2025-04-24,131.981,133.397,131.311,133.081,7745800,0.0,0.0
2025-04-25,132.373,133.062,131.339,132.756,6878500,0.0,0.0
2025-04-28,132.985,134.411,132.708,134.067,6715500,0.0,0.0
2025-04-29,132.717,133.981,132.603,133.301,7343800,0.0,0.0
2025-04-30,132.057,132.201,128.363,130.201,13858000,0.0,0.0
2025-05-01,129.588,132.009,129.301,130.392,10199800,0.0,0.0
2025-05-02,131.942,133.761,129.464,132.536,12393200,0.0,0.0
2025-05-05,130.88,131.1,129.359,129.665,9665000,0.0,0.0
2025-05-06,130.478,131.397,129.225,129.761,9916200,0.0,0.0
2025-05-07,130.21,130.43,128.823,129.942,8422100,0.0,0.0
2025-05-08,130.804,132.909,130.593,131.139,8669300,0.0,0.0
2025-05-09,132.918,133.368,131.77,132.526,5965700,0.0,0.0
2025-05-12,136.316,137.521,134.517,135.521,8028200,0.0,0.0
2025-05-13,135.435,137.062,134.851,136.22,8536800,0.0,0.0
2025-05-14,135.655,136.105,134.67,135.569,6453600,0.0,0.0
2025-05-15,133.971,136.325,133.502,136.134,7545400,0.0,0.0
2025-05-16,136.555,136.842,134.641,135.981,8200100,0.0,0.0
2025-05-19,135.09,135.138,132.813,134.14,7713600,1.71,0.0
2025-05-20,133.947,134.392,132.726,132.959,6503900,0.0,0.0
2025-05-21,132.329,132.823,131.235,131.302,9073200,0.0,0.0
2025-05-22,130.75,131.719,129.569,131.041,8877600,0.0,0.0
2025-05-23,130.169,132.494,129.849,132.252,7025900,0.0,0.0
2025-05-27,133.065,133.637,132.126,133.501,8348900,0.0,0.0
2025-05-28,134.421,134.431,131.399,131.748,6876300,0.0,0.0
2025-05-29,132.213,133.608,131.825,133.579,7554300,0.0,0.0
2025-05-30,132.581,133.133,130.963,132.407,12858900,0.0,0.0
2025-06-02,134.14,134.334,132.145,133.511,9076600,0.0,0.0
2025-06-03,133.327,136.174,132.31,135.167,9001300,0.0,0.0
2025-06-04,135.041,136.213,133.017,133.055,8735600,0.0,0.0
2025-06-05,133.811,133.947,132.407,132.6,6342600,0.0,0.0
2025-06-06,133.753,136.194,133.753,135.806,6563500,0.0,0.0
2025-06-09,136.136,137.676,135.303,136.339,7159500,0.0,0.0
2025-06-10,137.753,140.388,137.453,138.848,9841500,0.0,0.0
2025-06-11,139.661,140.562,138.131,140.233,9256700,0.0,0.0
2025-06-12,139.962,140.64,138.925,140.417,6999400,0.0,0.0
2025-06-13,142.46,142.964,140.0,141.327,14148000,0.0,0.0
2025-06-16,141.153,142.257,139.225,141.443,10105100,0.0,0.0
2025-06-17,142.703,145.269,141.899,144.175,11330300,0.0,0.0
2025-06-18,144.746,145.453,143.061,143.536,9841900,0.0,0.0
2025-06-20,143.855,145.192,143.255,144.853,23705900,0.0,0.0
2025-06-23,147.342,147.371,141.724,142.247,10540600,0.0,0.0
2025-06-24,140.0,141.792,138.664,139.041,10778400,0.0,0.0
2025-06-25,138.906,139.671,138.034,138.731,7386100,0.0,0.0
2025-06-26,139.187,140.523,138.896,139.903,7415700,0.0,0.0
2025-06-27,140.01,140.126,138.092,139.274,9213500,0.0,0.0
2025-06-30,138.547,139.574,137.927,138.693,6980300,0.0,0.0
2025-07-01,138.838,141.676,138.034,140.998,8508200,0.0,0.0
2025-07-02,142.393,143.361,140.901,143.332,8228700,0.0,0.0
2025-07-03,143.197,144.301,142.732,143.71,5173300,0.0,0.0
2025-07-07,142.77,143.516,141.008,142.77,9460900,0.0,0.0
2025-07-08,142.693,148.427,142.635,148.427,14082100,0.0,0.0
2025-07-09,148.136,149.124,147.691,148.214,9495900,0.0,0.0
2025-07-10,147.991,150.403,146.916,149.328,8395100,0.0,0.0
2025-07-11,149.444,150.994,148.747,150.432,8333200,0.0,0.0
2025-07-14,150.035,150.035,146.393,146.887,10706300,0.0,0.0
2025-07-15,146.839,147.526,145.531,145.957,7346300,0.0,0.0
2025-07-16,146.025,146.722,144.533,145.211,7923400,0.0,0.0
2025-07-17,144.475,147.071,143.933,146.625,8359600,0.0,0.0
2025-07-18,150.151,151.013,141.928,145.328,45782600,0.0,0.0
2025-07-21,146.451,146.906,144.446,144.979,17982200,0.0,0.0
2025-07-22,144.572,146.199,143.817,145.328,26196500,0.0,0.0
2025-07-23,146.17,148.33,145.744,148.311,13162800,0.0,0.0
2025-07-24,147.894,151.1,147.42,150.936,15701000,0.0,0.0
2025-07-25,150.936,151.294,149.124,149.977,7875500,0.0,0.0
2025-07-28,150.519,151.633,150.083,151.372,8755400,0.0,0.0
2025-07-29,151.759,152.272,150.568,152.098,6446000,0.0,0.0
2025-07-30,151.236,151.401,147.904,148.737,9191700,0.0,0.0
2025-07-31,147.226,149.095,146.393,146.877,10237100,0.0,0.0
2025-08-01,147.749,149.793,145.628,146.645,10706500,0.0,0.0
2025-08-04,146.5,147.303,145.114,146.296,10116600,0.0,0.0
2025-08-05,146.286,148.291,145.192,148.233,8604100,0.0,0.0
2025-08-06,149.628,150.287,147.439,147.981,7840900,0.0,0.0
2025-08-07,148.96,150.277,148.03,148.35,6510400,0.0,0.0
2025-08-08,149.153,150.858,148.679,150.141,6332800,0.0,0.0
2025-08-11,150.461,151.033,148.185,148.63,6169700,0.0,0.0
2025-08-12,149.25,151.149,148.543,149.589,6641600,0.0,0.0
2025-08-13,149.715,151.11,149.357,150.974,6581900,0.0,0.0
2025-08-14,150.81,150.81,149.26,150.287,7337300,0.0,0.0
2025-08-15,150.597,153.561,150.413,151.633,11617000,0.0,0.0
2025-08-18,151.226,151.575,149.89,150.442,8174300,0.0,0.0
2025-08-19,150.295,150.765,148.718,148.865,8567500,1.71,0.0
2025-08-20,149.276,150.324,148.796,150.06,8076300,0.0,0.0
2025-08-21,149.668,152.459,149.58,152.342,7533600,0.0,0.0
2025-08-22,152.116,155.515,152.116,154.917,9084300,0.0,0.0
2025-08-25,154.643,155.055,153.928,154.937,7030000,0.0,0.0
2025-08-26,154.261,156.7,153.321,154.114,10270000,0.0,0.0
2025-08-27,154.154,156.69,153.967,155.956,7483000,0.0,0.0
2025-08-28,155.73,156.23,154.594,156.034,6502000,0.0,0.0
2025-08-29,156.406,157.777,156.161,157.288,6934800,0.0,0.0
2025-09-02,157.17,158.522,156.093,158.492,8947300,0.0,0.0
2025-09-03,156.7,158.512,153.781,154.8,9556100,0.0,0.0
2025-09-04,154.8,156.357,154.251,154.438,7243000,0.0,0.0
2025-09-05,152.841,153.488,150.324,150.491,11011700,0.0,0.0
2025-09-08,150.735,151.832,149.727,150.824,9462000,0.0,0.0
2025-09-09,151.715,153.752,151.411,151.656,7769200,0.0,0.0
2025-09-10,151.852,154.663,151.803,154.535,7440800,0.0,0.0
2025-09-11,153.272,155.642,152.792,154.986,6417400,0.0,0.0
2025-09-12,155.574,156.484,153.86,153.87,5546300,0.0,0.0
2025-09-15,154.134,155.055,153.272,154.065,5030500,0.0,0.0
2025-09-16,154.986,156.798,154.859,156.249,8011000,0.0,0.0
2025-09-17,155.916,157.356,155.339,156.788,5736800,0.0,0.0
2025-09-18,156.729,156.984,154.829,155.564,6244200,0.0,0.0
2025-09-19,155.721,155.721,152.342,152.988,16734000,0.0,0.0
2025-09-22,152.41,153.879,151.95,152.831,5244000,0.0,0.0
2025-09-23,153.879,156.533,153.752,154.173,7181400,0.0,0.0
2025-09-24,155.055,157.18,154.986,155.897,6285200,0.0,0.0
2025-09-25,156.151,157.689,156.063,157.405,6311000,0.0,0.0
2025-09-26,157.258,157.973,156.22,156.857,7015200,0.0,0.0
2025-09-29,155.848,155.848,152.351,152.88,8315100,0.0,0.0
2025-09-30,151.695,152.518,150.755,152.087,7755700,0.0,0.0
2025-10-01,151.637,151.891,150.03,151.392,6768400,0.0,0.0
2025-10-02,150.784,153.37,150.158,150.207,7562400,0.0,0.0
2025-10-03,150.412,151.098,149.09,150.383,7249300,0.0,0.0
2025-10-06,150.794,151.46,149.766,150.843,4778900,0.0,0.0
2025-10-07,150.481,151.764,148.16,151.715,5479600,0.0,0.0
2025-10-08,151.176,151.49,149.688,150.569,5678000,0.0,0.0
2025-10-09,150.951,151.774,148.434,148.512,6178600,0.0,0.0
2025-10-10,147.592,148.228,145.819,145.829,7796600,0.0,0.0
2025-10-13,146.906,148.845,146.348,148.806,5978800,0.0,0.0
2025-10-14,146.72,150.295,146.573,149.247,6419400,0.0,0.0
2025-10-15,149.746,151.029,147.925,148.973,5824900,0.0,0.0
2025-10-16,149.002,149.58,147.131,148.581,5276800,0.0,0.0
2025-10-17,149.12,151.01,149.061,149.923,7735500,0.0,0.0
2025-10-20,150.265,151.529,150.021,151.294,5676500,0.0,0.0
2025-10-21,151.548,152.087,150.05,150.618,6304900,0.0,0.0
2025-10-22,151.46,152.763,150.442,152.361,6036700,0.0,0.0
2025-10-23,154.937,155.319,152.9,153.331,9810900,0.0,0.0
2025-10-24,154.173,154.379,152.224,152.351,4979900,0.0,0.0
2025-10-27,152.587,153.272,151.676,152.077,4884400,0.0,0.0
2025-10-28,151.705,153.008,150.716,150.951,5066500,0.0,0.0
2025-10-29,150.687,152.929,150.687,151.901,7344400,0.0,0.0
2025-10-30,152.028,152.028,150.079,150.354,8971200,0.0,0.0
2025-10-31,152.518,155.897,151.911,154.467,11136100,0.0,0.0
2025-11-03,154.163,154.467,150.403,150.863,8512200,0.0,0.0
2025-11-04,150.265,150.589,149.012,150.226,6976800,0.0,0.0
2025-11-05,150.363,151.215,149.511,149.511,5894700,0.0,0.0
2025-11-06,149.756,151.597,149.531,149.786,6466300,0.0,0.0
2025-11-07,150.265,152.949,150.265,151.823,9835900,0.0,0.0
2025-11-10,152.214,152.763,149.227,152.44,8436800,0.0,0.0
2025-11-11,153.517,154.731,152.684,153.017,6361400,0.0,0.0
2025-11-12,152.371,152.577,148.943,150.158,11670900,0.0,0.0
2025-11-13,150.824,152.978,150.755,152.371,7998700,0.0,0.0
2025-11-14,153.008,154.692,151.617,154.369,8484800,0.0,0.0
2025-11-17,154.467,154.633,151.255,151.627,8745000,0.0,0.0
2025-11-18,151.023,152.785,150.29,152.132,10813400,1.71,0.0
2025-11-19,149.696,150.488,148.794,150.23,7539900,0.0,0.0
2025-11-20,151.062,151.557,148.596,148.854,7623400,0.0,0.0
2025-11-21,148.983,149.547,147.309,148.527,9248400,0.0,0.0
2025-11-24,148.369,148.666,146.309,148.299,14181100,0.0,0.0
2025-11-25,147.458,148.448,146.834,147.091,11447900,0.0,0.0
2025-11-26,146.824,149.002,146.764,148.062,7578900,0.0,0.0
2025-11-28,148.012,150.052,147.814,149.666,3848600,0.0,0.0
2025-12-01,150.28,152.459,150.032,151.062,8209000,0.0,0.0
2025-12-02,150.547,150.983,147.814,148.794,9196300,0.0,0.0
2025-12-03,149.577,151.023,149.517,150.121,8060200,0.0,0.0
2025-12-04,150.28,151.458,149.755,150.785,7254700,0.0,0.0
2025-12-05,150.527,151.151,148.379,148.547,12659800,0.0,0.0
2025-12-08,147.804,148.616,146.23,147.269,10237200,0.0,0.0
2025-12-09,147.606,148.646,146.784,147.051,8916700,0.0,0.0
2025-12-10,147.735,150.329,147.259,149.943,10976300,0.0,0.0
2025-12-11,149.369,150.468,148.646,149.26,8414200,0.0,0.0
2025-12-12,149.686,150.082,148.18,148.537,5848100,0.0,0.0
2025-12-15,148.388,148.646,146.992,148.349,7503000,0.0,0.0
2025-12-16,147.101,147.378,145.071,145.328,11290500,0.0,0.0
2025-12-17,146.071,148.418,145.923,148.072,8805300,0.0,0.0
2025-12-18,147.408,147.824,145.655,146.259,6998800,0.0,0.0
2025-12-19,146.527,147.566,145.764,146.319,21701400,0.0,0.0
2025-12-22,147.368,149.032,147.259,148.349,8143600,0.0,0.0
2025-12-23,148.586,149.616,148.398,149.052,4663700,0.0,0.0
2025-12-24,148.923,149.527,148.646,149.042,2227600,0.0,0.0
2025-12-26,148.923,149.676,148.2,148.567,3706900,0.0,0.0
2025-12-29,149.537,150.171,148.636,149.527,5589100,0.0,0.0
2025-12-30,150.032,151.191,150.003,150.834,5150500,0.0,0.0
