Date,Open,High,Low,Close,Volume,Dividends,Stock Splits
2019-01-02,68.095,68.991,68.013,68.863,2274300,0.0,0.0
2019-01-03,68.644,69.082,67.492,67.629,3066300,0.0,0.0
2019-01-04,68.415,69.366,67.656,69.174,3760600,0.0,0.0
2019-01-07,67.025,68.342,66.742,67.08,4822800,0.0,0.0
2019-01-08,67.437,67.757,65.087,65.956,4845700,0.0,0.0
2019-01-09,65.983,66.751,65.755,66.221,3301900,0.0,0.0
2019-01-10,66.093,66.715,65.892,66.532,2758600,0.0,0.0
2019-01-11,66.212,66.898,65.974,66.824,1647700,0.0,0.0
2019-01-14,66.139,66.706,65.91,66.459,3197400,0.0,0.0
2019-01-15,66.349,67.245,66.175,67.199,1604100,0.0,0.0
2019-01-16,68.031,68.607,67.684,68.113,2888900,0.0,0.0
2019-01-17,67.857,68.589,67.693,68.424,2545900,0.0,0.0
2019-01-18,68.735,69.32,68.314,69.137,3166000,0.0,0.0
2019-01-22,69.018,69.759,68.854,69.357,2757800,0.0,0.0
2019-01-23,69.603,69.859,68.89,69.53,1743800,0.0,0.0
2019-01-24,69.448,69.631,68.671,68.753,2277100,0.0,0.0
2019-01-25,69.375,69.777,68.753,69.256,2573000,0.0,0.0
2019-01-28,68.927,69.293,68.57,69.21,1412600,0.0,0.0
2019-01-29,69.101,69.357,68.479,68.881,2140600,0.0,0.0
2019-01-30,68.762,69.859,68.634,69.677,2617600,0.0,0.0
2019-01-31,69.302,70.289,69.219,70.17,2554500,0.0,0.0
2019-02-01,70.426,71.157,70.216,70.865,2589600,0.0,0.0
2019-02-04,70.902,71.057,69.768,70.481,3107700,0.0,0.0
2019-02-05,70.545,70.755,70.198,70.673,3217800,0.0,0.0
2019-02-06,70.408,73.223,70.088,70.746,3572500,0.0,0.0
2019-02-07,69.786,69.823,67.903,69.064,5770600,0.0,0.0
2019-02-08,68.68,69.677,68.223,69.622,3863500,0.0,0.0
2019-02-11,69.594,69.969,68.735,69.037,2915700,0.0,0.0
2019-02-12,69.439,70.088,69.174,69.594,2608800,0.0,0.0
2019-02-13,69.887,70.719,69.695,70.097,2701700,0.0,0.0
2019-02-14,69.978,70.097,69.192,69.43,3497500,0.0,0.0
2019-02-15,68.991,69.576,68.095,69.018,7395600,0.0,0.0
2019-02-19,68.826,69.201,67.656,68.433,2356100,0.0,0.0
2019-02-20,68.333,68.461,67.675,68.086,3735600,0.0,0.0
2019-02-21,68.324,68.726,68.141,68.442,2898800,0.0,0.0
2019-02-22,68.607,68.89,68.506,68.726,2580800,0.0,0.0
2019-02-25,69.183,69.731,68.781,68.872,2403900,0.0,0.0
2019-02-26,68.689,69.11,68.653,68.835,2426200,0.0,0.0
2019-02-27,68.68,69.878,68.58,69.667,2799100,0.0,0.0
2019-02-28,69.722,70.819,69.722,70.527,4001400,0.0,0.0
2019-03-01,70.865,71.45,70.463,70.563,3054600,0.0,0.0
2019-03-04,70.664,71.011,69.475,69.64,4659000,0.0,0.0
2019-03-05,69.695,69.859,68.771,68.909,2484400,0.0,0.0
2019-03-06,69.091,69.21,68.305,68.461,1656200,0.0,0.0
2019-03-07,68.26,68.378,67.245,67.327,2976100,0.0,0.0
2019-03-08,66.733,66.733,65.727,66.276,3328900,0.0,0.0
2019-03-11,66.614,66.888,66.047,66.322,2642300,0.0,0.0
2019-03-12,66.514,67.172,66.331,66.843,2645600,0.0,0.0
2019-03-13,66.897,67.903,66.815,67.693,3467300,0.0,0.0
2019-03-14,67.642,67.991,67.358,67.798,1961200,0.275,0.0
2019-03-15,67.67,68.496,67.624,68.477,3861900,0.0,0.0
2019-03-18,68.67,69.046,68.331,68.459,3606700,0.0,0.0
2019-03-19,68.835,68.936,67.927,68.129,2389700,0.0,0.0
2019-03-20,68.175,68.193,67.129,67.165,3225000,0.0,0.0
2019-03-21,66.881,67.752,66.853,67.34,2284500,0.0,0.0
2019-03-22,67.0,67.211,66.495,66.761,2886700,0.0,0.0
2019-03-25,66.844,67.899,66.734,67.697,2998500,0.0,0.0
2019-03-26,68.202,68.386,67.33,67.89,2566400,0.0,0.0
2019-03-27,67.808,68.147,67.532,67.771,2038500,0.0,0.0
2019-03-28,67.872,68.652,67.578,68.606,2063400,0.0,0.0
2019-03-29,69.055,69.918,68.973,69.863,4317200,0.0,0.0
2019-04-01,70.294,70.734,70.184,70.652,2972900,0.0,0.0
2019-04-02,70.79,71.294,70.615,70.991,2430700,0.0,0.0
2019-04-03,71.414,71.469,70.78,71.037,2295000,0.0,0.0
2019-04-04,71.01,71.175,70.615,70.891,2404700,0.0,0.0
2019-04-05,70.964,71.175,70.597,70.891,2370800,0.0,0.0
2019-04-08,70.615,70.771,70.257,70.652,2484900,0.0,0.0
2019-04-09,70.487,70.817,70.303,70.624,3121900,0.0,0.0
2019-04-10,70.624,70.725,70.395,70.514,1976500,0.0,0.0
2019-04-11,70.771,70.982,70.468,70.707,2193800,0.0,0.0
2019-04-12,71.358,71.689,70.652,70.909,5511000,0.0,0.0
2019-04-15,71.019,72.414,70.872,72.157,3970500,0.0,0.0
2019-04-16,72.276,73.285,72.102,72.891,2566200,0.0,0.0
2019-04-17,73.12,73.955,72.836,73.551,3266200,0.0,0.0
2019-04-18,73.487,73.863,73.23,73.276,2934900,0.0,0.0
2019-04-22,73.047,73.928,72.964,73.863,1474900,0.0,0.0
2019-04-23,74.01,74.166,73.395,73.891,2821300,0.0,0.0
2019-04-24,73.845,74.185,73.561,73.836,2603900,0.0,0.0
2019-04-25,73.662,74.331,73.414,74.157,1401200,0.0,0.0
2019-04-26,74.487,74.506,74.056,74.496,1585700,0.0,0.0
2019-04-29,74.487,75.185,74.405,74.955,1846200,0.0,0.0
2019-04-30,74.919,75.231,74.597,74.643,3095700,0.0,0.0
2019-05-01,74.542,74.873,74.019,74.019,3852500,0.0,0.0
2019-05-02,74.093,74.708,72.983,73.148,3360500,0.0,0.0
2019-05-03,73.313,73.827,72.946,73.12,2630200,0.0,0.0
2019-05-06,72.423,74.515,72.368,74.276,2850500,0.0,0.0
2019-05-07,73.772,74.111,72.992,73.423,2999700,0.0,0.0
2019-05-08,73.294,74.23,73.074,73.781,1941000,0.0,0.0
2019-05-09,73.139,74.396,72.983,74.139,1915200,0.0,0.0
2019-05-10,74.102,74.864,73.313,74.653,1628000,0.0,0.0
2019-05-13,73.561,74.084,73.212,73.882,1943900,0.0,0.0
2019-05-14,73.918,75.231,73.909,74.607,3179400,0.0,0.0
2019-05-15,74.065,74.662,73.946,73.964,1370400,0.0,0.0
2019-05-16,74.313,74.928,74.129,74.634,2443000,0.0,0.0
2019-05-17,74.065,74.854,74.065,74.524,1284400,0.0,0.0
2019-05-20,74.552,74.882,74.203,74.414,1788400,0.0,0.0
2019-05-21,74.781,75.304,74.625,75.065,2300900,0.0,0.0
2019-05-22,74.689,74.992,74.331,74.432,2333000,0.0,0.0
2019-05-23,74.102,74.744,73.836,74.552,3167200,0.0,0.0
2019-05-24,74.836,75.084,74.185,75.084,2693700,0.0,0.0
2019-05-28,75.056,75.965,74.955,75.304,4187800,0.0,0.0
2019-05-29,74.854,75.396,74.579,75.286,1800100,0.0,0.0
2019-05-30,75.414,75.9,75.249,75.799,1946300,0.0,0.0
2019-05-31,75.13,75.616,75.038,75.432,2540700,0.0,0.0
2019-06-03,75.515,75.845,75.185,75.717,3539000,0.0,0.0
2019-06-04,76.157,77.02,76.001,76.9,3872500,0.0,0.0
2019-06-05,77.231,78.002,77.075,77.947,2136300,0.0,0.0
2019-06-06,78.084,78.424,77.653,78.167,1815300,0.0,0.0
2019-06-07,78.258,78.772,78.249,78.341,1633200,0.0,0.0
2019-06-10,78.818,79.332,78.479,78.983,2669100,0.0,0.0
2019-06-11,79.387,79.626,77.699,77.937,1747900,0.0,0.0
2019-06-12,77.928,78.433,77.763,78.433,1431000,0.0,0.0
2019-06-13,78.668,78.668,77.554,77.848,1505400,0.275,0.0
2019-06-14,77.959,78.345,77.747,78.18,1248400,0.0,0.0
2019-06-17,78.391,78.594,77.278,77.36,1927100,0.0,0.0
2019-06-18,77.646,78.124,77.37,77.959,1682400,0.0,0.0
2019-06-19,78.189,78.787,78.032,78.686,1493100,0.0,0.0
2019-06-20,78.64,79.763,78.64,79.56,1721900,0.0,0.0
2019-06-21,79.781,80.324,79.496,79.873,4287900,0.0,0.0
2019-06-24,79.708,80.196,79.551,79.717,2043400,0.0,0.0
2019-06-25,79.671,79.781,79.073,79.653,1738800,0.0,0.0
2019-06-26,79.717,79.717,77.784,77.802,1987900,0.0,0.0
2019-06-27,78.327,79.183,78.18,78.714,1434600,0.0,0.0
2019-06-28,78.714,79.109,78.474,79.109,3252900,0.0,0.0
2019-07-01,79.8,79.846,78.898,79.312,1579300,0.0,0.0
2019-07-02,79.303,80.435,79.303,80.435,1779500,0.0,0.0
2019-07-03,80.647,81.613,80.582,81.549,1665600,0.0,0.0
2019-07-05,81.76,82.469,81.429,82.405,1799300,0.0,0.0
2019-07-08,82.248,82.46,81.797,82.304,1722900,0.0,0.0
2019-07-09,82.11,82.515,81.972,82.479,1652800,0.0,0.0
2019-07-10,82.313,83.27,82.285,83.114,1837600,0.0,0.0
2019-07-11,83.399,84.476,83.049,84.439,2727700,0.0,0.0
2019-07-12,84.227,84.439,83.832,84.274,1773200,0.0,0.0
2019-07-15,84.494,84.614,83.832,84.586,1291100,0.0,0.0
2019-07-16,84.651,84.973,84.043,84.476,1176800,0.0,0.0
2019-07-17,84.292,84.596,83.565,83.694,1612200,0.0,0.0
2019-07-18,83.648,84.356,83.546,84.264,1859200,0.0,0.0
2019-07-19,84.494,84.522,83.491,83.555,1510500,0.0,0.0
2019-07-22,83.04,83.822,82.083,83.5,1671800,0.0,0.0
2019-07-23,83.482,83.841,82.819,83.675,2011400,0.0,0.0
2019-07-24,83.344,83.454,80.177,82.156,4039400,0.0,0.0
2019-07-25,82.248,82.773,81.935,82.469,1664500,0.0,0.0
2019-07-26,82.534,82.718,82.055,82.469,1548500,0.0,0.0
2019-07-29,82.442,82.442,80.987,81.171,2194500,0.0,0.0
2019-07-30,81.07,81.742,80.812,80.886,1382800,0.0,0.0
2019-07-31,80.969,81.448,80.426,80.877,2533300,0.0,0.0
2019-08-01,80.104,82.285,78.971,82.11,3272500,0.0,0.0
2019-08-02,82.064,83.473,81.466,83.233,2635000,0.0,0.0
2019-08-05,82.396,83.068,81.263,81.392,3134600,0.0,0.0
2019-08-06,81.714,83.399,81.236,83.371,2326200,0.0,0.0
2019-08-07,82.571,83.924,81.853,83.629,1913200,0.0,0.0
2019-08-08,83.915,84.817,83.279,84.605,1590900,0.0,0.0
2019-08-09,84.918,85.976,84.633,85.498,1693600,0.0,0.0
2019-08-12,85.047,85.074,83.289,83.39,2009800,0.0,0.0
2019-08-13,83.224,84.918,82.957,84.697,1971100,0.0,0.0
2019-08-14,83.675,84.605,82.166,82.175,2074600,0.0,0.0
2019-08-15,82.755,83.638,82.515,83.307,1365400,0.0,0.0
2019-08-16,83.703,84.642,83.279,84.384,1922500,0.0,0.0
2019-08-19,85.194,85.746,84.863,85.47,1649600,0.0,0.0
2019-08-20,85.424,85.719,84.623,84.715,1303100,0.0,0.0
2019-08-21,84.899,85.378,84.66,85.351,1339400,0.0,0.0
2019-08-22,85.608,85.912,84.642,85.166,1721200,0.0,0.0
2019-08-23,85.148,85.424,83.721,84.172,2116900,0.0,0.0
2019-08-26,84.789,85.185,84.283,85.157,1124200,0.0,0.0
2019-08-27,85.332,85.894,85.111,85.719,1816700,0.0,0.0
2019-08-28,85.608,85.866,84.844,85.857,1741500,0.0,0.0
2019-08-29,86.069,86.418,85.12,85.406,1591800,0.0,0.0
2019-08-30,86.069,86.317,85.314,86.05,1473600,0.0,0.0
2019-09-03,85.719,86.345,85.691,86.317,1871600,0.0,0.0
2019-09-04,86.704,87.339,86.308,86.768,1303300,0.0,0.0
2019-09-05,87.486,87.864,86.759,87.201,2331300,0.0,0.0
2019-09-06,87.449,87.928,87.155,87.348,1573100,0.0,0.0
2019-09-09,87.956,87.956,84.32,84.853,2753100,0.0,0.0
2019-09-10,84.577,84.633,81.963,82.957,2814700,0.0,0.0
2019-09-11,83.371,83.51,81.917,81.981,2431100,0.0,0.0
2019-09-12,82.156,83.436,82.156,83.123,2527800,0.0,0.0
2019-09-13,83.349,83.986,82.426,83.866,2066300,0.275,0.0
2019-09-16,84.023,86.996,83.709,84.836,3139600,0.0,0.0
2019-09-17,85.251,86.839,85.251,86.101,2455600,0.0,0.0
2019-09-18,87.209,87.366,85.14,86.174,1649900,0.0,0.0
2019-09-19,85.934,86.83,85.584,86.359,1380100,0.0,0.0
2019-09-20,86.664,86.701,85.002,85.251,3194200,0.0,0.0
2019-09-23,85.279,85.704,85.103,85.408,1291200,0.0,0.0
2019-09-24,85.704,86.719,85.307,85.777,1526600,0.0,0.0
2019-09-25,85.999,86.387,85.02,86.221,1440000,0.0,0.0
2019-09-26,86.451,87.005,85.87,86.95,2138700,0.0,0.0
2019-09-27,87.255,87.633,85.002,85.316,2552700,0.0,0.0
2019-09-30,85.62,85.814,84.882,85.196,2087300,0.0,0.0
2019-10-01,85.131,85.685,84.688,85.251,2361600,0.0,0.0
2019-10-02,84.946,85.131,83.303,83.497,2064900,0.0,0.0
2019-10-03,83.423,84.356,83.044,84.346,1720800,0.0,0.0
2019-10-04,84.725,86.858,84.512,86.793,1608000,0.0,0.0
2019-10-07,86.47,87.504,86.239,87.125,2304300,0.0,0.0
2019-10-08,86.756,87.061,85.805,85.814,1421300,0.0,0.0
2019-10-09,86.479,87.135,86.23,86.913,1809200,0.0,0.0
2019-10-10,86.562,87.975,86.562,87.476,2741600,0.0,0.0
2019-10-11,88.233,88.233,86.618,86.738,2536100,0.0,0.0
2019-10-14,86.895,87.375,86.017,86.331,1467000,0.0,0.0
2019-10-15,86.775,86.95,86.027,86.147,2127500,0.0,0.0
2019-10-16,86.479,86.673,85.334,86.424,2043600,0.0,0.0
2019-10-17,86.728,87.301,86.599,87.052,1598500,0.0,0.0
2019-10-18,87.19,87.541,86.728,87.162,2177500,0.0,0.0
2019-10-21,87.292,87.319,86.008,86.174,2259400,0.0,0.0
2019-10-22,86.119,87.107,84.771,84.826,2511800,0.0,0.0
2019-10-23,84.725,86.119,84.725,85.805,1995500,0.0,0.0
2019-10-24,85.704,86.738,85.704,85.787,1657400,0.0,0.0
2019-10-25,85.713,86.248,84.882,84.91,1407500,0.0,0.0
2019-10-28,85.307,85.307,84.411,84.577,2520700,0.0,0.0
2019-10-29,84.697,85.648,84.282,84.346,2130100,0.0,0.0
2019-10-30,84.448,86.101,84.355,86.036,2372400,0.0,0.0
2019-10-31,86.655,87.846,85.639,87.089,3281200,0.0,0.0
2019-11-01,87.661,87.975,85.648,85.805,2536900,0.0,0.0
2019-11-04,86.064,86.267,83.765,84.18,2807700,0.0,0.0
2019-11-05,84.042,84.309,82.26,82.555,4368000,0.0,0.0
2019-11-06,82.915,84.217,82.62,84.125,3407700,0.0,0.0
2019-11-07,84.383,84.42,83.441,83.691,2905400,0.0,0.0
2019-11-08,83.931,84.642,83.451,83.534,2064300,0.0,0.0
2019-11-11,83.672,84.429,83.118,84.189,1718100,0.0,0.0
2019-11-12,84.254,84.743,84.217,84.392,1548000,0.0,0.0
2019-11-13,84.503,85.685,84.346,85.565,1808200,0.0,0.0
2019-11-14,85.584,86.101,85.168,86.027,1919300,0.0,0.0
2019-11-15,86.285,86.331,85.454,85.833,2833600,0.0,0.0
2019-11-18,86.165,86.424,85.454,85.704,3077900,0.0,0.0
2019-11-19,85.731,87.098,85.417,86.775,2389700,0.0,0.0
2019-11-20,86.812,88.03,86.728,87.236,1502300,0.0,0.0
2019-11-21,87.347,87.596,86.396,86.692,1978400,0.0,0.0
2019-11-22,86.673,87.319,86.258,86.562,1958400,0.0,0.0
2019-11-25,86.765,87.513,86.636,87.089,2144000,0.0,0.0
2019-11-26,87.033,87.476,86.775,87.227,4586700,0.0,0.0
2019-11-27,87.079,87.227,85.722,86.267,2423500,0.0,0.0
2019-11-29,85.999,87.264,85.999,86.95,1259200,0.0,0.0
2019-12-02,86.941,87.356,85.842,86.147,2141200,0.0,0.0
2019-12-03,85.861,86.581,85.731,86.285,2425700,0.0,0.0
2019-12-04,86.202,86.904,85.953,86.165,2260400,0.0,0.0
2019-12-05,86.119,86.645,85.75,86.47,1544000,0.0,0.0
2019-12-06,86.913,87.218,86.461,86.608,2170400,0.0,0.0
2019-12-09,86.516,86.516,85.362,85.759,3062900,0.0,0.0
2019-12-10,85.777,85.907,85.048,85.251,2317300,0.0,0.0
2019-12-11,85.556,86.091,85.131,85.233,3048800,0.0,0.0
2019-12-12,85.159,85.279,83.7,83.765,6006600,0.0,0.0
2019-12-13,83.76,85.27,83.362,85.121,2861800,0.275,0.0
2019-12-16,85.603,85.696,85.029,85.455,2883300,0.0,0.0
2019-12-17,85.131,85.927,84.075,85.76,4126500,0.0,0.0
2019-12-18,86.122,86.122,84.927,85.075,3521200,0.0,0.0
2019-12-19,84.964,86.659,84.844,86.585,2233400,0.0,0.0
2019-12-20,86.909,87.168,85.872,86.159,4585600,0.0,0.0
2019-12-23,86.344,86.548,85.334,85.538,2696000,0.0,0.0
2019-12-24,85.575,85.677,85.168,85.381,731200,0.0,0.0
2019-12-26,85.631,86.177,85.399,86.01,1212700,0.0,0.0
2019-12-27,86.14,86.335,85.797,86.131,1226400,0.0,0.0
2019-12-30,86.205,86.335,85.464,85.612,2059600,0.0,0.0
2019-12-31,85.575,85.973,84.936,85.714,2358100,0.0,0.0
2020-01-02,85.983,86.196,85.371,85.825,3045300,0.0,0.0
2020-01-03,85.297,87.965,85.158,87.678,2544500,0.0,0.0
2020-01-06,87.705,88.418,87.076,87.705,2649700,0.0,0.0
2020-01-07,87.131,87.918,86.844,87.455,2343900,0.0,0.0
2020-01-08,87.668,87.891,86.575,86.687,3013700,0.0,0.0
2020-01-09,86.705,87.965,86.705,87.455,2268300,0.0,0.0
2020-01-10,87.437,87.798,87.122,87.289,1510500,0.0,0.0
2020-01-13,87.242,88.048,87.085,88.011,2627700,0.0,0.0
2020-01-14,88.029,88.094,86.603,86.844,3366100,0.0,0.0
2020-01-15,87.113,89.141,86.687,88.696,3015800,0.0,0.0
2020-01-16,89.585,89.826,88.52,89.159,2686500,0.0,0.0
2020-01-17,88.956,89.882,88.956,89.622,2468700,0.0,0.0
2020-01-21,89.548,90.252,89.465,89.613,2263600,0.0,0.0
2020-01-22,89.493,89.928,89.224,89.308,1930400,0.0,0.0
2020-01-23,89.048,90.224,88.919,90.113,2333000,0.0,0.0
2020-01-24,90.113,90.845,89.706,89.937,1880200,0.0,0.0
2020-01-27,89.196,91.123,88.576,90.928,2343600,0.0,0.0
2020-01-28,90.891,91.78,90.845,91.632,2034000,0.0,0.0
2020-01-29,91.928,92.429,91.271,91.604,1762400,0.0,0.0
2020-01-30,91.299,92.781,91.178,92.771,1463800,0.0,0.0
2020-01-31,92.484,93.012,92.049,92.373,2067900,0.0,0.0
2020-02-03,92.753,93.012,92.169,92.651,1920000,0.0,0.0
2020-02-04,93.318,94.401,84.325,85.751,11043200,0.0,0.0
2020-02-05,86.696,87.076,84.584,86.02,12768000,0.0,0.0
2020-02-06,85.899,85.973,80.417,83.454,17797700,0.0,0.0
2020-02-07,86.964,88.409,85.316,85.788,12776900,0.0,0.0
2020-02-10,85.705,87.955,85.696,87.816,5715000,0.0,0.0
2020-02-11,87.891,88.122,87.678,87.761,3827800,0.0,0.0
2020-02-12,87.705,87.974,86.992,87.418,4506100,0.0,0.0
2020-02-13,87.622,87.677,86.955,87.233,5791300,0.0,0.0
2020-02-14,87.52,89.743,87.474,89.706,5111600,0.0,0.0
2020-02-18,88.77,89.465,87.992,89.094,2656200,0.0,0.0
2020-02-19,89.576,89.789,88.363,88.372,2520300,0.0,0.0
2020-02-20,88.113,88.622,87.502,88.178,1880700,0.0,0.0
2020-02-21,88.057,88.168,87.52,87.752,2047300,0.0,0.0
2020-02-24,86.594,87.742,86.186,86.918,2558900,0.0,0.0
2020-02-25,87.085,87.529,84.806,85.177,3063600,0.0,0.0
2020-02-26,85.344,87.52,84.992,86.927,3923900,0.0,0.0
2020-02-27,86.205,88.27,85.019,85.038,5272800,0.0,0.0
2020-02-28,83.964,85.797,80.963,82.63,7199900,0.0,0.0
2020-03-02,83.297,86.501,82.917,86.501,7056100,0.0,0.0
2020-03-03,86.705,89.113,85.427,87.928,6139200,0.0,0.0
2020-03-04,88.215,93.04,87.853,92.771,5223500,0.0,0.0
2020-03-05,90.956,91.975,89.622,90.678,3752300,0.0,0.0
2020-03-06,88.104,89.446,85.371,87.094,5964000,0.0,0.0
2020-03-09,82.361,85.14,81.195,82.074,5790200,0.0,0.0
2020-03-10,84.112,84.742,80.435,83.862,5243100,0.0,0.0
2020-03-11,81.722,82.713,78.685,79.833,4539900,0.0,0.0
2020-03-12,74.489,76.907,69.886,70.025,6554300,0.0,0.0
2020-03-13,73.878,77.138,71.109,76.981,7338700,0.0,0.0
2020-03-16,69.74,74.313,67.686,68.903,5791800,0.3,0.0
2020-03-17,70.465,73.318,68.513,71.376,7108100,0.0,0.0
2020-03-18,67.593,68.392,61.384,65.139,8145300,0.0,0.0
2020-03-19,65.092,69.656,59.59,68.485,5503100,0.0,0.0
2020-03-20,68.569,68.875,63.968,67.844,8462600,0.0,0.0
2020-03-23,67.147,67.305,59.032,62.137,6813600,0.0,0.0
2020-03-24,65.343,68.922,64.962,68.466,5101200,0.0,0.0
2020-03-25,68.308,72.073,67.398,69.266,4553200,0.0,0.0
2020-03-26,70.093,75.01,70.093,74.192,4670400,0.0,0.0
2020-03-27,72.184,78.403,71.868,75.521,4639700,0.0,0.0
2020-03-30,76.283,78.542,75.531,77.901,4768800,0.0,0.0
2020-03-31,76.73,77.111,74.629,75.057,3815600,0.0,0.0
2020-04-01,71.924,74.471,71.924,73.718,3229100,0.0,0.0
2020-04-02,73.43,75.651,71.729,75.419,2963200,0.0,0.0
2020-04-03,75.15,77.101,75.019,75.28,4932300,0.0,0.0
2020-04-06,77.65,79.62,76.637,78.477,4128100,0.0,0.0
2020-04-07,81.024,81.024,76.321,76.497,4680500,0.0,0.0
2020-04-08,77.325,79.899,76.497,79.323,3512100,0.0,0.0
2020-04-09,80.122,81.675,79.806,81.219,4285600,0.0,0.0
2020-04-13,80.578,80.578,78.7,79.174,2499300,0.0,0.0
2020-04-14,80.596,81.331,80.085,80.866,3350600,0.0,0.0
2020-04-15,79.955,80.624,79.379,80.169,3483100,0.0,0.0
2020-04-16,80.541,82.204,79.936,81.888,2675800,0.0,0.0
2020-04-17,83.385,84.166,81.675,84.026,3854600,0.0,0.0
2020-04-20,84.426,85.262,81.963,83.097,4323000,0.0,0.0
2020-04-21,81.647,82.716,80.624,81.359,3154600,0.0,0.0
2020-04-22,82.483,83.701,80.903,82.901,2237300,0.0,0.0
2020-04-23,82.79,83.943,81.935,82.26,2204600,0.0,0.0
2020-04-24,82.92,83.032,81.619,82.651,1804400,0.0,0.0
2020-04-27,83.664,86.052,83.468,85.839,2273800,0.0,0.0
2020-04-28,86.917,87.558,83.803,83.924,2333000,0.0,0.0
2020-04-29,85.235,85.755,84.175,84.305,2054500,0.0,0.0
2020-04-30,83.692,85.374,82.753,83.143,3764200,0.0,0.0
2020-05-01,82.307,84.249,81.907,82.418,3026200,0.0,0.0
2020-05-04,81.935,84.119,81.34,83.348,3015400,0.0,0.0
2020-05-05,83.515,87.168,83.357,86.415,2676900,0.0,0.0
2020-05-06,86.759,86.852,85.188,85.272,2318900,0.0,0.0
2020-05-07,86.434,88.004,86.08,86.527,2064500,0.0,0.0
2020-05-08,87.986,88.023,86.229,86.926,2126700,0.0,0.0
2020-05-11,86.647,87.67,86.164,87.465,3081300,0.0,0.0
2020-05-12,87.986,88.023,85.987,86.025,2624500,0.0,0.0
2020-05-13,85.671,87.363,84.965,86.722,3332700,0.0,0.0
2020-05-14,85.3,86.694,84.593,86.675,2450400,0.0,0.0
2020-05-15,86.368,87.456,86.145,86.88,2595800,0.0,0.0
2020-05-18,88.544,89.919,87.735,89.231,2872200,0.0,0.0
2020-05-19,88.776,89.361,86.155,86.406,2656300,0.0,0.0
2020-05-20,87.428,87.707,86.526,86.861,3702000,0.0,0.0
2020-05-21,86.629,87.112,85.551,86.313,2397500,0.0,0.0
2020-05-22,86.592,87.224,85.904,87.159,1747500,0.0,0.0
2020-05-26,88.618,88.943,87.391,87.586,2689600,0.0,0.0
2020-05-27,88.181,88.293,85.411,86.285,3450100,0.0,0.0
2020-05-28,87.252,88.887,86.545,88.181,2682000,0.0,0.0
2020-05-29,88.227,90.505,87.874,90.393,3405600,0.0,0.0
2020-06-01,90.533,91.536,90.096,90.737,2137300,0.0,0.0
2020-06-02,91.127,91.202,89.166,89.557,3342800,0.0,0.0
2020-06-03,89.817,91.239,89.185,90.979,2781800,0.0,0.0
2020-06-04,90.356,90.598,88.302,89.036,3720900,0.0,0.0
2020-06-05,89.231,91.453,86.889,90.914,3964700,0.0,0.0
2020-06-08,90.393,90.839,89.622,90.607,5449400,0.0,0.0
2020-06-09,90.217,91.248,89.863,90.57,2202200,0.0,0.0
2020-06-10,90.607,91.007,89.761,90.449,2466900,0.0,0.0
2020-06-11,90.152,90.161,85.309,85.551,3560700,0.0,0.0
2020-06-12,86.991,87.8,85.104,86.685,2808800,0.0,0.0
2020-06-15,85.174,87.692,84.633,87.44,2437000,0.3,0.0
2020-06-16,89.286,89.286,87.095,88.27,2266200,0.0,0.0
2020-06-17,88.745,88.792,87.99,88.232,3188400,0.0,0.0
2020-06-18,88.055,88.251,87.337,88.018,1944200,0.0,0.0
2020-06-19,89.268,89.296,87.179,88.139,4015800,0.0,0.0
2020-06-22,87.813,88.54,87.412,87.943,1570600,0.0,0.0
2020-06-23,88.615,88.82,87.141,87.188,2055000,0.0,0.0
2020-06-24,86.647,86.964,84.344,84.586,3967700,0.0,0.0
2020-06-25,84.726,86.685,83.934,86.563,2718900,0.0,0.0
2020-06-26,85.92,86.526,84.232,84.297,3368700,0.0,0.0
2020-06-29,85.127,85.127,84.018,84.297,2186600,0.0,0.0
2020-06-30,84.213,85.659,84.213,85.416,5300800,0.0,0.0
2020-07-01,85.491,87.561,85.388,87.002,2304000,0.0,0.0
2020-07-02,88.167,88.214,85.966,86.032,2084900,0.0,0.0
2020-07-06,87.188,87.225,85.929,86.284,1921600,0.0,0.0
2020-07-07,85.789,86.824,85.78,86.321,2085700,0.0,0.0
2020-07-08,86.423,87.533,86.302,87.505,2530000,0.0,0.0
2020-07-09,87.776,87.776,85.323,85.92,1888600,0.0,0.0
2020-07-10,86.013,86.442,85.37,86.302,1784100,0.0,0.0
2020-07-13,86.47,87.953,85.528,85.631,2435800,0.0,0.0
2020-07-14,85.64,86.106,84.708,85.528,2387100,0.0,0.0
2020-07-15,86.498,87.486,85.332,86.946,3542200,0.0,0.0
2020-07-16,86.619,87.291,85.845,86.134,2401400,0.0,0.0
2020-07-17,86.563,87.692,86.302,87.496,2094900,0.0,0.0
2020-07-20,87.085,88.242,86.927,87.887,1900400,0.0,0.0
2020-07-21,87.925,89.016,87.897,88.689,2420300,0.0,0.0
2020-07-22,88.27,89.715,88.018,89.575,2908100,0.0,0.0
2020-07-23,89.79,90.489,89.072,89.379,3245200,0.0,0.0
2020-07-24,89.379,90.023,89.053,89.818,3222000,0.0,0.0
2020-07-27,89.445,90.014,88.158,88.158,3023700,0.0,0.0
2020-07-28,88.195,88.288,86.554,86.647,3218700,0.0,0.0
2020-07-29,86.582,88.372,86.545,87.934,2489500,0.0,0.0
2020-07-30,87.309,88.941,87.048,87.999,3402900,0.0,0.0
2020-07-31,88.326,90.293,87.57,90.247,3423700,0.0,0.0
2020-08-03,90.564,91.291,89.463,89.78,2873300,0.0,0.0
2020-08-04,89.249,89.538,88.624,89.314,1834600,0.0,0.0
2020-08-05,89.659,90.051,89.221,89.669,2217900,0.0,0.0
2020-08-06,89.426,91.142,89.314,90.881,3174300,0.0,0.0
2020-08-07,90.377,94.284,88.848,94.144,5646100,0.0,0.0
2020-08-10,94.144,94.284,91.851,92.466,3587500,0.0,0.0
2020-08-11,93.128,93.128,91.729,91.953,3825200,0.0,0.0
2020-08-12,92.625,93.343,92.41,92.718,2859800,0.0,0.0
2020-08-13,92.485,93.939,92.205,93.436,5028700,0.0,0.0
2020-08-14,93.352,96.009,93.333,95.571,4239600,0.0,0.0
2020-08-17,95.58,97.259,95.207,97.026,4852100,0.0,0.0
2020-08-18,96.345,97.539,95.963,97.334,3333700,0.0,0.0
2020-08-19,97.557,97.753,96.289,96.541,2726700,0.0,0.0
2020-08-20,96.047,97.147,96.009,96.746,3332400,0.0,0.0
2020-08-21,96.783,97.39,96.354,97.166,2333500,0.0,0.0
2020-08-24,97.641,98.835,96.97,98.667,3492300,0.0,0.0
2020-08-25,98.742,98.742,96.989,97.39,3434800,0.0,0.0
2020-08-26,97.445,98.303,96.606,97.912,1944400,0.0,0.0
2020-08-27,98.07,98.35,97.38,97.921,2968300,0.0,0.0
2020-08-28,98.592,98.704,97.763,98.434,2053100,0.0,0.0
2020-08-31,98.611,99.432,98.341,99.059,2321500,0.0,0.0
2020-09-01,98.751,99.357,98.62,99.329,2670700,0.0,0.0
2020-09-02,98.854,99.767,98.536,99.152,3027800,0.0,0.0
2020-09-03,99.553,99.655,95.72,96.252,4110300,0.0,0.0
2020-09-04,96.354,96.718,91.981,93.324,4906700,0.0,0.0
2020-09-08,92.624,92.923,91.729,92.149,3258100,0.0,0.0
2020-09-09,93.044,95.198,92.615,94.378,2718400,0.0,0.0
2020-09-10,93.1,93.604,91.561,91.617,5602700,0.0,0.0
2020-09-11,92.028,92.559,90.927,91.599,3219900,0.0,0.0
2020-09-14,92.662,94.051,92.224,93.678,2994400,0.0,0.0
2020-09-15,94.08,94.791,93.837,94.024,3270600,0.3,0.0
2020-09-16,94.464,95.839,94.221,94.38,2258100,0.0,0.0
2020-09-17,93.398,93.903,92.818,93.491,2520700,0.0,0.0
2020-09-18,93.529,94.09,92.369,92.79,4798600,0.0,0.0
2020-09-21,91.443,92.911,91.321,92.846,2923300,0.0,0.0
2020-09-22,92.939,93.529,91.303,92.406,2522500,0.0,0.0
2020-09-23,92.546,93.267,90.526,90.723,2456300,0.0,0.0
2020-09-24,90.919,92.313,90.414,91.967,2531000,0.0,0.0
2020-09-25,91.162,94.108,91.134,94.052,2512400,0.0,0.0
2020-09-28,94.726,95.689,94.567,94.679,1855900,0.0,0.0
2020-09-29,94.847,95.193,90.629,92.752,4536100,0.0,0.0
2020-09-30,93.098,94.604,92.752,93.575,2344600,0.0,0.0
2020-10-01,94.548,95.502,94.024,94.866,2239200,0.0,0.0
2020-10-02,93.744,95.259,93.706,94.782,1925400,0.0,0.0
2020-10-05,95.193,95.465,94.249,95.221,1635700,0.0,0.0
2020-10-06,95.857,95.857,94.09,94.473,2470300,0.0,0.0
2020-10-07,94.913,95.549,93.8,94.324,2383200,0.0,0.0
2020-10-08,94.735,95.652,94.408,94.875,2251500,0.0,0.0
2020-10-09,95.371,95.67,94.614,94.829,1910900,0.0,0.0
2020-10-12,95.1,96.437,94.978,96.297,3357400,0.0,0.0
2020-10-13,96.334,97.157,95.38,96.007,3454100,0.0,0.0
2020-10-14,96.213,96.755,95.025,95.689,2602900,0.0,0.0
2020-10-15,94.679,95.633,94.37,95.465,2144700,0.0,0.0
2020-10-16,95.839,95.988,94.623,94.744,2410600,0.0,0.0
2020-10-19,95.072,95.09,91.957,92.079,2806000,0.0,0.0
2020-10-20,92.537,94.436,92.444,93.482,2026500,0.0,0.0
2020-10-21,93.36,94.239,92.659,93.033,1847900,0.0,0.0
2020-10-22,93.154,93.725,92.706,92.93,1973800,0.0,0.0
2020-10-23,93.529,93.603,92.359,92.546,2039900,0.0,0.0
2020-10-26,91.705,91.892,90.891,91.434,2552100,0.0,0.0
2020-10-27,91.621,92.257,91.172,91.246,1922700,0.0,0.0
2020-10-28,89.647,89.89,87.58,87.702,3170400,0.0,0.0
2020-10-29,87.318,90.096,86.43,89.507,3823000,0.0,0.0
2020-10-30,88.805,89.666,87.318,88.291,3520600,0.0,0.0
2020-11-02,89.666,91.041,87.889,88.534,3016600,0.0,0.0
2020-11-03,89.75,91.527,89.133,89.844,2251200,0.0,0.0
2020-11-04,91.218,94.118,90.321,91.995,2989700,0.0,0.0
2020-11-05,95.315,95.708,93.94,94.426,6270000,0.0,0.0
2020-11-06,94.642,94.922,92.191,94.146,2542300,0.0,0.0
2020-11-09,98.242,98.242,91.564,91.864,5231500,0.0,0.0
2020-11-10,91.677,91.948,89.918,91.658,3570100,0.0,0.0
2020-11-11,92.668,94.333,92.659,93.51,2352600,0.0,0.0
2020-11-12,93.323,93.323,91.265,91.948,2104200,0.0,0.0
2020-11-13,92.331,93.229,92.032,92.921,1446000,0.0,0.0
2020-11-16,93.659,93.865,92.5,93.257,1996700,0.0,0.0
2020-11-17,92.864,93.968,92.359,93.557,2056500,0.0,0.0
2020-11-18,93.416,94.165,92.799,93.024,1954300,0.0,0.0
2020-11-19,94.464,95.175,93.08,94.37,2278900,0.0,0.0
2020-11-20,94.361,95.203,94.361,94.52,3639400,0.0,0.0
2020-11-23,94.931,96.475,94.716,95.736,2131300,0.0,0.0
2020-11-24,95.97,97.232,95.493,96.4,2470400,0.0,0.0
2020-11-25,96.755,97.391,95.867,97.204,1930100,0.0,0.0
2020-11-27,97.391,98.233,97.223,98.196,1593300,0.0,0.0
2020-11-30,98.177,98.813,97.784,98.682,4146500,0.0,0.0
2020-12-01,99.337,100.422,98.804,100.225,4498900,0.0,0.0
2020-12-02,99.926,100.272,98.813,99.664,2627300,0.0,0.0
2020-12-03,99.505,101.048,98.916,100.506,4226400,0.0,0.0
2020-12-04,101.039,102.741,101.039,102.161,2376200,0.0,0.0
2020-12-07,102.114,103.452,101.984,103.143,2293600,0.0,0.0
2020-12-08,102.891,103.256,102.133,102.938,2451100,0.0,0.0
2020-12-09,102.732,103.545,101.993,103.04,2217300,0.0,0.0
2020-12-10,102.676,103.237,101.778,102.171,2193800,0.0,0.0
2020-12-11,101.768,102.62,101.123,101.778,1985300,0.0,0.0
2020-12-14,102.358,103.059,100.693,100.74,1984500,0.0,0.0
2020-12-15,101.696,104.154,101.34,104.088,3565700,0.3,0.0
2020-12-16,104.369,105.307,103.825,104.397,2559400,0.0,0.0
2020-12-17,105.035,105.992,104.632,105.786,2640400,0.0,0.0
2020-12-18,105.654,106.301,104.904,105.823,4366200,0.0,0.0
2020-12-21,105.138,105.898,103.666,105.551,2256500,0.0,0.0
2020-12-22,105.56,106.273,105.138,106.133,1924500,0.0,0.0
2020-12-23,106.545,107.192,105.148,105.213,1185900,0.0,0.0
2020-12-24,105.007,105.936,104.866,105.692,511200,0.0,0.0
2020-12-28,106.508,106.648,105.635,106.536,1303500,0.0,0.0
2020-12-29,107.042,107.042,105.832,105.889,1427600,0.0,0.0
2020-12-30,106.386,106.564,105.861,106.123,1080300,0.0,0.0
2020-12-31,106.208,108.233,105.992,108.13,1474300,0.0,0.0
2021-01-04,108.702,109.031,105.392,106.264,2726500,0.0,0.0
2021-01-05,105.982,106.742,105.936,106.489,2286200,0.0,0.0
2021-01-06,106.733,109.331,105.757,108.552,2581600,0.0,0.0
2021-01-07,108.187,109.078,107.755,108.618,2357800,0.0,0.0
2021-01-08,109.256,110.747,108.881,110.325,2405600,0.0,0.0
2021-01-11,109.903,111.432,109.603,110.344,1857300,0.0,0.0
2021-01-12,111.103,111.629,109.95,110.541,2775200,0.0,0.0
2021-01-13,110.362,111.113,110.306,110.522,2394500,0.0,0.0
2021-01-14,110.119,110.316,107.764,108.44,2626300,0.0,0.0
2021-01-15,107.868,108.44,107.483,108.036,2586600,0.0,0.0
2021-01-19,108.271,108.646,107.117,107.746,2980300,0.0,0.0
2021-01-20,108.29,108.29,106.47,107.568,2260300,0.0,0.0
2021-01-21,107.427,107.624,105.823,105.907,1505100,0.0,0.0
2021-01-22,105.542,105.926,104.651,104.97,1926200,0.0,0.0
2021-01-25,104.979,106.067,104.81,105.476,2811200,0.0,0.0
2021-01-26,105.729,106.151,104.904,105.654,1564900,0.0,0.0
2021-01-27,104.951,105.42,102.184,102.559,2410500,0.0,0.0
2021-01-28,102.972,107.483,102.325,105.617,2859700,0.0,0.0
2021-01-29,104.641,104.923,102.437,103.497,2791300,0.0,0.0
2021-02-01,104.613,106.789,104.219,106.367,2557900,0.0,0.0
2021-02-02,106.995,110.297,106.892,109.528,2429000,0.0,0.0
2021-02-03,109.396,109.969,108.14,108.14,2079800,0.0,0.0
2021-02-04,109.668,109.781,107.005,107.436,2856800,0.0,0.0
2021-02-05,107.858,107.999,104.801,107.099,3430200,0.0,0.0
2021-02-08,107.371,107.464,106.123,106.414,2511300,0.0,0.0
2021-02-09,106.376,106.883,106.076,106.226,2091600,0.0,0.0
2021-02-10,106.555,106.977,103.685,104.726,2580500,0.0,0.0
2021-02-11,105.298,105.298,103.272,104.388,2274800,0.0,0.0
2021-02-12,104.191,104.566,103.46,104.172,1681500,0.0,0.0
2021-02-16,105.101,105.579,103.797,105.438,2708600,0.0,0.0
2021-02-17,105.11,105.936,104.294,105.776,2730200,0.0,0.0
2021-02-18,105.645,107.108,105.317,106.789,1938200,0.0,0.0
2021-02-19,107.07,107.38,106.011,106.311,3279700,0.0,0.0
2021-02-22,105.476,105.767,103.778,104.782,2294600,0.0,0.0
2021-02-23,104.388,104.632,102.325,104.501,3627300,0.0,0.0
2021-02-24,104.472,104.979,103.253,104.538,2581400,0.0,0.0
2021-02-25,104.041,106.536,104.041,105.045,3470600,0.0,0.0
2021-02-26,105.617,105.973,103.3,103.46,3260400,0.0,0.0
2021-03-01,104.219,107.164,104.088,106.677,2297900,0.0,0.0
2021-03-02,106.705,107.83,106.057,106.564,1872400,0.0,0.0
2021-03-03,105.982,106.301,104.613,104.707,3542600,0.0,0.0
2021-03-04,104.416,106.423,103.188,104.229,3317600,0.0,0.0
2021-03-05,105.082,108.271,103.732,107.83,3007500,0.0,0.0
2021-03-08,107.858,108.852,106.555,106.677,2741100,0.0,0.0
2021-03-09,106.986,109.518,106.93,107.305,2786600,0.0,0.0
2021-03-10,107.99,108.89,107.511,108.402,2116600,0.0,0.0
2021-03-11,108.684,109.003,107.755,108.046,1882500,0.0,0.0
2021-03-12,108.327,108.58,107.624,108.158,1485300,0.0,0.0
2021-03-15,108.205,108.796,107.502,108.477,1756500,0.0,0.0
2021-03-16,108.816,109.183,107.593,107.847,1436700,0.33,0.0
2021-03-17,108.393,108.393,106.643,106.944,2027400,0.0,0.0
2021-03-18,106.822,106.925,104.931,105.007,2876100,0.0,0.0
2021-03-19,104.818,105.834,104.216,104.593,3531400,0.0,0.0
2021-03-22,104.282,105.524,103.68,104.922,1782900,0.0,0.0
2021-03-23,104.828,105.834,104.602,105.016,1948800,0.0,0.0
2021-03-24,105.054,106.493,104.527,105.919,1984200,0.0,0.0
2021-03-25,106.022,106.022,104.875,105.608,2053300,0.0,0.0
2021-03-26,105.975,106.963,105.138,106.888,1839700,0.0,0.0
2021-03-29,106.474,107.001,105.072,106.549,1966500,0.0,0.0
2021-03-30,105.881,106.305,104.376,104.621,1874800,0.0,0.0
2021-03-31,104.348,106.135,104.348,105.044,2210500,0.0,0.0
2021-04-01,105.75,107.424,105.279,107.414,1956000,0.0,0.0
2021-04-05,108.035,108.571,107.405,108.27,1508800,0.0,0.0
2021-04-06,108.195,108.383,106.972,107.142,2196300,0.0,0.0
2021-04-07,107.33,108.054,106.888,107.932,2436100,0.0,0.0
2021-04-08,108.703,109.296,108.223,109.145,2644900,0.0,0.0
2021-04-09,109.597,110.311,109.079,110.208,1657600,0.0,0.0
2021-04-12,109.898,110.885,109.728,110.716,2070800,0.0,0.0
2021-04-13,110.594,112.155,110.283,111.666,1690400,0.0,0.0
2021-04-14,111.647,112.804,110.951,111.167,1773700,0.0,0.0
2021-04-15,111.591,112.757,111.553,112.738,2091600,0.0,0.0
2021-04-16,113.246,113.886,112.456,113.556,2414400,0.0,0.0
2021-04-19,113.227,113.378,111.892,112.625,2085300,0.0,0.0
2021-04-20,112.663,113.34,112.249,112.644,2693600,0.0,0.0
2021-04-21,113.086,113.679,112.052,112.428,1908400,0.0,0.0
2021-04-22,111.976,113.613,111.826,112.719,1645100,0.0,0.0
2021-04-23,113.199,114.723,112.87,114.064,1375500,0.0,0.0
2021-04-26,114.215,114.657,113.603,113.679,1156700,0.0,0.0
2021-04-27,113.509,114.177,113.114,114.027,1662400,0.0,0.0
2021-04-28,114.262,114.29,111.459,111.995,2618900,0.0,0.0
2021-04-29,111.873,111.929,109.023,110.688,3624100,0.0,0.0
2021-04-30,110.142,110.716,108.6,110.716,3183300,0.0,0.0
2021-05-03,110.772,111.139,108.233,108.6,2672000,0.0,0.0
2021-05-04,107.838,107.96,106.549,107.734,3270400,0.0,0.0
2021-05-05,108.233,108.995,107.33,107.904,2558100,0.0,0.0
2021-05-06,108.157,108.214,106.333,106.869,2269000,0.0,0.0
2021-05-07,107.339,108.656,106.944,107.988,2240600,0.0,0.0
2021-05-10,107.828,109.042,107.358,107.49,1743100,0.0,0.0
2021-05-11,106.558,107.085,105.364,106.352,1904800,0.0,0.0
2021-05-12,106.258,107.217,104.771,104.837,2599600,0.0,0.0
2021-05-13,105.674,106.671,105.223,105.505,2753600,0.0,0.0
2021-05-14,106.013,106.982,105.449,106.53,2163400,0.0,0.0
2021-05-17,106.747,106.907,105.279,105.787,1537900,0.0,0.0
2021-05-18,105.571,105.721,104.085,104.179,2186700,0.0,0.0
2021-05-19,103.464,104.395,102.561,104.16,3252700,0.0,0.0
2021-05-20,104.348,106.116,104.085,105.308,3039100,0.0,0.0
2021-05-21,105.684,106.935,105.674,106.436,2578900,0.0,0.0
2021-05-24,106.907,107.584,106.004,106.258,2218300,0.0,0.0
2021-05-25,106.54,106.69,105.449,105.703,1591200,0.0,0.0
2021-05-26,106.37,107.048,105.308,105.693,2508800,0.0,0.0
2021-05-27,106.116,106.276,105.317,105.364,3545800,0.0,0.0
2021-05-28,105.74,106.417,105.411,106.173,3193400,0.0,0.0
2021-06-01,107.095,107.226,103.088,103.285,3792500,0.0,0.0
2021-06-02,103.52,105.289,103.52,105.11,3261900,0.0,0.0
2021-06-03,104.856,105.862,104.179,104.969,2508300,0.0,0.0
2021-06-04,105.308,105.872,104.8,105.514,2367800,0.0,0.0
2021-06-07,105.561,105.561,103.633,103.84,1910900,0.0,0.0
2021-06-08,104.01,104.8,103.483,104.48,2520500,0.0,0.0
2021-06-09,104.546,105.082,104.16,104.263,2018700,0.0,0.0
2021-06-10,104.207,105.298,104.16,105.082,2848600,0.0,0.0
2021-06-11,105.439,106.427,105.439,105.975,3121900,0.0,0.0
2021-06-14,106.004,107.151,105.571,107.076,4195900,0.0,0.0
2021-06-15,107.434,108.179,106.812,107.576,2554100,0.33,0.0
2021-06-16,108.0,108.387,106.981,107.387,3245400,0.0,0.0
2021-06-17,107.349,107.934,106.604,107.557,2813700,0.0,0.0
2021-06-18,107.161,107.236,105.963,106.368,7058400,0.0,0.0
2021-06-21,106.708,107.746,105.84,107.255,3099500,0.0,0.0
2021-06-22,107.208,108.293,107.104,107.963,2329400,0.0,0.0
2021-06-23,109.859,110.5,109.085,110.028,3183700,0.0,0.0
2021-06-24,110.245,111.415,109.953,111.396,3062300,0.0,0.0
2021-06-25,111.943,112.698,111.604,112.556,5260500,0.0,0.0
2021-06-28,112.472,112.877,111.132,112.057,3159600,0.0,0.0
2021-06-29,112.33,112.679,111.774,112.028,1579800,0.0,0.0
2021-06-30,111.934,112.17,111.557,111.972,1750800,0.0,0.0
2021-07-01,112.17,112.519,111.953,112.104,1962000,0.0,0.0
2021-07-02,112.368,112.396,111.821,112.094,1350400,0.0,0.0
2021-07-06,112.311,112.434,110.547,111.292,2200800,0.0,0.0
2021-07-07,112.057,112.358,111.019,111.311,2201900,0.0,0.0
2021-07-08,110.226,111.528,109.906,111.368,2177100,0.0,0.0
2021-07-09,111.387,112.255,111.264,112.226,1611300,0.0,0.0
2021-07-12,112.245,112.585,111.849,112.311,2302200,0.0,0.0
2021-07-13,112.292,112.538,111.707,111.962,1359400,0.0,0.0
2021-07-14,111.594,111.962,110.811,111.481,2922100,0.0,0.0
2021-07-15,110.953,111.707,110.84,111.302,1607200,0.0,0.0
2021-07-16,111.651,112.104,111.066,111.368,1435200,0.0,0.0
2021-07-19,110.594,111.689,110.01,110.708,3704600,0.0,0.0
2021-07-20,110.887,112.877,110.755,112.387,2180800,0.0,0.0
2021-07-21,112.726,113.981,112.594,113.415,1541700,0.0,0.0
2021-07-22,113.764,113.811,112.849,113.547,1541700,0.0,0.0
2021-07-23,113.707,114.707,113.566,114.481,1347100,0.0,0.0
2021-07-26,114.283,114.311,113.0,113.604,1283500,0.0,0.0
2021-07-27,113.462,114.934,113.066,114.188,1941900,0.0,0.0
2021-07-28,114.5,114.905,113.717,114.443,1672400,0.0,0.0
2021-07-29,113.028,115.481,112.962,113.971,3461600,0.0,0.0
2021-07-30,112.943,114.509,112.83,113.038,2381300,0.0,0.0
2021-08-02,113.434,113.783,112.481,112.66,1993200,0.0,0.0
2021-08-03,112.396,112.783,110.896,112.368,2256200,0.0,0.0
2021-08-04,112.34,113.0,111.783,112.755,1459000,0.0,0.0
2021-08-05,113.132,113.179,111.849,112.651,1600200,0.0,0.0
2021-08-06,113.094,113.415,112.707,113.198,1505700,0.0,0.0
2021-08-09,113.368,113.688,112.5,113.17,1412900,0.0,0.0
2021-08-10,113.405,113.405,112.019,112.811,1776400,0.0,0.0
2021-08-11,113.17,113.283,111.792,111.99,1600500,0.0,0.0
2021-08-12,111.745,111.745,110.604,111.349,1733200,0.0,0.0
2021-08-13,111.311,111.425,110.047,110.255,1356500,0.0,0.0
2021-08-16,109.84,111.406,109.378,111.349,1505600,0.0,0.0
2021-08-17,110.953,111.604,110.453,110.943,1673700,0.0,0.0
2021-08-18,111.094,111.179,108.774,108.849,2444800,0.0,0.0
2021-08-19,107.802,110.16,107.557,109.783,2061300,0.0,0.0
2021-08-20,110.104,111.236,109.604,110.509,1982400,0.0,0.0
2021-08-23,111.038,111.99,110.868,111.377,1504200,0.0,0.0
2021-08-24,111.594,111.679,110.481,110.745,989900,0.0,0.0
2021-08-25,110.943,111.226,110.557,110.651,1037000,0.0,0.0
2021-08-26,110.821,111.104,110.5,110.887,1509100,0.0,0.0
2021-08-27,111.094,111.849,110.887,111.698,1598500,0.0,0.0
2021-08-30,111.972,113.273,111.708,112.594,1374400,0.0,0.0
2021-08-31,112.773,113.141,112.443,112.755,2399700,0.0,0.0
2021-09-01,112.943,114.094,112.207,113.783,1398900,0.0,0.0
2021-09-02,114.085,114.613,113.207,113.887,1376800,0.0,0.0
2021-09-03,113.632,114.783,113.632,114.264,1874700,0.0,0.0
2021-09-07,114.151,114.151,111.689,112.009,2929300,0.0,0.0
2021-09-08,111.906,113.132,111.547,112.953,2516500,0.0,0.0
2021-09-09,113.104,113.962,112.641,112.679,2099700,0.0,0.0
2021-09-10,113.198,113.198,111.99,112.104,1893800,0.0,0.0
2021-09-13,112.887,113.764,110.67,111.83,2654700,0.0,0.0
2021-09-14,112.207,112.566,111.792,112.5,1926400,0.0,0.0
2021-09-15,112.689,113.247,111.98,112.339,3189400,0.33,0.0
2021-09-16,112.311,112.821,111.894,112.5,2049900,0.0,0.0
2021-09-17,112.065,112.32,110.949,111.336,4100800,0.0,0.0
2021-09-20,110.163,111.185,109.369,110.513,2783800,0.0,0.0
2021-09-21,110.684,111.601,110.201,110.428,2644100,0.0,0.0
2021-09-22,110.949,111.176,110.173,110.589,2726100,0.0,0.0
2021-09-23,111.09,112.803,110.958,112.481,2087500,0.0,0.0
2021-09-24,112.235,113.427,111.97,113.266,1796300,0.0,0.0
2021-09-27,113.436,113.436,111.497,112.226,2733800,0.0,0.0
2021-09-28,111.62,111.894,109.416,110.249,2758900,0.0,0.0
2021-09-29,110.674,111.904,110.457,110.58,2446800,0.0,0.0
2021-09-30,110.882,111.327,108.536,108.612,2452500,0.0,0.0
2021-10-01,109.17,109.908,107.742,109.161,2465500,0.0,0.0
2021-10-04,109.0,109.936,107.77,108.499,2472500,0.0,0.0
2021-10-05,109.34,112.093,109.0,111.696,2569500,0.0,0.0
2021-10-06,111.469,116.047,111.261,115.99,4649300,0.0,0.0
2021-10-07,117.012,120.19,116.917,119.566,3649200,0.0,0.0
2021-10-08,119.888,121.297,119.197,121.174,2124000,0.0,0.0
2021-10-11,121.231,122.385,120.417,120.673,2260900,0.0,0.0
2021-10-12,121.013,121.808,120.361,120.644,2012000,0.0,0.0
2021-10-13,121.117,121.657,119.784,121.411,1931000,0.0,0.0
2021-10-14,122.489,122.659,121.571,121.789,2210900,0.0,0.0
2021-10-15,122.792,122.792,121.486,122.394,2376100,0.0,0.0
2021-10-18,123.917,124.258,122.357,123.255,2112100,0.0,0.0
2021-10-19,123.501,124.069,123.217,123.832,1419100,0.0,0.0
2021-10-20,124.248,124.617,122.801,123.179,1400600,0.0,0.0
2021-10-21,123.208,123.501,122.252,122.602,1758900,0.0,0.0
2021-10-22,122.735,124.731,122.725,124.485,1575800,0.0,0.0
2021-10-25,124.721,126.027,124.211,125.847,1532200,0.0,0.0
2021-10-26,126.831,128.477,126.452,126.49,2401300,0.0,0.0
2021-10-27,126.121,127.427,125.639,125.771,2203400,0.0,0.0
2021-10-28,125.932,130.539,125.932,128.165,3167000,0.0,0.0
2021-10-29,127.786,131.314,127.748,130.974,2588800,0.0,0.0
2021-11-01,131.362,131.797,129.546,129.716,1859100,0.0,0.0
2021-11-02,129.971,132.232,129.924,131.305,2522100,0.0,0.0
2021-11-03,130.823,131.456,128.742,129.773,2166900,0.0,0.0
2021-11-04,130.056,130.842,128.675,129.139,3529100,0.0,0.0
2021-11-05,129.773,130.529,128.306,128.723,2482700,0.0,0.0
2021-11-08,129.054,129.375,127.833,128.41,2434300,0.0,0.0
2021-11-09,128.212,128.619,127.625,128.155,2365800,0.0,0.0
2021-11-10,127.777,128.221,126.547,126.954,2056200,0.0,0.0
2021-11-11,126.755,127.379,126.32,126.755,1498700,0.0,0.0
2021-11-12,127.323,128.079,126.821,127.975,3116100,0.0,0.0
2021-11-15,128.335,128.789,127.54,127.975,1367200,0.0,0.0
2021-11-16,128.155,129.404,128.042,128.713,1744000,0.0,0.0
2021-11-17,128.392,129.129,127.493,128.902,1979400,0.0,0.0
2021-11-18,129.385,129.46,128.023,128.051,1686300,0.0,0.0
2021-11-19,127.956,128.004,126.036,126.093,2477200,0.0,0.0
2021-11-22,126.433,127.493,125.601,125.79,1888400,0.0,0.0
2021-11-23,125.289,125.705,123.832,124.911,2324900,0.0,0.0
2021-11-24,124.967,125.421,124.22,125.119,2007700,0.0,0.0
2021-11-26,124.069,125.062,122.252,122.669,1539100,0.0,0.0
2021-11-29,123.652,125.44,123.454,124.769,2275100,0.0,0.0
2021-11-30,123.747,125.402,123.236,123.652,4043600,0.0,0.0
2021-12-01,124.958,125.771,121.988,122.044,2845400,0.0,0.0
2021-12-02,122.461,125.374,122.101,124.125,2648800,0.0,0.0
2021-12-03,124.627,124.901,121.59,123.151,2604600,0.0,0.0
2021-12-06,124.485,124.665,123.217,123.785,1889100,0.0,0.0
2021-12-07,125.232,127.02,124.806,126.765,3090900,0.0,0.0
2021-12-08,127.01,128.581,126.519,128.231,1807400,0.0,0.0
2021-12-09,127.682,128.098,126.632,127.323,2095500,0.0,0.0
2021-12-10,127.89,128.628,127.067,128.212,1742500,0.0,0.0
2021-12-13,128.259,128.817,127.71,128.25,2716300,0.0,0.0
2021-12-14,127.531,127.701,124.788,126.575,2806100,0.0,0.0
2021-12-15,126.831,127.947,125.847,127.815,1692300,0.0,0.0
2021-12-16,128.431,129.654,128.042,128.952,2603100,0.33,0.0
2021-12-17,128.564,128.602,126.307,126.478,4208000,0.0,0.0
2021-12-20,125.33,125.899,124.116,125.7,1516400,0.0,0.0
2021-12-21,126.478,127.312,125.7,127.122,1713500,0.0,0.0
2021-12-22,126.971,128.336,126.468,128.241,1083500,0.0,0.0
2021-12-23,128.583,129.55,128.355,128.81,1212300,0.0,0.0
2021-12-27,128.82,130.697,128.82,130.621,852800,0.0,0.0
2021-12-28,130.669,131.086,130.299,130.508,1033500,0.0,0.0
2021-12-29,130.82,131.295,130.033,130.138,946100,0.0,0.0
2021-12-30,130.271,130.849,129.607,129.702,758000,0.0,0.0
2021-12-31,129.417,130.318,129.417,129.692,856900,0.0,0.0
2022-01-03,129.465,129.626,126.288,127.018,1792000,0.0,0.0
2022-01-04,127.274,127.834,125.766,127.132,1857200,0.0,0.0
2022-01-05,127.378,127.862,125.453,125.539,1846800,0.0,0.0
2022-01-06,125.795,126.506,124.59,126.269,2205700,0.0,0.0
2022-01-07,126.345,126.904,124.733,126.354,1962200,0.0,0.0
2022-01-10,125.415,125.861,123.699,124.695,2510200,0.0,0.0
2022-01-11,124.723,125.226,122.599,125.122,2479700,0.0,0.0
2022-01-12,125.387,126.971,125.178,126.572,2156300,0.0,0.0
2022-01-13,126.952,127.17,122.542,122.855,1893800,0.0,0.0
2022-01-14,121.926,121.983,119.129,120.048,3628600,0.0,0.0
2022-01-18,119.062,120.437,117.829,119.84,3195400,0.0,0.0
2022-01-19,120.304,121.67,119.299,119.299,2549700,0.0,0.0
2022-01-20,119.935,121.404,119.347,119.593,2744800,0.0,0.0
2022-01-21,119.669,120.845,118.91,119.138,4442300,0.0,0.0
2022-01-24,117.204,119.432,114.861,118.835,4011800,0.0,0.0
2022-01-25,117.327,118.484,115.43,117.536,3164500,0.0,0.0
2022-01-26,118.854,119.242,114.71,115.829,3084000,0.0,0.0
2022-01-27,117.033,118.73,115.241,116.066,3255200,0.0,0.0
2022-01-28,116.123,118.095,114.34,117.915,3736100,0.0,0.0
2022-01-31,118.114,120.323,117.981,120.105,3022900,0.0,0.0
2022-02-01,120.466,120.741,118.806,120.466,2355200,0.0,0.0
2022-02-02,120.229,122.514,120.058,122.353,2584600,0.0,0.0
2022-02-03,120.684,121.926,119.157,121.272,2919700,0.0,0.0
2022-02-04,120.845,123.993,120.409,123.045,4300100,0.0,0.0
2022-02-07,123.073,123.272,120.712,121.072,1795300,0.0,0.0
2022-02-08,120.437,121.452,118.067,120.987,3400300,0.0,0.0
2022-02-09,122.334,123.936,122.172,122.372,2172900,0.0,0.0
2022-02-10,120.428,121.992,119.745,120.162,2670100,0.0,0.0
2022-02-11,120.067,120.864,118.436,119.413,3018400,0.0,0.0
2022-02-14,119.356,120.077,117.517,118.379,2736200,0.0,0.0
2022-02-15,119.954,120.494,118.313,118.74,2252100,0.0,0.0
2022-02-16,118.152,120.02,117.877,119.214,2600300,0.0,0.0
2022-02-17,118.455,118.598,116.73,116.872,3017100,0.0,0.0
2022-02-18,117.147,117.763,115.791,116.511,2332100,0.0,0.0
2022-02-22,116.511,117.45,116.123,116.748,2513500,0.0,0.0
2022-02-23,116.967,119.593,116.853,117.289,4009000,0.0,0.0
2022-02-24,114.691,121.442,114.643,121.3,5109200,0.0,0.0
2022-02-25,121.139,122.144,119.821,121.822,3997400,0.0,0.0
2022-02-28,119.878,122.106,119.878,121.49,3358100,0.0,0.0
2022-03-01,121.528,122.419,120.456,121.139,3858300,0.0,0.0
2022-03-02,122.722,123.927,121.841,123.225,2463300,0.0,0.0
2022-03-03,123.737,125.852,123.519,124.6,2894100,0.0,0.0
2022-03-04,124.173,128.829,123.519,128.677,4346200,0.0,0.0
2022-03-07,128.886,130.128,125.482,125.539,5369400,0.0,0.0
2022-03-08,124.221,124.382,118.161,118.218,5014700,0.0,0.0
2022-03-09,119.764,122.694,118.19,122.116,3240800,0.0,0.0
2022-03-10,120.048,122.969,120.048,122.855,3456100,0.0,0.0
2022-03-11,122.628,123.197,119.66,119.821,2582100,0.0,0.0
2022-03-14,120.029,121.784,119.081,119.688,2560700,0.0,0.0
2022-03-15,121.035,123.851,120.437,123.519,2567200,0.0,0.0
2022-03-16,124.052,125.383,122.796,125.174,2430200,0.38,0.0
2022-03-17,125.022,127.066,125.022,127.057,2077500,0.0,0.0
2022-03-18,127.466,130.671,127.437,130.195,3078300,0.0,0.0
2022-03-21,129.577,130.49,128.626,129.311,1774800,0.0,0.0
2022-03-22,129.244,130.205,128.978,129.72,1967000,0.0,0.0
2022-03-23,129.339,129.377,128.093,128.293,2302200,0.0,0.0
2022-03-24,128.845,129.006,127.504,128.474,2553300,0.0,0.0
2022-03-25,128.978,129.225,127.922,128.635,2159900,0.0,0.0
2022-03-28,128.55,128.959,128.112,128.559,1798200,0.0,0.0
2022-03-29,128.655,128.854,125.041,126.153,2520300,0.0,0.0
2022-03-30,126.153,128.093,126.153,127.77,1861900,0.0,0.0
2022-03-31,127.694,129.377,125.64,125.649,3263500,0.0,0.0
2022-04-01,125.659,126.534,125.069,126.201,1731200,0.0,0.0
2022-04-04,126.201,126.42,123.671,124.223,1687700,0.0,0.0
2022-04-05,124.346,126.981,123.652,124.137,2174800,0.0,0.0
2022-04-06,123.405,124.033,122.083,122.806,3364700,0.0,0.0
2022-04-07,122.787,123.994,121.826,123.519,3611800,0.0,0.0
2022-04-08,124.023,125.82,123.329,123.528,5297000,0.0,0.0
2022-04-11,123.148,123.433,120.514,121.826,4007700,0.0,0.0
2022-04-12,121.626,122.939,118.498,118.716,2955100,0.0,0.0
2022-04-13,118.631,119.924,118.136,119.667,2049400,0.0,0.0
2022-04-14,119.572,120.333,117.965,118.431,4302000,0.0,0.0
2022-04-18,117.927,118.488,116.11,116.615,2046900,0.0,0.0
2022-04-19,116.596,117.023,115.606,116.909,4039900,0.0,0.0
2022-04-20,117.138,119.23,116.615,117.784,2579100,0.0,0.0
2022-04-21,118.393,118.393,114.494,114.798,2882400,0.0,0.0
2022-04-22,114.532,115.045,111.355,111.508,3896100,0.0,0.0
2022-04-25,110.861,111.194,108.892,111.127,5443600,0.0,0.0
2022-04-26,111.279,111.403,108.635,108.731,3108400,0.0,0.0
2022-04-27,108.759,111.603,108.597,110.984,3542500,0.0,0.0
2022-04-28,111.831,113.742,111.118,113.41,2922600,0.0,0.0
2022-04-29,112.554,113.619,109.872,110.138,3641700,0.0,0.0
2022-05-02,109.615,110.965,106.248,107.922,2825500,0.0,0.0
2022-05-03,107.913,109.586,107.694,108.873,3704100,0.0,0.0
2022-05-04,109.054,109.178,97.955,104.479,8336400,0.0,0.0
2022-05-05,102.872,103.177,95.949,96.653,9393400,0.0,0.0
2022-05-06,96.396,96.51,93.838,94.922,7995700,0.0,0.0
2022-05-09,93.077,97.014,91.821,92.24,5503600,0.0,0.0
2022-05-10,94.332,95.169,90.756,91.745,5215700,0.0,0.0
2022-05-11,91.156,92.953,89.891,89.919,4052700,0.0,0.0
2022-05-12,89.672,92.43,88.94,90.823,4099600,0.0,0.0
2022-05-13,91.831,94.389,91.08,93.457,3984500,0.0,0.0
2022-05-16,92.972,93.467,91.527,92.544,2811800,0.0,0.0
2022-05-17,93.999,94.627,92.592,94.265,3343800,0.0,0.0
2022-05-18,93.067,93.543,90.052,90.452,3181200,0.0,0.0
2022-05-19,89.025,92.173,88.873,91.203,3671900,0.0,0.0
2022-05-20,91.755,93.096,91.013,92.839,3235900,0.0,0.0
2022-05-23,94.227,94.227,91.945,93.305,3024000,0.0,0.0
2022-05-24,92.877,93.914,91.774,93.543,2168600,0.0,0.0
2022-05-25,92.82,93.733,91.888,92.744,4443700,0.0,0.0
2022-05-26,93.314,95.226,92.468,94.655,3645400,0.0,0.0
2022-05-27,95.759,97.67,95.312,97.67,2482100,0.0,0.0
2022-05-31,97.271,97.851,96.738,97.375,4122000,0.0,0.0
2022-06-01,97.309,98.421,96.557,96.995,3182900,0.0,0.0
2022-06-02,97.375,98.051,96.871,97.86,2296000,0.0,0.0
2022-06-03,97.138,97.528,95.958,95.996,2366900,0.0,0.0
2022-06-06,96.177,97.746,95.625,95.92,2371700,0.0,0.0
2022-06-07,95.388,96.919,95.255,96.776,3503400,0.0,0.0
2022-06-08,97.195,98.583,96.282,96.415,2791000,0.0,0.0
2022-06-09,95.312,96.282,94.522,94.627,2304500,0.0,0.0
2022-06-10,93.333,93.952,92.287,92.991,2705300,0.0,0.0
2022-06-13,91.65,93.181,90.566,92.078,2995400,0.0,0.0
2022-06-14,91.792,92.049,89.29,89.796,3975400,0.38,0.0
2022-06-15,90.541,92.546,89.386,91.305,3087500,0.0,0.0
2022-06-16,89.481,90.932,89.128,90.56,2618800,0.0,0.0
2022-06-17,89.682,90.417,85.977,86.244,10178000,0.0,0.0
2022-06-21,87.428,89.863,87.094,89.567,4550500,0.0,0.0
2022-06-22,88.364,90.894,88.106,89.71,2835100,0.0,0.0
2022-06-23,90.512,92.527,90.302,92.307,2131600,0.0,0.0
2022-06-24,92.651,93.52,91.849,93.482,3064200,0.0,0.0
2022-06-27,93.883,94.646,92.995,94.217,3143400,0.0,0.0
2022-06-28,94.226,94.866,92.345,92.374,2993900,0.0,0.0
2022-06-29,92.164,92.89,91.19,92.049,2194800,0.0,0.0
2022-06-30,91.095,91.19,89.109,89.787,2917100,0.0,0.0
2022-07-01,89.615,91.104,88.813,90.923,2293900,0.0,0.0
2022-07-05,90.245,91.744,89.452,91.677,4313200,0.0,0.0
2022-07-06,91.944,92.556,90.608,91.181,2108300,0.0,0.0
2022-07-07,91.324,92.947,91.228,92.307,1672000,0.0,0.0
2022-07-08,91.477,92.193,91.228,91.534,1260200,0.0,0.0
2022-07-11,90.951,91.314,89.854,90.264,1846400,0.0,0.0
2022-07-12,90.608,92.088,88.966,89.118,2254700,0.0,0.0
2022-07-13,87.982,90.703,87.686,90.216,3378200,0.0,0.0
2022-07-14,88.966,89.653,88.307,89.386,3046700,0.0,0.0
2022-07-15,90.675,91.639,90.503,91.496,3338200,0.0,0.0
2022-07-18,92.47,92.766,90.379,90.589,2700100,0.0,0.0
2022-07-19,91.152,92.641,90.541,92.431,2257300,0.0,0.0
2022-07-20,92.823,94.436,92.489,93.988,3179000,0.0,0.0
2022-07-21,93.844,95.086,93.463,94.971,2800900,0.0,0.0
2022-07-22,94.981,95.945,93.844,94.627,2886700,0.0,0.0
2022-07-25,94.914,95.172,93.663,94.494,1710400,0.0,0.0
2022-07-26,93.787,94.112,92.393,93.224,1940700,0.0,0.0
2022-07-27,93.233,93.558,91.773,93.1,2363500,0.0,0.0
2022-07-28,93.558,98.389,93.377,97.921,3033800,0.0,0.0
2022-07-29,97.291,98.208,96.737,97.377,2266300,0.0,0.0
2022-08-01,96.394,97.081,95.534,95.859,1952500,0.0,0.0
2022-08-02,95.229,96.928,95.057,96.107,2083100,0.0,0.0
2022-08-03,96.556,98.771,96.556,98.361,2561800,0.0,0.0
2022-08-04,101.96,103.411,101.32,102.581,3800800,0.0,0.0
2022-08-05,101.53,102.161,99.334,100.27,2773200,0.0,0.0
2022-08-08,100.843,101.301,99.182,99.583,1812200,0.0,0.0
2022-08-09,99.353,100.203,98.933,100.165,1597000,0.0,0.0
2022-08-10,101.311,102.065,100.671,101.253,1779500,0.0,0.0
2022-08-11,101.941,103.058,101.435,101.807,1937400,0.0,0.0
2022-08-12,102.409,104.853,102.38,104.719,1971500,0.0,0.0
2022-08-15,104.452,105.369,104.051,104.643,2548200,0.0,0.0
2022-08-16,103.984,106.505,103.86,106.037,2148600,0.0,0.0
2022-08-17,105.483,106.801,105.034,106.648,1877100,0.0,0.0
2022-08-18,106.6,107.956,106.295,107.526,2338200,0.0,0.0
2022-08-19,106.619,106.982,103.927,104.156,4531000,0.0,0.0
2022-08-22,102.647,104.299,101.912,102.953,2312500,0.0,0.0
2022-08-23,102.857,102.857,101.148,101.635,1498500,0.0,0.0
2022-08-24,101.578,102.266,101.234,102.084,2525700,0.0,0.0
2022-08-25,102.399,102.934,101.206,102.17,1855300,0.0,0.0
2022-08-26,102.161,102.332,98.828,98.905,1684200,0.0,0.0
2022-08-29,98.408,98.456,96.947,96.995,3118700,0.0,0.0
2022-08-30,97.282,97.854,95.639,95.964,2939700,0.0,0.0
2022-08-31,96.776,97.387,96.069,96.289,3005400,0.0,0.0
2022-09-01,95.725,97.482,94.589,97.425,2713500,0.0,0.0
2022-09-02,98.361,98.838,96.27,96.699,2360700,0.0,0.0
2022-09-06,96.814,97.1,95.229,95.391,2560500,0.0,0.0
2022-09-07,95.21,97.797,95.21,97.673,2281700,0.0,0.0
2022-09-08,97.224,98.762,96.776,98.542,1902500,0.0,0.0
2022-09-09,98.752,99.201,98.103,98.723,2077000,0.0,0.0
2022-09-12,99.077,99.439,98.676,99.382,2075000,0.0,0.0
2022-09-13,97.387,97.52,95.172,95.343,2586200,0.0,0.0
2022-09-14,96.136,96.327,94.456,95.343,2443500,0.0,0.0
2022-09-15,95.142,95.995,94.117,94.299,1340800,0.38,0.0
2022-09-16,93.561,94.04,92.756,93.225,3136800,0.0,0.0
2022-09-19,92.871,93.427,92.162,92.986,2252200,0.0,0.0
2022-09-20,92.344,92.602,89.88,90.906,3095500,0.0,0.0
2022-09-21,91.548,92.114,89.67,89.718,3828400,0.0,0.0
2022-09-22,89.574,90.618,89.104,90.149,2653600,0.0,0.0
2022-09-23,89.574,90.043,88.136,89.363,2980200,0.0,0.0
2022-09-26,88.999,89.181,87.743,87.782,4205000,0.0,0.0
2022-09-27,88.357,88.548,86.737,87.695,3650800,0.0,0.0
2022-09-28,87.944,89.401,87.159,89.181,3862200,0.0,0.0
2022-09-29,88.242,88.52,86.9,86.976,2430100,0.0,0.0
2022-09-30,86.823,88.721,86.564,86.593,3007700,0.0,0.0
2022-10-03,87.159,89.382,86.603,88.96,2187100,0.0,0.0
2022-10-04,89.871,90.925,89.555,90.245,3751000,0.0,0.0
2022-10-05,89.976,90.599,89.238,89.526,2246000,0.0,0.0
2022-10-06,89.238,89.967,88.932,89.468,3296300,0.0,0.0
2022-10-07,88.673,88.893,85.5,86.277,3887300,0.0,0.0
2022-10-10,86.584,86.919,85.855,86.507,2320900,0.0,0.0
2022-10-11,86.497,88.165,85.932,87.015,3677100,0.0,0.0
2022-10-12,86.775,87.973,86.555,86.842,2670400,0.0,0.0
2022-10-13,85.328,88.999,84.916,88.625,3026700,0.0,0.0
2022-10-14,89.372,90.561,86.181,86.401,2929700,0.0,0.0
2022-10-17,87.187,88.75,87.178,87.964,3045100,0.0,0.0
2022-10-18,90.264,90.523,88.165,88.855,2829900,0.0,0.0
2022-10-19,88.548,88.98,86.794,87.82,2198100,0.0,0.0
2022-10-20,88.021,88.318,86.411,86.574,2487800,0.0,0.0
2022-10-21,86.555,89.267,85.769,89.181,4954400,0.0,0.0
2022-10-24,89.833,90.695,89.104,89.363,2282000,0.0,0.0
2022-10-25,89.047,91.222,88.587,91.203,3096600,0.0,0.0
2022-10-26,91.203,91.999,89.9,89.986,2842400,0.0,0.0
2022-10-27,90.59,92.459,90.024,91.654,2611600,0.0,0.0
2022-10-28,91.433,92.794,91.146,92.66,1779500,0.0,0.0
2022-10-31,92.583,92.832,91.318,91.596,2007300,0.0,0.0
2022-11-01,92.487,92.669,89.995,90.11,5011300,0.0,0.0
2022-11-02,89.89,90.868,88.491,88.778,4570900,0.0,0.0
2022-11-03,88.759,93.331,88.424,91.5,3604500,0.0,0.0
2022-11-04,92.468,92.689,90.273,92.602,3173700,0.0,0.0
2022-11-07,93.628,93.724,92.593,93.446,2081700,0.0,0.0
2022-11-08,93.666,97.021,93.312,95.296,2934900,0.0,0.0
2022-11-09,95.228,95.372,93.043,93.216,1676800,0.0,0.0
2022-11-10,96.426,98.362,94.96,98.276,2863700,0.0,0.0
2022-11-11,98.765,100.289,97.778,99.982,2450600,0.0,0.0
2022-11-14,99.608,101.468,99.206,99.771,2817800,0.0,0.0
2022-11-15,100.854,101.803,99.263,100.682,2745400,0.0,0.0
2022-11-16,100.682,101.525,99.254,99.695,2261700,0.0,0.0
2022-11-17,99.273,100.231,98.219,99.771,2354200,0.0,0.0
2022-11-18,101.046,101.18,98.928,99.877,1590600,0.0,0.0
2022-11-21,99.628,101.899,98.823,100.969,1994700,0.0,0.0
2022-11-22,101.544,101.851,100.442,101.621,1518600,0.0,0.0
2022-11-23,101.573,103.222,101.027,102.493,1347000,0.0,0.0
2022-11-25,101.985,102.992,101.899,102.666,817700,0.0,0.0
2022-11-28,101.995,102.503,100.327,100.711,2261300,0.0,0.0
2022-11-29,100.567,101.889,100.433,100.96,1414100,0.0,0.0
2022-11-30,100.73,103.873,100.26,103.806,3504400,0.0,0.0
2022-12-01,104.362,105.397,103.778,104.976,1745100,0.0,0.0
2022-12-02,103.48,105.148,102.905,104.707,1171800,0.0,0.0
2022-12-05,104.343,104.688,102.263,102.637,1841600,0.0,0.0
2022-12-06,102.656,103.011,101.084,101.343,1871100,0.0,0.0
2022-12-07,100.663,101.554,98.947,99.225,3043800,0.0,0.0
2022-12-08,99.589,100.634,99.053,100.097,2133300,0.0,0.0
2022-12-09,99.771,100.366,98.976,99.033,2155200,0.0,0.0
2022-12-12,98.573,100.921,98.382,100.883,2226700,0.0,0.0
2022-12-13,103.749,103.873,101.295,101.957,2295000,0.0,0.0
2022-12-14,101.524,102.793,99.513,99.965,2237600,0.38,0.0
2022-12-15,98.705,99.206,97.474,98.321,2023900,0.0,0.0
2022-12-16,97.292,97.869,96.272,96.916,6124800,0.0,0.0
2022-12-19,96.984,97.724,95.781,96.455,1674100,0.0,0.0
2022-12-20,96.618,97.368,96.06,96.561,1639300,0.0,0.0
2022-12-21,96.984,98.907,96.965,98.638,2415700,0.0,0.0
2022-12-22,97.465,98.6,96.907,98.552,2160400,0.0,0.0
2022-12-23,98.59,99.283,98.253,98.888,1321200,0.0,0.0
2022-12-27,98.869,99.215,97.763,98.215,2693500,0.0,0.0
2022-12-28,98.888,99.571,98.321,98.369,1587300,0.0,0.0
2022-12-29,99.206,100.629,98.946,100.129,993800,0.0,0.0
2022-12-30,99.302,99.937,97.628,98.677,1175500,0.0,0.0
2023-01-03,99.667,100.485,98.513,99.292,1919700,0.0,0.0
2023-01-04,100.456,100.764,99.417,99.965,1527100,0.0,0.0
2023-01-05,99.023,99.715,98.475,98.667,1223500,0.0,0.0
2023-01-06,99.465,101.235,98.253,100.898,1594500,0.0,0.0
2023-01-09,101.264,102.495,100.85,101.226,3975500,0.0,0.0
2023-01-10,101.1,102.774,100.85,102.582,1468100,0.0,0.0
2023-01-11,103.178,104.909,102.813,104.544,2651600,0.0,0.0
2023-01-12,104.842,105.41,103.611,104.871,2816200,0.0,0.0
2023-01-13,103.967,104.13,102.322,103.524,1726300,0.0,0.0
2023-01-17,103.351,104.265,102.88,103.313,2424000,0.0,0.0
2023-01-18,103.544,104.707,103.159,103.563,2399800,0.0,0.0
2023-01-19,102.976,103.688,102.245,102.841,2182400,0.0,0.0
2023-01-20,102.966,104.429,102.437,104.342,1688900,0.0,0.0
2023-01-23,104.428,105.4,103.553,104.525,1964000,0.0,0.0
2023-01-24,104.65,104.698,101.755,102.197,2516200,0.0,0.0
2023-01-25,100.918,102.909,100.225,102.428,2384100,0.0,0.0
2023-01-26,102.851,104.15,102.293,104.063,1339900,0.0,0.0
2023-01-27,103.255,104.323,102.37,103.823,3466400,0.0,0.0
2023-01-30,103.168,104.034,102.495,102.591,1966300,0.0,0.0
2023-01-31,102.688,103.486,102.447,103.447,2150500,0.0,0.0
2023-02-01,102.745,105.381,102.707,104.852,2438300,0.0,0.0
2023-02-02,106.131,107.045,103.39,104.198,3469000,0.0,0.0
2023-02-03,103.236,104.505,102.255,103.553,2314100,0.0,0.0
2023-02-06,102.466,104.448,101.581,104.188,2097400,0.0,0.0
2023-02-07,103.39,105.467,103.101,105.179,2043700,0.0,0.0
2023-02-08,104.352,105.679,104.169,105.083,2338300,0.0,0.0
2023-02-09,105.506,105.708,103.188,103.438,3564500,0.0,0.0
2023-02-10,103.053,104.736,102.822,104.563,1592900,0.0,0.0
2023-02-13,104.9,105.198,104.486,105.025,1572900,0.0,0.0
2023-02-14,104.909,105.852,103.669,104.265,1959400,0.0,0.0
2023-02-15,103.948,105.092,103.505,104.496,1429900,0.0,0.0
2023-02-16,103.236,104.111,102.899,103.043,2219900,0.0,0.0
2023-02-17,102.716,103.428,102.235,103.024,1700100,0.0,0.0
2023-02-21,102.149,102.486,99.581,100.187,2639800,0.0,0.0
2023-02-22,99.937,100.648,99.292,100.312,2323800,0.0,0.0
2023-02-23,100.802,100.966,98.84,99.802,2729300,0.0,0.0
2023-02-24,98.907,99.196,97.676,98.6,2765700,0.0,0.0
2023-02-27,99.013,99.638,97.253,97.638,4052200,0.0,0.0
2023-02-28,97.455,98.513,97.022,97.917,4180100,0.0,0.0
2023-03-01,97.83,98.225,96.791,97.051,2864200,0.0,0.0
2023-03-02,96.359,98.84,96.359,98.792,5821600,0.0,0.0
2023-03-03,98.946,98.946,98.042,98.571,2938200,0.0,0.0
2023-03-06,98.975,100.389,98.638,99.302,2383000,0.0,0.0
2023-03-07,100.302,102.072,98.83,99.032,4810300,0.0,0.0
2023-03-08,99.071,99.677,98.273,98.696,2651700,0.0,0.0
2023-03-09,98.782,98.907,95.753,96.282,3507900,0.0,0.0
2023-03-10,95.608,95.916,91.107,91.751,5375100,0.0,0.0
2023-03-13,90.799,94.435,90.568,93.944,5413900,0.0,0.0
2023-03-14,95.541,95.964,94.464,95.079,3523500,0.0,0.0
2023-03-15,93.281,94.8,93.04,93.8,4261300,0.0,0.0
2023-03-16,93.201,96.601,92.931,95.858,3963200,0.42,0.0
2023-03-17,95.433,96.176,93.153,93.703,6094000,0.0,0.0
2023-03-20,94.051,94.921,93.52,94.708,3112500,0.0,0.0
2023-03-21,95.925,96.688,95.51,96.331,2618300,0.0,0.0
2023-03-22,96.93,96.93,94.013,94.09,2157100,0.0,0.0
2023-03-23,94.051,94.38,92.409,93.249,3436000,0.0,0.0
2023-03-24,92.795,94.457,92.467,94.177,1995200,0.0,0.0
2023-03-27,95.017,95.558,94.302,94.718,2229500,0.0,0.0
2023-03-28,95.239,95.945,95.075,95.732,1752600,0.0,0.0
2023-03-29,96.775,98.408,96.447,98.215,3677700,0.0,0.0
2023-03-30,99.055,99.528,98.369,99.239,2908900,0.0,0.0
2023-03-31,99.982,100.833,99.789,100.746,3192300,0.0,0.0
2023-04-03,100.929,101.905,100.552,101.837,2661400,0.0,0.0
2023-04-04,102.253,103.151,101.557,102.436,3159700,0.0,0.0
2023-04-05,102.842,103.547,101.886,102.61,2964600,0.0,0.0
2023-04-06,102.697,104.639,102.629,104.571,3104300,0.0,0.0
2023-04-10,103.876,104.098,102.146,102.765,1780900,0.0,0.0
2023-04-11,102.91,103.537,102.291,102.523,2512300,0.0,0.0
2023-04-12,103.277,103.991,102.91,103.45,2256500,0.0,0.0
2023-04-13,103.489,104.291,103.151,103.856,1734300,0.0,0.0
2023-04-14,104.04,104.223,103.103,103.856,2051200,0.0,0.0
2023-04-17,103.682,104.32,103.393,104.32,2216500,0.0,0.0
2023-04-18,104.272,104.532,103.798,103.837,1923100,0.0,0.0
2023-04-19,103.692,105.392,103.692,104.658,1580800,0.0,0.0
2023-04-20,104.349,104.735,103.537,104.098,1502800,0.0,0.0
2023-04-21,104.262,104.803,103.441,104.668,1667000,0.0,0.0
2023-04-24,105.112,105.228,103.982,104.262,1355600,0.0,0.0
2023-04-25,103.847,103.876,102.446,102.726,1859900,0.0,0.0
2023-04-26,101.876,102.156,100.437,101.055,3437700,0.0,0.0
2023-04-27,101.741,103.856,101.316,103.769,2007800,0.0,0.0
2023-04-28,103.653,105.247,103.547,105.228,2179500,0.0,0.0
2023-05-01,105.083,105.479,104.455,104.929,1616200,0.0,0.0
2023-05-02,104.706,104.919,102.098,103.47,2163500,0.0,0.0
2023-05-03,103.624,103.702,101.229,101.267,2684400,0.0,0.0
2023-05-04,100.949,103.837,100.717,103.122,3122100,0.0,0.0
2023-05-05,103.586,104.832,103.093,104.629,2010300,0.0,0.0
2023-05-08,104.716,104.716,103.518,103.576,1594000,0.0,0.0
2023-05-09,103.18,103.373,102.456,102.6,1975700,0.0,0.0
2023-05-10,103.161,105.18,102.929,104.803,1748200,0.0,0.0
2023-05-11,104.697,104.793,103.76,104.532,1320100,0.0,0.0
2023-05-12,104.697,105.276,104.33,104.9,1621000,0.0,0.0
2023-05-15,105.325,106.194,105.189,106.126,2170600,0.0,0.0
2023-05-16,106.088,106.416,105.247,105.296,2292900,0.0,0.0
2023-05-17,105.75,105.923,103.605,104.909,3467800,0.0,0.0
2023-05-18,105.209,105.286,103.837,104.861,2166700,0.0,0.0
2023-05-19,105.267,105.46,104.272,104.359,3565600,0.0,0.0
2023-05-22,104.774,105.788,104.494,105.469,1736700,0.0,0.0
2023-05-23,104.793,105.17,103.605,104.223,2321100,0.0,0.0
2023-05-24,103.75,103.934,102.639,102.958,1457600,0.0,0.0
2023-05-25,102.774,102.774,100.92,101.538,2835900,0.0,0.0
2023-05-26,101.47,102.195,101.064,101.586,1516200,0.0,0.0
2023-05-30,101.934,102.021,100.282,100.852,1541200,0.0,0.0
2023-05-31,100.504,102.881,100.34,102.349,4457000,0.0,0.0
2023-06-01,102.494,102.89,101.673,102.755,1966400,0.0,0.0
2023-06-02,103.354,105.296,102.89,104.31,2296900,0.0,0.0
2023-06-05,104.764,105.325,103.866,104.639,2181100,0.0,0.0
2023-06-06,104.813,105.498,104.194,104.755,2655100,0.0,0.0
2023-06-07,104.697,105.112,104.078,104.639,2296100,0.0,0.0
2023-06-08,104.639,107.044,104.474,106.841,2463200,0.0,0.0
2023-06-09,106.764,106.938,106.02,106.223,2075700,0.0,0.0
2023-06-12,105.962,106.126,103.885,104.813,2904200,0.0,0.0
2023-06-13,104.919,105.817,104.581,105.286,1755500,0.0,0.0
2023-06-14,105.47,107.487,105.237,107.322,2096800,0.42,0.0
2023-06-15,107.516,109.727,107.4,108.981,2220700,0.0,0.0
2023-06-16,109.407,109.65,108.03,108.302,3806200,0.0,0.0
2023-06-20,107.846,109.078,107.545,108.777,3489800,0.0,0.0
2023-06-21,108.709,108.709,107.429,107.836,1885300,0.0,0.0
2023-06-22,107.662,107.72,106.857,107.332,1427400,0.0,0.0
2023-06-23,107.158,107.953,106.595,107.73,2727900,0.0,0.0
2023-06-26,107.613,107.739,106.459,106.799,2640000,0.0,0.0
2023-06-27,107.225,107.642,106.673,107.516,1708500,0.0,0.0
2023-06-28,107.671,108.486,107.187,108.341,1774500,0.0,0.0
2023-06-29,108.302,108.922,107.807,108.884,1725200,0.0,0.0
2023-06-30,109.727,110.658,109.446,109.66,3124900,0.0,0.0
2023-07-03,109.116,109.514,108.04,109.514,1484300,0.0,0.0
2023-07-05,108.913,109.446,108.137,108.913,2227900,0.0,0.0
2023-07-06,108.302,109.495,108.292,108.612,2989200,0.0,0.0
2023-07-07,108.641,109.485,108.059,108.893,1642700,0.0,0.0
2023-07-10,109.194,110.164,109.01,109.737,1249000,0.0,0.0
2023-07-11,109.883,111.027,109.601,110.949,2355300,0.0,0.0
2023-07-12,112.045,112.433,111.318,111.89,1980700,0.0,0.0
2023-07-13,112.191,113.635,112.016,113.5,1996900,0.0,0.0
2023-07-14,113.432,114.285,112.763,113.955,2115700,0.0,0.0
2023-07-17,113.199,114.159,110.319,113.112,2818700,0.0,0.0
2023-07-18,112.637,113.5,112.375,112.559,2600200,0.0,0.0
2023-07-19,112.491,113.635,112.055,112.161,3044700,0.0,0.0
2023-07-20,112.152,112.481,111.502,whoops,1986500,0.0,0.0
2023-07-21,112.54,112.869,111.987,112.705,1608300,0.0,0.0
2023-07-24,112.976,113.228,112.113,112.763,3312500,0.0,0.0
2023-07-25,112.152,113.199,111.715,113.015,1850100,0.0,0.0
2023-07-26,112.714,113.267,111.841,113.199,1616900,0.0,0.0
2023-07-27,113.461,113.684,111.347,111.454,2237700,0.0,0.0
2023-07-28,112.181,112.724,111.201,111.647,1630500,0.0,0.0
2023-07-31,111.686,111.725,110.881,111.327,1939000,0.0,0.0
2023-08-01,110.581,111.735,110.338,111.56,1995400,0.0,0.0
2023-08-02,111.521,111.735,110.746,111.521,2017500,0.0,0.0
2023-08-03,106.673,108.845,104.064,108.68,5017100,0.0,0.0
2023-08-04,109.902,112.976,109.514,110.552,2743100,0.0,0.0
2023-08-07,110.717,112.569,110.59,112.559,3191000,0.0,0.0
2023-08-08,112.675,112.763,110.775,111.395,1966900,0.0,0.0
2023-08-09,110.076,111.919,110.018,110.746,1465900,0.0,0.0
2023-08-10,111.182,112.2,111.046,111.327,1778200,0.0,0.0
2023-08-11,111.26,111.376,110.212,110.542,1484700,0.0,0.0
2023-08-14,110.474,111.531,110.203,111.444,1546700,0.0,0.0
2023-08-15,110.901,111.706,110.377,110.658,1491100,0.0,0.0
2023-08-16,110.523,111.347,110.076,110.523,1565600,0.0,0.0
2023-08-17,110.852,111.327,109.786,110.173,1518600,0.0,0.0
2023-08-18,109.388,110.552,109.291,110.309,3858700,0.0,0.0
2023-08-21,110.125,110.649,109.679,110.416,2339800,0.0,0.0
2023-08-22,110.532,110.61,109.514,109.824,2877600,0.0,0.0
2023-08-23,110.542,111.667,109.718,111.357,1788000,0.0,0.0
2023-08-24,111.366,112.675,111.308,111.774,1618800,0.0,0.0
2023-08-25,112.132,112.831,111.366,112.297,1500100,0.0,0.0
2023-08-28,112.782,114.033,112.549,113.946,1831900,0.0,0.0
2023-08-29,114.023,115.042,113.752,114.983,2433800,0.0,0.0
2023-08-30,115.051,115.197,114.149,114.334,2801600,0.0,0.0
2023-08-31,114.547,114.741,114.101,114.421,2713300,0.0,0.0
2023-09-01,115.1,115.1,112.908,113.471,5990800,0.0,0.0
2023-09-05,112.307,112.501,111.027,111.172,4402000,0.0,0.0
2023-09-06,111.386,111.521,108.922,110.173,3594200,0.0,0.0
2023-09-07,110.057,111.997,109.563,111.744,2622800,0.0,0.0
2023-09-08,111.938,111.987,111.066,111.483,2177700,0.0,0.0
2023-09-11,111.938,111.938,110.988,111.551,1704000,0.0,0.0
2023-09-12,111.444,112.695,111.279,112.481,2367300,0.0,0.0
2023-09-13,112.22,113.422,111.628,113.238,3258200,0.0,0.0
2023-09-14,114.007,114.007,112.683,113.773,1828400,0.42,0.0
2023-09-15,113.063,113.939,112.304,112.625,3817900,0.0,0.0
2023-09-18,112.362,113.111,112.284,112.79,1593300,0.0,0.0
2023-09-19,112.975,113.228,112.333,112.381,2091500,0.0,0.0
2023-09-20,112.79,113.335,112.06,112.265,1621200,0.0,0.0
2023-09-21,111.729,111.914,109.364,109.413,2362200,0.0,0.0
2023-09-22,108.849,109.413,107.116,107.223,2268500,0.0,0.0
2023-09-25,106.941,107.145,106.094,106.26,2569300,0.0,0.0
2023-09-26,105.52,105.627,104.294,104.362,3731600,0.0,0.0
2023-09-27,104.907,105.705,104.372,105.374,3876400,0.0,0.0
2023-09-28,105.812,108.342,105.773,107.856,3271100,0.0,0.0
2023-09-29,108.362,108.459,106.338,107.077,2960800,0.0,0.0
2023-10-02,106.493,106.853,105.316,106.299,2320400,0.0,0.0
2023-10-03,106.075,106.347,104.157,104.712,2786400,0.0,0.0
2023-10-04,105.14,106.192,104.157,106.114,2750300,0.0,0.0
2023-10-05,105.812,106.873,105.608,106.756,1368700,0.0,0.0
2023-10-06,106.425,108.391,105.793,107.914,2078600,0.0,0.0
2023-10-09,107.525,109.403,107.486,109.131,2442800,0.0,0.0
2023-10-10,108.946,109.569,108.226,108.771,1425300,0.0,0.0
2023-10-11,109.179,109.481,107.875,108.469,1302200,0.0,0.0
2023-10-12,109.043,109.111,107.213,107.807,1794200,0.0,0.0
2023-10-13,107.885,108.459,106.805,107.476,1512400,0.0,0.0
2023-10-16,108.158,109.121,107.778,108.926,1556600,0.0,0.0
2023-10-17,108.566,109.754,108.128,108.771,3162300,0.0,0.0
2023-10-18,108.586,109.374,106.513,106.707,3336700,0.0,0.0
2023-10-19,106.415,107.466,106.036,106.639,2693900,0.0,0.0
2023-10-20,107.087,107.106,105.082,105.131,1952000,0.0,0.0
2023-10-23,104.654,105.763,104.576,104.829,2627700,0.0,0.0
2023-10-24,105.111,106.201,103.846,104.07,2784900,0.0,0.0
2023-10-25,103.807,104.187,102.853,103.875,3103700,0.0,0.0
2023-10-26,103.174,105.14,102.951,104.42,2725500,0.0,0.0
2023-10-27,104.362,104.702,101.695,101.919,2508700,0.0,0.0
2023-10-30,102.483,103.593,102.23,103.194,1413700,0.0,0.0
2023-10-31,103.398,104.664,103.126,104.566,2401500,0.0,0.0
2023-11-01,104.819,105.958,104.741,105.355,2643200,0.0,0.0
2023-11-02,104.031,105.462,102.104,103.418,5667100,0.0,0.0
2023-11-03,103.7,105.656,103.583,105.024,3156400,0.0,0.0
2023-11-06,105.111,105.549,104.527,104.907,1702000,0.0,0.0
2023-11-07,105.218,105.676,104.907,105.325,2296500,0.0,0.0
2023-11-08,105.413,106.435,104.878,106.25,2686600,0.0,0.0
2023-11-09,106.727,106.795,105.539,105.647,2220600,0.0,0.0
2023-11-10,106.25,107.116,105.656,106.844,2422700,0.0,0.0
2023-11-13,106.474,106.6,105.715,105.754,1562800,0.0,0.0
2023-11-14,106.084,108.654,106.026,107.496,2359800,0.0,0.0
2023-11-15,107.282,108.333,107.165,108.08,2130300,0.0,0.0
2023-11-16,108.839,109.413,108.547,109.267,2430900,0.0,0.0
2023-11-17,109.637,109.637,108.333,108.42,1785500,0.0,0.0
2023-11-20,108.196,109.355,107.681,109.15,1749400,0.0,0.0
2023-11-21,109.374,110.776,109.238,110.415,2050300,0.0,0.0
2023-11-22,110.883,111.836,110.61,111.262,2481500,0.0,0.0
2023-11-24,111.398,111.69,110.727,111.33,809500,0.0,0.0
2023-11-27,111.165,111.252,109.968,110.114,2240800,0.0,0.0
2023-11-28,109.939,110.863,109.666,109.763,3058500,0.0,0.0
2023-11-29,110.756,110.756,109.54,109.676,2376900,0.0,0.0
2023-11-30,109.831,110.863,109.666,110.795,6601300,0.0,0.0
2023-12-01,110.172,111.214,109.705,111.184,3492100,0.0,0.0
2023-12-04,110.863,112.187,110.766,111.953,3818200,0.0,0.0
2023-12-05,111.642,111.788,110.6,111.029,2821400,0.0,0.0
2023-12-06,111.252,111.593,109.549,110.055,2217600,0.0,0.0
2023-12-07,110.289,110.6,108.829,109.52,2880100,0.0,0.0
2023-12-08,109.335,110.406,109.199,110.308,2505800,0.0,0.0
2023-12-11,110.873,113.608,110.824,113.034,3433100,0.0,0.0
2023-12-12,113.345,114.902,113.102,114.776,4207900,0.0,0.0
2023-12-13,115.069,118.897,114.756,118.712,4580000,0.42,0.0
2023-12-14,119.864,122.111,119.571,120.46,5157100,0.0,0.0
2023-12-15,120.118,120.529,118.731,120.236,4795600,0.0,0.0
2023-12-18,120.323,120.968,119.571,120.685,1999400,0.0,0.0
2023-12-19,120.685,121.076,120.206,120.89,1785000,0.0,0.0
2023-12-20,120.695,121.163,119.464,119.513,2350500,0.0,0.0
2023-12-21,119.864,121.437,119.796,121.339,1895400,0.0,0.0
2023-12-22,122.003,122.98,121.408,122.795,2237000,0.0,0.0
2023-12-26,122.824,123.947,122.824,123.703,2032000,0.0,0.0
2023-12-27,123.879,124.865,123.478,124.816,2202000,0.0,0.0
2023-12-28,124.904,125.744,124.865,125.608,2895700,0.0,0.0
2023-12-29,125.627,126.155,124.699,125.442,2966400,0.0,0.0
2024-01-02,125.041,125.432,122.775,123.508,2228000,0.0,0.0
2024-01-03,123.127,123.342,121.886,121.906,3102100,0.0,0.0
2024-01-04,121.945,123.566,121.466,122.697,2845500,0.0,0.0
2024-01-05,122.843,123.293,122.16,122.863,2061500,0.0,0.0
2024-01-08,124.201,125.51,123.996,125.422,3165500,0.0,0.0
2024-01-09,124.738,125.51,123.771,124.084,1835600,0.0,0.0
2024-01-10,124.26,124.719,123.244,124.68,1977000,0.0,0.0
2024-01-11,124.826,125.178,123.234,123.82,1723300,0.0,0.0
2024-01-12,124.348,124.914,123.693,124.006,1555000,0.0,0.0
2024-01-16,123.527,123.889,122.922,123.097,2289100,0.0,0.0
2024-01-17,122.218,123.342,121.749,122.902,1535700,0.0,0.0
2024-01-18,122.843,123.81,122.472,123.683,2267300,0.0,0.0
2024-01-19,124.133,124.348,122.765,123.508,3047200,0.0,0.0
2024-01-22,123.849,124.816,123.771,124.338,1904600,0.0,0.0
2024-01-23,124.172,124.729,123.82,124.182,1543400,0.0,0.0
2024-01-24,124.611,124.611,123.41,124.084,2278600,0.0,0.0
2024-01-25,124.523,124.748,123.302,124.328,2043500,0.0,0.0
2024-01-26,124.133,124.67,123.41,124.299,1497800,0.0,0.0
2024-01-29,124.23,125.217,123.889,125.197,1934300,0.0,0.0
2024-01-30,125.236,126.389,125.041,126.018,1646900,0.0,0.0
2024-01-31,126.34,126.907,124.045,124.367,2406400,0.0,0.0
2024-02-01,124.113,126.838,124.113,126.711,2380800,0.0,0.0
2024-02-02,126.584,126.936,124.709,125.705,1810900,0.0,0.0
2024-02-05,125.012,125.012,123.576,123.801,2405500,0.0,0.0
2024-02-06,123.771,124.191,122.795,123.39,2901400,0.0,0.0
2024-02-07,123.683,125.227,123.42,125.1,2243800,0.0,0.0
2024-02-08,128.958,132.816,127.952,130.999,5492000,0.0,0.0
2024-02-09,131.38,132.581,129.827,132.337,4066600,0.0,0.0
2024-02-12,132.63,133.05,131.546,132.308,2099300,0.0,0.0
2024-02-13,130.911,132.201,130.55,131.282,3024700,0.0,0.0
2024-02-14,132.044,133.548,131.702,133.48,2125500,0.0,0.0
2024-02-15,133.744,134.711,133.5,133.705,2020300,0.0,0.0
2024-02-16,134.037,135.121,133.802,133.929,2084200,0.0,0.0
2024-02-20,133.06,133.959,132.777,133.255,2501500,0.0,0.0
2024-02-21,132.845,133.929,132.269,133.509,2585300,0.0,0.0
2024-02-22,135.072,136.733,134.34,136.049,2839900,0.0,0.0
2024-02-23,136.186,136.527,134.838,135.16,2174000,0.0,0.0
2024-02-26,135.228,135.697,134.613,134.701,2446600,0.0,0.0
2024-02-27,134.554,135.717,134.193,135.404,2023600,0.0,0.0
2024-02-28,135.394,136.44,135.228,135.609,1646300,0.0,0.0
2024-02-29,135.766,136.479,135.033,135.199,2873200,0.0,0.0
2024-03-01,134.857,135.512,134.027,135.346,1423700,0.0,0.0
2024-03-04,134.838,135.453,134.3,134.857,1859000,0.0,0.0
2024-03-05,134.672,136.576,134.594,136.176,2483700,0.0,0.0
2024-03-06,135.434,136.547,134.31,136.186,2030500,0.0,0.0
2024-03-07,136.742,137.162,135.121,135.619,2403100,0.0,0.0
2024-03-08,134.965,136.606,134.965,135.433,1316000,0.0,0.0
2024-03-11,133.334,134.31,131.859,133.783,2380900,0.0,0.0
2024-03-12,133.861,135.004,133.46,133.802,1893300,0.0,0.0
2024-03-13,133.783,134.506,133.558,134.271,2298700,0.0,0.0
2024-03-14,134.134,134.291,131.91,132.733,2359300,0.45,0.0
2024-03-15,131.518,133.193,131.478,131.939,6698300,0.0,0.0
2024-03-18,132.409,132.909,131.478,131.704,3721400,0.0,0.0
2024-03-19,131.821,133.771,131.733,132.782,4332400,0.0,0.0
2024-03-20,132.556,133.683,131.459,133.37,2243100,0.0,0.0
2024-03-21,133.634,135.859,133.203,135.33,2640900,0.0,0.0
2024-03-22,135.476,135.614,133.262,133.497,2024100,0.0,0.0
2024-03-25,133.35,133.624,132.546,133.085,1984500,0.0,0.0
2024-03-26,133.35,135.182,133.262,134.369,2555100,0.0,0.0
2024-03-27,135.388,135.692,133.311,134.232,2050500,0.0,0.0
2024-03-28,134.604,135.173,133.624,134.673,2596800,0.0,0.0
2024-04-01,134.898,135.212,133.497,134.281,1640500,0.0,0.0
2024-04-02,134.124,134.771,133.291,134.742,1834300,0.0,0.0
2024-04-03,134.575,135.388,133.918,134.634,2426600,0.0,0.0
2024-04-04,135.477,136.084,133.517,133.958,2744700,0.0,0.0
2024-04-05,133.997,135.212,133.33,135.104,2328200,0.0,0.0
2024-04-08,135.427,135.427,134.046,134.134,1980800,0.0,0.0
2024-04-09,134.673,134.987,131.841,132.35,2140000,0.0,0.0
2024-04-10,130.802,132.106,129.793,130.273,2151900,0.0,0.0
2024-04-11,130.312,131.635,129.685,130.802,2256600,0.0,0.0
2024-04-12,130.136,131.792,129.989,130.871,3255800,0.0,0.0
2024-04-15,132.105,132.145,127.549,127.921,2264800,0.0,0.0
2024-04-16,127.98,128.676,126.863,127.294,2637600,0.0,0.0
2024-04-17,129.352,129.352,127.392,128.117,2362400,0.0,0.0
2024-04-18,128.862,128.862,127.568,128.352,2015000,0.0,0.0
2024-04-19,128.735,129.136,127.627,128.578,2263400,0.0,0.0
2024-04-22,129.45,129.714,128.49,129.009,1877300,0.0,0.0
2024-04-23,129.352,129.812,128.764,129.675,2375900,0.0,0.0
2024-04-24,129.352,129.989,128.411,129.91,2498900,0.0,0.0
2024-04-25,129.313,129.391,127.813,129.175,1923000,0.0,0.0
2024-04-26,129.097,129.646,128.264,129.058,2406700,0.0,0.0
2024-04-29,129.009,130.204,127.902,128.156,1557900,0.0,0.0
2024-04-30,127.441,128.088,126.157,126.177,2304500,0.0,0.0
2024-05-01,126.245,127.853,125.873,126.098,3116700,0.0,0.0
2024-05-02,126.755,127.588,121.846,124.001,4364100,0.0,0.0
2024-05-03,125.236,129.038,125.236,127.882,3991200,0.0,0.0
2024-05-06,128.196,129.136,127.774,128.646,1738900,0.0,0.0
2024-05-07,129.567,131.106,128.96,131.037,2397900,0.0,0.0
2024-05-08,130.616,131.135,129.597,130.714,1405200,0.0,0.0
2024-05-09,130.724,132.341,130.43,132.243,1474200,0.0,0.0
2024-05-10,132.566,133.164,130.773,131.302,1933300,0.0,0.0
2024-05-13,131.704,132.282,130.881,131.057,1473800,0.0,0.0
2024-05-14,131.557,131.919,130.792,131.694,1415800,0.0,0.0
2024-05-15,132.184,135.349,132.184,135.104,2508500,0.0,0.0
2024-05-16,135.045,135.721,134.291,134.359,2205800,0.0,0.0
2024-05-17,135.045,135.682,134.261,135.623,2060700,0.0,0.0
2024-05-20,135.084,135.32,134.095,134.203,1418700,0.0,0.0
2024-05-21,134.399,134.791,133.869,134.516,1681700,0.0,0.0
2024-05-22,133.742,134.742,133.046,134.144,1295700,0.0,0.0
2024-05-23,134.81,134.81,132.115,132.684,1595900,0.0,0.0
2024-05-24,133.085,133.811,132.987,133.605,926100,0.0,0.0
2024-05-28,133.634,133.879,130.92,130.998,1815500,0.0,0.0
2024-05-29,130.048,130.293,129.224,129.303,1471400,0.0,0.0
2024-05-30,129.675,130.92,129.146,130.567,2844900,0.0,0.0
2024-05-31,130.655,131.625,130.253,131.214,2964500,0.0,0.0
2024-06-03,131.704,132.125,129.91,130.969,2043400,0.0,0.0
2024-06-04,130.489,132.595,130.244,132.056,2235100,0.0,0.0
2024-06-05,131.802,133.076,130.528,132.625,2259300,0.0,0.0
2024-06-06,132.909,132.929,131.625,132.154,1242800,0.0,0.0
2024-06-07,131.655,132.096,130.881,131.106,2843900,0.0,0.0
2024-06-10,130.822,131.714,130.4,131.194,2323000,0.0,0.0
2024-06-11,130.9,132.008,130.263,131.89,2427200,0.0,0.0
2024-06-12,133.624,134.565,133.262,133.321,3516400,0.0,0.0
2024-06-13,133.252,133.399,132.308,132.986,1971500,0.45,0.0
2024-06-14,132.416,133.557,131.748,133.389,1515300,0.0,0.0
2024-06-17,132.711,134.137,131.718,133.911,2077200,0.0,0.0
2024-06-18,133.92,134.628,133.144,134.088,3034600,0.0,0.0
2024-06-20,133.35,135.081,132.514,134.805,2286100,0.0,0.0
2024-06-21,134.658,135.661,133.793,135.523,4971200,0.0,0.0
2024-06-24,135.798,137.204,135.179,136.388,2368900,0.0,0.0
2024-06-25,136.329,136.752,134.323,135.022,2247100,0.0,0.0
2024-06-26,134.363,135.385,134.294,135.081,2389200,0.0,0.0
2024-06-27,134.904,135.307,134.304,135.159,2112300,0.0,0.0
2024-06-28,135.493,135.769,133.92,134.589,4067400,0.0,0.0
2024-07-01,136.319,136.369,133.96,134.628,2386100,0.0,0.0
2024-07-02,134.805,138.61,134.658,138.453,3321000,0.0,0.0
2024-07-03,138.876,139.21,137.892,138.787,2070100,0.0,0.0
2024-07-05,138.787,138.787,137.263,138.423,2099900,0.0,0.0
2024-07-08,138.758,139.8,138.473,138.797,2307400,0.0,0.0
2024-07-09,138.935,140.095,137.961,140.065,2368000,0.0,0.0
2024-07-10,140.596,142.042,140.38,141.983,2873900,0.0,0.0
2024-07-11,143.005,144.844,142.769,144.676,3340300,0.0,0.0
2024-07-12,145.247,146.928,145.021,145.905,3718900,0.0,0.0
2024-07-15,146.407,146.604,145.001,145.335,2950900,0.0,0.0
2024-07-16,145.552,146.839,145.129,146.417,3823600,0.0,0.0
2024-07-17,146.102,147.007,145.689,146.898,2794300,0.0,0.0
2024-07-18,146.584,147.085,144.971,145.276,3255500,0.0,0.0
2024-07-19,146.073,146.073,144.224,145.198,2584700,0.0,0.0
2024-07-22,145.266,146.957,145.266,146.731,2697300,0.0,0.0
2024-07-23,147.4,147.479,145.886,146.073,3545700,0.0,0.0
2024-07-24,145.758,146.545,144.706,145.03,2939500,0.0,0.0
2024-07-25,145.512,147.862,145.08,146.525,3164800,0.0,0.0
2024-07-26,147.233,149.17,147.046,148.462,2066900,0.0,0.0
2024-07-29,148.56,148.953,147.862,148.619,1186100,0.0,0.0
2024-07-30,148.816,149.819,148.609,148.757,2477800,0.0,0.0
2024-07-31,149.917,150.389,148.757,149.012,3890300,0.0,0.0
2024-08-01,147.754,150.703,145.837,148.462,4537000,0.0,0.0
2024-08-02,147.479,149.415,145.974,147.331,4482300,0.0,0.0
2024-08-05,149.828,149.828,144.205,146.279,4003300,0.0,0.0
2024-08-06,146.712,149.573,145.679,147.98,2949200,0.0,0.0
2024-08-07,148.963,150.064,148.236,148.58,3314700,0.0,0.0
2024-08-08,148.983,151.431,148.413,151.175,3647900,0.0,0.0
2024-08-09,151.146,151.785,150.261,151.49,2787400,0.0,0.0
2024-08-12,151.411,152.031,150.408,151.303,2829200,0.0,0.0
2024-08-13,152.001,152.552,150.3,152.06,3558200,0.0,0.0
2024-08-14,152.267,153.909,151.215,153.496,1994600,0.0,0.0
2024-08-15,154.076,154.538,151.932,152.886,2659700,0.0,0.0
2024-08-16,153.25,154.046,152.581,153.909,2004500,0.0,0.0
2024-08-19,153.909,154.843,153.604,154.626,1369300,0.0,0.0
2024-08-20,154.852,155.197,153.859,155.098,2029100,0.0,0.0
2024-08-21,155.108,155.796,154.322,155.452,2179700,0.0,0.0
2024-08-22,155.452,156.032,154.754,155.934,2288800,0.0,0.0
2024-08-23,156.308,157.556,156.199,157.32,2665200,0.0,0.0
2024-08-26,157.812,158.402,157.183,157.615,926000,0.0,0.0
2024-08-27,157.792,158.775,157.055,157.9,1344700,0.0,0.0
2024-08-28,158.097,159.247,157.517,158.068,2341500,0.0,0.0
2024-08-29,158.068,158.569,157.389,157.527,2119800,0.0,0.0
2024-08-30,157.773,159.041,157.261,158.834,3067700,0.0,0.0
2024-09-03,158.726,159.67,157.527,158.726,2556000,0.0,0.0
2024-09-04,158.913,160.024,158.48,159.7,2320700,0.0,0.0
2024-09-05,159.454,160.181,158.343,159.867,1905500,0.0,0.0
2024-09-06,160.231,160.958,157.025,157.792,2902200,0.0,0.0
2024-09-09,158.716,160.063,158.245,158.982,3669100,0.0,0.0
2024-09-10,159.415,160.024,158.294,159.247,2008500,0.0,0.0
2024-09-11,158.559,158.815,155.226,157.301,3072500,0.0,0.0
2024-09-12,157.36,158.834,156.957,158.431,4332200,0.0,0.0
2024-09-13,158.608,158.913,157.999,158.648,2418700,0.0,0.0
2024-09-16,159.19,160.521,158.983,159.634,1681500,0.45,0.0
2024-09-17,159.515,160.974,159.436,160.521,2319400,0.0,0.0
2024-09-18,160.521,160.974,158.874,158.953,2917100,0.0,0.0
2024-09-19,159.9,160.107,155.729,156.636,4459100,0.0,0.0
2024-09-20,156.784,157.603,156.005,157.593,4843400,0.0,0.0
2024-09-23,157.593,158.717,157.159,157.701,1639300,0.0,0.0
2024-09-24,157.386,157.543,155.266,156.518,2826700,0.0,0.0
2024-09-25,156.676,157.553,156.281,157.208,2827100,0.0,0.0
2024-09-26,157.326,158.066,155.631,155.897,3239900,0.0,0.0
2024-09-27,156.045,157.05,155.522,156.39,3329500,0.0,0.0
2024-09-30,156.715,158.519,155.995,158.381,1760300,0.0,0.0
2024-10-01,158.805,159.841,157.08,158.874,3076900,0.0,0.0
2024-10-02,158.263,158.884,157.376,158.657,1982900,0.0,0.0
2024-10-03,158.874,161.053,158.421,160.965,2585800,0.0,0.0
2024-10-04,161.27,161.872,160.196,160.472,2233000,0.0,0.0
2024-10-07,159.939,160.255,156.991,157.297,2688600,0.0,0.0
2024-10-08,158.677,159.969,158.135,159.811,2006500,0.0,0.0
2024-10-09,159.722,160.56,159.427,159.466,1808500,0.0,0.0
2024-10-10,159.397,159.663,157.563,158.391,1734600,0.0,0.0
2024-10-11,159.121,160.531,158.47,160.284,2609400,0.0,0.0
2024-10-14,160.196,162.434,159.998,162.069,2743000,0.0,0.0
2024-10-15,163.577,164.879,162.591,162.858,2621800,0.0,0.0
2024-10-16,161.881,163.005,161.024,162.808,1735500,0.0,0.0
2024-10-17,163.853,163.952,162.473,162.493,2145600,0.0,0.0
2024-10-18,162.68,164.711,162.089,164.484,2310800,0.0,0.0
2024-10-21,163.4,164.287,163.262,164.001,2354300,0.0,0.0
2024-10-22,162.927,164.327,162.68,163.607,2120800,0.0,0.0
2024-10-23,163.291,163.696,161.665,162.68,4461800,0.0,0.0
2024-10-24,162.966,165.194,162.463,164.553,4889900,0.0,0.0
2024-10-25,164.918,165.283,162.907,162.986,2994100,0.0,0.0
2024-10-28,164.041,164.603,163.429,164.1,2708600,0.0,0.0
2024-10-29,163.291,164.81,163.242,164.376,3430500,0.0,0.0
2024-10-30,164.415,165.628,164.041,164.189,2726300,0.0,0.0
2024-10-31,157.08,157.346,151.785,153.678,8152800,0.0,0.0
2024-11-01,151.322,154.162,151.046,152.466,4510300,0.0,0.0
2024-11-04,153.324,153.876,151.874,152.318,2540800,0.0,0.0
2024-11-05,152.693,155.69,152.525,155.631,2192000,0.0,0.0
2024-11-06,158.007,158.352,150.178,153.6,6013200,0.0,0.0
2024-11-07,153.866,154.26,152.978,153.915,2431800,0.0,0.0
2024-11-08,155.305,156.804,154.201,154.221,4946600,0.0,0.0
2024-11-11,156.548,157.563,154.477,154.871,3079900,0.0,0.0
2024-11-12,155.463,155.463,153.728,153.866,2047500,0.0,0.0
2024-11-13,154.625,154.891,153.314,153.649,2040000,0.0,0.0
2024-11-14,153.462,155.443,153.333,154.27,2550100,0.0,0.0
2024-11-15,153.6,154.753,152.949,153.363,2795400,0.0,0.0
2024-11-18,152.811,155.562,152.673,155.473,3973900,0.0,0.0
2024-11-19,155.345,156.35,154.556,155.71,2847500,0.0,0.0
2024-11-20,155.828,156.064,153.018,153.58,1867700,0.0,0.0
2024-11-21,154.497,156.804,153.324,156.124,2514300,0.0,0.0
2024-11-22,156.143,157.129,155.798,157.05,2080100,0.0,0.0
2024-11-25,157.75,158.135,156.557,157.386,3062700,0.0,0.0
2024-11-26,157.464,159.19,156.646,158.234,3463800,0.0,0.0
2024-11-27,158.539,159.712,157.741,158.924,2481600,0.0,0.0
2024-11-29,159.653,159.653,158.273,158.697,1439500,0.0,0.0
2024-12-02,158.174,158.352,155.128,156.064,4154200,0.0,0.0
2024-12-03,156.419,156.419,153.807,154.063,2908500,0.0,0.0
2024-12-04,153.521,154.664,153.136,153.905,3249100,0.0,0.0
2024-12-05,154.26,155.197,153.402,154.171,4459600,0.0,0.0
2024-12-06,154.881,155.424,153.333,153.738,3274900,0.0,0.0
2024-12-09,153.984,154.586,153.511,153.876,3750300,0.0,0.0
2024-12-10,153.886,156.528,153.58,156.183,3232300,0.0,0.0
2024-12-11,156.449,157.563,155.404,155.956,3249200,0.0,0.0
2024-12-12,156.301,156.676,154.132,154.349,2007100,0.0,0.0
2024-12-13,154.487,155.197,153.245,153.393,2411600,0.0,0.0
2024-12-16,153.788,154.035,152.631,152.849,2331500,0.45,0.0
2024-12-17,152.384,152.562,150.871,151.079,3634100,0.0,0.0
2024-12-18,151.277,152.661,147.855,147.924,4571900,0.0,0.0
2024-12-19,148.32,149.477,146.402,146.629,4870500,0.0,0.0
2024-12-20,146.688,149.645,146.342,148.627,6446800,0.0,0.0
2024-12-23,147.717,148.735,147.104,148.478,2853800,0.0,0.0
2024-12-24,148.478,148.884,147.924,148.775,1084600,0.0,0.0
2024-12-26,147.529,149.675,147.529,149.329,1168100,0.0,0.0
2024-12-27,148.201,149.655,147.855,148.636,1212400,0.0,0.0
2024-12-30,147.489,148.271,146.688,147.697,2444000,0.0,0.0
2024-12-31,147.895,148.32,146.857,147.341,1562100,0.0,0.0
2025-01-02,148.36,148.468,146.797,147.667,1921600,0.0,0.0
2025-01-03,147.707,148.32,147.064,148.162,1227600,0.0,0.0
2025-01-06,147.252,147.499,144.246,144.938,3742900,0.0,0.0
2025-01-07,144.938,145.739,143.979,144.8,3135700,0.0,0.0
2025-01-08,143.307,144.978,142.219,144.928,3719000,0.0,0.0
2025-01-10,143.168,143.851,140.855,141.201,3979400,0.0,0.0
2025-01-13,140.815,142.328,140.696,142.278,3358000,0.0,0.0
2025-01-14,143.04,144.029,142.486,143.623,3229600,0.0,0.0
2025-01-15,146.075,147.044,144.75,146.58,5105100,0.0,0.0
2025-01-16,146.758,148.567,146.342,148.547,2823400,0.0,0.0
2025-01-17,149.19,149.378,147.272,147.44,3364600,0.0,0.0
2025-01-21,148.063,150.1,147.934,150.021,4420600,0.0,0.0
2025-01-22,150.169,153.066,149.605,152.443,4981200,0.0,0.0
2025-01-23,152.166,156.853,151.573,155.914,3989100,0.0,0.0
2025-01-24,155.35,156.181,154.935,155.706,1944800,0.0,0.0
2025-01-27,155.677,159.108,155.528,159.029,3136300,0.0,0.0
2025-01-28,158.515,158.613,156.23,157.061,2532300,0.0,0.0
2025-01-29,156.804,157.081,155.182,155.459,2592800,0.0,0.0
2025-01-30,156.369,158.979,155.667,157.654,1941700,0.0,0.0
2025-01-31,157.417,159.375,156.774,158.04,2624000,0.0,0.0
2025-02-03,157.061,159.088,155.459,158.594,1986600,0.0,0.0
2025-02-04,157.812,159.078,157.377,157.536,2472400,0.0,0.0
2025-02-05,159.048,159.83,157.822,158.9,2971600,0.0,0.0
2025-02-06,163.676,167.849,162.163,165.802,4423800,0.0,0.0
2025-02-07,164.606,165.99,162.302,164.962,3072900,0.0,0.0
2025-02-10,165.436,165.871,163.913,165.248,3650200,0.0,0.0
2025-02-11,164.853,165.199,163.251,165.07,2168800,0.0,0.0
2025-02-12,163.903,164.991,162.499,164.695,2557500,0.0,0.0
2025-02-13,165.495,167.147,165.159,166.682,1853600,0.0,0.0
2025-02-14,167.878,167.878,164.813,164.843,1776100,0.0,0.0
2025-02-18,164.971,165.219,163.488,164.635,2230000,0.0,0.0
2025-02-19,165.041,165.693,164.18,165.09,2505500,0.0,0.0
2025-02-20,165.13,165.604,163.973,164.922,1643400,0.0,0.0
2025-02-21,164.863,166.603,164.477,165.99,2853100,0.0,0.0
2025-02-24,166.534,167.987,165.426,166.534,3467500,0.0,0.0
2025-02-25,167.246,169.688,167.058,169.292,3456400,0.0,0.0
2025-02-26,168.66,170.697,168.244,169.253,3256000,0.0,0.0
2025-02-27,169.253,171.577,168.472,168.927,2805700,0.0,0.0
2025-02-28,169.035,171.596,168.758,171.29,5508600,0.0,0.0
2025-03-03,170.973,173.445,170.4,171.26,3658500,0.0,0.0
2025-03-04,171.24,172.209,167.819,167.948,3034200,0.0,0.0
2025-03-05,168.096,170.034,167.453,169.688,3216500,0.0,0.0
2025-03-06,167.898,169.095,166.385,167.75,3104700,0.0,0.0
2025-03-07,167.453,168.838,165.733,168.333,3541800,0.0,0.0
2025-03-10,168.027,169.629,165.792,167.256,4806200,0.0,0.0
2025-03-11,167.147,168.442,166.316,166.474,3855700,0.0,0.0
2025-03-12,167.246,168.037,165.743,167.127,4066800,0.0,0.0
2025-03-13,167.186,169.154,166.692,167.246,2919100,0.0,0.0
2025-03-14,167.977,169.53,166.989,169.144,3018600,0.0,0.0
2025-03-17,169.491,172.208,168.688,171.365,2483400,0.48,0.0
2025-03-18,171.613,172.268,170.503,171.385,2995100,0.0,0.0
2025-03-19,171.702,173.051,170.721,172.228,2609300,0.0,0.0
2025-03-20,171.673,174.419,171.554,174.112,2746700,0.0,0.0
2025-03-21,174.191,174.509,171.643,172.922,4717100,0.0,0.0
2025-03-24,172.853,174.677,172.694,173.775,2982400,0.0,0.0
2025-03-25,174.667,175.004,173.011,174.152,2777100,0.0,0.0
2025-03-26,174.449,175.332,173.517,174.281,2575200,0.0,0.0
2025-03-27,174.429,175.956,173.646,174.875,2946000,0.0,0.0
2025-03-28,174.647,175.53,173.011,173.239,3199200,0.0,0.0
2025-03-31,171.365,172.079,169.848,171.048,6282800,0.0,0.0
2025-04-01,170.354,171.256,169.154,170.046,3877200,0.0,0.0
2025-04-02,168.757,170.552,168.182,169.005,6613000,0.0,0.0
2025-04-03,167.796,171.117,165.872,166.15,6043400,0.0,0.0
2025-04-04,164.008,165.108,155.232,155.421,6340400,0.0,0.0
2025-04-07,151.048,158.147,149.203,153.348,6950500,0.0,0.0
2025-04-08,157.205,157.453,148.202,150.344,6466300,0.0,0.0
2025-04-09,149.59,155.946,146.001,155.49,7429300,0.0,0.0
2025-04-10,154.885,155.688,149.55,153.884,4719200,0.0,0.0
2025-04-11,153.318,155.49,150.978,154.598,2786500,0.0,0.0
2025-04-14,156.948,158.941,155.877,158.445,2946400,0.0,0.0
2025-04-15,159.179,159.635,156.66,158.604,2675600,0.0,0.0
2025-04-16,158.495,159.02,156.035,157.106,2628900,0.0,0.0
2025-04-17,158.108,159.456,156.72,157.305,2742700,0.0,0.0
2025-04-21,156.095,156.492,151.841,153.725,2815000,0.0,0.0
2025-04-22,155.212,159.615,155.212,159.327,2909600,0.0,0.0
2025-04-23,160.735,161.777,158.118,159.635,2876100,0.0,0.0
2025-04-24,159.714,161.925,158.663,161.608,1559700,0.0,0.0
2025-04-25,161.073,162.253,160.25,161.856,1642800,0.0,0.0
2025-04-28,161.925,162.996,160.924,162.104,2337500,0.0,0.0
2025-04-29,162.094,165.217,162.034,164.93,2114600,0.0,0.0
2025-04-30,164.652,167.359,163.165,166.556,3672000,0.0,0.0
2025-05-01,164.841,170.86,161.568,169.402,4008900,0.0,0.0
2025-05-02,171.633,173.031,169.789,171.99,2921400,0.0,0.0
2025-05-05,172.258,173.695,171.137,172.516,2239100,0.0,0.0
2025-05-06,171.504,174.727,171.504,173.715,2744300,0.0,0.0
2025-05-07,173.507,175.53,173.051,175.044,2025800,0.0,0.0
2025-05-08,175.698,177.295,174.915,174.985,4378300,0.0,0.0
2025-05-09,175.391,177.93,175.292,176.829,3313500,0.0,0.0
2025-05-12,177.414,177.414,169.144,171.98,4617700,0.0,0.0
2025-05-13,172.059,173.329,171.326,171.385,2122900,0.0,0.0
2025-05-14,171.623,172.535,169.481,170.493,4025800,0.0,0.0
2025-05-15,170.78,173.745,170.413,173.378,2563600,0.0,0.0
2025-05-16,174.072,174.776,172.357,174.766,2330900,0.0,0.0
2025-05-19,173.527,175.917,173.091,175.262,2731500,0.0,0.0
2025-05-20,174.419,175.887,174.062,174.806,2150800,0.0,0.0
2025-05-21,174.37,175.679,172.724,173.249,4479600,0.0,0.0
2025-05-22,173.051,173.943,172.109,172.535,2896200,0.0,0.0
2025-05-23,172.04,175.302,171.455,174.637,2248100,0.0,0.0
2025-05-27,175.619,177.454,175.064,177.037,2831500,0.0,0.0
2025-05-28,176.125,177.136,176.085,176.303,2297700,0.0,0.0
2025-05-29,176.264,177.285,175.381,177.027,1789700,0.0,0.0
2025-05-30,176.948,179.119,176.512,178.287,5439100,0.0,0.0
2025-06-02,177.245,178.822,176.174,178.802,1854700,0.0,0.0
2025-06-03,178.723,179.367,176.303,177.83,2387700,0.0,0.0
2025-06-04,178.277,178.435,176.432,177.622,1869900,0.0,0.0
2025-06-05,178.058,178.168,176.165,177.057,2438400,0.0,0.0
2025-06-06,176.7,177.374,175.867,177.176,3245200,0.0,0.0
2025-06-09,176.303,177.325,173.319,174.489,2776000,0.0,0.0
2025-06-10,174.519,174.856,173.269,174.052,1898200,0.0,0.0
2025-06-11,174.528,176.065,173.477,176.006,1677200,0.0,0.0
2025-06-12,175.52,177.632,175.5,177.573,1841500,0.0,0.0
2025-06-13,178.05,178.915,176.429,177.413,2500300,0.48,0.0
2025-06-16,178.537,180.585,177.97,178.766,2150700,0.0,0.0
2025-06-17,178.169,180.605,177.692,179.949,3230500,0.0,0.0
2025-06-18,179.949,180.287,178.477,178.726,2055300,0.0,0.0
2025-06-20,177.98,179.859,176.449,177.404,3910100,0.0,0.0
2025-06-23,177.821,178.925,177.175,178.696,2017400,0.0,0.0
2025-06-24,179.352,180.267,177.433,179.81,2101700,0.0,0.0
2025-06-25,179.273,180.406,178.607,179.491,1560700,0.0,0.0
2025-06-26,179.989,180.575,179.183,179.76,1504500,0.0,0.0
2025-06-27,179.67,181.56,179.382,180.704,2137100,0.0,0.0
2025-06-30,180.913,182.703,180.317,182.415,3214000,0.0,0.0
2025-07-01,182.246,182.673,178.278,180.814,2223700,0.0,0.0
2025-07-02,180.058,180.814,178.567,180.695,1631100,0.0,0.0
2025-07-03,180.953,182.057,180.744,182.057,1082800,0.0,0.0
2025-07-07,182.325,182.932,180.665,182.037,1634700,0.0,0.0
2025-07-08,181.261,181.947,179.571,179.939,1950300,0.0,0.0
2025-07-09,179.571,181.142,177.702,181.112,1789000,0.0,0.0
2025-07-10,180.784,181.798,179.591,180.774,1894300,0.0,0.0
2025-07-11,180.158,181.013,179.143,179.472,1576900,0.0,0.0
2025-07-14,179.342,181.351,178.626,180.774,1773000,0.0,0.0
2025-07-15,180.565,180.774,178.249,178.756,1513000,0.0,0.0
2025-07-16,179.163,180.178,177.98,179.76,1629600,0.0,0.0
2025-07-17,179.293,181.102,178.965,180.893,1806800,0.0,0.0
2025-07-18,180.943,181.609,179.313,179.68,2483000,0.0,0.0
2025-07-21,179.859,181.112,179.402,179.77,1757900,0.0,0.0
2025-07-22,179.591,180.098,178.587,179.76,1952700,0.0,0.0
2025-07-23,179.591,180.545,178.696,179.959,1994100,0.0,0.0
2025-07-24,180.376,182.971,179.382,182.524,2981200,0.0,0.0
2025-07-25,182.255,184.234,182.206,183.379,2588800,0.0,0.0
2025-07-28,182.942,183.598,181.381,181.738,2353400,0.0,0.0
2025-07-29,182.882,183.787,182.047,183.647,3035700,0.0,0.0
2025-07-30,183.886,186.302,183.309,184.672,3507700,0.0,0.0
2025-07-31,184.672,186.302,181.649,183.767,4429300,0.0,0.0
2025-08-01,181.062,184.145,180.953,183.538,3795800,0.0,0.0
2025-08-04,184.294,187.505,183.767,187.366,3777300,0.0,0.0
2025-08-05,188.072,188.141,185.646,186.322,2929400,0.0,0.0
2025-08-06,186.759,187.455,185.715,186.968,2690500,0.0,0.0
2025-08-07,187.366,187.893,186.213,186.938,2697700,0.0,0.0
2025-08-08,187.465,188.261,185.308,185.328,2783600,0.0,0.0
2025-08-11,185.328,186.014,183.618,184.86,2036900,0.0,0.0
2025-08-12,185.129,185.129,180.436,181.689,3849100,0.0,0.0
2025-08-13,182.594,182.594,179.173,180.366,3723300,0.0,0.0
2025-08-14,180.565,182.077,179.929,181.629,6079900,0.0,0.0
2025-08-15,181.371,181.808,179.76,180.158,2840900,0.0,0.0
2025-08-18,179.899,180.406,176.916,176.916,3606100,0.0,0.0
2025-08-19,177.105,177.642,176.051,177.244,2586500,0.0,0.0
2025-08-20,177.423,180.675,176.936,180.257,2921700,0.0,0.0
2025-08-21,179.462,179.869,177.672,178.199,1973600,0.0,0.0
2025-08-22,178.726,179.919,178.219,179.631,2247800,0.0,0.0
2025-08-25,179.7,180.605,178.03,178.109,3101800,0.0,0.0
2025-08-26,177.304,177.861,176.727,177.712,2578900,0.0,0.0
2025-08-27,177.314,178.169,176.25,176.28,1933700,0.0,0.0
2025-08-28,176.002,176.678,175.097,176.121,2170900,0.0,0.0
2025-08-29,175.992,176.737,175.117,175.584,1775500,0.0,0.0
2025-09-02,174.55,175.982,172.661,174.083,3226400,0.0,0.0
2025-09-03,173.705,174.451,172.77,174.123,1903000,0.0,0.0
2025-09-04,174.898,175.037,172.224,173.516,2950100,0.0,0.0
2025-09-05,174.132,174.132,171.895,173.267,3104200,0.0,0.0
2025-09-08,172.393,173.138,171.011,172.89,2322600,0.0,0.0
2025-09-09,172.671,173.784,172.045,172.462,3466700,0.0,0.0
2025-09-10,172.502,172.989,170.344,171.239,2381000,0.0,0.0
2025-09-11,171.756,175.385,171.349,175.157,2697600,0.0,0.0
2025-09-12,174.61,175.574,172.084,172.969,2300500,0.0,0.0
2025-09-15,173.158,173.367,170.851,171.239,2669700,0.0,0.0
2025-09-16,171.06,171.359,169.744,170.89,3179400,0.48,0.0
2025-09-17,171.319,172.585,170.541,171.738,2443000,0.0,0.0
2025-09-18,171.658,172.785,169.405,170.621,5990200,0.0,0.0
2025-09-19,170.591,171.02,168.438,169.265,4806500,0.0,0.0
2025-09-22,169.076,169.883,167.79,169.614,4257400,0.0,0.0
2025-09-23,169.634,170.312,167.002,167.59,2586600,0.0,0.0
2025-09-24,167.032,167.949,166.085,167.55,3771900,0.0,0.0
2025-09-25,166.563,167.331,164.958,166.783,2977400,0.0,0.0
2025-09-26,167.53,168.547,167.042,167.231,2564900,0.0,0.0
2025-09-29,167.75,168.338,166.334,167.49,2661000,0.0,0.0
2025-09-30,167.391,168.697,167.052,167.979,2801300,0.0,0.0
2025-10-01,166.713,166.713,161.837,162.156,4121600,0.0,0.0
2025-10-02,161.568,162.017,160.222,160.501,3335900,0.0,0.0
2025-10-03,160.262,162.465,159.773,162.136,2910800,0.0,0.0
2025-10-06,161.588,162.186,157.759,158.587,3908100,0.0,0.0
2025-10-07,160.99,162.346,158.697,161.498,5758300,0.0,0.0
2025-10-08,162.206,162.206,155.975,158.896,5054400,0.0,0.0
2025-10-09,160.481,160.481,157.789,158.826,3838700,0.0,0.0
2025-10-10,159.145,159.275,156.962,157.032,4175400,0.0,0.0
2025-10-13,156.992,158.866,156.872,158.278,3074300,0.0,0.0
2025-10-14,158.697,160.023,157.46,157.799,2849100,0.0,0.0
2025-10-15,157.72,158.368,155.436,156.992,4174200,0.0,0.0
2025-10-16,157.052,157.052,152.665,152.904,5576400,0.0,0.0
2025-10-17,153.313,153.562,152.276,153.143,4090300,0.0,0.0
2025-10-20,153.492,154.958,152.804,154.828,2884400,0.0,0.0
2025-10-21,154.609,156.892,154.549,156.324,3560000,0.0,0.0
2025-10-22,156.015,156.932,155.087,156.483,4676300,0.0,0.0
2025-10-23,157.53,157.969,155.377,156.982,5803100,0.0,0.0
2025-10-24,157.769,158.198,157.111,157.181,4185800,0.0,0.0
2025-10-27,157.789,159.724,157.53,159.365,4078300,0.0,0.0
2025-10-28,159.076,159.634,156.713,156.802,3322400,0.0,0.0
2025-10-29,155.297,155.676,149.554,150.172,7586500,0.0,0.0
2025-10-30,146.114,151.767,145.616,148.078,6950500,0.0,0.0
2025-10-31,147.879,148.557,144.579,145.855,7069600,0.0,0.0
2025-11-03,145.057,145.775,142.744,145.157,4428200,0.0,0.0
2025-11-04,146.034,146.822,145.077,146.543,3135800,0.0,0.0
2025-11-05,147.071,149.554,145.775,145.775,3980900,0.0,0.0
2025-11-06,145.327,147.62,145.307,147.081,3497500,0.0,0.0
2025-11-07,146.692,148.647,146.513,148.557,3487100,0.0,0.0
2025-11-10,148.218,149.205,147.091,149.055,3231200,0.0,0.0
2025-11-11,149.843,151.688,149.693,151.538,2854600,0.0,0.0
2025-11-12,151.618,153.711,151.249,153.592,3032100,0.0,0.0
2025-11-13,152.944,153.771,152.066,152.246,3484800,0.0,0.0
2025-11-14,153.223,153.223,150.521,151.618,2554300,0.0,0.0
2025-11-17,151.378,152.395,149.444,149.883,2737300,0.0,0.0
2025-11-18,150.222,153.552,149.414,152.326,5191000,0.0,0.0
2025-11-19,152.066,153.233,151.528,153.193,4432700,0.0,0.0
2025-11-20,153.193,154.22,150.681,151.209,4304300,0.0,0.0
2025-11-21,152.575,154.888,151.907,153.971,4777400,0.0,0.0
2025-11-24,153.582,153.821,151.767,152.445,4135700,0.0,0.0
2025-11-25,153.592,155.795,152.954,155.496,2274700,0.0,0.0
2025-11-26,155.377,156.553,154.968,155.825,2286800,0.0,0.0
2025-11-28,156.533,157.899,156.254,156.832,1323700,0.0,0.0
2025-12-01,156.035,157.032,155.486,156.473,2834000,0.0,0.0
2025-12-02,156.384,157.161,154.639,154.898,4802100,0.0,0.0
2025-12-03,155.855,157.261,155.516,156.384,2848700,0.0,0.0
2025-12-04,156.723,158.836,156.294,158.637,3804600,0.0,0.0
2025-12-05,158.158,158.727,156.842,157.351,3852100,0.0,0.0
2025-12-08,157.361,157.381,155.297,156.563,5387600,0.0,0.0
2025-12-09,157.121,158.856,156.932,157.54,3558500,0.0,0.0
2025-12-10,157.351,160.88,157.042,159.903,4524800,0.0,0.0
2025-12-11,160.671,162.974,160.521,162.615,3855900,0.0,0.0
2025-12-12,162.715,163.881,162.246,162.725,2700500,0.0,0.0
2025-12-15,162.964,162.964,160.112,160.92,3206800,0.0,0.0
2025-12-16,161.5,162.0,159.92,160.05,4222000,0.48,0.0
2025-12-17,159.63,161.78,159.59,160.86,3563700,0.0,0.0
2025-12-18,161.25,162.29,160.02,160.07,2639300,0.0,0.0
2025-12-19,159.97,161.05,159.66,160.3,5747900,0.0,0.0
2025-12-22,160.15,162.18,159.67,161.45,2152100,0.0,0.0
2025-12-23,161.26,162.59,161.18,161.95,1997500,0.0,0.0
2025-12-24,161.94,163.2,161.78,162.63,761800,0.0,0.0
2025-12-26,162.45,163.55,162.19,163.52,1045000,0.0,0.0
2025-12-29,163.62,164.42,162.79,163.98,1582300,0.0,0.0
2025-12-30,163.51,163.97,163.0,163.16,1142500,0.0,0.0
