Date,Open,High,Low,Close,Volume,Dividends,Stock Splits
2019-01-02,30.641,31.522,30.524,,5305000,0.0,0.0
2019-01-03,30.545,30.615,28.849,28.837875257302294,9572200,0.0,0.0
2019-01-04,29.377,30.245,29.25,29.984484667850985,7479400,0.0,0.0
2019-01-07,30.127,31.309,29.961,30.849731995618654,5781000,0.0,0.0
2019-01-08,31.313,31.832,30.903,31.67621443215498,9193600,0.0,0.0
2019-01-09,32.377,33.41,32.333,32.907508974169374,8838000,0.0,0.0
2019-01-10,32.896,33.519,32.809,33.23913592170028,5767600,0.0,0.0
2019-01-11,33.306,34.326,33.114,33.460258325136806,9098800,0.0,0.0
2019-01-14,33.345,33.419,32.351,32.18264575698306,6500600,0.0,0.0
2019-01-15,32.591,33.014,32.451,32.513964622695944,4740600,0.0,0.0
2019-01-16,32.809,33.21,32.669,32.54476612555118,4447800,0.0,0.0
2019-01-17,32.499,33.38,31.941,33.004735598657064,4357400,0.0,0.0
2019-01-18,33.48,34.025,33.027,33.644573058253776,4886600,0.0,0.0
2019-01-22,33.532,33.62,32.438,32.560978435728586,4674000,0.0,0.0
2019-01-23,33.559,33.559,32.155,32.20444047365479,4922600,0.0,0.0
2019-01-24,32.887,34.701,32.682,33.92457194021619,10098000,0.0,0.0
2019-01-25,34.453,35.495,34.243,34.8587879797636,5853600,0.0,0.0
2019-01-28,34.099,35.146,34.021,34.6938156452625,5291000,0.0,0.0
2019-01-29,35.329,35.639,34.575,34.364083697266054,4085800,0.0,0.0
2019-01-30,34.902,35.599,34.104,34.79364033672554,5543600,0.0,0.0
2019-01-31,35.037,35.469,34.801,34.742053041192015,4467800,0.0,0.0
2019-02-01,35.12,35.717,34.845,35.384405964598436,6895000,0.0,0.0
2019-02-04,35.643,36.162,35.22,35.68935650406583,5959600,0.0,0.0
2019-02-05,35.874,36.524,35.874,35.9736645567733,6837800,0.0,0.0
2019-02-06,38.591,40.008,38.377,38.50583726363383,20278200,0.0,0.0
2019-02-07,38.216,38.883,37.736,37.96717389773644,9428800,0.0,0.0
2019-02-08,37.819,38.264,37.514,37.68136931013186,5673200,0.0,0.0
2019-02-11,38.264,38.992,37.937,38.34382117906592,6017800,0.0,0.0
2019-02-12,39.328,40.03,39.319,39.42754210936669,8304800,0.0,0.0
2019-02-13,39.825,40.038,39.506,39.28995857002471,6560400,0.0,0.0
2019-02-14,39.528,40.008,39.201,39.03420367902957,8360600,0.0,0.0
2019-02-15,39.833,39.925,39.28,39.24900811866582,4570200,0.0,0.0
2019-02-19,39.515,39.838,39.271,39.07274130430063,3182000,0.0,0.0
2019-02-20,39.522,40.051,39.184,38.779183615354384,6307000,0.182,0.0
2019-02-21,39.254,39.434,38.733,38.4975702230387,4172000,0.0,0.0
2019-02-22,39.276,39.403,38.729,38.51436219481943,3206800,0.0,0.0
2019-02-25,39.517,39.902,39.268,38.8458800216659,4726400,0.0,0.0
2019-02-26,39.079,39.416,38.93,38.520475916204724,3445600,0.0,0.0
2019-02-27,38.72,38.865,37.928,37.65025269952837,7908000,0.0,0.0
2019-02-28,37.801,38.234,37.792,37.56323891923376,5710400,0.0,0.0
2019-03-01,38.48,38.926,38.147,38.32097235117802,4123800,0.0,0.0
2019-03-04,39.114,39.215,38.348,38.2903491583932,3277400,0.0,0.0
2019-03-05,38.707,38.747,38.191,37.72432706546762,3646000,0.0,0.0
2019-03-06,38.261,38.558,37.827,37.38115085466077,3627400,0.0,0.0
2019-03-07,37.626,37.665,36.886,36.49297268969491,4267400,0.0,0.0
2019-03-08,36.536,37.385,36.361,36.75163921264136,3604600,0.0,0.0
2019-03-11,37.473,38.151,37.328,37.50000382550527,2697600,0.0,0.0
2019-03-12,38.138,38.138,37.656,37.2832716569262,2230000,0.0,0.0
2019-03-13,37.989,38.125,37.205,36.74456711433816,4986200,0.0,0.0
2019-03-14,37.227,37.42,36.741,36.282877272849724,3995200,0.0,0.0
2019-03-15,37.079,38.042,36.925,37.17937381720493,6032400,0.0,0.0
2019-03-18,37.63,37.845,37.109,36.84549777490913,4583800,0.0,0.0
2019-03-19,37.521,37.801,37.411,37.17637556306092,3414400,0.0,0.0
2019-03-20,37.766,37.967,36.632,36.381933606858816,3214800,0.0,0.0
2019-03-21,36.873,38.392,36.873,37.69590207692182,3466400,0.0,0.0
2019-03-22,37.963,38.243,37.389,36.84083900683638,4034600,0.0,0.0
2019-03-25,37.162,37.328,36.343,36.14473248142638,3852600,0.0,0.0
2019-03-26,37.065,37.394,36.684,36.32942547152963,2602200,0.0,0.0
2019-03-27,36.908,37.087,35.529,35.06572687189234,6911600,0.0,0.0
2019-03-28,35.704,36.072,35.038,34.97110641985106,5987600,0.0,0.0
2019-03-29,35.931,36.444,35.879,35.74210817775156,5226400,0.0,0.0
2019-04-01,36.838,38.366,36.825,37.62996327082224,8222800,0.0,0.0
2019-04-02,38.278,38.471,37.875,37.74182879111302,8129800,0.0,0.0
2019-04-03,39.198,39.999,38.812,38.83629261343721,8496800,0.0,0.0
2019-04-04,39.508,40.143,39.487,39.25058159680657,7013200,0.0,0.0
2019-04-05,40.091,40.804,39.981,39.9544154011079,5748200,0.0,0.0
2019-04-08,40.673,41.26,40.257,40.44150969812563,5548400,0.0,0.0
2019-04-09,41.006,41.05,40.524,39.93952932580656,4963600,0.0,0.0
2019-04-10,40.66,41.352,40.388,40.515695677617536,4511400,0.0,0.0
2019-04-11,41.194,41.325,40.726,40.39474587434644,3771400,0.0,0.0
2019-04-12,41.759,41.982,41.435,40.98831677786336,4175200,0.0,0.0
2019-04-15,41.737,42.056,41.487,41.09127175721764,6371200,0.0,0.0
2019-04-16,42.092,42.853,42.065,42.01351004634374,9866400,0.0,0.0
2019-04-17,43.904,43.904,42.49,42.6534629783116,9054600,0.0,0.0
2019-04-18,43.663,43.738,42.915,42.412340532062835,4823600,0.0,0.0
2019-04-22,43.103,43.221,42.678,41.932687318683534,5048200,0.0,0.0
2019-04-23,42.783,43.453,42.713,42.1724235450454,4608600,0.0,0.0
2019-04-24,42.674,43.768,42.656,42.46384226329692,4524400,0.0,0.0
2019-04-25,42.691,43.028,41.855,41.87493553336059,4435200,0.0,0.0
2019-04-26,42.03,43.112,41.632,42.272384939438,2957200,0.0,0.0
2019-04-29,43.015,43.466,42.972,42.40560972358446,2590000,0.0,0.0
2019-04-30,43.694,43.79,43.151,42.90499843720934,3934800,0.0,0.0
2019-05-01,44.075,44.289,43.295,50.25905118554419,5194000,0.0,0.0
2019-05-02,43.326,44.373,42.958,50.84491367084101,3927600,0.0,0.0
2019-05-03,44.075,44.154,43.571,51.16405408396413,2754400,0.0,0.0
2019-05-06,42.35,42.634,41.982,49.21226771825101,7532400,0.0,0.0
2019-05-07,41.921,41.938,40.585,47.75483022103051,11424800,0.0,0.0
2019-05-08,39.381,41.181,39.294,46.413109549818465,8452600,0.0,0.0
2019-05-09,39.215,39.456,37.989,45.3044391965013,9035200,0.0,0.0
2019-05-10,39.123,39.381,38.072,45.23376233368351,6645600,0.0,0.0
2019-05-13,37.534,37.941,36.295,42.285953020642246,9680200,0.0,0.0
2019-05-14,36.868,37.214,36.558,42.81287687357166,8457000,0.0,0.0
2019-05-15,36.649,37.849,36.523,43.386553913104876,6792200,0.0,0.0
2019-05-16,37.135,37.446,36.698,43.02003875365186,6276400,0.0,0.0
2019-05-17,36.645,37.372,36.365,42.089568135682676,4609200,0.0,0.0
2019-05-20,35.391,35.949,34.621,40.35223559199328,7699000,0.183,0.0
2019-05-21,35.51,36.174,35.263,41.55581752656164,5866600,0.0,0.0
2019-05-22,35.615,36.534,35.479,41.49581078176522,5479200,0.0,0.0
2019-05-23,35.4,35.91,35.061,41.37339735827704,5790400,0.0,0.0
2019-05-24,36.121,36.416,35.343,40.776398446787745,3570800,0.0,0.0
2019-05-28,35.417,35.558,34.151,40.10562136039851,7644800,0.0,0.0
2019-05-29,34.551,35.712,34.384,40.82995279742691,5903400,0.0,0.0
2019-05-30,35.461,36.029,35.422,41.227983610959036,6416000,0.0,0.0
2019-05-31,35.127,36.029,34.986,40.55867214512388,8179800,0.0,0.0
2019-06-03,35.351,36.042,34.89,40.41667075691668,5377800,0.0,0.0
2019-06-04,35.593,37.093,35.378,42.63971924409139,4931000,0.0,0.0
2019-06-05,37.37,37.44,35.615,41.65134291074955,3939800,0.0,0.0
2019-06-06,36.314,36.719,35.888,42.054349702565425,3887400,0.0,0.0
2019-06-07,36.824,37.379,36.574,42.327259596355574,3794800,0.0,0.0
2019-06-10,37.269,38.109,37.203,43.365864099308,4620800,0.0,0.0
2019-06-11,38.364,38.443,36.789,43.15836049913541,4389000,0.0,0.0
2019-06-12,37.321,37.321,36.587,42.37736566881382,2874600,0.0,0.0
2019-06-13,37.04,37.414,36.781,42.52429023987904,5221000,0.0,0.0
2019-06-14,35.8,36.728,35.246,42.061851512070724,6846000,0.0,0.0
2019-06-17,36.372,36.697,35.672,41.058890848289735,3902000,0.0,0.0
2019-06-18,36.235,37.704,35.993,42.92174497223892,6121800,0.0,0.0
2019-06-19,37.708,37.708,37.198,42.795247400586184,3662200,0.0,0.0
2019-06-20,38.258,38.328,37.48,43.21233053321593,3224400,0.0,0.0
2019-06-21,37.497,37.81,37.167,42.96937316051445,6570400,0.0,0.0
2019-06-24,37.427,37.638,37.238,42.984297267347344,3635800,0.0,0.0
2019-06-25,38.188,38.188,36.877,42.37838601960954,4430400,0.0,0.0
2019-06-26,37.708,38.496,37.405,43.97920592867596,4969200,0.0,0.0
2019-06-27,38.693,39.195,38.258,43.964288582125825,4601800,0.0,0.0
2019-06-28,38.698,38.984,38.087,43.741148318556306,12360200,0.0,0.0
2019-07-01,39.692,40.246,39.577,46.05052291378058,8118600,0.0,0.0
2019-07-02,40.193,40.233,39.269,45.20644781851412,4317200,0.0,0.0
2019-07-03,39.344,39.648,38.909,45.22133738709121,1867400,0.0,0.0
2019-07-05,38.975,39.362,38.619,44.94902615425035,2536400,0.0,0.0
2019-07-08,38.83,39.089,38.61,44.288966467481245,2715400,0.0,0.0
2019-07-09,38.328,39.274,38.315,44.933689576138306,3582600,0.0,0.0
2019-07-10,39.582,40.175,39.204,45.00464053328985,2760600,0.0,0.0
2019-07-11,39.247,39.599,38.83,45.190933895785626,3666800,0.0,0.0
2019-07-12,39.714,40.364,39.507,46.1764873815902,3164800,0.0,0.0
2019-07-15,40.501,40.822,40.29,46.623157935473294,3007000,0.0,0.0
2019-07-16,40.237,40.334,39.674,45.68173460806516,3217400,0.0,0.0
2019-07-17,39.925,40.171,39.59,45.68745777356058,2364600,0.0,0.0
2019-07-18,40.079,40.888,39.982,46.75212299427407,2874200,0.0,0.0
2019-07-19,41.231,41.279,40.567,46.4536284513804,3855800,0.0,0.0
2019-07-22,40.888,41.411,40.782,47.07880906405695,3053600,0.0,0.0
2019-07-23,41.424,42.035,41.209,48.07963230634024,3531400,0.0,0.0
2019-07-24,42.853,44.001,42.51,50.180383528322835,8132000,0.0,0.0
2019-07-25,43.386,43.548,42.691,49.272716676070615,3347400,0.0,0.0
2019-07-26,43.377,43.416,42.84,49.30356174843705,2339200,0.0,0.0
2019-07-29,43.262,43.399,42.836,49.43822424648215,3435200,0.0,0.0
2019-07-30,42.581,42.818,42.185,48.73501834517909,4210800,0.0,0.0
2019-07-31,42.568,42.568,40.839,47.426415020977046,5266000,0.0,0.0
2019-08-01,41.534,42.515,39.771,45.98847317016861,5248200,0.0,0.0
2019-08-02,40.087,40.087,38.636,44.175592340175456,7086200,0.0,0.0
2019-08-05,37.726,37.726,36.446,41.890703617509715,8928200,0.0,0.0
2019-08-06,37.524,38.034,36.943,42.60568155127639,8469800,0.0,0.0
2019-08-07,37.818,39.058,37.581,44.25567319837753,7966400,0.0,0.0
2019-08-08,39.014,39.942,38.702,45.431610974916815,4087400,0.0,0.0
2019-08-09,39.481,39.481,38.333,43.93137157186061,3756400,0.0,0.0
2019-08-12,38.24,38.654,38.051,43.655309488179505,3555800,0.0,0.0
2019-08-13,38.179,40.048,38.034,45.16848446907841,5591000,0.0,0.0
2019-08-14,38.298,38.803,38.021,43.400035431259454,4011400,0.0,0.0
2019-08-15,38.531,38.698,37.788,43.36595430857679,2513200,0.0,0.0
2019-08-16,38.685,39.063,38.478,44.128014359898835,3174000,0.0,0.0
2019-08-19,39.67,39.999,39.34,44.95363903850164,5778400,0.0,0.0
2019-08-20,39.571,39.695,39.072,44.55454516156881,4162200,0.183,0.0
2019-08-21,39.633,39.77,39.032,44.619203286956484,4117400,0.0,0.0
2019-08-22,39.121,39.721,38.865,54.76126786844546,2862000,0.0,0.0
2019-08-23,39.16,39.258,37.293,51.61710948501838,5287000,0.0,0.0
2019-08-26,38.083,38.154,37.116,51.708249700409496,7386200,0.0,0.0
2019-08-27,37.708,38.132,37.129,51.475528938161574,3693600,0.0,0.0
2019-08-28,37.076,37.611,36.719,51.7979323306733,3230200,0.0,0.0
2019-08-29,38.198,38.578,38.034,52.81884349302503,2694600,0.0,0.0
2019-08-30,38.564,38.657,38.048,52.67216667009034,2415800,0.0,0.0
2019-09-03,37.641,38.039,37.129,51.787320903017424,4225400,0.0,0.0
2019-09-04,38.145,38.383,36.467,52.77129933789868,15039200,0.0,0.0
2019-09-05,38.781,39.765,38.781,54.16182009892435,7615600,0.0,0.0
2019-09-06,39.368,40.149,39.156,55.18230028776836,6027600,0.0,0.0
2019-09-09,40.22,41.284,40.145,56.00046021622139,5612600,0.0,0.0
2019-09-10,40.277,40.896,40.092,56.42542184999148,3813600,0.0,0.0
2019-09-11,41.024,42.141,40.538,58.13586726714444,5502000,0.0,0.0
2019-09-12,42.578,42.715,41.704,58.16621605837722,5563400,0.0,0.0
2019-09-13,42.353,42.375,41.92,57.87988340981709,3071200,0.0,0.0
2019-09-16,41.421,41.947,41.161,57.54360885885622,2313200,0.0,0.0
2019-09-17,41.368,41.558,40.909,57.12122026866229,2559000,0.0,0.0
2019-09-18,41.386,41.496,40.71,57.00520159825384,3677600,0.0,0.0
2019-09-19,41.364,41.505,40.776,56.343222443942366,2601200,0.0,0.0
2019-09-20,40.816,41.174,39.88,55.087626753844795,5362600,0.0,0.0
2019-09-23,39.867,40.927,39.77,55.97561542589263,3056200,0.0,0.0
2019-09-24,40.746,40.882,39.712,55.18952176208425,2854600,0.0,0.0
2019-09-25,39.823,41.209,39.394,56.61478636490686,3475000,0.0,0.0
2019-09-26,41.121,41.121,40.339,56.22330289129964,5035400,0.0,0.0
2019-09-27,40.732,41.121,40.03,55.56186911062503,3013200,0.0,0.0
2019-09-30,40.41,41.218,40.313,56.540163657513716,2875200,0.0,0.0
2019-10-01,41.889,42.423,40.781,56.54567627523928,5363600,0.0,0.0
2019-10-02,40.578,40.693,39.836,55.0782893028984,3239200,0.0,0.0
2019-10-03,40.026,40.715,39.465,55.77921801094467,4605200,0.0,0.0
2019-10-04,40.852,41.412,40.622,57.006861340755556,3252800,0.0,0.0
2019-10-07,41.284,41.505,40.728,56.149265256662154,4464400,0.0,0.0
2019-10-08,40.264,40.353,39.337,54.262906071322575,4086800,0.0,0.0
2019-10-09,40.013,40.472,39.836,55.40555462958667,2946600,0.0,0.0
2019-10-10,40.419,41.139,40.255,56.14232875506918,3538400,0.0,0.0
2019-10-11,41.571,42.768,41.364,58.000400151860276,5766000,0.0,0.0
2019-10-14,41.938,42.295,41.646,58.09795720104489,2156000,0.0,0.0
2019-10-15,42.481,42.975,42.013,58.780159588310596,3226600,0.0,0.0
2019-10-16,42.653,42.989,42.357,58.33431467827516,2590400,0.0,0.0
2019-10-17,42.887,43.077,42.057,58.097323017907605,2129400,0.0,0.0
2019-10-18,42.198,42.242,41.187,57.68333592366898,2796800,0.0,0.0
2019-10-21,42.569,43.209,42.264,59.34093532158973,2931400,0.0,0.0
2019-10-22,42.975,43.196,42.503,58.478408553948135,3220000,0.0,0.0
2019-10-23,41.461,41.655,40.494,56.391121184747654,6593800,0.0,0.0
2019-10-24,40.896,41.849,40.896,57.10216956142325,2697800,0.0,0.0
2019-10-25,41.518,41.752,41.125,56.93851154118623,3289400,0.0,0.0
2019-10-28,42.234,42.516,42.035,57.95388791589275,3585600,0.0,0.0
2019-10-29,42.463,42.79,41.699,57.47961055873428,3088800,0.0,0.0
2019-10-30,42.966,43.037,41.942,57.835497170487386,3102600,0.0,0.0
2019-10-31,41.986,42.123,41.421,57.15877629227044,2613200,0.0,0.0
2019-11-01,42.203,43.011,42.141,58.77230694035401,3478600,0.0,0.0
2019-11-04,43.607,44.07,43.54,60.439219209619495,5580200,0.0,0.0
2019-11-05,44.048,44.847,43.607,60.58445975188372,7684800,0.0,0.0
2019-11-06,43.05,43.223,41.2,57.85856546216241,11298000,0.0,0.0
2019-11-07,42.432,42.785,41.779,57.70075368266204,8046600,0.0,0.0
2019-11-08,41.598,42.6,41.399,58.21373754014639,3555400,0.0,0.0
2019-11-11,42.07,42.379,41.713,57.213054147815924,4003800,0.0,0.0
2019-11-12,41.88,42.388,41.156,56.67203809106073,3802200,0.0,0.0
2019-11-13,40.922,41.717,40.843,56.91948179899322,2484200,0.0,0.0
2019-11-14,41.297,41.426,40.98,56.63379185258689,2675200,0.0,0.0
2019-11-15,41.973,42.105,41.554,57.22393838099982,3732400,0.0,0.0
2019-11-18,41.531,41.721,40.732,55.89621581914021,3122800,0.0,0.0
2019-11-19,41.125,41.271,40.401,56.022077438116085,4740600,0.0,0.0
2019-11-20,40.664,41.098,40.101,55.337217597795195,3829600,0.184,0.0
2019-11-21,40.447,40.673,40.025,55.24538522185724,3230000,0.0,0.0
2019-11-22,40.407,40.877,40.407,55.6451967273743,2407800,0.0,0.0
2019-11-25,40.921,41.537,40.899,56.822708881250115,3979400,0.0,0.0
2019-11-26,41.391,42.419,40.908,57.874019008607505,7041000,0.0,0.0
2019-11-27,42.543,42.592,42.162,58.01348113286255,3222000,0.0,0.0
2019-11-29,42.1,42.273,41.79,57.36649416588859,1465400,0.0,0.0
2019-12-02,42.18,42.282,41.524,57.16629537421261,4726600,0.0,0.0
2019-12-03,40.677,40.961,40.26,55.72890198759104,5036600,0.0,0.0
2019-12-04,42.397,42.978,41.892,58.49182565328753,8642800,0.0,0.0
2019-12-05,42.84,43.315,42.526,58.59424287449999,3702600,0.0,0.0
2019-12-06,43.448,43.887,43.297,59.823637127152395,3210200,0.0,0.0
2019-12-09,43.785,44.055,43.621,59.980574046799944,3575200,0.0,0.0
2019-12-10,44.015,44.148,43.55,59.64073209305802,2918400,0.0,0.0
2019-12-11,43.785,44.237,43.581,60.178045747403395,2972800,0.0,0.0
2019-12-12,44.037,45.864,43.833,62.44270693598411,5298800,0.0,0.0
2019-12-13,45.629,46.391,45.146,61.79073346171331,5197600,0.0,0.0
2019-12-16,45.664,46.524,45.607,62.495322846647866,4890000,0.0,0.0
2019-12-17,45.881,45.935,45.398,62.01564147863124,3428400,0.0,0.0
2019-12-18,45.412,45.451,44.942,61.669272435935625,5655000,0.0,0.0
2019-12-19,45.323,45.451,44.968,61.952584372212485,2718600,0.0,0.0
2019-12-20,46.147,46.679,45.412,63.32966517118387,7550000,0.0,0.0
2019-12-23,46.52,46.799,46.223,63.51637596264374,3321800,0.0,0.0
2019-12-24,46.462,46.613,46.107,63.56003639507206,917400,0.0,0.0
2019-12-26,46.657,46.959,46.44,64.09011418713432,1861000,0.0,0.0
2019-12-27,47.016,47.061,46.586,63.81656924814334,1285600,0.0,0.0
2019-12-30,46.777,46.803,46.232,63.519718828599245,2266600,0.0,0.0
2019-12-31,46.564,46.67,45.997,63.355733404285445,3093800,0.0,0.0
2020-01-02,47.003,47.916,46.639,65.07501468003446,9717800,0.0,0.0
2020-01-03,46.724,47.366,46.484,63.63209340314382,20029800,0.0,0.0
2020-01-06,45.952,46.205,45.664,62.711625205063605,4031600,0.0,0.0
2020-01-07,47.832,49.117,47.375,66.78510321244904,13402800,0.0,0.0
2020-01-08,49.029,49.1,48.244,65.93450055376182,4806200,0.0,0.0
2020-01-09,48.936,49.047,48.009,66.5535320799923,4421200,0.0,0.0
2020-01-10,49.029,49.273,48.47,66.86038109248655,6307800,0.0,0.0
2020-01-13,49.317,49.516,49.016,67.08861547084554,4810800,0.0,0.0
2020-01-14,49.042,49.858,48.705,66.42808317643325,6707000,0.0,0.0
2020-01-15,48.435,48.497,47.397,64.87789114421489,12352000,0.0,0.0
2020-01-16,48.031,48.47,47.65,65.62183425100373,4878600,0.0,0.0
2020-01-17,48.355,48.75,47.929,65.97592073543318,4696000,0.0,0.0
2020-01-21,48.32,48.608,48.093,65.87381925611979,4112200,0.0,0.0
2020-01-22,48.661,49.193,48.231,65.94044018714568,2711000,0.0,0.0
2020-01-23,48.648,48.962,48.08,66.48637403999743,3666400,0.0,0.0
2020-01-24,49.348,49.37,47.118,64.62699570091861,5709800,0.0,0.0
2020-01-27,45.607,46.316,45.363,62.02022847363697,5319800,0.0,0.0
2020-01-28,46.17,46.617,45.917,62.75089562701487,3960600,0.0,0.0
2020-01-29,46.249,46.555,45.394,61.69328662028121,3447400,0.0,0.0
2020-01-30,45.021,45.256,44.175,61.14893657852467,4912200,0.0,0.0
2020-01-31,44.596,44.751,42.969,58.642584042762806,7770400,0.0,0.0
2020-02-03,43.594,43.74,43.12,58.6846377846977,4224400,0.0,0.0
2020-02-04,44.645,45.296,44.365,61.135169779610315,6819800,0.0,0.0
2020-02-05,47.872,49.45,46.653,65.09108114935084,12321000,0.0,0.0
2020-02-06,48.116,48.315,47.269,65.07348731915688,4231400,0.0,0.0
2020-02-07,47.726,47.872,46.941,63.69773885227453,5007600,0.0,0.0
2020-02-10,46.644,47.952,46.551,64.85071911196663,4020400,0.0,0.0
2020-02-11,48.32,49.109,47.938,65.27407042417616,5751200,0.0,0.0
2020-02-12,48.541,49.126,48.461,65.77666310544902,4005000,0.0,0.0
2020-02-13,48.328,49.188,47.934,66.17716187634679,3652000,0.0,0.0
2020-02-14,49.095,49.184,48.164,65.56841954891449,2195000,0.0,0.0
2020-02-18,47.974,48.226,47.366,64.11331992698128,2194200,0.0,0.0
2020-02-19,47.894,48.745,47.779,65.80535114802834,3231000,0.0,0.0
2020-02-20,48.379,48.722,47.632,65.00570613349973,2554400,0.184,0.0
2020-02-21,47.668,47.952,46.525,63.14519840484722,4047200,0.0,0.0
2020-02-24,44.923,45.724,44.452,60.09783086823482,6910200,0.0,0.0
2020-02-25,44.888,44.963,42.819,58.30078827371334,5441000,0.0,0.0
2020-02-26,43.767,44.225,41.877,56.83663605728597,7456400,0.0,0.0
2020-02-27,40.974,41.707,39.924,53.82555360915597,8248000,0.0,0.0
2020-02-28,38.603,41.098,38.251,54.32010109881894,10948800,0.0,0.0
2020-03-02,40.742,42.379,40.071,56.955896455443096,9250200,0.0,0.0
2020-03-03,41.93,43.131,39.675,53.37034753780067,11342200,0.0,0.0
2020-03-04,40.391,41.632,39.599,55.621131056687375,9008600,0.0,0.0
2020-03-05,40.044,40.729,39.177,52.82040984182901,8313600,0.0,0.0
2020-03-06,37.98,39.452,37.776,51.78591538716835,10880600,0.0,0.0
2020-03-09,35.752,36.632,34.671,46.126861846980894,12189800,0.0,0.0
2020-03-10,36.019,36.472,33.826,48.164382589198695,12821600,0.0,0.0
2020-03-11,35.116,35.632,32.567,43.13418565994321,18819600,0.0,0.0
2020-03-12,31.028,31.317,27.506,36.075928829191845,20688400,0.0,0.0
2020-03-13,29.689,31.13,27.75,40.25340832429523,13216600,0.0,0.0
2020-03-16,27.332,29.222,24.806,31.122751656654337,13245600,0.0,0.0
2020-03-17,26.02,28.008,24.401,34.66808402138624,14931000,0.0,0.0
2020-03-18,25.05,27.061,24.272,32.047349553745754,13632000,0.0,0.0
2020-03-19,24.717,28.039,23.64,33.45931257383848,13221200,0.0,0.0
2020-03-20,27.63,28.635,25.927,32.947365028060375,10194600,0.0,0.0
2020-03-23,28.582,30.53,27.737,36.040466358866354,19436000,0.0,0.0
2020-03-24,31.086,33.799,31.086,41.26025516122704,17734800,0.0,0.0
2020-03-25,33.692,34.84,32.821,40.82798742723277,17580800,0.0,0.0
2020-03-26,33.559,33.848,32.154,40.60318816814076,8952000,0.0,0.0
2020-03-27,31.775,31.998,30.219,37.004824813531144,9326600,0.0,0.0
2020-03-30,30.868,31.429,29.947,37.43176164806263,6826600,0.0,0.0
2020-03-31,30.294,31.549,29.97,36.77960243216832,10725400,0.0,0.0
2020-04-01,28.955,29.787,27.577,33.956615731396376,7833200,0.0,0.0
2020-04-02,27.47,29.004,27.408,35.120683394605535,8014600,0.0,0.0
2020-04-03,28.622,29.36,28.03,34.60903576976803,6238000,0.0,0.0
2020-04-06,30.192,33.092,29.912,39.60249998383908,9534600,0.0,0.0
2020-04-07,34.071,34.248,32.242,39.259210894880184,8663800,0.0,0.0
2020-04-08,33.528,35.596,33.088,42.4344753594398,13348200,0.0,0.0
2020-04-09,35.36,37.313,34.631,41.85950967975284,12136600,0.0,0.0
2020-04-13,34.751,35.605,34.031,42.44798259805724,4896800,0.0,0.0
2020-04-14,36.299,37.1,35.85,43.699654411304,5572400,0.0,0.0
2020-04-15,35.352,35.423,34.391,41.86430891216947,5062400,0.0,0.0
2020-04-16,35.107,35.436,34.097,41.322949947958676,5613200,0.0,0.0
2020-04-17,35.845,36.237,34.773,42.777570066623,6323000,0.0,0.0
2020-04-20,35.12,35.609,34.498,41.35350738856439,4356600,0.0,0.0
2020-04-21,34.022,34.293,33.172,39.80293488065994,4636400,0.0,0.0
2020-04-22,34.698,35.374,34.142,49.13866131617134,3702200,0.0,0.0
2020-04-23,35.138,36.023,34.916,48.99586510587391,3385000,0.0,0.0
2020-04-24,35.24,36.659,35.049,50.95250726591213,4548600,0.0,0.0
2020-04-27,36.739,37.749,36.739,52.60308544796156,6619200,0.0,0.0
2020-04-28,38.972,39.937,38.389,54.21711569225166,7225000,0.0,0.0
2020-04-29,40.053,41.24,39.83,57.187543797203894,7414800,0.0,0.0
2020-04-30,40.689,40.742,38.732,54.30259015818013,5900800,0.0,0.0
2020-05-01,38.016,38.082,36.188,50.31611014197091,6508000,0.0,0.0
2020-05-04,36.343,36.539,35.636,50.62323720089949,4582000,0.0,0.0
2020-05-05,37.206,38.505,36.904,51.51045781225346,4376000,0.0,0.0
2020-05-06,37.807,38.047,37.073,51.68912859430851,2930000,0.0,0.0
2020-05-07,38.011,38.732,37.611,52.75200504136281,5934600,0.0,0.0
2020-05-08,37.736,39.955,37.14,55.28157480703725,6769400,0.0,0.0
2020-05-11,39.141,39.871,38.754,54.412938243806764,3881800,0.0,0.0
2020-05-12,39.181,39.991,38.247,52.96974070953486,3759400,0.0,0.0
2020-05-13,38.745,38.852,36.721,51.69846758347669,4468800,0.0,0.0
2020-05-14,36.824,38.225,36.068,52.82556250814002,4683400,0.0,0.0
2020-05-15,36.748,37.357,36.53,51.42147352920741,5079200,0.0,0.0
2020-05-18,38.167,39.813,38.056,54.68242354896361,4543000,0.0,0.0
2020-05-19,39.346,40.262,39.181,54.13835677409234,4026400,0.0,0.0
2020-05-20,39.993,41.136,39.761,56.272164264841166,8132000,0.184,0.0
2020-05-21,40.408,40.86,39.068,53.96375172689193,4688600,0.0,0.0
2020-05-22,38.823,39.386,38.604,54.073938088251055,3631000,0.0,0.0
2020-05-26,40.851,42.508,40.645,57.671396520829745,10316600,0.0,0.0
2020-05-27,42.597,44.326,42.463,59.426109139384735,20745600,0.0,0.0
2020-05-28,43.12,44.093,42.436,58.61055110139777,12229200,0.0,0.0
2020-05-29,42.722,43.714,42.49,58.971080706819166,14361600,0.0,0.0
2020-06-01,42.423,43.164,42.007,58.79895049346017,4911000,0.0,0.0
2020-06-02,42.99,43.861,42.847,59.47160207313474,7014200,0.0,0.0
2020-06-03,46.027,49.038,45.916,66.39104054205715,17451000,0.0,0.0
2020-06-04,48.278,48.578,47.229,65.1971331846406,7794000,0.0,0.0
2020-06-05,48.756,50.596,48.756,67.09012089730915,7885200,0.0,0.0
2020-06-08,49.609,49.855,47.55,66.15091674654428,6909400,0.0,0.0
2020-06-09,47.774,48.457,47.028,64.4581928532453,9208600,0.0,0.0
2020-06-10,47.568,47.573,46.3,63.61185434963474,5804600,0.0,0.0
2020-06-11,45.335,45.545,43.401,59.25992951544365,7530600,0.0,0.0
2020-06-12,45.317,45.822,43.263,60.5713949253128,3874000,0.0,0.0
2020-06-15,43.155,45.263,43.106,61.54760094714762,5210000,0.0,0.0
2020-06-16,46.889,47.331,45.558,63.066608531851756,5705800,0.0,0.0
2020-06-17,46.822,47.305,46.385,63.55722243616823,4798600,0.0,0.0
2020-06-18,46.402,46.831,46.09,63.374649256977904,3401000,0.0,0.0
2020-06-19,47.742,48.051,46.17,62.86238734816419,9214600,0.0,0.0
2020-06-22,46.344,46.586,45.576,63.02000538276321,2861800,0.0,0.0
2020-06-23,46.907,47.148,46.447,63.2440851992377,2288800,0.0,0.0
2020-06-24,46.027,46.487,44.911,61.3942671008022,5785000,0.0,0.0
2020-06-25,44.652,45.643,44.218,61.938517277246554,3351800,0.0,0.0
2020-06-26,45.424,45.531,44.442,60.755117613244536,8917400,0.0,0.0
2020-06-29,45.04,46.112,44.401,62.267024636458,3936600,0.0,0.0
2020-06-30,45.942,47.238,45.665,63.90879638614183,5750800,0.0,0.0
2020-07-01,46.956,47.113,46.054,62.56598676362895,3124200,0.0,0.0
2020-07-02,47.077,47.47,46.425,63.46285566535936,4249600,0.0,0.0
2020-07-06,47.675,48.627,47.349,65.34042956507803,3078200,0.0,0.0
2020-07-07,47.921,48.18,46.809,63.64460923263451,4642200,0.0,0.0
2020-07-08,46.88,47.077,45.795,63.02954892093986,9480800,0.0,0.0
2020-07-09,46.371,48.837,45.38,65.15653103645896,10115800,0.0,0.0
2020-07-10,48.506,48.506,46.996,64.58434547387095,3956000,0.0,0.0
2020-07-13,48.56,49.185,46.657,63.33675648069268,6849800,0.0,0.0
2020-07-14,46.398,48.171,46.143,65.12831576141815,6773400,0.0,0.0
2020-07-15,48.403,48.618,47.662,65.31646390883054,3273600,0.0,0.0
2020-07-16,47.407,47.72,46.907,63.94528078821457,3763000,0.0,0.0
2020-07-17,47.555,47.841,47.001,63.962896381512024,4083400,0.0,0.0
2020-07-20,47.39,48.198,46.894,65.16846203930427,4115600,0.0,0.0
2020-07-21,48.122,48.529,47.515,64.566785454259,3815400,0.0,0.0
2020-07-22,47.854,47.966,46.617,63.220953619887176,4412200,0.0,0.0
2020-07-23,46.626,46.867,45.036,61.40426880447762,5990200,0.0,0.0
2020-07-24,44.96,45.808,44.366,60.60149811060612,4743600,0.0,0.0
2020-07-27,45.473,46.617,45.223,62.31813477077964,5619400,0.0,0.0
2020-07-28,45.808,45.808,44.696,60.74471392815535,3060000,0.0,0.0
2020-07-29,45.112,46.09,44.973,62.04180336559235,3690600,0.0,0.0
2020-07-30,44.897,45.728,44.553,61.77611091575703,4285400,0.0,0.0
2020-07-31,45.643,45.849,44.853,61.46149334736889,3117000,0.0,0.0
2020-08-03,45.786,46.97,45.679,63.32923310843905,3818600,0.0,0.0
2020-08-04,46.55,48.082,46.536,64.79134842429158,5552400,0.0,0.0
2020-08-05,44.696,45.004,43.709,59.23555031764179,14825200,0.0,0.0
2020-08-06,43.776,44.303,43.553,59.64880143306784,4484000,0.0,0.0
2020-08-07,44.299,44.576,43.624,59.51670975933621,4364800,0.0,0.0
2020-08-10,44.04,44.812,43.968,60.287215313462525,3351600,0.0,0.0
2020-08-11,44.933,46.072,44.879,60.51564750855829,5258200,0.0,0.0
2020-08-12,45.496,45.746,45.129,61.380467446766794,3433000,0.0,0.0
2020-08-13,45.688,45.697,44.71,60.46640899490808,3573000,0.0,0.0
2020-08-14,44.839,45.143,44.634,60.23715986262872,2421000,0.0,0.0
2020-08-17,44.933,46.264,44.862,62.10829291819063,4051600,0.0,0.0
2020-08-18,46.411,48.086,46.242,64.46055097259855,11282600,0.0,0.0
2020-08-19,48.091,49.574,47.796,64.92136817898138,10292400,0.0,0.0
2020-08-20,47.744,48.112,46.691,63.19257240722324,4165600,0.184,0.0
2020-08-21,46.879,48.578,46.382,64.97992946425704,7764800,0.0,0.0
2020-08-24,48.578,49.039,47.211,64.67157466404511,5905400,0.0,0.0
2020-08-25,48.179,48.936,48.049,65.61572147925456,3296000,0.0,0.0
2020-08-26,48.322,48.676,48.013,64.78578183464433,3297400,0.0,0.0
2020-08-27,48.995,48.995,47.69,76.80545539302952,2623000,0.0,0.0
2020-08-28,48.268,49.546,48.161,78.99642824073769,3311400,0.0,0.0
2020-08-31,49.299,49.496,48.918,78.4089367711488,4022600,0.0,0.0
2020-09-01,49.263,50.37,48.945,80.27948797375853,3745400,0.0,0.0
2020-09-02,50.644,51.589,49.972,81.93479379277804,4861600,0.0,0.0
2020-09-03,50.81,50.837,48.502,77.77410960059987,4831600,0.0,0.0
2020-09-04,48.699,49.165,46.906,77.15719400328544,4422800,0.0,0.0
2020-09-08,47.045,47.619,46.068,73.30253022210941,4376000,0.0,0.0
2020-09-09,45.709,46.292,45.194,72.2763180618445,6858200,0.0,0.0
2020-09-10,45.956,46.624,44.786,71.66811204592481,4729200,0.0,0.0
2020-09-11,45.49,45.902,44.625,71.73960777975618,2530000,0.0,0.0
2020-09-14,46.184,46.314,45.53,72.8077658137336,2656400,0.0,0.0
2020-09-15,46.373,46.704,45.969,73.80540756098772,2284600,0.0,0.0
2020-09-16,46.695,47.247,46.292,73.77043547464679,3164600,0.0,0.0
2020-09-17,44.844,46.539,44.741,73.73387335402468,2963400,0.0,0.0
2020-09-18,46.516,46.749,44.732,72.2084012679116,9391600,0.0,0.0
2020-09-21,44.593,44.737,43.097,70.11268721851283,4684800,0.0,0.0
2020-09-22,44.369,44.58,43.917,70.60962812299859,3161400,0.0,0.0
2020-09-23,44.481,44.956,43.607,69.49711309311265,3568600,0.0,0.0
2020-09-24,43.392,44.414,43.164,69.56853625697478,2916000,0.0,0.0
2020-09-25,43.63,44.49,42.814,70.4882321182591,2865000,0.0,0.0
2020-09-28,45.315,46.202,45.046,73.29147851091493,3912400,0.0,0.0
2020-09-29,46.046,46.628,45.718,73.05787111139016,2786000,0.0,0.0
2020-09-30,46.18,46.911,45.907,73.07056303257063,4817800,0.0,0.0
2020-10-01,47.542,48.407,47.063,76.05966847311058,4888800,0.0,0.0
2020-10-02,46.722,48.103,46.503,73.68623391422688,3328200,0.0,0.0
2020-10-05,46.942,48.138,46.942,76.16508322384794,2674000,0.0,0.0
2020-10-06,48.107,49.25,47.623,75.5800511129555,2573000,0.0,0.0
2020-10-07,48.573,48.932,48.282,77.19538228687776,2700600,0.0,0.0
2020-10-08,49.205,50.115,48.986,79.14952308054949,3568400,0.0,0.0
2020-10-09,51.2,52.239,50.742,80.83451869408312,3205600,0.0,0.0
2020-10-12,51.701,51.764,50.922,80.94047104856531,4049400,0.0,0.0
2020-10-13,50.536,50.644,49.783,79.11125713465634,3774600,0.0,0.0
2020-10-14,50.007,50.33,49.505,78.5205519223093,2385800,0.0,0.0
2020-10-15,49.021,49.954,48.788,78.93865601481384,1973400,0.0,0.0
2020-10-16,50.088,50.348,49.626,78.5612542768503,2875000,0.0,0.0
2020-10-19,51.536,51.558,49.747,79.16166516036142,3095000,0.0,0.0
2020-10-20,50.29,50.993,49.846,78.85736142986576,2463800,0.0,0.0
2020-10-21,49.909,50.335,49.228,78.32246417841016,2227400,0.0,0.0
2020-10-22,49.528,50.59,49.098,79.75662279078728,3584800,0.0,0.0
2020-10-23,50.805,50.805,50.07,79.75662279078728,1908000,0.0,0.0
2020-10-26,49.882,49.998,48.43,77.75313344321788,2010000,0.0,0.0
2020-10-27,49.138,49.559,48.251,76.48270988403459,2127800,0.0,0.0
2020-10-28,47.529,47.74,45.893,72.54975802731227,4240000,0.0,0.0
2020-10-29,45.925,48.206,45.871,75.19572014821921,3544800,0.0,0.0
2020-10-30,47.058,47.686,46.489,74.29263374743847,3322400,0.0,0.0
2020-11-02,47.896,47.946,46.606,74.31471601490883,2668200,0.0,0.0
2020-11-03,47.637,49.138,47.601,76.99494018716248,3229800,0.0,0.0
2020-11-04,50.272,51.128,48.645,80.00788447092474,4034800,0.0,0.0
2020-11-05,51.679,53.167,51.096,83.50332453335672,5205000,0.0,0.0
2020-11-06,54.821,56.824,53.803,88.2332985482547,7042000,0.0,0.0
2020-11-09,58.706,59.002,56.6,89.09651335911242,4916000,0.0,0.0
2020-11-10,55.838,56.34,54.341,85.80406253684897,4951000,0.0,0.0
2020-11-11,55.457,56.914,55.13,88.79760287474892,4058200,0.0,0.0
2020-11-12,56.349,56.717,55.094,86.81390790044026,2229400,0.0,0.0
2020-11-13,56.089,56.981,55.892,88.6842170146865,1874200,0.0,0.0
2020-11-16,57.295,58.146,56.609,91.11182663852269,2011800,0.0,0.0
2020-11-17,57.196,57.595,56.457,89.49504167039969,2496800,0.0,0.0
2020-11-18,57.039,57.272,55.905,87.70728236669383,2602800,0.0,0.0
2020-11-19,55.419,57.393,55.24,89.81506558192905,2688200,0.184,0.0
2020-11-20,58.4,60.813,58.148,92.22693424759832,13091000,0.0,0.0
2020-11-23,58.75,59.51,58.238,92.67697507729932,4776200,0.0,0.0
2020-11-24,59.771,60.521,58.894,94.03294427063616,2678400,0.0,0.0
2020-11-25,59.541,60.022,58.975,92.87145500012262,2448800,0.0,0.0
2020-11-27,60.13,60.229,59.469,93.63416456109225,1332400,0.0,0.0
2020-11-30,59.784,60.598,59.029,94.60169841917508,3755400,0.0,0.0
2020-12-01,61.578,62.409,60.175,96.4010602470776,4708000,0.0,0.0
2020-12-02,60.899,62.032,60.854,96.68872681505108,3293600,0.0,0.0
2020-12-03,61.946,63.164,61.64,97.48086557283125,5965200,0.0,0.0
2020-12-04,62.301,64.949,62.175,101.43135349892188,4494400,0.0,0.0
2020-12-07,64.621,65.331,64.099,101.95875715593122,2464800,0.0,0.0
2020-12-08,64.616,65.299,64.355,101.78966089830188,2637600,0.0,0.0
2020-12-09,64.167,64.85,62.13,98.24794943197453,5381400,0.0,0.0
2020-12-10,62.733,63.852,62.288,98.32452799678185,3118400,0.0,0.0
2020-12-11,62.023,63.542,61.834,98.81578127006797,3064400,0.0,0.0
2020-12-14,63.726,64.279,63.236,99.43917758899174,2765800,0.0,0.0
2020-12-15,64.621,64.72,62.98,99.19969135013918,4082400,0.0,0.0
2020-12-16,63.394,63.767,62.036,97.54122734453708,6001200,0.0,0.0
2020-12-17,63.326,63.686,62.611,98.17226180571991,3101000,0.0,0.0
2020-12-18,63.191,63.191,61.443,96.96279657885383,9038800,0.0,0.0
2020-12-21,60.62,62.202,60.449,96.95654434320163,4430600,0.0,0.0
2020-12-22,61.973,62.526,61.182,96.21598328071951,3867600,0.0,0.0
2020-12-23,61.506,62.005,61.074,95.54469896084494,2114600,0.0,0.0
2020-12-24,61.24,61.807,60.818,96.08550034170693,903800,0.0,0.0
2020-12-28,62.072,62.292,61.097,95.71908408527094,1569600,0.0,0.0
2020-12-29,61.82,61.82,60.216,94.95018894748945,1937200,0.0,0.0
2020-12-30,61.389,61.699,60.953,96.0888933748292,2787400,0.0,0.0
2020-12-31,61.416,62.117,60.966,97.01114978534676,1594200,0.0,0.0
2021-01-04,62.459,63.946,61.321,96.35575130387501,4297000,0.0,0.0
2021-01-05,61.829,63.083,61.712,98.44711311201078,3788000,0.0,0.0
2021-01-06,63.749,66.032,63.02,100.31799029450637,5817200,0.0,0.0
2021-01-07,65.057,67.138,65.012,104.32309794977685,6604600,0.0,0.0
2021-01-08,68.176,68.707,65.789,103.40760590350523,5197600,0.0,0.0
2021-01-11,65.196,66.742,65.03,103.69437754558781,5742200,0.0,0.0
2021-01-12,66.333,67.61,65.376,104.74871360082973,5666800,0.0,0.0
2021-01-13,67.331,68.127,66.873,105.71185552557886,2766400,0.0,0.0
2021-01-14,68.158,69.345,68.05,107.50677207205713,3068000,0.0,0.0
2021-01-15,68.477,68.594,66.693,104.14369222305257,3121000,0.0,0.0
2021-01-19,67.736,69.116,67.268,107.38040312715736,2490600,0.0,0.0
2021-01-20,69.439,69.835,68.325,106.76917084629298,2628200,0.0,0.0
2021-01-21,68.779,69.044,67.677,106.72707527814403,2250800,0.0,0.0
2021-01-22,68.01,68.401,67.349,105.18209946319898,1968200,0.0,0.0
2021-01-25,67.772,68.181,66.001,104.51445306144105,2765800,0.0,0.0
2021-01-26,67.057,67.057,64.971,101.52961348410443,3401000,0.0,0.0
2021-01-27,62.683,62.764,59.577,92.80367212066909,7075400,0.0,0.0
2021-01-28,61.528,63.119,60.692,96.63715787106995,6000400,0.0,0.0
2021-01-29,61.726,62.301,60.409,94.84999320494633,3475200,0.0,0.0
2021-02-01,62.796,64.153,61.861,99.03509681243636,3965800,0.0,0.0
2021-02-02,65.061,66.023,63.785,100.19148819500077,3178600,0.0,0.0
2021-02-03,64.198,64.94,62.76,97.33081176313422,4960400,0.0,0.0
2021-02-04,63.07,65.556,62.315,99.98786880565133,8327800,0.0,0.0
2021-02-05,65.852,66.077,63.043,101.16323286102406,5960000,0.0,0.0
2021-02-08,65.78,68.635,65.78,105.93853563323295,4955000,0.0,0.0
2021-02-09,68.235,69.084,67.727,105.64598804209952,5413800,0.0,0.0
2021-02-10,68.522,69.457,67.174,105.36119024601241,3733600,0.0,0.0
2021-02-11,68.558,70.923,68.163,109.44221262102798,3829400,0.0,0.0
2021-02-12,70.379,71.876,70.033,110.76714487366284,3389200,0.0,0.0
2021-02-16,72.285,73.211,71.849,112.62037789421002,4353800,0.0,0.0
2021-02-17,74.892,74.919,72.366,113.18109328519448,9182400,0.0,0.0
2021-02-18,71.912,72.339,69.637,108.56834327853312,5391000,0.0,0.0
2021-02-19,71.623,73.407,71.244,112.79590492192904,3551600,0.195,0.0
2021-02-22,71.74,72.582,69.631,107.70909002966697,3952800,0.0,0.0
2021-02-23,68.946,70.365,66.332,107.52873859276455,4710000,0.0,0.0
2021-02-24,68.743,71.086,68.423,109.12629325676295,5496200,0.0,0.0
2021-02-25,70.108,70.491,66.12,102.30467199338078,4946400,0.0,0.0
2021-02-26,67.702,69.716,65.985,105.6489612371545,6220200,0.0,0.0
2021-03-01,69.843,71.361,69.234,109.36908717590332,4041400,0.0,0.0
2021-03-02,70.32,71.005,68.441,105.13087641729483,3318000,0.0,0.0
2021-03-03,68.225,69.414,66.526,102.52644499287445,5643200,0.0,0.0
2021-03-04,66.769,67.238,62.502,96.63922139522424,5098200,0.0,0.0
2021-03-05,64.908,65.773,61.069,100.26135354723117,6643800,0.0,0.0
2021-03-08,65.043,65.99,61.51,94.08423071873905,4570400,0.0,0.0
2021-03-09,64.002,66.098,63.57,99.89369875046103,4899800,0.0,0.0
2021-03-10,66.864,66.873,63.66,97.01026237062469,3930200,0.0,0.0
2021-03-11,65.724,67.346,65.341,101.62705835009345,5517000,0.0,0.0
2021-03-12,65.3,66.612,64.769,101.10531386985538,2962000,0.0,0.0
2021-03-15,65.958,67.553,65.814,102.54213474953575,3279400,0.0,0.0
2021-03-16,67.945,69.18,66.963,102.77465841976219,4376400,0.0,0.0
2021-03-17,66.521,69.541,66.098,105.42707425981176,3583200,0.0,0.0
2021-03-18,67.414,68.31,65.458,99.55846845665265,4120800,0.0,0.0
2021-03-19,65.791,68.626,64.552,102.63704786216726,10437200,0.0,0.0
2021-03-22,68.892,70.555,68.784,105.86869554688369,4816600,0.0,0.0
2021-03-23,71.307,71.307,66.886,102.4789183710684,4933400,0.0,0.0
2021-03-24,68.788,68.982,66.102,100.2548103960342,3509400,0.0,0.0
2021-03-25,65.079,66.783,64.129,100.5273079344072,3459000,0.0,0.0
2021-03-26,66.111,70.167,65.913,106.0169392831434,4342600,0.0,0.0
2021-03-29,69.004,69.518,67.058,102.85339562819087,3425200,0.0,0.0
2021-03-30,67.648,68.171,66.995,102.3483079268144,2794200,0.0,0.0
2021-03-31,68.585,70.397,68.333,105.77337940414611,4103400,0.0,0.0
2021-04-01,70.974,72.271,70.658,109.09444348948486,4140600,0.0,0.0
2021-04-05,73.56,74.119,72.51,111.55292545540684,4198200,0.0,0.0
2021-04-06,73.2,74.029,72.136,109.4355407443019,2843600,0.0,0.0
2021-04-07,72.641,72.979,71.587,108.73226014732883,2248800,0.0,0.0
2021-04-08,72.691,72.956,71.528,110.1387435552597,2926000,0.0,0.0
2021-04-09,72.429,73.231,72.069,110.09794779006809,2659200,0.0,0.0
2021-04-12,72.258,72.429,70.766,108.06403645444557,2724600,0.0,0.0
2021-04-13,71.965,72.353,69.527,107.10064234067548,3042000,0.0,0.0
2021-04-14,70.528,71.866,70.027,106.38993389328641,2167400,0.0,0.0
2021-04-15,71.555,72.47,70.82,109.14354981981825,2732800,0.0,0.0
2021-04-16,72.136,72.366,71.249,107.68594017265592,2504600,0.0,0.0
2021-04-19,71.064,71.226,68.811,104.74761655449328,2946000,0.0,0.0
2021-04-20,68.833,69.167,67.004,101.78134711612611,3369000,0.0,0.0
2021-04-21,67.315,69.82,66.648,105.07191660089866,3761600,0.0,0.0
2021-04-22,69.532,69.915,67.806,102.81952733869635,3307800,0.0,0.0
2021-04-23,68.932,70.847,68.838,106.16805650323359,4632400,0.0,0.0
2021-04-26,70.379,72.082,70.172,108.03923004181864,3840600,0.0,0.0
2021-04-27,71.83,72.74,70.884,106.89894375303047,3685200,0.0,0.0
2021-04-28,70.604,70.64,69.405,104.93336760743315,2967800,0.0,0.0
2021-04-29,70.334,70.685,69.203,105.80473657566898,2016800,0.0,0.0
2021-04-30,69.153,69.793,67.396,101.92122033652086,4010400,0.0,0.0
2021-05-03,68.698,68.865,66.386,100.4447783753345,3224200,0.0,0.0
2021-05-04,66.057,66.125,64.534,98.21728050322997,5768600,0.0,0.0
2021-05-05,66.287,67.265,64.985,98.73043987785279,4161200,0.0,0.0
2021-05-06,65.512,66.129,64.584,99.31839957115658,5083400,0.0,0.0
2021-05-07,68.684,68.684,66.729,101.49081114005953,4884800,0.0,0.0
2021-05-10,67.035,67.197,64.53,97.02960023519411,4435600,0.0,0.0
2021-05-11,63.182,65.724,62.466,98.50874318453789,4379600,0.0,0.0
2021-05-12,63.966,64.476,62.43,94.09830211037048,5059400,0.0,0.0
2021-05-13,63.592,64.859,62.957,96.09255425572341,3801200,0.0,0.0
2021-05-14,64.98,66.269,64.165,98.33191849060178,3763600,0.0,0.0
2021-05-17,64.755,65.125,63.448,97.00446613424748,2226000,0.0,0.0
2021-05-18,64.232,65.674,64.115,96.26520597160548,2751600,0.0,0.0
2021-05-19,63.02,66.494,62.799,99.29909425972635,4007400,0.0,0.0
2021-05-20,66.677,68.666,66.677,102.34896799437965,3906200,0.206,0.0
2021-05-21,67.879,68.634,67.147,101.4383772855812,3385000,0.0,0.0
2021-05-24,68.304,69.985,68.304,104.30143759939097,2816200,0.0,0.0
2021-05-25,70.265,70.555,68.873,104.74086021791129,2686800,0.0,0.0
2021-05-26,69.935,70.609,69.312,105.27420545490989,3782600,0.0,0.0
2021-05-27,70.157,71.088,69.791,105.41639611309293,3353600,0.0,0.0
2021-05-28,70.6,71.241,70.188,106.22506889715173,2322800,0.0,0.0
2021-06-01,71.4,72.159,70.139,105.11548172069882,2634000,0.0,0.0
2021-06-02,69.836,70.663,69.447,105.2307358327986,2805000,0.0,0.0
2021-06-03,69.145,69.465,68.128,102.6411871040201,3726000,0.0,0.0
2021-06-04,69.307,70.32,68.995,105.09540863317214,2868400,0.0,0.0
2021-06-07,69.818,70.22,69.154,103.86388417307148,2170600,0.0,0.0
2021-06-08,70.455,70.518,68.331,103.21230247336318,1763600,0.0,0.0
2021-06-09,69.267,69.578,68.449,102.66910226783708,2041600,0.0,0.0
2021-06-10,68.883,69.836,68.426,103.76620680364019,2365000,0.0,0.0
2021-06-11,69.669,69.687,68.982,104.20524934907358,1428200,0.0,0.0
2021-06-14,69.827,70.446,68.806,105.32753927162386,2909000,0.0,0.0
2021-06-15,70.261,70.708,69.348,104.09631076825464,2268000,0.0,0.0
2021-06-16,69.881,70.378,68.123,103.03603563792491,3248200,0.0,0.0
2021-06-17,68.408,69.072,67.089,101.56527282213354,4524600,0.0,0.0
2021-06-18,67.31,67.477,65.105,98.40014697968547,7738400,0.0,0.0
2021-06-21,66.253,67.003,65.724,99.8297142104115,3377800,0.0,0.0
2021-06-22,66.745,66.754,65.85,98.55823010292895,4633200,0.0,0.0
2021-06-23,65.832,66.718,65.737,98.94915707391652,1891000,0.0,0.0
2021-06-24,66.813,67.748,66.587,100.73007070048699,3971000,0.0,0.0
2021-06-25,67.708,68.349,66.876,100.49361502688248,4496600,0.0,0.0
2021-06-28,67.821,69.298,67.685,102.86311167261135,3760000,0.0,0.0
2021-06-29,68.697,69.23,68.105,103.20028981280045,2174600,0.0,0.0
2021-06-30,68.955,69.023,67.328,101.09886408424885,4135600,0.0,0.0
2021-07-01,67.717,68.182,66.641,99.71186568071573,2979200,0.0,0.0
2021-07-02,67.269,67.355,66.311,100.08316026558676,3002400,0.0,0.0
2021-07-06,66.578,66.894,64.892,98.64166097936139,4011600,0.0,0.0
2021-07-07,66.6,66.641,64.124,96.85700673481108,3721800,0.0,0.0
2021-07-08,63.722,64.273,62.502,95.1605457896359,3486400,0.0,0.0
2021-07-09,64.025,65.299,63.401,97.16418635902838,3285200,0.0,0.0
2021-07-12,64.928,66.099,64.788,98.6178421552975,2808200,0.0,0.0
2021-07-13,65.593,65.886,64.974,97.08029217537687,2878400,0.0,0.0
2021-07-14,65.575,66.329,64.734,96.81723824596571,4049000,0.0,0.0
2021-07-15,63.871,64.038,61.449,92.61993211329943,5767200,0.0,0.0
2021-07-16,62.407,62.904,60.315,90.10021590701425,3636000,0.0,0.0
2021-07-19,59.51,59.65,58.322,88.89222902649215,8572400,0.0,0.0
2021-07-20,59.804,62.502,59.573,92.22999183840388,6437800,0.0,0.0
2021-07-21,62.231,63.582,61.914,94.6423221176721,3572800,0.0,0.0
2021-07-22,62.606,62.768,62.041,93.09464995185722,4917600,0.0,0.0
2021-07-23,63.193,63.329,62.081,93.65865478558052,2074000,0.0,0.0
2021-07-26,62.538,63.243,62.38,93.77321468197113,2309800,0.0,0.0
2021-07-27,62.61,62.795,59.989,91.4292333093536,4063400,0.0,0.0
2021-07-28,61.842,62.71,61.508,92.71784366309976,3511000,0.0,0.0
2021-07-29,63.265,63.835,62.664,94.81301857292388,2499800,0.0,0.0
2021-07-30,63.157,64.716,63.134,96.20711389645555,3442000,0.0,0.0
2021-08-02,66.528,68.521,65.43,97.4559506835686,7295200,0.0,0.0
2021-08-03,65.85,66.664,64.608,98.678350948848,4502000,0.0,0.0
2021-08-04,66.84,68.39,66.569,99.14130302569828,6037800,0.0,0.0
2021-08-05,66.881,67.689,66.221,100.6556386800722,3313400,0.0,0.0
2021-08-06,67.283,67.852,67.012,100.62142913406197,3035600,0.0,0.0
2021-08-09,68.015,68.015,66.831,100.46664980122125,2915000,0.0,0.0
2021-08-10,67.703,68.245,66.668,101.13658804592941,3420800,0.0,0.0
2021-08-11,68.462,68.462,66.75,101.11725410504984,2056200,0.0,0.0
2021-08-12,67.694,68.643,66.438,101.57276139414955,6965200,0.0,0.0
2021-08-13,68.101,68.711,67.771,101.85491226001739,2324200,0.0,0.0
2021-08-16,68.462,68.937,67.744,101.07269517215957,2997000,0.0,0.0
2021-08-17,67.039,67.111,65.204,97.850048782803,4056200,0.0,0.0
2021-08-18,65.403,66.298,64.824,96.48360853924498,2989400,0.0,0.0
2021-08-19,64.51,65.63,63.903,97.1662801751072,3787600,0.218,0.0
2021-08-20,65.448,66.233,64.791,97.56225127808773,5313600,0.0,0.0
2021-08-23,66.183,67.248,66.019,99.58883538631856,4887200,0.0,0.0
2021-08-24,67.32,68.037,66.989,99.70317134384018,2292200,0.0,0.0
2021-08-25,68.395,69.124,67.697,101.96679605953824,5766600,0.0,0.0
2021-08-26,68.445,70.856,68.204,104.9470041249677,5169200,0.0,0.0
2021-08-27,70.824,72.687,70.611,107.23654869817341,4060600,0.0,0.0
2021-08-30,72.406,72.606,71.617,106.98688132031168,2886400,0.0,0.0
2021-08-31,72.102,72.102,70.258,105.87076141937322,4377800,0.0,0.0
2021-09-01,71.912,71.926,70.271,104.68711844069979,3887600,0.0,0.0
2021-09-02,70.543,70.978,70.321,105.12995863805065,3659400,0.0,0.0
2021-09-03,70.77,71.663,70.611,105.50626977116174,2077400,0.0,0.0
2021-09-07,71.305,71.305,70.452,104.96613029572549,2510200,0.0,0.0
2021-09-08,70.557,70.706,69.347,103.79004361882167,2370800,0.0,0.0
2021-09-09,70.054,71.078,69.632,104.91332185558906,3061000,0.0,0.0
2021-09-10,71.291,72.864,71.291,105.92495879429447,3836400,0.0,0.0
2021-09-13,72.411,72.868,71.463,108.06816462396209,3697400,0.0,0.0
2021-09-14,73.231,73.58,72.089,108.03552011428476,3584000,0.0,0.0
2021-09-15,72.864,73.539,72.22,109.06615324534276,3434600,0.0,0.0
2021-09-16,72.742,74.423,72.628,109.68304573374655,3386400,0.0,0.0
2021-09-17,73.707,73.884,72.225,108.32315767611848,10976200,0.0,0.0
2021-09-20,71.713,71.79,69.945,105.19133823120004,5917800,0.0,0.0
2021-09-21,71.382,71.84,70.294,105.71493685629812,5091200,0.0,0.0
2021-09-22,72.034,73.381,71.581,108.4996305451182,3016600,0.0,0.0
2021-09-23,73.063,75.139,73.063,110.94428414586768,3162800,0.0,0.0
2021-09-24,74.396,75.103,74.133,111.03168092813527,1901800,0.0,0.0
2021-09-27,74.278,75.303,73.634,111.55503269597705,2488800,0.0,0.0
2021-09-28,73.285,74.147,71.722,106.23161901393694,4259400,0.0,0.0
2021-09-29,71.595,71.917,69.315,102.6354081259731,4455600,0.0,0.0
2021-09-30,70.122,70.602,69.333,102.91608315543431,2830800,0.0,0.0
2021-10-01,70.076,70.117,68.499,102.39257756526342,4276800,0.0,0.0
2021-10-04,68.386,68.662,66.065,98.22472639591643,5449800,0.0,0.0
2021-10-05,67.261,67.801,66.699,99.15878510346562,4975400,0.0,0.0
2021-10-06,66.192,67.162,66.019,98.9768355418374,2847200,0.0,0.0
2021-10-07,67.914,68.639,67.547,99.97674373792562,3126600,0.0,0.0
2021-10-08,67.905,67.95,65.806,97.87248986099443,4538800,0.0,0.0
2021-10-11,66.024,66.98,65.185,96.36722204629831,2892800,0.0,0.0
2021-10-12,65.657,66.019,63.332,94.39112402941923,4855200,0.0,0.0
2021-10-13,64.818,64.918,63.477,94.06265750047909,4826300,0.0,2.0
2021-10-14,64.818,65.761,64.646,97.00271836431443,3668800,0.0,0.0
2021-10-15,66.332,66.613,65.698,97.40344094556912,2837100,0.0,0.0
2021-10-18,65.317,66.958,64.954,98.77116191400276,2387500,0.0,0.0
2021-10-19,67.076,67.991,66.695,100.15343985809938,2085400,0.0,0.0
2021-10-20,67.746,68.236,67.438,100.1932837166175,2697100,0.0,0.0
2021-10-21,67.384,69.007,67.384,101.69486700213474,1843900,0.0,0.0
2021-10-22,68.916,69.578,67.765,100.6057986367038,2460000,0.0,0.0
2021-10-25,68.653,69.215,67.964,101.40395239907336,2054800,0.0,0.0
2021-10-26,69.641,69.786,66.858,98.67894510355411,3469200,0.0,0.0
2021-10-27,65.19,66.622,64.664,96.76192113384056,5055600,0.0,0.0
2021-10-28,66.296,68.327,66.296,99.47705492378785,3506100,0.0,0.0
2021-10-29,66.831,67.819,66.704,99.02193034919614,2594300,0.0,0.0
2021-11-01,67.629,70.249,67.52,102.70891204408233,4113200,0.0,0.0
2021-11-02,69.514,71.554,69.496,105.18920696353537,3344400,0.0,0.0
2021-11-03,71.364,72.787,70.711,106.50214057813173,4067200,0.0,0.0
2021-11-04,73.095,75.361,71.427,110.62738828803118,6614500,0.0,0.0
2021-11-05,74.618,79.042,74.391,114.35349401579897,6066500,0.0,0.0
2021-11-08,79.242,79.341,74.083,112.2125974915516,7440600,0.0,0.0
2021-11-09,76.268,76.839,74.056,110.5339146195392,4919200,0.0,0.0
2021-11-10,73.838,75.198,72.27,107.8895753182401,5913600,0.0,0.0
2021-11-11,74.999,75.86,73.929,111.22296844155377,3787900,0.0,0.0
2021-11-12,75.733,76.721,75.09,111.02296146295784,2565300,0.0,0.0
2021-11-15,76.794,77.338,75.18,110.83620137910488,2656700,0.0,0.0
2021-11-16,74.818,76.613,74.781,112.22623492826962,2668300,0.0,0.0
2021-11-17,76.096,76.15,74.845,110.34616096523301,2986300,0.0,0.0
2021-11-18,76.137,76.355,74.5,111.25319697372063,2270700,0.232,0.0
2021-11-19,75.655,76.309,74.819,110.40829351707058,2568700,0.0,0.0
2021-11-22,75.228,76.709,74.655,110.42151281295706,5895900,0.0,0.0
2021-11-23,75.282,76.164,74.509,111.24687923249208,6724700,0.0,0.0
2021-11-24,74.709,76.364,73.855,112.04454016877732,2205800,0.0,0.0
2021-11-26,74.146,74.582,72.3,106.79584971873302,3198600,0.0,0.0
2021-11-29,74.064,76.9,74.064,112.42125480796946,4371900,0.0,0.0
2021-11-30,76.246,77.955,75.0,111.12147042428155,7392200,0.0,0.0
2021-12-01,77.082,80.846,76.582,112.49742948103459,6156300,0.0,0.0
2021-12-02,75.364,77.537,74.655,112.19083083179537,4223000,0.0,0.0
2021-12-03,78.037,79.319,76.564,113.55518413304162,5530700,0.0,0.0
2021-12-06,77.391,77.782,74.273,111.78359343591258,4746800,0.0,0.0
2021-12-07,77.837,80.9,77.7,118.17386141412673,4043000,0.0,0.0
2021-12-08,80.437,80.591,78.582,116.09518588508207,3864400,0.0,0.0
2021-12-09,78.828,80.946,78.637,115.1482438339149,5070900,0.0,0.0
2021-12-10,80.055,80.791,78.446,115.81013447536814,3327800,0.0,0.0
2021-12-13,79.446,79.773,77.237,113.16298113899497,2798200,0.0,0.0
2021-12-14,76.391,77.609,75.828,112.80283162469496,4250600,0.0,0.0
2021-12-15,77.519,80.1,76.1,116.78496919292179,4499300,0.0,0.0
2021-12-16,79.419,80.146,76.373,112.16635868223958,4718900,0.0,0.0
2021-12-17,76.137,78.046,75.837,111.9398883004817,9002400,0.0,0.0
2021-12-20,75.491,75.909,74.009,109.57978689401058,3088800,0.0,0.0
2021-12-21,76.491,77.746,75.946,113.15589366854067,5626700,0.0,0.0
2021-12-22,76.791,78.582,76.691,114.51435192044806,2551200,0.0,0.0
2021-12-23,78.864,79.537,78.746,115.25429629172199,2193700,0.0,0.0
2021-12-27,79.409,81.3,79.364,118.41892516251721,2311200,0.0,0.0
2021-12-28,81.8,81.819,79.755,116.65644397280673,3334800,0.0,0.0
2021-12-29,80.228,80.964,80.055,116.93453206618955,1451400,0.0,0.0
2021-12-30,80.182,80.537,78.909,115.38646567104364,1659400,0.0,0.0
2021-12-31,79.473,79.646,78.755,115.36022656560456,1450500,0.0,0.0
2022-01-03,79.564,80.455,79.019,116.59831711295267,3183500,0.0,0.0
2022-01-04,80.364,80.882,77.5,115.89515372168472,3029800,0.0,0.0
2022-01-05,79.3,79.937,76.755,111.91882671129478,4219600,0.0,0.0
2022-01-06,77.064,78.182,76.719,112.94680266720673,3039500,0.0,0.0
2022-01-07,77.5,77.991,74.419,108.39348523217195,4607500,0.0,0.0
2022-01-10,73.446,75.564,72.928,109.70834362920363,3670900,0.0,0.0
2022-01-11,74.991,77.028,74.373,111.90964325795913,3568600,0.0,0.0
2022-01-12,77.446,78.6,76.809,112.72577020522428,3117900,0.0,0.0
2022-01-13,78.219,78.909,75.828,110.67033467635063,3711000,0.0,0.0
2022-01-14,75.291,76.709,75.246,111.46172044310937,3996600,0.0,0.0
2022-01-18,74.737,74.891,71.909,104.70212298646629,5489800,0.0,0.0
2022-01-19,72.7,73.119,69.637,101.11645766190865,4254400,0.0,0.0
2022-01-20,70.364,70.909,67.173,97.50522014163654,5237200,0.0,0.0
2022-01-21,66.682,69.182,66.391,96.65765990804562,6026900,0.0,0.0
2022-01-24,65.346,68.2,63.246,98.64096586439966,7056200,0.0,0.0
2022-01-25,65.518,67.673,65.209,95.54879631368328,5095600,0.0,0.0
2022-01-26,68.155,70.337,66.137,97.95527617822104,5657000,0.0,0.0
2022-01-27,67.909,68.518,64.182,93.44087363675345,5501900,0.0,0.0
2022-01-28,64.491,65.746,62.518,94.98059469977709,4636100,0.0,0.0
2022-01-31,67.364,70.628,66.973,101.65819913879112,6281500,0.0,0.0
2022-02-01,70.4,71.309,68.782,102.71491982627629,3920900,0.0,0.0
2022-02-02,72.028,72.291,70.664,103.69447776236787,4649400,0.0,0.0
2022-02-03,70.146,70.291,67.182,97.10056276059703,8356600,0.0,0.0
2022-02-04,65.555,67.537,64.037,95.79577877998683,7395000,0.0,0.0
2022-02-07,66.991,67.973,66.128,96.40866487134599,5335100,0.0,0.0
2022-02-08,66.891,68.846,66.582,98.72337499001173,4993100,0.0,0.0
2022-02-09,69.737,71.382,68.073,102.56037918328002,7302600,0.0,0.0
2022-02-10,69.173,71.473,67.682,97.8780023008061,6469200,0.0,0.0
2022-02-11,68.128,68.764,64.355,93.05983359164851,5801600,0.0,0.0
2022-02-14,65.346,66.746,63.864,92.87596056248917,3802600,0.0,0.0
2022-02-15,66.228,68.391,66.191,97.6941050020886,3938900,0.0,0.0
2022-02-16,67.728,68.946,67.082,98.36967748780056,4103800,0.0,0.0
2022-02-17,67.5,67.809,64.582,92.55892688704365,4860500,0.0,0.0
2022-02-18,65.068,66.218,64.274,93.67941917683049,4141500,0.253,0.0
2022-02-22,64.712,66.774,64.448,93.6922926321714,5015300,0.0,0.0
2022-02-23,66.455,67.13,63.964,91.72635479068106,4527200,0.0,0.0
2022-02-24,61.583,65.177,60.734,92.97069887234888,10786200,0.0,0.0
2022-02-25,64.876,65.926,63.918,94.12469353342482,7448100,0.0,0.0
2022-02-28,64.958,65.442,62.897,91.7205780538223,7527700,0.0,0.0
2022-03-01,63.982,64.429,61.364,88.49544706048422,7327000,0.0,0.0
2022-03-02,62.44,64.511,62.276,90.86065322679319,7324100,0.0,0.0
2022-03-03,64.311,64.384,62.422,89.94496321786652,4334100,0.0,0.0
2022-03-04,62.158,62.778,60.926,88.26143677569567,4435300,0.0,0.0
2022-03-07,61.93,62.586,59.375,84.78148361746919,6677600,0.0,0.0
2022-03-08,59.603,64.338,58.627,89.0829009863919,8018800,0.0,0.0
2022-03-09,64.685,65.542,63.827,92.08646782218071,6711100,0.0,0.0
2022-03-10,63.216,64.137,62.495,90.7380741843267,3607900,0.0,0.0
2022-03-11,64.74,65.333,62.86,89.6796959801882,3528700,0.0,0.0
2022-03-14,62.714,63.581,61.291,88.49012157804412,5887200,0.0,0.0
2022-03-15,62.824,65.533,62.751,92.91068845869268,5835000,0.0,0.0
2022-03-16,66.126,68.27,65.26,96.88406615365291,6362000,0.0,0.0
2022-03-17,67.431,68.863,67.34,97.74962595195181,3704700,0.0,0.0
2022-03-18,68.352,70.743,67.632,100.1436025405437,8215800,0.0,0.0
2022-03-21,70.141,70.761,68.635,99.20617401360022,5199200,0.0,0.0
2022-03-22,69.776,70.88,69.475,98.97300186231399,3803700,0.0,0.0
2022-03-23,69.265,69.557,67.166,95.51791190356043,8146800,0.0,0.0
2022-03-24,67.933,70.971,67.65,100.45068617856718,5363600,0.0,0.0
2022-03-25,70.661,70.834,69.356,99.77658478210655,3232700,0.0,0.0
2022-03-28,68.289,70.797,68.289,100.15148040691291,3840000,0.0,0.0
2022-03-29,71.929,73.078,71.345,103.11895223710775,4481300,0.0,0.0
2022-03-30,72.011,72.303,69.374,98.64262058062508,4322200,0.0,0.0
2022-03-31,70.049,70.569,68.444,97.0143207149755,4811400,0.0,0.0
2022-04-01,69.037,69.329,66.774,95.49245708845754,4366200,0.0,0.0
2022-04-04,67.805,68.845,67.075,96.02020478477881,3449400,0.0,0.0
2022-04-05,67.13,67.632,63.836,90.31585737656178,5983800,0.0,0.0
2022-04-06,62.906,64.001,62.194,87.95194238750004,7284100,0.0,0.0
2022-04-07,62.267,63.143,60.753,87.8360915800123,4658700,0.0,0.0
2022-04-08,61.683,61.92,60.324,85.3937762460443,4194200,0.0,0.0
2022-04-11,59.74,60.826,59.475,84.73497423680449,4262000,0.0,0.0
2022-04-12,61.172,61.784,59.393,84.29634249198746,3281600,0.0,0.0
2022-04-13,60.023,61.099,59.539,103.58741224434755,3770800,0.0,0.0
2022-04-14,61.163,61.2,59.421,101.16991019074382,4127300,0.0,0.0
2022-04-18,59.302,62.231,59.302,104.25592003049697,6758400,0.0,0.0
2022-04-19,61.583,63.116,61.127,106.79768582596839,3976000,0.0,0.0
2022-04-20,63.581,64.657,62.833,107.18435173518817,3761400,0.0,0.0
2022-04-21,63.9,64.676,61.337,104.785960995517,3910500,0.0,0.0
2022-04-22,61.592,61.902,60.169,102.35628177635002,4751500,0.0,0.0
2022-04-25,59.977,62.231,59.795,105.45376396883792,4919300,0.0,0.0
2022-04-26,61.236,61.446,59.43,100.81637122934882,5083400,0.0,0.0
2022-04-27,57.961,60.543,57.787,99.60180422549229,5314100,0.0,0.0
2022-04-28,60.023,62.924,59.074,105.29874725466078,4864300,0.0,0.0
2022-04-29,61.492,62.477,59.256,100.59232905579348,4837700,0.0,0.0
2022-05-02,59.886,61.957,59.275,104.61506669688924,5580700,0.0,0.0
2022-05-03,61.583,62.623,60.743,105.12245367274313,4029900,0.0,0.0
2022-05-04,62.313,64.603,60.57,108.92245417628213,5280300,0.0,0.0
2022-05-05,63.225,63.928,61.227,104.84142750365478,7453700,0.0,0.0
2022-05-06,61.546,62.632,60.488,104.00789615411782,4157700,0.0,0.0
2022-05-09,60.415,61.409,58.481,98.87864772590532,6579400,0.0,0.0
2022-05-10,62.614,63.325,59.977,104.75885996118988,8622200,0.0,0.0
2022-05-11,61.428,61.984,58.8,98.93704115356785,6486700,0.0,0.0
2022-05-12,58.517,59.795,57.952,100.26017017185958,6090700,0.0,0.0
2022-05-13,60.753,61.793,60.132,102.68283286923412,5673200,0.0,0.0
2022-05-16,60.561,61.081,59.868,100.98303865945643,4988500,0.0,0.0
2022-05-17,61.51,63.225,61.3,105.8724363613342,5024900,0.0,0.0
2022-05-18,62.404,62.96,59.959,101.08371246360714,6197500,0.0,0.0
2022-05-19,60.183,62.207,59.752,101.30793771190119,4098400,0.276,0.0
2022-05-20,61.786,61.841,58.689,102.31472467394477,6085600,0.0,0.0
2022-05-23,61.071,62.519,60.183,102.82102330842676,5621300,0.0,0.0
2022-05-24,60.503,61.905,60.302,102.97334209908911,5462100,0.0,0.0
2022-05-25,60.787,62.959,60.742,104.43695398976315,4546700,0.0,0.0
2022-05-26,62.271,64.58,61.951,107.46116560661567,4740200,0.0,0.0
2022-05-27,64.837,66.715,64.718,111.56885931250551,5133300,0.0,0.0
2022-05-31,66.394,67.155,64.855,111.35450663572985,7184700,0.0,0.0
2022-06-01,66.761,67.045,64.241,109.04709291138332,4030400,0.0,0.0
2022-06-02,64.479,67.21,64.479,112.30803073520472,3898300,0.0,0.0
2022-06-03,66.037,66.147,65.029,109.07526289222233,3542600,0.0,0.0
2022-06-06,66.358,66.559,63.976,107.51832886391199,3859900,0.0,0.0
2022-06-07,63.921,64.956,63.233,108.2046042231137,3067600,0.0,0.0
2022-06-08,64.434,64.47,62.61,105.46141597558008,4467100,0.0,0.0
2022-06-09,62.464,63.536,60.971,101.91277678532977,4904100,0.0,0.0
2022-06-10,59.807,60.293,58.332,98.04728991571916,5840700,0.0,0.0
2022-06-13,56.921,57.691,54.823,91.45619106112149,7404500,0.0,0.0
2022-06-14,55.62,56.335,54.97,92.92393300571248,5207700,0.0,0.0
2022-06-15,56.417,57.471,55.281,93.83471572518695,4725900,0.0,0.0
2022-06-16,54.823,54.823,51.873,86.84112609026793,8197100,0.0,0.0
2022-06-17,52.863,53.266,51.525,87.5533015070222,9709900,0.0,0.0
2022-06-21,54.319,54.86,53.806,90.17327285801721,5083600,0.0,0.0
2022-06-22,53.403,54.612,53.037,89.57927566605638,4538100,0.0,0.0
2022-06-23,54.567,54.567,52.496,87.96956291045703,3924200,0.0,0.0
2022-06-24,54.118,55.959,53.797,91.93452065303313,5796000,0.0,0.0
2022-06-27,56.206,56.261,55.052,92.07190313733214,3145700,0.0,0.0
2022-06-28,56.967,57.645,54.411,90.20111841888128,9588400,0.0,0.0
2022-06-29,53.843,54.108,52.505,88.05091702321658,3981700,0.0,0.0
2022-06-30,52.404,54.127,51.809,88.0972622256447,5327300,0.0,0.0
2022-07-01,52.404,53.128,50.655,85.13580160196543,4657500,0.0,0.0
2022-07-05,50.352,51.452,49.775,85.10435716888335,4536200,0.0,0.0
2022-07-06,51.525,52.093,50.728,85.11924784623884,4865100,0.0,0.0
2022-07-07,52.78,54.044,52.588,88.97212845985133,4190300,0.0,0.0
2022-07-08,53.165,54.622,52.679,90.02708784101866,4484000,0.0,0.0
2022-07-11,53.65,54.402,53.229,89.14342003169658,4310200,0.0,0.0
2022-07-12,54.301,55.281,53.971,89.6428242511966,3726200,0.0,0.0
2022-07-13,53.311,54.704,53.0,89.85413319241802,2944100,0.0,0.0
2022-07-14,54.163,55.996,53.366,92.23054970328026,3376200,0.0,0.0
2022-07-15,56.161,57.223,55.51,94.39901289988937,3924800,0.0,0.0
2022-07-18,57.663,58.268,56.216,93.44109413520891,3554800,0.0,0.0
2022-07-19,57.471,59.468,57.452,97.54177455867043,4696200,0.0,0.0
2022-07-20,58.634,60.439,57.929,99.08558043299033,3609700,0.0,0.0
2022-07-21,60.412,60.677,59.157,100.06409789525429,3163600,0.0,0.0
2022-07-22,60.787,60.861,58.918,97.80149705034651,4085000,0.0,0.0
2022-07-25,59.257,59.514,58.259,97.61989088267423,2751700,0.0,0.0
2022-07-26,59.01,59.312,58.075,95.92784028920441,3028500,0.0,0.0
2022-07-27,59.404,61.594,59.074,100.61547859777606,5941000,0.0,0.0
2022-07-28,61.154,61.942,60.027,101.66750911450393,2929300,0.0,0.0
2022-07-29,61.474,63.499,60.879,103.89141417615866,3880900,0.0,0.0
2022-08-01,62.391,63.774,61.841,104.34329887182885,3278000,0.0,0.0
2022-08-02,63.023,64.434,62.748,104.50784709692203,4438600,0.0,0.0
2022-08-03,66.193,67.402,64.608,110.30380452042003,6170400,0.0,0.0
2022-08-04,67.274,67.503,65.991,109.60935696745952,3399100,0.0,0.0
2022-08-05,65.57,66.458,64.489,107.63328388828938,4005600,0.0,0.0
2022-08-08,65.194,65.79,63.838,106.78657260775121,3131200,0.0,0.0
2022-08-09,64.031,64.223,61.474,102.32665881462151,5182700,0.0,0.0
2022-08-10,63.939,64.919,62.949,106.29581559844081,4192600,0.0,0.0
2022-08-11,65.157,66.284,64.837,107.31346151078904,3732000,0.0,0.0
2022-08-12,65.909,67.787,65.661,110.77579892152227,4408200,0.0,0.0
2022-08-15,67.219,68.373,67.036,111.62879198480915,4328700,0.0,0.0
2022-08-16,67.906,68.52,67.21,111.34300635375915,4169400,0.0,0.0
2022-08-17,66.926,66.935,63.976,107.67787171419499,6450200,0.0,0.0
2022-08-18,66.085,67.511,65.46,109.62260365522586,4246100,0.301,0.0
2022-08-19,65.837,66.371,64.871,106.79662594870851,4797100,0.0,0.0
2022-08-22,63.822,64.181,62.405,102.56661950490924,4842100,0.0,0.0
2022-08-23,62.755,64.328,62.663,104.10714650535726,6817700,0.0,0.0
2022-08-24,63.233,63.509,62.341,103.19951638239905,4729900,0.0,0.0
2022-08-25,63.353,65.046,63.242,106.25600989702257,3631600,0.0,0.0
2022-08-26,64.687,64.981,60.648,99.06351731663084,5610700,0.0,0.0
2022-08-29,60.252,60.777,59.424,97.16821670230847,3834200,0.0,0.0
2022-08-30,60.252,60.409,58.458,97.73616324641252,5726200,0.0,0.0
2022-08-31,59.995,60.694,59.001,97.9774147809036,6793600,0.0,0.0
2022-09-01,58.661,59.811,57.833,97.4947624115889,5225300,0.0,0.0
2022-09-02,60.51,61.402,59.01,96.84795529360716,4490900,0.0,0.0
2022-09-06,59.378,59.903,58.118,95.71525615821993,3780300,0.0,0.0
2022-09-07,58.983,60.308,58.688,97.61700517455431,3703900,0.0,0.0
2022-09-08,59.314,60.74,58.836,98.67666772129743,4178100,0.0,0.0
2022-09-09,61.145,62.221,61.044,100.49204566200524,3564500,0.0,0.0
2022-09-12,61.954,62.479,61.43,101.17969865407429,3506800,0.0,0.0
2022-09-13,59.544,60.096,57.906,94.57617134122813,6528800,0.0,0.0
2022-09-14,58.624,60.804,58.1,98.28964764931138,7273400,0.0,0.0
2022-09-15,60.096,61.283,58.845,96.64639210730539,4397100,0.0,0.0
2022-09-16,58.891,60.501,58.201,98.27816508445395,6229300,0.0,0.0
2022-09-19,59.728,61.577,59.636,100.04097713225022,4066300,0.0,0.0
2022-09-20,60.915,61.448,59.884,97.74214180631782,5180600,0.0,0.0
2022-09-21,60.354,62.203,59.507,96.78018706783776,3948400,0.0,0.0
2022-09-22,59.48,59.526,57.86,94.63417512905028,4300400,0.0,0.0
2022-09-23,57.676,57.87,55.891,92.92921550411936,4725500,0.0,0.0
2022-09-26,57.216,58.21,56.37,91.8475670900032,4642700,0.0,0.0
2022-09-27,57.492,57.998,56.379,93.40341459285783,3425100,0.0,0.0
2022-09-28,57.262,59.102,56.996,95.45787300011244,4101700,0.0,0.0
2022-09-29,58.035,58.044,55.91,92.55984274840715,5469500,0.0,0.0
2022-09-30,56.48,57.962,56.085,91.1155720774378,4281800,0.0,0.0
2022-10-03,57.235,59.167,56.526,94.96034623995753,5170600,0.0,0.0
2022-10-04,60.611,61.43,59.958,99.39028337740514,4514300,0.0,0.0
2022-10-05,60.418,62.488,59.94,100.41186135550016,3603100,0.0,0.0
2022-10-06,61.807,62.92,61.54,100.00940846662064,3175200,0.0,0.0
2022-10-07,59.894,60.28,58.403,94.96752399197234,6359500,0.0,0.0
2022-10-10,58.762,58.891,55.974,91.03285299327317,5129600,0.0,0.0
2022-10-11,55.201,56.259,53.959,88.49962994584132,6887900,0.0,0.0
2022-10-12,54.245,54.769,53.141,85.92151006386578,4850500,0.0,0.0
2022-10-13,51.402,55.569,50.39,88.26598290766644,7910400,0.0,0.0
2022-10-14,55.293,55.514,52.625,109.35674226213209,4601400,0.0,0.0
2022-10-17,55.128,55.533,53.545,112.42232231062576,4196500,0.0,0.0
2022-10-18,55.993,56.572,53.518,113.05082050832041,3179700,0.0,0.0
2022-10-19,53.821,55.284,53.739,113.14614685245382,3498200,0.0,0.0
2022-10-20,53.886,56.103,53.886,113.03206418099462,3989100,0.0,0.0
2022-10-21,54.511,57.069,54.134,117.8655543383403,5010000,0.0,0.0
2022-10-24,57.17,57.658,56.02,118.9664930059993,3274400,0.0,0.0
2022-10-25,57.64,60.096,57.511,122.8101093574032,6425300,0.0,0.0
2022-10-26,57.87,59.415,57.134,119.11782667257849,5347400,0.0,0.0
2022-10-27,58.44,58.882,56.223,116.55776360597245,7152200,0.0,0.0
2022-10-28,56.683,58.247,56.112,119.86186882246021,11231000,0.0,0.0
2022-10-31,57.262,57.465,55.882,117.43873084973835,5515400,0.0,0.0
2022-11-01,58.1,58.403,56.876,118.61338509770798,4695900,0.0,0.0
2022-11-02,57.778,59.075,55.744,115.29468132500723,6138500,0.0,0.0
2022-11-03,55.155,55.735,53.923,113.03034809580137,5458200,0.0,0.0
2022-11-04,61.126,61.182,57.161,121.09925715467028,11234100,0.0,0.0
2022-11-07,59.323,60.538,58.054,124.22452021685154,6304700,0.0,0.0
2022-11-08,61.54,63.141,60.584,128.38227135669655,6804400,0.0,0.0
2022-11-09,61.458,62.0,60.363,125.97301284964641,5483000,0.0,0.0
2022-11-10,65.027,68.284,64.494,139.2974702610515,10557300,0.0,0.0
2022-11-11,68.293,70.179,67.208,142.8505456045872,4963700,0.0,0.0
2022-11-14,69.112,70.833,68.818,141.07037644056535,4908600,0.0,0.0
2022-11-15,71.458,71.872,69.545,144.87993629449,4947800,0.0,0.0
2022-11-16,69.112,69.581,67.079,138.52895793261325,6007400,0.0,0.0
2022-11-17,66.187,68.201,66.095,138.81083647567885,3296600,0.0,0.0
2022-11-18,69.112,69.232,67.631,139.52259958032477,2763700,0.0,0.0
2022-11-21,67.922,68.061,66.176,136.48203268968126,4204400,0.328,0.0
2022-11-22,67.349,69.576,67.137,141.90828932055166,5455100,0.0,0.0
2022-11-23,69.391,71.609,69.271,144.59924569817866,5039200,0.0,0.0
2022-11-25,70.473,70.907,69.891,142.7949682780138,1753400,0.0,0.0
2022-11-28,69.105,70.676,68.144,140.262963023841,4810500,0.0,0.0
2022-11-29,69.096,69.253,67.765,140.0381924101674,2624500,0.0,0.0
2022-11-30,69.05,73.264,68.052,149.11330687120522,7850300,0.0,0.0
2022-12-01,73.698,73.846,71.48,147.46599150082275,4118200,0.0,0.0
2022-12-02,70.473,71.517,70.26,145.55264625112315,4036700,0.0,0.0
2022-12-05,70.907,71.258,70.158,144.17091383888769,3433600,0.0,0.0
2022-12-06,70.621,70.824,68.874,141.4356091133197,3428900,0.0,0.0
2022-12-07,69.003,70.066,68.772,141.60456768314882,3014200,0.0,0.0
2022-12-08,70.075,71.286,69.539,144.56554140376616,3677400,0.0,0.0
2022-12-09,70.149,71.517,69.632,142.78703252305158,3210400,0.0,0.0
2022-12-12,69.798,71.526,69.65,145.48788696198818,4293000,0.0,0.0
2022-12-13,73.966,74.391,70.574,145.63846606344907,5413200,0.0,0.0
2022-12-14,71.545,72.423,69.78,143.17258590202303,3707500,0.0,0.0
2022-12-15,69.05,69.308,67.026,136.62943685355737,6190000,0.0,0.0
2022-12-16,66.684,67.423,66.083,136.55417965702316,9412500,0.0,0.0
2022-12-19,67.414,67.414,65.141,134.29889834246717,5084800,0.0,0.0
2022-12-20,65.27,66.656,64.947,133.81005673801752,2666600,0.0,0.0
2022-12-21,66.314,67.497,66.148,137.04002144199745,3209500,0.0,0.0
2022-12-22,65.954,65.954,63.255,131.18918011175728,7644500,0.0,0.0
2022-12-23,64.124,64.679,63.477,131.22572645244634,2501200,0.0,0.0
2022-12-27,64.17,64.383,63.135,129.52526805750358,3642200,0.0,0.0
2022-12-28,63.348,64.327,62.553,127.33011493461791,2674300,0.0,0.0
2022-12-29,63.57,65.399,63.505,132.0822733598736,3825200,0.0,0.0
2022-12-30,64.069,64.993,63.588,131.70641313420975,2438200,0.0,0.0
2023-01-03,65.88,66.148,63.218,129.53196782639833,3536800,0.0,0.0
2023-01-04,65.251,66.176,64.3,132.66235415286158,5214600,0.0,0.0
2023-01-05,64.558,65.409,63.745,129.45631608793295,4026000,0.0,0.0
2023-01-06,65.316,67.7,64.447,136.15655168084422,4858400,0.0,0.0
2023-01-09,68.384,69.669,67.978,162.29035033772652,3398400,0.0,0.0
2023-01-10,68.375,69.798,67.793,165.87935102275569,2744500,0.0,0.0
2023-01-11,69.992,70.223,69.059,165.7698769775626,3997500,0.0,0.0
2023-01-12,69.927,70.149,68.366,165.41739793848024,3370500,0.0,0.0
2023-01-13,69.096,69.373,68.301,164.71168717697833,4004200,0.0,0.0
2023-01-17,69.188,70.02,67.996,163.7644829122688,3030000,0.0,0.0
2023-01-18,69.659,70.306,68.227,162.46275806752396,4412700,0.0,0.0
2023-01-19,67.941,68.079,65.991,157.66566817658529,4882300,0.0,0.0
2023-01-20,67.026,68.153,66.046,161.68030277177522,3925400,0.0,0.0
2023-01-23,68.246,70.842,68.246,167.5256775586461,4608800,0.0,0.0
2023-01-24,69.706,70.824,69.549,166.22594088497542,3233500,0.0,0.0
2023-01-25,68.911,70.436,68.199,167.1238405732724,3697000,0.0,0.0
2023-01-26,71.443,72.413,70.454,171.73463973885782,4797600,0.0,0.0
2023-01-27,71.443,72.635,71.249,170.4571052657201,4450200,0.0,0.0
2023-01-30,70.981,71.535,69.761,166.011463997203,4574100,0.0,0.0
2023-01-31,69.937,71.84,69.9,170.21160252275246,9737400,0.0,0.0
2023-02-01,71.988,75.851,71.97,177.80411537648897,7167000,0.0,0.0
2023-02-02,75.796,78.503,75.777,185.03730291086939,8886200,0.0,0.0
2023-02-03,77.367,81.1,77.172,186.80306765156945,8935100,0.0,0.0
2023-02-06,77.893,79.695,77.44,184.88888013934186,5810300,0.0,0.0
2023-02-07,78.208,80.398,77.773,189.32135208022044,6388600,0.0,0.0
2023-02-08,79.307,79.862,78.18,185.49674151128653,4189100,0.0,0.0
2023-02-09,79.658,80.231,77.875,185.7167781047619,4792300,0.0,0.0
2023-02-10,77.708,77.782,75.731,180.638587288995,6291200,0.0,0.0
2023-02-13,76.59,78.06,76.516,184.38119127998425,4421600,0.0,0.0
2023-02-14,77.099,79.27,76.757,185.58156165820535,4553700,0.0,0.0
2023-02-15,77.893,79.474,77.764,187.81803532383594,4016600,0.0,0.0
2023-02-16,78.235,79.159,77.903,185.02228864551375,4760500,0.0,0.0
2023-02-17,77.955,78.057,76.582,182.78764391800397,4733500,0.358,0.0
2023-02-21,76.442,77.222,74.586,177.01107749580044,6795100,0.0,0.0
2023-02-22,75.292,75.357,73.473,175.02594793939383,3997500,0.0,0.0
2023-02-23,75.589,75.988,74.02,178.11425263913557,4841300,0.0,0.0
2023-02-24,74.317,74.614,73.723,174.74758629032388,4280200,0.0,0.0
2023-02-27,75.551,75.737,74.633,176.7962222570238,3175600,0.0,0.0
2023-02-28,74.661,76.182,74.484,177.6942472209438,3719400,0.0,0.0
2023-03-01,75.514,76.053,74.781,177.1451868723267,3383600,0.0,0.0
2023-03-02,73.835,75.691,73.278,177.73494793373874,3395100,0.0,0.0
2023-03-03,75.403,76.906,74.633,181.1031337760315,5001500,0.0,0.0
2023-03-06,77.166,77.602,75.709,179.71574514932055,3443100,0.0,0.0
2023-03-07,76.814,77.779,75.468,180.02260461850176,4364800,0.0,0.0
2023-03-08,76.22,78.558,76.22,185.23136387018374,5563200,0.0,0.0
2023-03-09,78.521,79.607,77.101,182.44759478306986,4814500,0.0,0.0
2023-03-10,77.816,78.02,75.459,178.70710201422443,4727100,0.0,0.0
2023-03-13,74.781,76.442,74.317,178.07093522901684,5788100,0.0,0.0
2023-03-14,76.804,77.686,75.941,182.31411358737074,5799200,0.0,0.0
2023-03-15,76.145,76.359,73.361,176.23345358528988,6068800,0.0,0.0
2023-03-16,74.336,76.841,73.76,180.00218615271874,6275800,0.0,0.0
2023-03-17,76.294,76.322,74.15,176.6004050641379,8782500,0.0,0.0
2023-03-20,75.208,76.869,74.772,180.0234803538428,3825800,0.0,0.0
2023-03-21,77.027,77.751,75.589,180.0234803538428,3771800,0.0,0.0
2023-03-22,76.331,77.695,74.679,176.2213345978458,5048100,0.0,0.0
2023-03-23,76.108,77.76,74.865,179.96394451523992,4942500,0.0,0.0
2023-03-24,75.524,75.904,73.231,173.5772286932737,5487600,0.0,0.0
2023-03-27,73.853,74.048,71.45,169.41879221083946,7203400,0.0,0.0
2023-03-28,71.849,72.313,70.689,170.09540637208588,4260200,0.0,0.0
2023-03-29,73.686,75.644,73.241,176.54633418651056,4717500,0.0,0.0
2023-03-30,76.145,77.111,75.765,180.66860571299793,3555900,0.0,0.0
2023-03-31,76.554,77.881,76.331,182.8379547689043,3115200,0.0,0.0
2023-04-03,77.537,78.261,75.978,180.48779278698132,3434900,0.0,0.0
2023-04-04,77.073,77.083,74.995,178.13763037823284,4198100,0.0,0.0
2023-04-05,75.162,75.162,72.554,173.44933934163888,6202200,0.0,0.0
2023-04-06,72.814,74.15,71.774,171.65143111806213,3417100,0.0,0.0
2023-04-10,72.554,74.948,72.303,175.6400739614144,3132100,0.0,0.0
2023-04-11,75.31,75.681,74.596,175.6400739614144,2837100,0.0,0.0
2023-04-12,75.44,75.709,73.371,172.7379626234048,2406800,0.0,0.0
2023-04-13,73.556,74.874,72.777,174.69088063010102,2885600,0.0,0.0
2023-04-14,74.549,75.542,73.12,173.37748895622076,2837900,0.0,0.0
2023-04-17,73.157,74.893,73.083,175.5647089906406,2849100,0.0,0.0
2023-04-18,75.616,76.34,74.261,176.06430896993467,3415700,0.0,0.0
2023-04-19,74.419,74.419,73.009,173.01027923486913,2947800,0.0,0.0
2023-04-20,72.146,73.046,71.412,168.86280589972603,6401600,0.0,0.0
2023-04-21,71.552,71.589,70.689,167.32978014894047,3683300,0.0,0.0
2023-04-24,71.227,71.719,70.772,209.00479110256217,2893900,0.0,0.0
2023-04-25,71.394,71.394,68.999,201.01058302489255,5923000,0.0,0.0
2023-04-26,69.64,69.825,68.341,200.30745736860652,4232600,0.0,0.0
2023-04-27,67.459,67.552,65.241,193.9638330874752,7746600,0.0,0.0
2023-04-28,66.902,67.839,66.457,197.15116493707387,4460700,0.0,0.0
2023-05-01,68.118,70.54,68.118,203.50330030863782,5312300,0.0,0.0
2023-05-02,70.809,72.396,69.798,205.4920750336022,5503600,0.0,0.0
2023-05-03,70.67,72.368,70.392,205.84375350533708,5536700,0.0,0.0
2023-05-04,70.262,70.791,69.445,205.2494772442902,6144700,0.0,0.0
2023-05-05,65.891,71.05,65.659,202.9414219735846,9468200,0.0,0.0
2023-05-08,69.779,70.392,68.415,200.46854806488932,4222800,0.0,0.0
2023-05-09,68.164,68.229,66.382,196.2151391056483,5017400,0.0,0.0
2023-05-10,68.22,69.222,67.997,200.1133716177437,6898700,0.0,0.0
2023-05-11,68.535,68.656,66.67,197.34401760702008,4613200,0.0,0.0
2023-05-12,68.665,68.842,67.561,199.11512491329083,2907500,0.0,0.0
2023-05-15,68.368,69.992,67.969,203.30602647421574,3181500,0.0,0.0
2023-05-16,69.974,70.689,68.665,199.68771820573633,3354200,0.0,0.0
2023-05-17,69.668,71.347,69.083,206.4498865472887,4100700,0.0,0.0
2023-05-18,71.589,72.842,71.236,210.97966376756148,5384900,0.0,0.0
2023-05-19,72.743,73.078,72.248,210.85187298951553,3672600,0.383,0.0
2023-05-22,72.164,74.263,72.136,214.39607249318266,4828000,0.0,0.0
2023-05-23,73.041,73.517,72.248,210.10331625418706,4555800,0.0,0.0
2023-05-24,69.852,70.411,67.669,198.98824546745453,7827800,0.0,0.0
2023-05-25,68.192,69.413,66.541,200.38895660239757,7471600,0.0,0.0
2023-05-26,69.945,73.647,69.665,211.37910928782497,8215900,0.0,0.0
2023-05-30,74.608,74.729,71.101,207.37375475473203,4875800,0.0,0.0
2023-05-31,71.148,72.239,69.88,203.0377476129656,7860500,0.0,0.0
2023-06-01,70.738,72.22,69.171,206.7810396690097,5417800,0.0,0.0
2023-06-02,71.941,72.556,70.626,208.23365758778004,3400200,0.0,0.0
2023-06-05,72.276,72.398,69.702,202.961415347861,4185200,0.0,0.0
2023-06-06,70.085,72.463,69.954,208.88515859609493,4750300,0.0,0.0
2023-06-07,72.733,76.314,72.724,218.08676794186428,8071400,0.0,0.0
2023-06-08,75.699,76.361,74.757,217.43903365832443,5026700,0.0,0.0
2023-06-09,76.454,76.576,74.02,215.6006929663869,3334100,0.0,0.0
2023-06-12,75.354,77.732,75.177,223.14161376010506,5703500,0.0,0.0
2023-06-13,78.096,80.073,78.096,230.52623413096032,8013300,0.0,0.0
2023-06-14,79.83,81.257,79.317,233.01319304342098,5908500,0.0,0.0
2023-06-15,79.98,80.558,79.523,229.57347842005282,5077000,0.0,0.0
2023-06-16,80.614,80.614,79.131,229.89620451977876,9205100,0.0,0.0
2023-06-20,79.019,79.513,77.536,226.9185260072877,4311200,0.0,0.0
2023-06-21,77.993,78.879,77.312,223.0392835406882,3856500,0.0,0.0
2023-06-22,77.014,77.919,76.408,223.47129034557148,3253800,0.0,0.0
2023-06-23,76.147,76.734,75.354,220.3564046034682,4591300,0.0,0.0
2023-06-26,76.837,78.18,76.688,222.68183778417563,3685900,0.0,0.0
2023-06-27,77.518,81.211,77.312,233.03038767471054,4904300,0.0,0.0
2023-06-28,80.017,81.099,79.821,230.60198596082586,4151400,0.0,0.0
2023-06-29,80.558,81.388,79.998,233.53445525067028,3455100,0.0,0.0
2023-06-30,82.32,83.98,82.031,240.43882363921583,5289600,0.0,0.0
2023-07-03,84.596,85.23,82.899,243.37341270713182,2488700,0.0,0.0
2023-07-05,83.533,83.71,82.274,237.23364393715934,5234000,0.0,0.0
2023-07-06,80.828,81.789,80.119,233.0635244371384,6116900,0.0,0.0
2023-07-07,81.22,81.919,80.716,232.34048897625402,4941900,0.0,0.0
2023-07-10,81.155,82.973,81.155,238.3508657991102,6679400,0.0,0.0
2023-07-11,83.449,83.766,81.239,237.00435304154107,4063000,0.0,0.0
2023-07-12,83.635,85.379,83.486,243.14591157459003,4331600,0.0,0.0
2023-07-13,85.23,86.498,84.717,247.52955243315853,5135100,0.0,0.0
2023-07-14,85.939,86.219,83.318,240.35132212584824,3838900,0.0,0.0
2023-07-17,83.272,86.536,83.02,246.8521420401679,4167500,0.0,0.0
2023-07-18,85.435,87.217,85.389,249.93968885362005,3483700,0.0,0.0
2023-07-19,87.077,87.273,85.426,245.58942708739286,2553200,0.0,0.0
2023-07-20,84.111,84.633,81.854,236.06251346094615,6041700,0.0,0.0
2023-07-21,83.421,84.475,83.039,239.99117137663674,9999400,0.0,0.0
2023-07-24,83.542,84.624,82.283,237.70583953608386,3361700,0.0,0.0
2023-07-25,83.533,85.277,83.449,242.9169485108137,4260800,0.0,0.0
2023-07-26,83.29,83.617,81.947,236.10989150884316,4524700,0.0,0.0
2023-07-27,84.689,86.275,83.617,241.65914223423763,8102400,0.0,0.0
2023-07-28,85.622,87.105,84.428,248.6908519717475,5664900,0.0,0.0
2023-07-31,87.189,87.944,87.002,250.92352864400115,4732300,0.0,0.0
2023-08-01,86.377,87.394,85.706,249.34327379314442,3512200,0.0,0.0
2023-08-02,86.265,86.265,83.887,240.97882264279053,5190400,0.0,0.0
2023-08-03,82.721,84.521,81.798,238.96672574085684,5966400,0.0,0.0
2023-08-04,80.222,81.257,76.492,222.21808521665764,11225300,0.0,0.0
2023-08-07,78.049,79.131,77.788,225.78375595915523,5594300,0.0,0.0
2023-08-08,77.592,78.982,76.781,225.0374666741474,4243500,0.0,0.0
2023-08-09,79.01,79.588,77.956,223.78079059944088,6357900,0.0,0.0
2023-08-10,79.327,79.392,76.939,221.77650050472914,4534500,0.0,0.0
2023-08-11,76.818,77.434,76.119,217.6391569991274,3753400,0.0,0.0
2023-08-14,76.053,77.452,75.867,220.9922670306922,4483400,0.0,0.0
2023-08-15,76.799,77.098,75.382,215.1954067089652,3871500,0.0,0.0
2023-08-16,75.055,75.503,74.253,212.19358670565356,3955600,0.0,0.0
2023-08-17,74.468,74.58,73.526,210.40622448072034,3993100,0.0,0.0
2023-08-18,73.106,74.403,72.36,211.22890878525587,4270900,0.0,0.0
2023-08-21,74.714,75.754,74.114,215.25190006987998,4479600,0.41,0.0
2023-08-22,76.467,76.729,74.723,214.47769917396414,2883900,0.0,0.0
2023-08-23,73.711,76.401,73.598,215.4365686943276,5586100,0.0,0.0
2023-08-24,76.082,76.345,72.745,207.73510641453643,6584700,0.0,0.0
2023-08-25,73.195,74.686,72.389,211.99152692635707,4553300,0.0,0.0
2023-08-28,75.042,75.698,74.658,214.43623184911854,3849800,0.0,0.0
2023-08-29,74.826,77.095,74.639,218.87711484723704,4071900,0.0,0.0
2023-08-30,76.486,77.207,75.314,218.9312278470259,4880400,0.0,0.0
2023-08-31,77.161,77.582,76.448,218.52923395716428,4640800,0.0,0.0
2023-09-01,77.657,77.695,76.514,219.7279648715023,2112900,0.0,0.0
2023-09-05,76.579,77.189,75.867,217.76812589098103,3258300,0.0,0.0
2023-09-06,76.607,77.423,75.173,216.4310517389894,3996400,0.0,0.0
2023-09-07,74.17,74.479,73.205,211.13172914803167,6248100,0.0,0.0
2023-09-08,74.151,74.723,73.533,210.27580009987142,4875400,0.0,0.0
2023-09-11,74.995,75.117,73.158,212.08457437085178,3695400,0.0,0.0
2023-09-12,73.87,74.948,73.298,209.15459677783616,3998300,0.0,0.0
2023-09-13,73.72,74.789,73.476,209.9530549929931,3315600,0.0,0.0
2023-09-14,74.789,75.586,73.514,213.5518302816085,3680500,0.0,0.0
2023-09-15,74.733,74.733,72.342,207.04923558381788,8587300,0.0,0.0
2023-09-18,72.483,73.27,71.995,207.90102251359315,3746800,0.0,0.0
2023-09-19,72.726,73.261,72.014,207.44815649606625,2232600,0.0,0.0
2023-09-20,73.486,73.767,71.864,204.60066619512006,2666800,0.0,0.0
2023-09-21,71.058,72.53,70.936,202.91528992090701,4733000,0.0,0.0
2023-09-22,71.817,72.942,71.63,205.53818335102562,3713300,0.0,0.0
2023-09-25,71.723,72.698,71.442,206.46906953721845,2182500,0.0,0.0
2023-09-26,72.248,72.248,70.898,202.75511493816984,3996400,0.0,0.0
2023-09-27,71.939,72.126,70.533,203.95174874184136,3596800,0.0,0.0
2023-09-28,71.836,74.348,71.555,209.50092065752065,4321600,0.0,0.0
2023-09-29,74.479,74.601,72.801,208.00304239492633,3311200,0.0,0.0
2023-10-02,73.383,74.086,72.305,208.8541546851667,3442600,0.0,0.0
2023-10-03,72.426,73.673,71.395,204.4906295887084,3740000,0.0,0.0
2023-10-04,71.986,73.186,71.686,207.19268449802138,3519300,0.0,0.0
2023-10-05,72.886,73.298,71.517,206.0699178498231,3338400,0.0,0.0
2023-10-06,72.098,75.014,71.517,211.82329568278462,5348300,0.0,0.0
2023-10-09,73.748,74.573,73.251,211.53048839636344,2884100,0.0,0.0
2023-10-10,74.892,76.504,74.564,215.09394456735316,4324400,0.0,0.0
2023-10-11,75.951,76.514,74.948,216.28927593692245,3122100,0.0,0.0
2023-10-12,76.27,76.561,74.798,214.3634711238951,4190000,0.0,0.0
2023-10-13,75.801,76.082,72.398,206.08534643498405,4758400,0.0,0.0
2023-10-16,72.923,74.283,72.755,210.01250675643348,4787200,0.0,0.0
2023-10-17,72.558,74.948,72.239,209.90465083373707,3667800,0.0,0.0
2023-10-18,72.567,73.739,71.808,207.44428967149213,4673700,0.0,0.0
2023-10-19,73.233,73.758,71.695,204.22741402900422,4081500,0.0,0.0
2023-10-20,72.023,72.276,70.477,200.38705629152693,3642700,0.0,0.0
2023-10-23,70.233,71.002,69.183,197.79191335868197,3587800,0.0,0.0
2023-10-24,70.392,71.63,69.924,202.1039531771064,4801600,0.0,0.0
2023-10-25,69.502,69.577,66.474,189.34930178175108,8532300,0.0,0.0
2023-10-26,67.983,69.455,67.561,192.97603150915685,4571700,0.0,0.0
2023-10-27,69.099,69.099,67.439,191.64454029808633,4197600,0.0,0.0
2023-10-30,66.446,66.877,64.88,187.35310704145175,6769600,0.0,0.0
2023-10-31,66.089,66.989,65.818,189.01730252347198,6721800,0.0,0.0
2023-11-01,66.099,66.689,64.449,188.35431188990125,8116400,0.0,0.0
2023-11-02,67.824,69.361,67.421,195.02008105243985,9691800,0.0,0.0
2023-11-03,70.411,72.183,69.558,202.3784231661912,9982100,0.0,0.0
2023-11-06,71.545,71.639,69.445,198.87971982297026,4998400,0.0,0.0
2023-11-07,70.57,71.32,69.952,199.38179202551837,5131800,0.0,0.0
2023-11-08,71.283,71.405,70.392,199.51448454226013,4393500,0.0,0.0
2023-11-09,71.03,71.386,68.977,195.07093650938882,5678100,0.0,0.0
2023-11-10,69.53,72.905,69.295,205.03045702585908,6186500,0.0,0.0
2023-11-13,71.855,72.098,70.955,202.53093691300555,3581900,0.0,0.0
2023-11-14,74.386,76.729,74.273,214.48743053165163,6996500,0.0,0.0
2023-11-15,76.879,78.895,76.476,217.68383213206502,6602200,0.0,0.0
2023-11-16,77.198,77.489,76.092,216.78409526788917,5371800,0.0,0.0
2023-11-17,77.311,78.454,76.898,220.36830786983893,4887900,0.0,0.0
2023-11-20,78.023,79.804,78.004,223.45910949750646,4030300,0.0,0.0
2023-11-21,79.023,79.155,77.346,218.74124140888424,3899600,0.439,0.0
2023-11-22,78.627,79.325,77.6,218.60897369591942,3110300,0.0,0.0
2023-11-24,77.713,78.505,77.421,220.72001795853572,1608600,0.0,0.0
2023-11-27,77.638,77.855,76.809,216.70583540439924,3493700,0.0,0.0
2023-11-28,76.959,77.553,76.46,216.86610311572377,3290000,0.0,0.0
2023-11-29,78.495,79.805,78.034,219.9188551654101,3629600,0.0,0.0
2023-11-30,78.665,79.004,77.713,221.13329846416724,7440400,0.0,0.0
2023-12-01,78.316,79.909,78.062,224.34417396199788,3883600,0.0,0.0
2023-12-04,79.268,79.673,78.203,223.8937795947056,4680700,0.0,0.0
2023-12-05,79.051,79.108,78.109,221.38826062527397,3218800,0.0,0.0
2023-12-06,79.871,80.267,78.524,221.57377210331268,4104800,0.0,0.0
2023-12-07,79.438,81.351,78.938,227.30294001186715,5818600,0.0,0.0
2023-12-08,80.531,81.746,80.474,228.01582332899227,3838700,0.0,0.0
2023-12-11,82.152,84.31,81.907,235.39220052139095,5766000,0.0,0.0
2023-12-12,83.348,84.507,82.934,268.02074737334954,3941600,0.0,0.0
2023-12-13,84.206,85.619,82.896,269.90750941887956,4861000,0.0,0.0
2023-12-14,85.657,87.806,85.431,279.06119277029126,7914500,0.0,0.0
2023-12-15,88.032,88.71,86.75,276.77085650706607,10915500,0.0,0.0
2023-12-18,87.259,87.287,85.563,274.0851537952147,4291800,0.0,0.0
2023-12-19,86.354,86.75,85.836,274.3271406801433,3941500,0.0,0.0
2023-12-20,85.308,85.902,83.367,265.66764876483137,5762500,0.0,0.0
2023-12-21,84.762,85.148,83.763,269.6273217292018,5001900,0.0,0.0
2023-12-22,85.355,86.138,84.489,270.55529673758076,2388700,0.0,0.0
2023-12-26,85.308,86.486,85.299,273.8931648249285,2417800,0.0,0.0
2023-12-27,86.298,86.496,85.403,273.3227762517771,3411300,0.0,0.0
2023-12-28,86.204,86.477,85.535,272.4811153789449,2375300,0.0,0.0
2023-12-29,85.516,86.062,84.545,270.4971487687074,2488500,0.0,0.0
2024-01-02,83.999,84.357,80.879,259.41233825294125,6584900,0.0,0.0
2024-01-03,80.427,80.606,79.089,253.3795580021522,5271000,0.0,0.0
2024-01-04,77.336,79.372,77.091,249.85131367033034,7079300,0.0,0.0
2024-01-05,78.627,79.899,78.486,251.61271126812736,3968600,0.0,0.0
2024-01-08,79.513,80.861,79.513,285.6180967319116,4621200,0.0,0.0
2024-01-09,79.447,81.605,79.212,284.61827814520814,6725700,0.0,0.0
2024-01-10,80.427,80.945,79.315,284.95077203930236,5124000,0.0,0.0
2024-01-11,80.173,80.964,79.08,285.8165676089215,4206000,0.0,0.0
2024-01-12,81.124,81.369,79.909,284.84872447328115,3025700,0.0,0.0
2024-01-16,80.389,81.03,79.494,284.01224701659135,4335000,0.0,0.0
2024-01-17,79.155,79.155,77.007,277.8767528917556,6446500,0.0,0.0
2024-01-18,80.908,81.567,80.229,287.12259284521355,6735600,0.0,0.0
2024-01-19,82.434,84.752,81.643,297.85074683639954,6381300,0.0,0.0
2024-01-22,84.809,85.94,84.432,302.1487613621083,4977900,0.0,0.0
2024-01-23,85.987,86.854,85.129,306.28299440626915,5147300,0.0,0.0
2024-01-24,87.363,87.363,84.931,301.4862355688395,6640400,0.0,0.0
2024-01-25,86.778,86.882,84.244,298.43967468755494,6521500,0.0,0.0
2024-01-26,83.452,83.989,81.671,289.2123600031127,4710900,0.0,0.0
2024-01-29,81.907,82.218,80.531,290.2415740263075,6610400,0.0,0.0
2024-01-30,81.417,82.039,80.587,285.98393597107395,4283500,0.0,0.0
2024-01-31,79.815,81.878,79.579,283.37711570988284,6713800,0.0,0.0
2024-02-01,80.521,81.181,79.212,284.9367966477114,5489600,0.0,0.0
2024-02-02,78.062,80.371,77.647,280.37452189295925,9615300,0.0,0.0
2024-02-05,80.163,81.445,78.58,284.24123772963117,7174600,0.0,0.0
2024-02-06,80.653,80.719,78.222,276.7923497316295,6298400,0.0,0.0
2024-02-07,79.249,79.259,77.666,276.9933929054244,5765800,0.0,0.0
2024-02-08,78.59,80.371,78.175,280.4297750389008,6136900,0.0,0.0
2024-02-09,80.154,81.049,79.786,284.0299092222136,4905700,0.0,0.0
2024-02-12,80.568,81.077,79.051,279.0331885455801,5507100,0.0,0.0
2024-02-13,76.997,77.327,75.339,267.9117605240095,7910500,0.0,0.0
2024-02-14,76.46,76.922,75.329,267.6120217692968,8419500,0.0,0.0
2024-02-15,76.403,78.128,76.149,273.9472573015416,8322600,0.0,0.0
2024-02-16,77.657,78.307,76.403,270.94300778476673,4055600,0.0,0.0
2024-02-20,75.763,77.751,75.744,273.5516542420782,5653900,0.0,0.0
2024-02-21,77.27,78.684,76.78,277.11477826610314,5335500,0.0,0.0
2024-02-22,79.65,80.2,77.917,280.00240227137317,7121800,0.45,0.0
2024-02-23,79.404,79.489,78.03,276.44325713341806,3925500,0.0,0.0
2024-02-26,79.404,79.413,78.352,276.64395212661924,3011300,0.0,0.0
2024-02-27,78.684,79.802,78.57,276.7777649648695,4485800,0.0,0.0
2024-02-28,76.979,78.362,76.742,274.23006108031313,4955300,0.0,0.0
2024-02-29,78.978,79.821,78.637,280.6938064234171,6229100,0.0,0.0
2024-03-01,80.247,83.232,80.124,290.0740483828872,5963100,0.0,0.0
2024-03-04,82.843,83.336,82.227,289.80646537030754,4730000,0.0,0.0
2024-03-05,81.318,82.635,80.446,285.5094910252657,4916200,0.0,0.0
2024-03-06,82.9,83.942,82.246,292.6540294575522,8080700,0.0,0.0
2024-03-07,84.321,89.238,84.321,310.52640322518454,8868400,0.0,0.0
2024-03-08,88.215,88.736,84.122,295.184337033136,8088400,0.0,0.0
2024-03-11,83.961,86.102,83.554,300.8770652320762,6657200,0.0,0.0
2024-03-12,86.946,87.381,85.221,305.49093800736455,5954800,0.0,0.0
2024-03-13,86.604,87.618,85.164,300.703051541017,5223100,0.0,0.0
2024-03-14,85.733,86.453,83.487,295.476745430668,5431000,0.0,0.0
2024-03-15,82.928,84.615,82.928,294.3459812592708,14460000,0.0,0.0
2024-03-18,85.496,85.657,83.345,292.4824694496459,4266600,0.0,0.0
2024-03-19,83.146,83.165,81.687,289.8136289383542,3859200,0.0,0.0
2024-03-20,82.284,83.923,81.289,293.31119384681494,4836000,0.0,0.0
2024-03-21,85.695,86.519,83.895,295.0651893212787,5317200,0.0,0.0
2024-03-22,83.866,84.615,83.146,292.29777760491385,3646600,0.0,0.0
2024-03-25,82.114,83.62,81.839,290.99831522085884,4331700,0.0,0.0
2024-03-26,83.715,83.866,81.574,286.2785945370992,4396400,0.0,0.0
2024-03-27,82.711,84.577,82.322,295.9078413122443,4036100,0.0,0.0
2024-03-28,84.89,85.145,84.283,297.62922515444654,3688600,0.0,0.0
2024-04-01,85.022,85.79,84.369,297.7272584969518,3015900,0.0,0.0
2024-04-02,83.611,84.027,82.246,291.8318267375463,4253200,0.0,0.0
2024-04-03,82.872,84.359,82.417,292.3600102899218,3186900,0.0,0.0
2024-04-04,85.041,85.477,81.536,286.05715737411623,5491400,0.0,0.0
2024-04-05,81.649,83.468,81.384,290.3683055433472,3585300,0.0,0.0
2024-04-08,83.241,84.672,82.966,295.5608700004677,5074800,0.0,0.0
2024-04-09,85.515,86.993,85.316,303.80123653477983,4985000,0.0,0.0
2024-04-10,84.776,84.909,83.326,291.6982468955712,4508200,0.0,0.0
2024-04-11,84.122,84.785,82.947,295.6108756925324,4074600,0.0,0.0
2024-04-12,83.478,83.952,81.062,283.30833158744207,5434500,0.0,0.0
2024-04-15,83.099,83.222,80.579,283.50728775241316,4389300,0.0,0.0
2024-04-16,81.611,82.313,80.967,284.2674548506856,3449000,0.0,0.0
2024-04-17,81.848,82.455,80.247,281.40740300203174,4820400,0.0,0.0
2024-04-18,80.209,81.403,79.376,278.54735090568266,5261200,0.0,0.0
2024-04-19,79.48,79.783,76.647,270.0503855529382,6912300,0.0,0.0
2024-04-22,77.992,79.963,77.386,276.0994910622103,4368100,0.0,0.0
2024-04-23,79.461,82.388,79.338,284.7541719388556,5325400,0.0,0.0
2024-04-24,86.017,86.87,84.7,299.21487619406395,7141000,0.0,0.0
2024-04-25,86.832,87.628,85.098,304.2193195632863,6241500,0.0,0.0
2024-04-26,86.652,89.655,86.652,308.77126279061014,5621100,0.0,0.0
2024-04-29,87.997,89.039,87.789,307.382348122853,6106700,0.0,0.0
2024-04-30,87.978,89.039,87.116,303.3977550049926,6026400,0.0,0.0
2024-05-01,85.676,87.41,83.8,292.68969632984704,7284900,0.0,0.0
2024-05-02,85.306,85.524,82.891,294.89078507480633,5406700,0.0,0.0
2024-05-03,86.851,87.713,85.884,301.08786117547027,6983000,0.0,0.0
2024-05-06,86.851,88.982,86.775,308.89583168573216,7243500,0.0,0.0
2024-05-07,89.162,91.086,87.031,303.2424122165409,7414500,0.0,0.0
2024-05-08,86.282,87.353,85.098,303.01285964377195,4837300,0.0,0.0
2024-05-09,86.898,87.438,86.434,301.32891788768427,3906100,0.0,0.0
2024-05-10,87.296,87.542,86.074,301.3949679158082,3046700,0.0,0.0
2024-05-13,87.523,88.537,87.296,304.8002063685287,3387800,0.0,0.0
2024-05-14,87.846,89.125,87.846,309.1185447277352,3810300,0.0,0.0
2024-05-15,89.617,90.669,89.02,314.0190780120152,4954900,0.0,0.0
2024-05-16,89.968,90.669,89.191,310.3095355973188,5330900,0.0,0.0
2024-05-17,89.589,89.646,88.566,310.6048088025772,3609600,0.0,0.0
2024-05-20,89.504,92.46,89.343,317.5402651689919,6156800,0.0,0.0
2024-05-21,89.858,91.486,89.716,316.7853802812706,3681500,0.452,0.0
2024-05-22,93.333,94.894,92.505,328.8225424648372,9157400,0.0,0.0
2024-05-23,95.17,95.474,92.381,324.33028972418293,7344400,0.0,0.0
2024-05-24,95.217,95.731,93.437,324.6287287188904,5206100,0.0,0.0
2024-05-28,92.885,94.227,92.428,326.5740493083951,4616800,0.0,0.0
2024-05-29,91.438,92.8,90.858,315.619503895593,7522200,0.0,0.0
2024-05-30,91.001,92.219,90.896,318.1492010745888,7106000,0.0,0.0
2024-05-31,91.848,92.714,89.259,321.10887837357217,7410600,0.0,0.0
2024-06-03,93.18,93.38,89.658,315.749126092269,4268400,0.0,0.0
2024-06-04,90.563,91.02,89.192,310.3540857284535,8083300,0.0,0.0
2024-06-05,89.954,90.42,89.211,311.34103613571375,16758300,0.0,0.0
2024-06-06,88.887,89.173,88.183,308.22116826210606,12712300,0.0,0.0
2024-06-07,88.592,89.278,87.888,306.5344343121967,4605300,0.0,0.0
2024-06-10,87.726,90.296,87.507,311.28363980738516,4989900,0.0,0.0
2024-06-11,89.04,89.411,88.116,308.7312782906544,3535700,0.0,0.0
2024-06-12,90.429,91.61,88.745,311.984143200241,5878400,0.0,0.0
2024-06-13,87.46,89.021,87.345,306.28730611491505,3807900,0.0,0.0
2024-06-14,87.022,88.059,86.26,301.42993842099133,3857400,0.0,0.0
2024-06-17,87.003,87.003,85.565,300.33948583122014,5087300,0.0,0.0
2024-06-18,86.432,89.182,85.86,308.2523012692129,4951500,0.0,0.0
2024-06-20,88.05,88.307,84.109,293.2813994171671,8707100,0.0,0.0
2024-06-21,85.299,87.602,84.48,301.59703544589144,9783700,0.0,0.0
2024-06-24,86.46,87.06,84.718,293.5861354520672,4773800,0.0,0.0
2024-06-25,85.299,85.48,83.928,293.4892822931016,4614500,0.0,0.0
2024-06-26,84.68,85.984,84.433,296.4383256241637,4596400,0.0,0.0
2024-06-27,85.337,85.718,84.052,294.38739350115145,5688100,0.0,0.0
2024-06-28,86.117,87.936,85.708,301.125821561491,13568600,0.0,0.0
2024-07-01,87.098,87.288,85.822,301.4230045494784,8328400,0.0,0.0
2024-07-02,86.736,88.259,86.631,302.9644784124559,3377800,0.0,0.0
2024-07-03,87.84,89.316,87.355,307.92630151300085,2438200,0.0,0.0
2024-07-05,89.325,89.401,87.678,303.1501562164807,2740600,0.0,0.0
2024-07-08,87.84,89.211,87.717,306.8124635242272,4798200,0.0,0.0
2024-07-09,89.002,89.325,87.441,303.7698425846906,3226900,0.0,0.0
2024-07-10,88.792,91.581,88.326,315.51478843889464,6386800,0.0,0.0
2024-07-11,90.667,91.096,87.602,302.46025367723456,6609500,0.0,0.0
2024-07-12,88.459,89.896,87.84,304.16340669977694,4775000,0.0,0.0
2024-07-15,88.04,88.83,87.317,302.45066322631436,4251400,0.0,0.0
2024-07-16,88.25,90.306,87.698,311.25749108238654,3601900,0.0,0.0
2024-07-17,89.544,92.314,87.003,300.2637289460223,9193800,0.0,0.0
2024-07-18,88.154,88.821,85.937,300.2637289460223,5883000,0.0,0.0
2024-07-19,87.241,87.364,84.414,291.1019791190615,5818700,0.0,0.0
2024-07-22,86.784,88.745,85.499,305.0293233597834,6739900,0.0,0.0
2024-07-23,87.355,87.355,85.289,293.64947778540903,6748300,0.0,0.0
2024-07-24,85.403,85.575,82.291,283.18682734336835,7969600,0.0,0.0
2024-07-25,80.568,83.709,78.95,278.1035302997024,10269400,0.0,0.0
2024-07-26,82.786,83.49,81.272,283.93128341689544,5590300,0.0,0.0
2024-07-29,83.538,85.004,82.957,287.6003366988215,4556100,0.0,0.0
2024-07-30,84.328,84.851,82.158,282.91839956918886,6957300,0.0,0.0
2024-07-31,83.728,84.823,82.957,290.1508987187185,10036100,0.0,0.0
2024-08-01,83.29,85.28,79.045,275.36729270023625,14053000,0.0,0.0
2024-08-02,75.628,75.808,71.011,244.52389946499414,17482800,0.0,0.0
2024-08-05,71.677,73.533,69.669,239.38228652616763,10756400,0.0,0.0
2024-08-06,71.087,73.191,70.183,241.99310906635827,9488600,0.0,0.0
2024-08-07,73.172,73.21,68.317,233.18003198293545,8311900,0.0,0.0
2024-08-08,70.773,73.705,69.992,249.68205072522704,8582200,0.0,0.0
2024-08-09,72.277,73.248,71.373,245.8065317810145,5374800,0.0,0.0
2024-08-12,72.658,73.2,71.354,246.86986866888867,5303900,0.0,0.0
2024-08-13,73.229,75.618,72.496,255.50348314393062,7585500,0.0,0.0
2024-08-14,75.313,75.409,73.029,252.12687886749566,5321200,0.0,0.0
2024-08-15,76.151,77.646,75.437,262.2510670833382,9511300,0.0,0.0
2024-08-16,77.331,77.893,76.627,260.7932539781293,4192000,0.0,0.0
2024-08-19,76.675,78.179,76.008,264.5712503537202,5535400,0.0,0.0
2024-08-20,77.217,77.646,75.913,258.868657023504,4826100,0.0,0.0
2024-08-21,77.008,78.883,76.913,266.89995903895164,5765800,0.0,0.0
2024-08-22,78.744,78.744,76.083,258.4168393462382,8336700,0.454,0.0
2024-08-23,78.007,79.021,77.011,264.8473462511575,4242600,0.0,0.0
2024-08-26,77.987,78.351,76.552,259.97847834702276,5543200,0.0,0.0
2024-08-27,76.686,77.518,75.643,262.0437758004823,3369800,0.0,0.0
2024-08-28,77.538,77.815,75.422,257.0099654522792,4785500,0.0,0.0
2024-08-29,76.772,79.107,76.571,262.0731113299161,4421900,0.0,0.0
2024-08-30,78.954,79.05,77.614,265.8629465350355,4872800,0.0,0.0
2024-09-03,76.829,76.973,72.876,246.53876802497555,9559100,0.0,0.0
2024-09-04,72.159,74.293,71.891,248.11493847375195,5875700,0.0,0.0
2024-09-05,72.561,74.121,72.197,247.66275885323572,4137200,0.0,0.0
2024-09-06,73.46,73.537,70.531,238.92690946282144,9621600,0.0,0.0
2024-09-09,71.737,72.455,71.029,243.1481303427578,5323600,0.0,0.0
2024-09-10,71.9,72.092,70.015,242.4362875157996,4748200,0.0,0.0
2024-09-11,71.967,74.312,70.445,249.6154631244908,6678900,0.0,0.0
2024-09-12,73.987,73.987,72.187,245.1614749425243,3351000,0.0,0.0
2024-09-13,73.594,74.657,73.46,250.0744678676906,3444700,0.0,0.0
2024-09-16,73.518,74.159,72.637,248.07038722732682,3831800,0.0,0.0
2024-09-17,74.896,75.47,73.049,248.07038722732682,4735800,0.0,0.0
2024-09-18,74.312,74.992,72.857,245.99843219867793,9378900,0.0,0.0
2024-09-19,76.073,77.193,74.551,253.82928222798338,12211800,0.0,0.0
2024-09-20,73.948,74.255,72.561,247.90020319534864,14159500,0.0,0.0
2024-09-23,73.24,74.015,73.049,248.0615856180577,4909200,0.0,0.0
2024-09-24,74.743,75.547,73.958,249.47347880732977,4434200,0.0,0.0
2024-09-25,73.384,73.862,72.618,244.95987199357327,6082300,0.0,0.0
2024-09-26,75.461,77.298,73.968,258.11779022135175,8061400,0.0,0.0
2024-09-27,77.394,78.141,76.81,259.01615179129334,6496100,0.0,0.0
2024-09-30,75.662,76.973,75.528,258.0472623131843,5612300,0.0,0.0
2024-10-01,76.561,76.887,73.489,248.89092697071507,6934400,0.0,0.0
2024-10-02,74.417,75.604,73.594,251.22227157525495,5632100,0.0,0.0
2024-10-03,74.063,74.685,73.24,248.34692449558665,4483700,0.0,0.0
2024-10-04,76.064,76.121,73.518,249.4684337611589,4228500,0.0,0.0
2024-10-07,73.537,73.901,72.446,245.4876229451167,5306300,0.0,0.0
2024-10-08,72.838,74.312,72.178,248.23328840190254,4913200,0.0,0.0
2024-10-09,73.7,74.982,73.537,251.0453003603095,4724800,0.0,0.0
2024-10-10,73.527,74.389,73.164,248.29980230545831,3832800,0.0,0.0
2024-10-11,73.805,75.327,73.7,250.3441759511604,3811900,0.0,0.0
2024-10-14,75.231,75.824,74.484,253.56681372769282,3852900,0.0,0.0
2024-10-15,75.269,75.786,71.469,241.19943957450297,7695200,0.0,0.0
2024-10-16,73.365,74.35,72.455,243.30725080394225,4499100,0.0,0.0
2024-10-17,74.302,74.561,73.164,245.51134430596662,4849000,0.0,0.0
2024-10-18,74.015,74.322,73.412,247.93443094070724,3542200,0.0,0.0
2024-10-21,73.374,73.767,71.355,240.91286376293272,4738100,0.0,0.0
2024-10-22,71.402,72.417,71.211,241.71170150280398,4573000,0.0,0.0
2024-10-23,72.541,73.46,70.895,241.19892213771578,4102700,0.0,0.0
2024-10-24,73.049,73.106,71.613,243.07980704005152,3920100,0.0,0.0
2024-10-25,73.365,74.226,72.982,244.45521764374723,3940100,0.0,0.0
2024-10-28,72.551,74.245,72.12,247.3538840383982,3654500,0.0,0.0
2024-10-29,73.671,76.035,73.403,253.21246537335708,5456200,0.0,0.0
2024-10-30,73.786,74.781,72.254,241.8435228536587,5706800,0.0,0.0
2024-10-31,72.407,72.436,69.555,234.66733542196152,9069500,0.0,0.0
2024-11-01,70.436,72.044,70.263,239.22753177630636,5472900,0.0,0.0
2024-11-04,70.924,72.369,70.637,238.13922637648335,4223400,0.0,0.0
2024-11-05,70.503,72.034,69.871,240.11223867886838,8185700,0.0,0.0
2024-11-06,73.03,73.891,69.163,235.79057365261326,11382200,0.0,0.0
2024-11-07,71.154,72.005,70.464,237.67034732330058,7232200,0.0,0.0
2024-11-08,70.091,70.378,68.99,232.9235634919793,6290300,0.0,0.0
2024-11-11,69.22,69.383,66.042,223.16414018701371,6591200,0.0,0.0
2024-11-12,65.995,66.636,63.248,214.766874951576,9799800,0.0,0.0
2024-11-13,63.516,64.195,62.75,212.4909961408925,6997400,0.0,0.0
2024-11-14,64.157,64.597,62.673,209.3066953901059,6115200,0.0,0.0
2024-11-15,62.128,62.281,59.945,200.37839100495674,9280900,0.0,0.0
2024-11-18,60.472,62.52,60.261,207.8538806146469,7998400,0.0,0.0
2024-11-19,61.917,62.444,60.941,206.67235848948985,9720100,0.0,0.0
2024-11-20,61.362,62.357,60.941,207.4364099343652,8669500,0.0,0.0
2024-11-21,63.085,63.965,62.434,211.81620284158979,7146700,0.0,0.0
2024-11-22,63.298,64.464,62.893,213.8428190385925,5378100,0.455,0.0
2024-11-25,65.293,68.521,64.82,223.7414815044495,11092900,0.0,0.0
2024-11-26,68.184,68.348,65.273,219.08328578660337,8778200,0.0,0.0
2024-11-27,65.9,66.468,64.184,217.34511618283744,5523800,0.0,0.0
2024-11-29,66.15,67.027,65.611,218.30332281592143,5221100,0.0,0.0
2024-12-02,65.524,68.463,65.524,225.0529969729408,7030000,0.0,0.0
2024-12-03,66.748,67.182,62.874,208.7250305981852,10712800,0.0,0.0
2024-12-04,63.828,63.828,58.855,196.3979733096106,13749500,0.0,0.0
2024-12-05,59.26,59.462,55.858,185.28844060988413,14289400,0.0,0.0
2024-12-06,56.59,57.419,56.185,188.5697627303039,8677500,0.0,0.0
2024-12-09,57.342,60.426,56.956,196.60044426585915,8594500,0.0,0.0
2024-12-10,59.26,59.771,58.248,196.75864748185222,9191900,0.0,0.0
2024-12-11,60.233,60.426,58.797,195.4851028713625,5698100,0.0,0.0
2024-12-12,58.816,59.79,58.479,195.41914861952765,4738700,0.0,0.0
2024-12-13,58.787,59.115,57.583,190.36577288353607,9040000,0.0,0.0
2024-12-16,55.838,57.409,55.838,187.6469981009363,11748900,0.0,0.0
2024-12-17,56.793,57.583,55.935,185.1220625033092,9621900,0.0,0.0
2024-12-18,56.658,57.592,53.882,178.16489786805838,10205900,0.0,0.0
2024-12-19,54.219,55.617,53.872,177.68677074415584,7433000,0.0,0.0
2024-12-20,53.844,55.0,53.265,176.158856176105,27171200,0.0,0.0
2024-12-23,53.901,55.896,53.776,183.49207516120498,8832400,0.0,0.0
2024-12-24,55.713,56.484,55.174,185.66704924743274,3201100,0.0,0.0
2024-12-26,55.752,56.899,55.704,185.38060980090424,4143200,0.0,0.0
2024-12-27,56.137,56.397,55.646,184.96891986195277,9024100,0.0,0.0
2024-12-30,55.53,55.617,54.682,181.05901352017452,7182000,0.0,0.0
2024-12-31,55.28,56.002,54.518,181.78772787793613,5711600,0.0,0.0
2025-01-02,55.925,56.34,54.364,180.2916328706577,10151800,0.0,0.0
2025-01-03,54.933,56.031,54.2,182.77732707647291,5452700,0.0,0.0
2025-01-06,55.752,57.689,55.704,184.7334429172628,6946000,0.0,0.0
2025-01-07,56.638,57.13,55.135,182.117106542484,10217500,0.0,0.0
2025-01-08,55.289,55.414,53.978,178.6280582587228,6226800,0.0,0.0
2025-01-10,53.468,53.844,52.494,174.8168893915655,7634000,0.0,0.0
2025-01-13,52.841,53.998,52.832,177.08315669941652,6656100,0.0,0.0
2025-01-14,54.171,54.846,53.371,180.12967663543662,6015300,0.0,0.0
2025-01-15,55.944,56.311,54.894,180.51045203900102,8972300,0.0,0.0
2025-01-16,54.933,55.193,53.333,177.92565904389937,7925700,0.0,0.0
2025-01-17,55.405,56.349,55.106,183.47319582652852,8272700,0.0,0.0
2025-01-21,55.993,57.506,55.52,185.17628649324936,6996100,0.0,0.0
2025-01-22,56.108,57.207,55.925,185.08102697544882,6901700,0.0,0.0
2025-01-23,55.598,57.419,54.904,188.49746387222106,6335100,0.0,0.0
2025-01-24,56.754,57.024,53.728,178.15866591916804,10300600,0.0,0.0
2025-01-27,55.704,56.224,54.576,180.79125586587224,15094900,0.0,0.0
2025-01-28,54.47,54.74,53.362,177.76678707746314,9813500,0.0,0.0
2025-01-29,54.634,54.74,53.352,176.97515636919914,5233700,0.0,0.0
2025-01-30,53.68,53.824,52.215,174.203798633411,8456100,0.0,0.0
2025-01-31,52.793,54.248,52.022,171.46906154908862,10275600,0.0,0.0
2025-02-03,51.078,51.29,49.507,164.9030927456844,11262700,0.0,0.0
2025-02-04,50.528,51.078,50.297,165.97028254012363,10980000,0.0,0.0
2025-02-05,49.921,51.598,49.574,168.78813775627827,11945700,0.0,0.0
2025-02-06,51.569,52.253,50.798,167.55274448533802,13342000,0.0,0.0
2025-02-07,50.364,51.319,48.389,163.65815007126128,17530500,0.0,0.0
2025-02-10,50.471,51.164,49.545,164.1613621101457,9449900,0.0,0.0
2025-02-11,49.555,51.222,49.555,165.82521244301395,7801900,0.0,0.0
2025-02-12,50.172,51.974,50.056,169.7830889260973,8082900,0.0,0.0
2025-02-13,51.685,52.677,51.511,171.07045403058962,6793400,0.0,0.0
2025-02-14,52.475,53.872,52.253,175.73674119180217,7123700,0.0,0.0
2025-02-18,54.123,56.166,54.123,182.230971911674,11324600,0.0,0.0
2025-02-19,56.417,62.238,55.838,199.44161152831236,20924500,0.0,0.0
2025-02-20,62.459,62.97,60.956,201.65527885678856,14626400,0.0,0.0
2025-02-21,62.064,62.083,58.46,191.2616973998955,13464000,0.0,0.0
2025-02-24,59.209,60.472,58.928,191.9396837568798,9836300,0.455,0.0
2025-02-25,59.112,60.219,57.733,189.8452467878264,9384100,0.0,0.0
2025-02-26,58.52,58.617,56.743,188.5769662093688,8482000,0.0,0.0
2025-02-27,57.801,58.034,55.054,180.02519414871207,11503700,0.0,0.0
2025-02-28,55.5,57.209,54.957,185.42897743203613,13308700,0.0,0.0
2025-03-03,60.705,60.821,55.694,182.5383862473687,19509000,0.0,0.0
2025-03-04,56.937,58.539,56.296,183.1375688479514,14039800,0.0,0.0
2025-03-05,56.996,58.093,55.248,187.8011349419807,8642700,0.0,0.0
2025-03-06,56.733,58.287,56.102,183.4043178705218,10643200,0.0,0.0
2025-03-07,56.452,58.287,56.151,188.09682580651446,8182600,0.0,0.0
2025-03-10,56.277,56.374,51.267,167.07723276110016,16124400,0.0,0.0
2025-03-11,52.617,52.82,49.587,163.25103094707794,9121700,0.0,0.0
2025-03-12,51.053,51.791,50.141,162.18546206620246,7250000,0.0,0.0
2025-03-13,50.043,51.956,49.83,162.15327474727758,6002800,0.0,0.0
2025-03-14,51.189,52.063,50.762,167.11032491478244,7349200,0.0,0.0
2025-03-17,52.082,54.092,52.063,172.51645978934326,6181800,0.0,0.0
2025-03-18,53.219,53.335,52.121,169.17578771707971,3810800,0.0,0.0
2025-03-19,52.403,53.762,52.345,170.32593953308256,6044700,0.0,0.0
2025-03-20,50.762,50.898,49.48,158.802977481171,13866100,0.0,0.0
2025-03-21,49.15,50.849,48.471,161.0289337208237,29770200,0.0,0.0
2025-03-24,51.568,52.898,51.277,167.64734208499755,12894200,0.0,0.0
2025-03-25,51.947,52.51,50.762,162.820637298443,8676300,0.0,0.0
2025-03-26,50.898,51.587,50.082,162.227074043911,6084900,0.0,0.0
2025-03-27,50.267,50.383,48.733,157.87782327655233,5492800,0.0,0.0
2025-03-28,48.878,49.005,46.868,151.24474033515475,12054400,0.0,0.0
2025-03-31,46.781,47.422,46.063,150.3400602218365,14064900,0.0,0.0
2025-04-01,47.014,47.296,45.839,150.62126089256867,10219700,0.0,0.0
2025-04-02,46.257,48.034,46.101,151.94914268235283,6408300,0.0,0.0
2025-04-03,45.441,45.441,38.421,124.0041932903148,29179100,0.0,0.0
2025-04-04,37.8,39.013,35.052,109.51148799718237,26407700,0.0,0.0
2025-04-07,34.557,38.839,33.139,115.02526093103826,24856500,0.0,0.0
2025-04-08,38.606,38.809,33.149,106.40619353981361,17281700,0.0,0.0
2025-04-09,34.459,44.257,34.081,131.88110983469903,29897800,0.0,0.0
2025-04-10,40.169,40.392,36.314,112.65860212758848,24354400,0.0,0.0
2025-04-11,35.848,37.79,34.45,112.36823317208295,20662000,0.0,0.0
2025-04-14,38.761,39.14,37.139,112.86044252788129,9921400,0.0,0.0
2025-04-15,37.955,38.46,37.198,112.42311450550837,6704900,0.0,0.0
2025-04-16,36.168,37.285,35.265,110.13691433910158,14564700,0.0,0.0
2025-04-17,37.557,37.586,36.489,111.89231046049727,7777900,0.0,0.0
2025-04-21,36.508,38.382,36.324,114.38958156007567,16395600,0.0,0.0
2025-04-22,38.984,39.858,38.431,116.85761349206268,11719600,0.0,0.0
2025-04-23,41.528,42.111,40.421,121.52182230528466,10228300,0.0,0.0
2025-04-24,42.839,45.956,42.839,135.7019673713897,20418800,0.0,0.0
2025-04-25,44.926,46.121,44.732,135.03594410869536,7677600,0.0,0.0
2025-04-28,45.305,46.461,44.567,135.38252070776315,7084500,0.0,0.0
2025-04-29,44.48,45.363,44.179,132.20756566785724,8287200,0.0,0.0
2025-04-30,43.247,44.897,42.887,132.6663683689808,10848300,0.0,0.0
2025-05-01,45.664,45.829,44.276,132.3784373995305,8677200,0.0,0.0
2025-05-02,45.791,47.121,45.742,137.8216418085848,9444000,0.0,0.0
2025-05-05,45.859,46.927,45.48,137.447835679918,8196300,0.0,0.0
2025-05-06,45.635,46.315,45.325,135.88355840989016,6499300,0.0,0.0
2025-05-07,46.276,46.995,45.558,138.27970018651934,9565800,0.0,0.0
2025-05-08,47.509,48.801,47.15,141.29453006121793,11279100,0.0,0.0
2025-05-09,54.131,56.374,52.267,158.05733412298014,21360900,0.0,0.0
2025-05-12,58.248,60.676,57.617,173.37489062320722,20947300,0.0,0.0
2025-05-13,59.18,61.287,58.84,177.1444048837068,10992800,0.0,0.0
2025-05-14,60.2,60.277,58.51,172.38979987431222,10608100,0.0,0.0
2025-05-15,58.569,59.578,57.578,172.81666673164,8416400,0.0,0.0
2025-05-16,58.908,59.442,58.384,173.9778459889836,6589300,0.0,0.0
2025-05-19,57.899,59.277,57.666,172.14747458158342,8220200,0.0,0.0
2025-05-20,58.258,59.151,58.054,172.8019063102215,6145500,0.0,0.0
2025-05-21,58.083,59.627,57.17,168.33948068457266,7243900,0.0,0.0
2025-05-22,57.975,58.493,56.321,166.1927113120798,11530600,0.455,0.0
2025-05-23,54.785,55.108,53.366,160.78043623180108,10093500,0.0,0.0
2025-05-27,56.184,58.239,55.529,167.75071120834494,11214300,0.0,0.0
2025-05-28,57.593,57.818,56.165,164.22551374064162,8292900,0.0,0.0
2025-05-29,57.769,58.307,56.145,166.07281973196078,6573900,0.0,0.0
2025-05-30,56.987,57.368,55.401,165.87408760544287,10845600,0.0,0.0
2025-06-02,56.448,58.992,56.194,171.38362438510612,9310200,0.0,0.0
2025-06-03,59.12,62.701,58.601,182.01444291905614,16323000,0.0,0.0
2025-06-04,62.965,63.875,61.693,184.36521563297006,9193300,0.0,0.0
2025-06-05,63.601,64.942,62.261,183.50955554023832,11875600,0.0,0.0
2025-06-06,64.276,64.638,63.689,186.00112549607064,8884500,0.0,0.0
2025-06-09,64.609,67.133,64.491,193.81417592053708,11974600,0.0,0.0
2025-06-10,66.987,69.051,66.204,198.15181567203425,12064800,0.0,0.0
2025-06-11,68.718,69.482,67.358,198.1809141368753,12731500,0.0,0.0
2025-06-12,67.212,67.701,66.233,193.36790187749415,7700300,0.0,0.0
2025-06-13,65.108,65.881,64.09,187.00073324040966,9841200,0.0,0.0
2025-06-16,65.313,66.889,65.049,193.8714857737961,9211800,0.0,0.0
2025-06-17,66.126,67.27,65.793,192.44538545382235,6922900,0.0,0.0
2025-06-18,66.536,67.818,66.086,193.38160731099626,5642500,0.0,0.0
2025-06-20,67.994,68.18,65.93,196.06506146189744,19067200,0.0,0.0
2025-06-23,67.583,69.11,66.507,194.95209534860604,7498000,0.0,0.0
2025-06-24,68.298,69.795,68.131,200.14088099303478,8422200,0.0,0.0
2025-06-25,68.787,70.137,67.848,203.43888124061607,7586600,0.0,0.0
2025-06-26,70.108,70.304,69.159,201.09658336931997,7060700,0.0,0.0
2025-06-27,69.521,69.991,68.278,200.27025753504415,6885600,0.0,0.0
2025-06-30,69.11,69.247,68.004,199.9273388804458,5861600,0.0,0.0
2025-07-01,67.965,70.94,67.828,203.61552405885158,8034500,0.0,0.0
2025-07-02,69.971,71.938,69.452,207.77642411461898,8245500,0.0,0.0
2025-07-03,72.241,72.799,71.37,207.49468938861054,3810800,0.0,0.0
2025-07-07,71.39,71.987,69.58,202.95817566767008,7790100,0.0,0.0
2025-07-08,71.135,74.12,70.734,211.51823823101967,11350500,0.0,0.0
2025-07-09,72.789,73.953,72.309,211.8600789402504,6484200,0.0,0.0
2025-07-10,73.973,75.538,73.376,212.99068059658885,7550400,0.0,0.0
2025-07-11,72.437,73.445,72.133,211.50982506361106,4885900,0.0,0.0
2025-07-14,71.996,72.867,71.214,210.05816298837516,5756200,0.0,0.0
2025-07-15,73.405,73.777,71.507,207.37390081121538,6016200,0.0,0.0
2025-07-16,71.331,72.838,70.509,211.08582668509177,7036500,0.0,0.0
2025-07-17,72.623,72.946,71.84,210.7174065517251,6255400,0.0,0.0
2025-07-18,73.562,74.002,72.456,212.07527542022746,5239400,0.0,0.0
2025-07-21,73.533,74.452,72.212,209.4212375279937,6153700,0.0,0.0
2025-07-22,71.83,73.934,71.517,213.3800930061895,8819400,0.0,0.0
2025-07-23,69.178,70.206,66.732,198.68115340264254,19476800,0.0,0.0
2025-07-24,67.437,67.926,65.294,191.65909713056982,13363800,0.0,0.0
2025-07-25,66.311,67.779,66.223,195.57329816697853,8354600,0.0,0.0
2025-07-28,68.21,69.55,67.857,199.2694076649843,6765000,0.0,0.0
2025-07-29,69.501,70.0,68.327,199.69341290455952,5449100,0.0,0.0
2025-07-30,69.394,69.57,67.985,198.58734808102378,6430800,0.0,0.0
2025-07-31,68.2,68.552,65.372,190.8084276149714,15369600,0.0,0.0
2025-08-01,67.075,67.133,63.278,187.3056544578888,11544600,0.0,0.0
2025-08-04,65.392,66.047,65.01,187.95357725346673,8552300,0.0,0.0
2025-08-05,66.184,66.713,63.973,189.47052177407056,9872900,0.0,0.0
2025-08-06,65.46,65.989,64.237,186.74239895511934,6366100,0.0,0.0
2025-08-07,66.351,66.908,64.364,186.88367280641296,13767500,0.0,0.0
2025-08-08,60.255,62.574,59.57,174.18358675089726,20070400,0.0,0.0
2025-08-11,60.587,61.536,59.531,171.57461060059592,10238800,0.0,0.0
2025-08-12,60.607,65.069,60.352,181.28881692776628,12674600,0.0,0.0
2025-08-13,63.425,64.697,62.789,184.7682715894404,8379500,0.0,0.0
2025-08-14,63.161,64.902,62.045,185.44195518474538,6843000,0.0,0.0
2025-08-15,64.707,65.118,64.188,184.6533659169577,7744400,0.0,0.0
2025-08-18,64.227,64.589,63.64,184.23070942366064,4991700,0.0,0.0
2025-08-19,64.149,64.971,63.014,181.82564254914203,5069700,0.0,0.0
2025-08-20,63.601,65.47,62.309,187.4968460324184,10208900,0.0,0.0
2025-08-21,65.0,65.245,64.286,185.63340050126325,5932200,0.0,0.0
2025-08-22,65.273,69.658,65.165,195.2640398264981,12430300,0.455,0.0
2025-08-25,68.121,68.121,66.968,193.5915016502605,5326700,0.0,0.0
2025-08-26,67.274,68.278,66.269,190.94507645802403,8740400,0.0,0.0
2025-08-27,65.953,66.229,65.313,188.18818875193557,8212000,0.0,0.0
2025-08-28,65.618,66.574,64.121,184.19130576663625,13999200,0.0,0.0
2025-08-29,64.111,64.712,63.372,183.48514015112627,9209700,0.0,0.0
2025-09-02,62.337,62.909,61.362,179.49104363676867,6638800,0.0,0.0
2025-09-03,62.613,62.81,60.692,178.58360758210094,6963600,0.0,0.0
2025-09-04,63.057,63.756,60.199,181.79978051927827,11087900,0.0,0.0
2025-09-05,63.786,66.101,63.411,185.95609693081684,7765200,0.0,0.0
2025-09-08,65.372,65.894,63.874,184.19842943449183,7153000,0.0,0.0
2025-09-09,64.328,64.712,63.48,182.66896793903263,4192800,0.0,0.0
2025-09-10,63.953,64.732,63.224,182.6145642519936,5407500,0.0,0.0
2025-09-11,63.786,64.259,62.84,183.40302708336037,6455700,0.0,0.0
2025-09-12,64.16,64.682,63.461,182.49611241990456,4608200,0.0,0.0
2025-09-15,63.057,63.717,61.352,178.12996153621845,6803800,0.0,0.0
2025-09-16,62.702,63.766,62.357,181.70290887001968,7680300,0.0,0.0
2025-09-17,63.441,66.623,63.047,185.4132834576602,7381600,0.0,0.0
2025-09-18,66.042,66.87,64.988,186.76156306578952,9832000,0.0,0.0
2025-09-19,65.333,65.52,62.929,183.60823785021083,13348400,0.0,0.0
2025-09-22,64.535,65.224,64.052,184.31054813867095,6466500,0.0,0.0
2025-09-23,64.771,65.53,63.53,182.35516327402345,6218900,0.0,0.0
2025-09-24,63.894,65.273,63.717,185.53921195692925,5874100,0.0,0.0
2025-09-25,64.485,64.485,62.8,182.67169270751026,4621100,0.0,0.0
2025-09-26,63.717,64.042,62.82,181.4840370833845,4110800,0.0,0.0
2025-09-29,63.924,64.15,63.066,180.49773953189106,6499700,0.0,0.0
2025-09-30,63.323,63.914,62.101,180.91757164565013,7686700,0.0,0.0
2025-10-01,63.037,63.933,62.396,180.60850154821532,8399400,0.0,0.0
2025-10-02,63.825,66.072,63.47,186.21074180962285,6221000,0.0,0.0
2025-10-03,65.411,67.983,65.372,187.36179493683787,6368300,0.0,0.0
2025-10-06,66.239,66.771,63.401,187.5017802742928,6410200,0.0,0.0
2025-10-07,66.042,66.426,63.786,182.85486611645064,6049300,0.0,0.0
2025-10-08,64.357,66.14,63.727,188.29295316231077,6149900,0.0,0.0
2025-10-09,65.717,65.766,64.121,185.28476161807635,3842600,0.0,0.0
2025-10-10,65.007,65.313,59.313,169.28250842434838,12554600,0.0,0.0
2025-10-13,61.874,63.963,61.263,180.08238536549482,8316300,0.0,0.0
2025-10-14,61.303,65.628,61.303,180.66901499882434,9058400,0.0,0.0
2025-10-15,64.535,64.781,62.722,182.3669887940288,10045600,0.0,0.0
2025-10-16,64.998,65.431,63.441,182.7582735682483,5193200,0.0,0.0
2025-10-17,63.855,64.663,63.313,182.16977114821594,4582800,0.0,0.0
2025-10-20,65.096,66.673,64.682,187.4872387437303,5562100,0.0,0.0
2025-10-21,65.973,66.998,65.333,188.7427572735852,5611900,0.0,0.0
2025-10-22,64.249,65.086,62.367,180.10465149323213,9989800,0.0,0.0
2025-10-23,62.002,64.328,62.002,181.74659436857414,7224600,0.0,0.0
2025-10-24,65.017,65.076,62.19,176.30400113703345,7533200,0.0,0.0
2025-10-27,63.017,64.209,62.554,180.11497679818757,7361900,0.0,0.0
2025-10-28,63.559,63.658,62.071,177.55655128039396,4808700,0.0,0.0
2025-10-29,62.741,63.362,61.224,174.46008764493467,9882000,0.0,0.0
2025-10-30,61.855,62.485,61.007,173.14423801176738,5752900,0.0,0.0
2025-10-31,61.155,62.199,60.682,174.1182695579505,7081600,0.0,0.0
2025-11-03,61.815,62.515,61.194,174.08995534217013,5769400,0.0,0.0
2025-11-04,60.485,61.362,58.416,165.77760409207832,8075600,0.0,0.0
2025-11-05,58.978,61.234,58.8,169.36108093269684,8254300,0.0,0.0
2025-11-06,59.687,60.377,58.258,165.27203234902788,10993500,0.0,0.0
2025-11-07,55.372,55.47,52.032,156.49317886269796,19099500,0.0,0.0
2025-11-10,56.485,56.731,54.239,154.05563416157756,9866700,0.0,0.0
2025-11-11,54.465,55.096,53.5,152.0989762111722,8502600,0.0,0.0
2025-11-12,54.711,55.845,54.711,154.63415774778952,6536100,0.0,0.0
2025-11-13,54.239,55.253,53.332,152.33759677975635,10618100,0.0,0.0
2025-11-14,53.352,53.874,52.219,148.59657515129348,8290000,0.0,0.0
2025-11-17,52.544,52.652,50.13,143.56592213629557,8118600,0.0,0.0
2025-11-18,50.495,50.81,49.864,141.24172238606323,9779900,0.0,0.0
2025-11-19,50.11,50.711,49.628,141.04714151163847,9005800,0.0,0.0
2025-11-20,50.366,50.948,47.854,136.01556138055003,10584000,0.0,0.0
2025-11-21,48.337,50.692,47.805,141.13642042925258,11767300,0.0,0.0
2025-11-24,50.244,51.208,49.807,143.37008003419584,12016400,0.455,0.0
2025-11-25,50.035,52.014,49.508,144.98459666521705,9605200,0.0,0.0
2025-11-26,51.566,53.048,51.248,147.03809867403277,6266100,0.0,0.0
2025-11-28,52.382,53.425,52.063,149.83604245309013,3755000,0.0,0.0
2025-12-01,52.57,53.952,52.312,149.4163215404618,5580800,0.0,0.0
2025-12-02,53.485,57.014,53.097,158.318842392158,11954000,0.0,0.0
2025-12-03,58.953,63.566,58.605,176.49802112708065,22906400,0.0,0.0
2025-12-04,63.596,65.107,62.85,179.54996804660894,12641900,0.0,0.0
2025-12-05,65.803,66.558,65.156,182.54977836296797,11350100,0.0,0.0
2025-12-08,65.912,67.025,65.882,186.77238088358004,8146600,0.0,0.0
2025-12-09,66.479,67.095,66.141,185.3808386628097,7488600,0.0,0.0
2025-12-10,66.399,67.801,65.842,188.27033738429478,8780400,0.0,0.0
2025-12-11,67.423,68.865,66.389,191.54122433141646,8243200,0.0,0.0
2025-12-12,68.954,69.153,66.24,186.17099393008516,13126900,0.0,0.0
2025-12-15,67.662,67.691,66.131,186.17099393008516,6768000,0.0,0.0
2025-12-16,68.586,68.924,64.53,182.58820937681446,7294200,0.0,0.0
2025-12-17,65.783,66.22,63.069,177.21745595462227,8750500,0.0,0.0
2025-12-18,64.938,65.296,63.377,177.41235341207934,6554800,0.0,0.0
2025-12-19,63.953,64.798,63.735,179.75085685030604,18662500,0.0,0.0
2025-12-22,65.663,66.618,65.286,183.39612654574526,5867700,0.0,0.0
2025-12-23,65.474,65.822,64.719,180.91471256004564,4874300,0.0,0.0
2025-12-24,65.246,65.514,64.798,180.94255758758334,2100900,0.0,0.0
2025-12-26,65.176,65.514,64.441,179.77758839492057,3853600,0.0,0.0
2025-12-29,64.629,65.087,63.596,178.9738124432152,4778500,0.0,0.0
2025-12-30,64.46,64.848,63.993,179.05454853320094,4346300,0.0,0.0
